"Paper_ID","TARA-KB:Article_ID","TARA-KB:Study_ID","TARA-KB:OCSI_Set_ID","Artcle-URI","Article-Title","Acupoints-Extracted","Acupoints-Normalized","Acupoints-Mapped","Acupoints-Unmappable","Acupoints_TARA_IDs","Comment for internal use (CORE)","Comment from TEAM-Core","Comment",""
"612","A-112625-612","S-112625-612","O-112625-612","https://doi.org/10.1002/14651858.CD005062.pub4","[Intervention Review] Acupuncture for epilepsy","Not specified","Not specified","","","","","","",""
"931","A-112625-931","S-112625-931","O-112625-931","https://doi.org/10.1002/14651858.CD008400.pub3","[Intervention Review] Acupuncture for mumps in children","Not specified","Not specified","","","","","","",""
"447","A-112625-447","S-112625-447","O-112625-447","https://doi.org/10.1016/j.jpsychires.2013.02.004","A 6-week randomized controlled trial with 4-week follow-up of acupuncture combined with paroxetine in patients with major depressive disorder","GV 20, EX-HN 3, GV 16, GV 14, GB 20, PC 6, SP 6","GV 20, EX-HN 3, GV 16, GV 14, GB 20, PC 6, SP 6","GV 20, Yintang, GV 16, GV 14, GB 20, PC 6, SP 6","","TARA:3386254, TARA:3135569, TARA:3361967, TARA:8452754, TARA:2324295, TARA:4311153, TARA:4385250","","","",""
"84","A-112625-84","S-112625-84","O-112625-84","https://doi.org/10.1136/aim.26.2.69","A blinded randomised trial of acupuncture (manual and electroacupuncture) compared with a non-penetrating sham for the symptoms of osteoarthritis of the knee","LI 4, SP 10, Xiyan, SP 9, GB 34, ST 36, LIV 3, BL 40, BL 57","LI 4, SP 10, Xiyan, SP 9, GB 34, ST 36, LIV 3, BL 40, BL 57","LI 4, SP 10, Xiyan, SP 9, GB 34, ST 36, LR 3, BL 40, BL 57","","TARA:0859695, TARA:8433932, TARA:0926802, TARA:3553465, TARA:8758950, TARA:6463344, TARA:6499349, TARA:5290080, TARA:4589241","","","",""
"1020","A-112625-1020","S-112625-1020","O-112625-1020","https://pubmed.ncbi.nlm.nih.gov/21543008.0/","A case of aggravation of hemolytic anemia, elevated liver enzymes and low platelet count syndrome after delivery","Not specified","Not specified","","","","","","",""
"1189","A-112625-1189","S-112625-1189","O-112625-1189","https://pubmed.ncbi.nlm.nih.gov/10437262.0/","A clinical observation on coronary heart disease treated by otopuncture at heart otopoint","Not specified","Not specified","","","","","","",""
"1489","A-112625-1489","S-112625-1489","O-112625-1489","uri not found","A Clinical Observation on Treating Chronic Insomnia by the Combination of Acupuncture and Craniosacral Therapy","DU 20, GB 20, PC 6, SP 6, KI 3, BL 20, BL 15, ST 36, DU 24, RN 6","DU 20, GB 20, PC 6, SP 6, KI 3, BL 20, BL 15, ST 36, DU 24, RN 6","GV 20, GB 20, PC 6, SP 6, KI 3, BL 20, BL 15, ST 36, GV 24, CV 6","","TARA:3386254, TARA:2324295, TARA:4311153, TARA:4385250, TARA:4362146, TARA:3283628, TARA:5797983, TARA:6463344, TARA:7679931, TARA:8833337","","","",""
"1114","A-112625-1114","S-112625-1114","O-112625-1114","https://doi.org/10.1134/S1047197911010054","A Clinical Observation on Treating Periarthritis of the Shoulder by Needling at Yinlingquan (SP9) Combined with Manipulation","SP 9, S 19, GB 21, SI 11, S 112, ST 12, GB 20, GB 34, ST 38, BL 57","SP 9, SI 9, GB 21, SI 11, SI 12, ST 12, GB 20, GB 34, ST 38, BL 57","SP 9, SI 9, GB 21, SI 11, SI 12, ST 12, GB 20, GB 34, ST 38, BL 57","","TARA:3553465, TARA:2187225, TARA:5389461, TARA:4122792, TARA:5888779, TARA:2031703, TARA:2324295, TARA:8758950, TARA:3182190, TARA:4589241","","fixed","",""
"1587","A-112625-1587","S-112625-1587","O-112625-1587","https://acutrials.ocom.edu/s/acutrials/item/8960","A Clinical Observation on Treating Urinary Retention Following Cervical Carcinoma Radical Operation by Acupuncture of ""Warming Waterways""","Not specified","Not specified","","","","","","",""
"1635","A-112625-1635","S-112625-1635","O-112625-1635","https://doi.org/10.1016/S2005-2901(11)60005-8","A Clinical Pilot Study Comparing Traditional Acupuncture to Combined Acupuncture for Treating Headache, Trigeminal Neuralgia and Retro-auricular Pain in Facial Palsy","GB 8, GB 14, GB 20, TaiYang, TW 5, GB 41, ST 8, YinTang, GV 23, LI 4, ST 44, BL 2, BL 10, BL 60, GV 14, GV 16, SI 3, LU 7, GV 20, Sishencong, LR 3, PC 6, LR 2, GB 38, ST 40, CV 12, BL 20, SP 3, SP 9, ST 36, SP 6, CV 6, SP 10, LR 8, CV 14, CV 4, KI 7, KI 3, BL 23, GB 21, PC 6, GB 34, ST 41, SI 5, ST 43, GB 41, ST 45, LI 1, LI 11, SI 5, LI 5, HT 8, LU 10, SP 2, LR 1, HT 9, KI 19, HT 3, GB 43, GB 44, KI 10, LR 8, LU 8, LR 4","GB 8, GB 14, GB 20, TaiYang, TW 5, GB 41, ST 8, YinTang, GV 23, LI 4, ST 44, BL 2, BL 10, BL 60, GV 14, GV 16, SI 3, LU 7, GV 20, Sishencong, LR 3, PC 6, LR 2, GB 38, ST 40, CV 12, BL 20, SP 3, SP 9, ST 36, SP 6, CV 6, SP 10, LR 8, CV 14, CV 4, KI 7, KI 3, BL 23, GB 21, PC 6, GB 34, ST 41, SI 5, ST 43, GB 41, ST 45, LI 1, LI 11, SI 5, LI 5, HT 8, LU 10, SP 2, LR 1, HT 9, KI 19, HT 3, GB 43, GB 44, KI 10, LR 8, LU 8, LR 4","GB 8, GB 14, GB 20, Taiyang, TE 5, GB 41, ST 8, Yintang, GV 23, LI 4, ST 44, BL 2, BL 10, BL 60, GV 14, GV 16, SI 3, LU 7, GV 20, Sishencong, LR 3, PC 6, LR 2, GB 38, ST 40, CV 12, BL 20, SP 3, SP 9, ST 36, SP 6, CV 6, SP 10, LR 8, CV 14, CV 4, KI 7, KI 3, BL 23, GB 21, PC 6, GB 34, ST 41, SI 5, ST 43, GB 41, ST 45, LI 1, LI 11, SI 5, LI 5, HT 8, LU 10, SP 2, LR 1, HT 9, KI 19, HT 3, GB 43, GB 44, KI 10, LR 8, LU 8, LR 4","","TARA:5363236, TARA:9987270, TARA:2324295, TARA:9534465, TARA:8393005, TARA:3668538, TARA:9946635, TARA:3135569, TARA:7690229, TARA:0859695, TARA:8440155, TARA:8104948, TARA:0242146, TARA:5047947, TARA:8452754, TARA:3361967, TARA:0220496, TARA:3515622, TARA:3386254, TARA:9610280, TARA:6499349, TARA:4311153, TARA:6862058, TARA:9968219, TARA:9531666, TARA:0434959, TARA:3283628, TARA:3003448, TARA:3553465, TARA:6463344, TARA:4385250, TARA:8833337, TARA:8433932, TARA:1074531, TARA:4823591, TARA:9921528, TARA:9881298, TARA:4362146, TARA:0992296, TARA:5389461, TARA:4311153, TARA:8758950, TARA:6019290, TARA:0669306, TARA:7661549, TARA:3668538, TARA:2260472, TARA:6314936, TARA:8923096, TARA:0669306, TARA:5677319, TARA:6707910, TARA:2459635, TARA:6894093, TARA:2131658, TARA:8651539, TARA:5435505, TARA:2385378, TARA:8885103, TARA:6845331, TARA:8716769, TARA:1074531, TARA:6531052, TARA:4325595","","","",""
"1234","A-112625-1234","S-112625-1234","O-112625-1234","https://doi.org/10.1142/S0192415X0600376X","A Clinical Study of Acupuncture and SSP (Silver Spike Point) Electro-th erapy for Dry Eye Syndrome","EX-HN, SJ 23, G 14, S 2, S 6","EX-HN, SJ 23, G 14, S 2, S 6","TE 23, GB 14, ST 2, ST 6","EX-HN","TARA:6752232, TARA:9987270, TARA:6392753, TARA:7834226","","","",""
"1099","A-112625-1099","S-112625-1099","O-112625-1099","https://doi.org/10.1142/S0192415X97000044","A Clinical Study on Physiological Response in Electroacupuncture Analgesia and Meperidine Analgesia for Colonoscopy","ST 36, ST 37, EP 11","ST 36, ST 37, EP 11","ST 36, ST 37","EP 11","TARA:6463344, TARA:5918799","","","",""
"1334","A-112625-1334","S-112625-1334","O-112625-1334","uri not found","A clinical study on the therapeutic effect of abdominal acupuncture in treating radicular cervical spondylosis","CV 8, Zhongwan","CV 8, Zhongwan","CV 8, CV 12","","TARA:9392275, TARA:0434959","","","",""
"1634","A-112625-1634","S-112625-1634","O-112625-1634","https://doi.org/10.1016/j.jep.2013.04.045","A clinical trial of acupuncture about time-varying treatment and points selection in primary dysmenorrhea","SP 6, SP 8, BL 32, EX-B 8","SP 6, SP 8, BL 32, EX-B 8","SP 6, SP 8, BL 32, Shiqizhui","","TARA:4385250, TARA:6848518, TARA:6742407, TARA:9907701","","","",""
"1241","A-112625-1241","S-112625-1241","O-112625-1241","uri not found","A Comparative Study Between Simple Bo's Abdominal Acupuncture and its Combination with Radiation by Electromagnetic Wave in Treating Chronic Gastritis","RN 12, RN 10, RN 6, RN 4, ST 25","RN 12, RN 10, RN 6, RN 4, ST 25","CV 12, CV 10, CV 6, CV 4, ST 25","","TARA:0434959, TARA:1822260, TARA:8833337, TARA:9921528, TARA:5717468","","","",""
"1119","A-112625-1119","S-112625-1119","O-112625-1119","https://doi.org/10.1142/S0192415X91000156","A Comparative Study of Diazepam and Acupuncture in Patients with Osteoarthritis Pain: A Placebo Controlled Study","LI 3, DU 14, DU 16, DU 20, GB 20","LI 3, DU 14, DU 16, DU 20, GB 20","LI 3, GV 14, GV 16, GV 20, GB 20","","TARA:7867167, TARA:8452754, TARA:3361967, TARA:3386254, TARA:2324295","","","",""
"1416","A-112625-1416","S-112625-1416","O-112625-1416","https://doi.org/10.1142/S0192415X84000088","A Comparative Study of the Pain Alleviating Effect of Vibratory Stimulation, Transcutaneous Electrical Nerve Stimulation, Electroacupuncture and Placebo","Not specified","Not specified","","","","","","",""
"655","A-112625-655","S-112625-655","O-112625-655","https://doi.org/10.1186/s12906-018-2087-y","A comparative study of three conservative treatments in patients with lumbar spinal stenosis: lumbar spinal stenosis with acupuncture and physical therapy study (LAP study)","BL 23, BL 25, BL 53, BL 54, BL 40, GB 34, BL 57","BL 23, BL 25, BL 53, BL 54, BL 40, GB 34, BL 57","BL 23, BL 25, BL 53, BL 54, BL 40, GB 34, BL 57","","TARA:0992296, TARA:0906448, TARA:8423766, TARA:0488267, TARA:5290080, TARA:8758950, TARA:4589241","","","",""
"1633","A-112625-1633","S-112625-1633","O-112625-1633","https://doi.org/10.1007/BF02836497","A Comparative Study on the Acupoints of Specialty of Baihui, Shuigou and Shenmen in Treating Vascular Dementia*","LI 15, LI 11, SJ 5, LI 4, SP 10, ST 36, SP 6, LR 3, DU 20, DU 26, HT 7","LI 15, LI 11, SJ 5, LI 4, SP 10, ST 36, SP 6, LR 3, DU 20, DU 26, HT 7","LI 15, LI 11, TE 5, LI 4, SP 10, ST 36, SP 6, LR 3, GV 20, GV 26, HT 7","","TARA:7829474, TARA:8923096, TARA:8393005, TARA:0859695, TARA:8433932, TARA:6463344, TARA:4385250, TARA:6499349, TARA:3386254, TARA:0829128, TARA:2442762","","","",""
"209","A-112625-209","S-112625-209","O-112625-209","https://doi.org/10.1186/s12906-017-1589-3","A comparative study on the effects of systemic manual acupuncture, periauricular electroacupuncture, and digital electroacupuncture to treat tinnitus: A randomized, paralleled, open-labeled exploratory trial","TE 17, TE 21, SI 19, GB 2, GB 8, ST 36, ST 37, TE 3, TE 9","TE 17, TE 21, SI 19, GB 2, GB 8, ST 36, ST 37, TE 3, TE 9","TE 17, TE 21, SI 19, GB 2, GB 8, ST 36, ST 37, TE 3, TE 9","","TARA:6615149, TARA:3361879, TARA:1772472, TARA:2849795, TARA:5363236, TARA:6463344, TARA:5918799, TARA:5356503, TARA:5590422","","","",""
"1281","A-112625-1281","S-112625-1281","O-112625-1281","https://pubmed.ncbi.nlm.nih.gov/10513096.0/","A Comparative Study on the Treatment of Migraine Headache With Combined Distant and Local Acupuncture Points Versus Conventional Drug Therapy","K 3, GV 20, ST 36, M HN 9, Taichong","K 3, GV 20, ST 36, M HN 9, Taichong","KI 3, GV 20, ST 36, Taiyang, LR 3","","TARA:4362146, TARA:3386254, TARA:6463344, TARA:9534465, TARA:6499349","","","",""
"1579","A-112625-1579","S-112625-1579","O-112625-1579","uri not found","A Comparative Study on the Treatment of Upper Urinary Tract Calculus with an Improved Acupuncture Protocol","BL 51, BL 52, BL 39, L1 Jiaji, L2 Jiaji, BL 23, BL 22, GB 25, ST 25, CV 6, BL 32, BL 28, CV 3, ST 28, SP 6","BL 51, BL 52, BL 39, L1 Jiaji, L2 Jiaji, BL 23, BL 22, GB 25, ST 25, CV 6, BL 32, BL 28, CV 3, ST 28, SP 6","BL 51, BL 52, BL 39, BL 23, BL 22, GB 25, ST 25, CV 6, BL 32, BL 28, CV 3, ST 28, SP 6","L1 Jiaji, L2 Jiaji","TARA:4667633, TARA:7228895, TARA:2186848, TARA:0992296, TARA:3963382, TARA:1882219, TARA:5717468, TARA:8833337, TARA:6742407, TARA:5318530, TARA:0022762, TARA:5017471, TARA:4385250","find paper","","",""
"1162","A-112625-1162","S-112625-1162","O-112625-1162","uri not found","A Comparative Study on Treating Lumbar Intervertebral Disc Herniation with Electroacupuncture to the Jiaji (EX-B2) Points and Routine Acupuncture","EX B2, BL 23, BL 25, GB 30, BL 40, GB 34, BL 7, BL 60, DU 4, KI 3","EX B2, BL 23, BL 25, GB 30, BL 40, GB 34, BL 7, BL 60, DU 4, KI 3","Huatuojiaji, BL 23, BL 25, GB 30, BL 40, GB 34, BL 7, BL 60, GV 4, KI 3","","TARA:3734471, TARA:0992296, TARA:0906448, TARA:9378285, TARA:5290080, TARA:8758950, TARA:9927492, TARA:5047947, TARA:8557069, TARA:4362146","","","",""
"139","A-112625-139","S-112625-139","O-112625-139","https://doi.org/10.3727/036012910803860940","A Comparison Between Pulsed Radiofrequency and Electro-acupuncture for Relieving Pain in Patients with Chronic Low Back Pain","BL 23, BL 25, BL 40, SP 6","BL 23, BL 25, BL 40, SP 6","BL 23, BL 25, BL 40, SP 6","","TARA:0992296, TARA:0906448, TARA:5290080, TARA:4385250","","","",""
"1199","A-112625-1199","S-112625-1199","O-112625-1199","https://doi.org/10.1080/13697130410001713814","A comparison of acupuncture and oral estradiol treatment of vasomotor symptoms in postmenopa usal women","BL 15, BL 23, BL 32, HT 7, SP 6, SP 9, LR 3, PC 6, GV 20","BL 15, BL 23, BL 32, HT 7, SP 6, SP 9, LR 3, PC 6, GV 20","BL 15, BL 23, BL 32, HT 7, SP 6, SP 9, LR 3, PC 6, GV 20","","TARA:5797983, TARA:0992296, TARA:6742407, TARA:2442762, TARA:4385250, TARA:3553465, TARA:6499349, TARA:4311153, TARA:3386254","","","",""
"1131","A-112625-1131","S-112625-1131","O-112625-1131","https://doi.org/10.1136/aim.19.1.19","A Comparison of Acupuncture with Advice and Exercises on the Symptomatic Treatment of Osteoarthritis of the Hip -A Randomised Controlled Trial","Not specified","Not specified","","","","","","",""
"1340","A-112625-1340","S-112625-1340","O-112625-1340","https://doi.org/10.1093/rheumatology/25.3.271","A controlled study of acupuncture in neck pain","GB 20, GB 21, DU 4","GB 20, GB 21, DU 4","GB 20, GB 21, GV 4","","TARA:2324295, TARA:5389461, TARA:8557069","","","",""
"1263","A-112625-1263","S-112625-1263","O-112625-1263","https://pubmed.ncbi.nlm.nih.gov/17313008.0/","A Controlled Study on Endometriosis Treated by Acupuncture with Shu Mu Point Combination","LI 4, CV 3, CV 4, SP 6","LI 4, CV 3, CV 4, SP 6","LI 4, CV 3, CV 4, SP 6","","TARA:0859695, TARA:0022762, TARA:9921528, TARA:4385250","","","",""
"465","A-112625-465","S-112625-465","O-112625-465","https://pubmed.ncbi.nlm.nih.gov/17955648.0/","A Controlled Study on Treatment of Mental Depression by Acupuncture plus TCM Medication","GV 20, GV 24, EX HN 3, GV 26, Anmian, CV 17, PC 6, PC 7, HT 7, LR 3","GV 20, GV 24, EX HN 3, GV 26, Anmian, CV 17, PC 6, PC 7, HT 7, LR 3","GV 20, GV 24, Yintang, GV 26, Anmian, CV 17, PC 6, PC 7, HT 7, LR 3","","TARA:3386254, TARA:7679931, TARA:3135569, TARA:0829128, TARA:3480360, TARA:3472408, TARA:4311153, TARA:9020892, TARA:2442762, TARA:6499349","","","",""
"1481","A-112625-1481","S-112625-1481","O-112625-1481","https://doi.org/10.2340/0001555577154156","A Controlled Trial of Acupuncture in Psoriasis: No Convincing Effect","Not specified","Not specified","","","","","","",""
"1226","A-112625-1226","S-112625-1226","O-112625-1226","https://doi.org/10.1017/s0022215100148091","A controlled trial of acupuncture in tinnitus","Not specified","Not specified","","","","","","",""
"358","A-112625-358","S-112625-358","O-112625-358","https://doi.org/10.1016/j.jpain.2004.12.009","A Controlled Trial of Placebo Versus Real Acupuncture","LI 4","LI 4","LI 4","","TARA:0859695","","","",""
"839","A-112625-839","S-112625-839","O-112625-839","https://doi.org/10.1016/0091-6749(85)90760-2","A controlled trial of real and simulated acupuncture in the management of chronic asthma","LI 4, GV 14, ST 36, LU 7","LI 4, GV 14, ST 36, LU 7","LI 4, GV 14, ST 36, LU 7","","TARA:0859695, TARA:8452754, TARA:6463344, TARA:3515622","","","",""
"1409","A-112625-1409","S-112625-1409","O-112625-1409","https://pubmed.ncbi.nlm.nih.gov/671428.0/","A Controlled Trial of the Theory of Acupuncture in Musculoskeletal Pain","Not specified","Not specified","","","","","","",""
"1290","A-112625-1290","S-112625-1290","O-112625-1290","https://doi.org/10.1097/00002508-198912000-00006","A Controlled Trial of the Treatment of Migraine by Acupuncture","Not specified","Not specified","","","","","","",""
"526","A-112625-526","S-112625-526","O-112625-526","https://doi.org/10.1142/S0192415X02000028","A Controlled Trial on Acupuncture for Chronic Neck Pain","GB 20, GB 21, SI 12, SI 13, GO 14, LI 10, TB 5, LI 11, TB 8","GB 20, GB 21, SI 12, SI 13, GO 14, LI 10, TB 5, LI 11, TB 8","GB 20, GB 21, SI 12, SI 13, LI 10, TE 5, LI 11, TE 8","GO 14","TARA:2324295, TARA:5389461, TARA:5888779, TARA:9116386, TARA:0742938, TARA:8393005, TARA:8923096, TARA:1698911","find paper","","",""
"720","A-112625-720","S-112625-720","O-112625-720","https://doi.org/10.1016/j.jbmt.2020.04.001","A critical overview of the current myofascial pain literature","Not specified","Not specified","","","","","","",""
"841","A-112625-841","S-112625-841","O-112625-841","https://doi.org/10.1542/peds.2004-0744","A Double-Blind, Randomized, Placebo-Controlled Trial of Acupuncture for the Treatment of Childhood Persistent Allergic Rhinitis","EX-HN 3, EX-NH 8, ST 36","EX-HN 3, EX-NH 8, ST 36","Yintang, ST 36","EX-NH 8","TARA:3135569, TARA:6463344","","","",""
"567","A-112625-567","S-112625-567","O-112625-567","https://doi.org/10.1007/s10549-013-2427-z","A dual-center randomized controlled double blind trial assessing the effect of acupuncture in reducing musculoskeletal symptoms in breast cancer patients taking aromatase inhibitors","CV 4, CV 6, CV 12, LI 4, MH 6, GB 34, ST 36, KI 3, BL 65","CV 4, CV 6, CV 12, LI 4, GB 34, ST 36, KI 3, BL 65","CV 4, CV 6, CV 12, LI 4, GB 34, ST 36, KI 3, BL 65","","TARA:9921528, TARA:8833337, TARA:0434959, TARA:0859695, TARA:8758950, TARA:6463344, TARA:4362146, TARA:7430197","","removed","",""
"565","A-112625-565","S-112625-565","O-112625-565","https://doi.org/10.1136/acupmed-2014-010593","A feasibility study to examine the role of acupuncture to reduce symptoms of lymphoedema after breast cancer: a randomised controlled trial","CV 12, CV 3, CV 2, LI 15, TE 4, LU 5, LI 4, ST 36, SP 9, SP 6","CV 12, CV 3, CV 2, LI 15, TE 4, LU 5, LI 4, ST 36, SP 9, SP 6","CV 12, CV 3, CV 2, LI 15, TE 4, LU 5, LI 4, ST 36, SP 9, SP 6","","TARA:0434959, TARA:0022762, TARA:6969962, TARA:7829474, TARA:1594912, TARA:1357729, TARA:0859695, TARA:6463344, TARA:3553465, TARA:4385250","","","",""
"990","A-112625-990","S-112625-990","O-112625-990","https://doi.org/10.1016/s0740-5472(01)00217-3","A large randomized placebo controlled study of auricular acupuncture for alcohol dependence","Shen Men, Lung, Sympathetic, Liver","Shen Men, Lung, Sympathetic, Liver","HT 7","Lung, Sympathetic, Liver","TARA:2442762","","","",""
"964","A-112625-964","S-112625-964","O-112625-964","https://pubmed.ncbi.nlm.nih.gov/2148263.0/","A meta analysis of studies into the effect of acupuncture on addiction","Not specified","Not specified","","","","","","",""
"1853","A-112625-1853","S-112625-1853","O-112625-1853","https://doi.org/10.1007/s10571-008-9336-4","A Meta-Analysis of Acupuncture Combined with Opioid Receptor Agonists for Treatment of Opiate-Withdrawal Symptoms","neiguan, zusanli, HT 7, hegu, sanyinjiao","neiguan, zusanli, shenmen, hegu, sanyinjiao","PC 6, ST 36, HT 7, LI 4, SP 6","","TARA:4311153, TARA:6463344, TARA:2442762, TARA:0859695, TARA:4385250","","changed shenmen","",""
"974","A-112625-974","S-112625-974","O-112625-974","https://doi.org/10.1136/tc.8.4.393","A meta-analysis of acupuncture techniques for smoking cessation","Not specified","Not specified","","","","","","",""
"1075","A-112625-1075","S-112625-1075","O-112625-1075","https://doi.org/10.1089/acm.2013.0364","A Meta-Analysis of Acupuncture Use in the Treatment of Cognitive Impairment After Stroke","Not specified","Not specified","","","","","","",""
"979","A-112625-979","S-112625-979","O-112625-979","https://doi.org/10.1016/j.drugalcdep.2014.07.002","A meta-analysis of ear-acupuncture, ear-acupressure and auriculotherapy for cigarette smoking cessation","Lung, Shenmen, Mouth, Shoulder, Eye, Knee","","","","","","removed points as it is a review","",""
"1072","A-112625-1072","S-112625-1072","O-112625-1072","https://doi.org/10.1136/acupmed-2012-010155","A meta-analysis of the efficacy of acupuncture in treating dysphagia in patients with a stroke","Not specified","Not specified","","","","","","",""
"826","A-112625-826","S-112625-826","O-112625-826","https://doi.org/10.1111/all.12053","A multicenter, randomized, controlled trial testing the effects of acupuncture on allergic rhinitis","LI 4, LI 20, ST 2, ST 36, EX 1, GV 23","LI 4, LI 20, ST 2, ST 36, GV 23","LI 4, LI 20, ST 2, ST 36, GV 23","","TARA:0859695, TARA:6681003, TARA:6392753, TARA:6463344, TARA:7690229","","taken out","",""
"1215","A-112625-1215","S-112625-1215","O-112625-1215","https://pubmed.ncbi.nlm.nih.gov/16705841.0/","A Multicentral Randomized Control Study on Clinical Acupuncture Treatment of Bell's Palsy","Not specified","Not specified","","","","","","",""
"364","A-112625-364","S-112625-364","O-112625-364","https://doi.org/10.1111/papr.12309","A New Method for Sham Controlled Acupuncture in Experimental Visceral Paina Randomized, Single Blinded Study","Ren 12, Ren 10, Ren 9, Ren 7, Ren 6, Ren 4, umbilicus, ST 25, ST 26, LI 4, ST 37","Ren 12, Ren 10, Ren 9, Ren 7, Ren 6, Ren 4, umbilicus, ST 25, ST 26, LI 4, ST 37","CV 12, CV 10, CV 9, CV 7, CV 6, CV 4, ST 25, ST 26, LI 4, ST 37","umbilicus","TARA:0434959, TARA:1822260, TARA:4534524, TARA:0411625, TARA:8833337, TARA:9921528, TARA:5717468, TARA:8646804, TARA:0859695, TARA:5918799","","","",""
"1330","A-112625-1330","S-112625-1330","O-112625-1330","https://doi.org/10.1097/00043764-199507000-00013","A Nonconventional Approach to the Treatment of ""Environmental Illness""","Not specified","Not specified","","","","","","",""
"424","A-112625-424","S-112625-424","O-112625-424","https://doi.org/10.1089/acm.2009.0367","A Novel Approach to Evaluate Traditional Chinese Medicine Treatment Outcomes Using Pattern Identification","Not specified","Not specified","","","","","","",""
"1631","A-112625-1631","S-112625-1631","O-112625-1631","https://doi.org/10.1177/026921559701100302","A one year follow up study on the effects of acupuncture in the treatment of stroke patients in the subacute stage: a randomized, controlled study","Not specified","Not specified","","","","","","",""
"1630","A-112625-1630","S-112625-1630","O-112625-1630","https://doi.org/10.1186/1472-6882-12-123","A PET-CT study on the specificity of acupoints through acupuncture treatment in migraine patients","TE 5, GB 34, GB 20, ST 8, LI 6, ST 36","TE 5, GB 34, GB 20, ST 8, LI 6, ST 36","TE 5, GB 34, GB 20, ST 8, LI 6, ST 36","","TARA:8393005, TARA:8758950, TARA:2324295, TARA:9946635, TARA:9876402, TARA:6463344","","","",""
"243","A-112625-243","S-112625-243","O-112625-243","https://doi.org/10.1245/s10434-012-2759-7","A Phase II, Randomized, Controlled Trial of Acupuncture for Reduction of Postcolectomy Ileus","ST 36, PC 6, LI 4, SP 6, SP 9, ST 25, auricular shenmen","ST 36, PC 6, LI 4, SP 6, SP 9, ST 25, ear shenmen","ST 36, PC 6, LI 4, SP 6, SP 9, ST 25","ear shenmen","TARA:6463344, TARA:4311153, TARA:0859695, TARA:4385250, TARA:3553465, TARA:5717468","","fixed auricular to ear","",""
"490","A-112625-490","S-112625-490","O-112625-490","https://doi.org/10.1186/1472-6882-14-255","A pilot controlled trial of a combination of dense cranial electroacupuncture stimulation and body acupuncture for post-stroke depression","LI 4, LI 11, ST 36, LR 3, GV 20, EX-HN 3, EX-HN 1, GB 15, GB 8, EX-HN 5, ST 8","LI 4, LI 11, ST 36, LR 3, GV 20, EX-HN 3, EX-HN 1, GB 15, GB 8, EX-HN 5, ST 8","LI 4, LI 11, ST 36, LR 3, GV 20, Yintang, Sishencong, GB 15, GB 8, Taiyang, ST 8","","TARA:0859695, TARA:8923096, TARA:6463344, TARA:6499349, TARA:3386254, TARA:3135569, TARA:9610280, TARA:6739423, TARA:5363236, TARA:9534465, TARA:9946635","","","",""
"1456","A-112625-1456","S-112625-1456","O-112625-1456","https://doi.org/10.1089/10755530152755180","A Pilot Project to Assess the Methodological Issues Involved in Evaluating Acupuncture as a Treatment for Disabling Breathlessness","Ren 20, Ren 21, Li4","Ren 20, Ren 21, Li4","CV 20, CV 21, LI 4","","TARA:0726105, TARA:1450183, TARA:0859695","","","",""
"1261","A-112625-1261","S-112625-1261","O-112625-1261","https://doi.org/10.1097/SGA.0b013e3181b2c920","A Pilot Randomized Controlled Trial of Acupuncture/Moxibustion","Not specified","Not specified","","","","","","",""
"1201","A-112625-1201","S-112625-1201","O-112625-1201","https://doi.org/10.1097/gme.0b013e31821f9171","A pilot randomized, single blind, placebo control led trial of traditional acupuncture for vasomotor symptoms and mechanistic pathways of menopause","GV 20, Pericardium 6, Heart 7, Liver 3, Large intestine 4, Large intestine 11, Kidney 3, Spleen 6, Stomach 36, Ren 17, Ren 6, GV 14, Urinary bladder 15, Urinary bladder 18, Urinary bladder 20, Urinary bladder 23, Gallbladder 34, Kidney 3","Governor vessel 20, Pericardium 6, Heart 7, Liver 3, Large intestine 4, Large intestine 11, Kidney 3, Spleen 6, Stomach 36, Ren 17, Ren 6, GV 14, Urinary bladder 15, Urinary bladder 18, Urinary bladder 20, Urinary bladder 23, Gallbladder 34, Kidney 3","GV 20, PC 6, HT 7, LR 3, LI 4, LI 11, KI 3, SP 6, ST 36, CV 17, CV 6, GV 14, BL 15, BL 18, BL 20, BL 23, GB 34, KI 3","","TARA:3386254, TARA:4311153, TARA:2442762, TARA:6499349, TARA:0859695, TARA:8923096, TARA:4362146, TARA:4385250, TARA:6463344, TARA:3472408, TARA:8833337, TARA:8452754, TARA:5797983, TARA:9655874, TARA:3283628, TARA:0992296, TARA:8758950, TARA:4362146","","fixed","",""
"62","A-112625-62","S-112625-62","O-112625-62","https://doi.org/10.1007/s10067-007-0759-y","A pilot study of acupuncture as adjunctive treatment of rheumatoid arthritis","EX 1, PC6, IG4, EX 28, CV 12, CV 6, ST 36, SP 6, LV 3, UB 20, UB 22, UB 23, GV 4, GV 14, UB 11, UB60","Yintang, PC6, CV 12, CV 6, ST 36, SP 6, LR 3, UB 20, UB 22, UB 23, GV 4, GV 14, UB 11, UB60","Yintang, PC 6, CV 12, CV 6, ST 36, SP 6, LR 3, BL 20, BL 22, BL 23, GV 4, GV 14, BL 11, BL 60","","TARA:3135569, TARA:4311153, TARA:0434959, TARA:8833337, TARA:6463344, TARA:4385250, TARA:6499349, TARA:3283628, TARA:3963382, TARA:0992296, TARA:8557069, TARA:8452754, TARA:1985889, TARA:5047947","","IG4, EX 28 unknown","",""
"333","A-112625-333","S-112625-333","O-112625-333","https://doi.org/10.1136/aim.14.1.11","A Pilot Study of Acupuncture for Tension Headache, Using a Novel Placebo","C8 20, C8 21, YintanS, Taiyang, C8 14, Ll 4","C8 20, C8 21, YintanS, Taiyang, C8 14, Ll 4","Taiyang","C8 20, C8 21, YintanS, C8 14, Ll 4","TARA:9534465","find paper","","",""
"563","A-112625-563","S-112625-563","O-112625-563","https://doi.org/10.1177/1534735414534729","A Pilot Study of Acupuncture in Treating Bortezomib-Induced Peripheral Neuropathy in Patients With Multiple Myeloma","shen men, point zero, LI 4, TE 5, LI 11, ST 40, Ba Feng","shen men, point zero, LI 4, TE 5, LI 11, ST 40, Ba Feng","HT 7, LI 4, TE 5, LI 11, ST 40, Bafeng","point zero","TARA:2442762, TARA:0859695, TARA:8393005, TARA:8923096, TARA:9531666, TARA:6659923","","ear point (point zero)","",""
"77","A-112625-77","S-112625-77","O-112625-77","https://doi.org/10.1186/1749-8546-3-2","A pilot study on using acupuncture and transcutaneous electrical nerve stimulation (TENS) to treat knee osteoarthritis (OA)","ST 34, ST 35, ST 36, SP 9, SP 10, GB 34","ST 34, ST 35, ST 36, SP 9, SP 10, GB 34","ST 34, ST 35, ST 36, SP 9, SP 10, GB 34","","TARA:8773594, TARA:2454652, TARA:6463344, TARA:3553465, TARA:8433932, TARA:8758950","","","",""
"125","A-112625-125","S-112625-125","O-112625-125","https://doi.org/10.1016/j.ctcp.2008.09.003","A pilot study on using acupuncture and transcutaneous electrical nerve stimulation to treat chronic non-specific low back pain","BL 23, BL 25, BL 32, BL 40, BL 60, GB 30, GB 34","BL 23, BL 25, BL 32, BL 40, BL 60, GB 30, GB 34","BL 23, BL 25, BL 32, BL 40, BL 60, GB 30, GB 34","","TARA:0992296, TARA:0906448, TARA:6742407, TARA:5290080, TARA:5047947, TARA:9378285, TARA:8758950","","","",""
"1152","A-112625-1152","S-112625-1152","O-112625-1152","https://doi.org/10.4102/sajp.v70i2.268","A pilot study on using acupunture and core stability exercises to treat non-specific acute low back paun among industrial workers","Not specified","Not specified","","","","","","",""
"945","A-112625-945","S-112625-945","O-112625-945","https://doi.org/10.1089/acm.2007.0738","A Pilot Whole Systems Clinical Trial of Traditional Chinese Medicine and Naturopathic Medicine for the Treatment of Temporomandibular Disorders","ST 7, ST 6, GB 20, GB 21, Yintang, LI 4, LV 3","ST 7, ST 6, GB 20, GB 21, Yintang, LI 4, LV 3","ST 7, ST 6, GB 20, GB 21, Yintang, LI 4, LR 3","","TARA:2990862, TARA:7834226, TARA:2324295, TARA:5389461, TARA:3135569, TARA:0859695, TARA:6499349","","","",""
"1627","A-112625-1627","S-112625-1627","O-112625-1627","https://doi.org/10.1016/j.jvoice.2009.05.005","A Preliminary Study of the Effect of Acupuncture on Emotional Stress in Female Dysphonic Speakers","LI 4, LU 7, REN 23, ST 9, KI 6","LI 4, LU 7, REN 23, ST 9, KI 6","LI 4, LU 7, CV 23, ST 9, KI 6","","TARA:0859695, TARA:3515622, TARA:5804897, TARA:6890771, TARA:2108622","","","",""
"376","A-112625-376","S-112625-376","O-112625-376","https://doi.org/10.1136/aim.22.1.2","A proposed experimental model of myofascial trigger points in human muscle after slow eccentric exercise","Not specified","Not specified","","","","","","",""
"1214","A-112625-1214","S-112625-1214","O-112625-1214","https://doi.org/10.1136/aim.2009.000638","A prospective randomised controlled study on efficacies of acupuncture and steroid in treatment of idiopathic peripheral facial paralysis","Not specified","Not specified","","","","","","",""
"290","A-112625-290","S-112625-290","O-112625-290","https://doi.org/10.1016/j.fertnstert.2009.02.041","A prospective randomized placebo-controlled study of the effect of acupuncture in infertile patients with severe oligoasthenozoospermia","ST 36, SP 6, KI 3, LIV 3, BL 23, BL 32, ST 29, SP 10, Ren 4","ST 36, SP 6, KI 3, LIV 3, BL 23, BL 32, ST 29, SP 10, Ren 4","ST 36, SP 6, KI 3, LR 3, BL 23, BL 32, ST 29, SP 10, CV 4","","TARA:6463344, TARA:4385250, TARA:4362146, TARA:6499349, TARA:0992296, TARA:6742407, TARA:5873796, TARA:8433932, TARA:9921528","","","",""
"781","A-112625-781","S-112625-781","O-112625-781","https://pubmed.ncbi.nlm.nih.gov/10830757.0/","A prospective randomized study comparing acupuncture with physiotherapy for low back and pelvic pain in pregnancy","Bl 26, Bl 27, Bl 28, Bl 29, Bl 30, Bl 60, Cw 2","Bl 26, Bl 27, Bl 28, Bl 29, Bl 30, Bl 60","BL 26, BL 27, BL 28, BL 29, BL 30, BL 60","","TARA:4384020, TARA:6929444, TARA:5318530, TARA:3079460, TARA:9128934, TARA:5047947","","deleted","",""
"800","A-112625-800","S-112625-800","O-112625-800","https://doi.org/10.1093/humrep/14.10.2480","A prospective randomized study of electro-acupuncture versus alfentanil as anaesthesia during oocyte aspiration in in-vitro fertilization","LI 4, TE 5, ST 29, GV 20, ST 36","LI 4, TE 5, ST 29, GV 20, ST 36","LI 4, TE 5, ST 29, GV 20, ST 36","","TARA:0859695, TARA:8393005, TARA:5873796, TARA:3386254, TARA:6463344","","","",""
"1005","A-112625-1005","S-112625-1005","O-112625-1005","https://doi.org/10.1097/01.ju.0000044925.03113.ab","A prospective, randomized pilot trial of acupuncture of the kidney-bladder distinct meridian for lower urinary tract symptoms","kidney 10, bladder 40, bladder 10, bladder 32, governor vessel 1","kidney 10, bladder 40, bladder 10, bladder 32, governor vessel 1","KI 10, BL 40, BL 10, BL 32, GV 1","","TARA:8716769, TARA:5290080, TARA:0242146, TARA:6742407, TARA:3865403","","","",""
"1138","A-112625-1138","S-112625-1138","O-112625-1138","https://doi.org/10.1097/00007632-198909000-00008","A Prospective, Randomized, Double-Blind Evaluation of Trigger-Point Injection — Therapy for Low-Back Pain","Not specified","Not specified","","","","","","",""
"149","A-112625-149","S-112625-149","O-112625-149","https://doi.org/10.1136/bmj.38932.806134.7C","A randomised controlled trial of acupuncture care for persistent low back pain: cost effectiveness analysis","Not specified","Not specified","","","","","","",""
"760","A-112625-760","S-112625-760","O-112625-760","https://doi.org/10.1016/j.ejca.2013.09.022","A randomised trial of electro-acupuncture for arthralgia related to aromatase inhibitor use","Not specified","Not specified","","","","","","",""
"1626","A-112625-1626","S-112625-1626","O-112625-1626","https://doi.org/10.1016/j.midw.2006.02.003","A randomised-controlled trial in Sweden of acupuncture and care interventions for the relief of inflammatory symptoms of the breast during lactation","HT 3, GB 21, SP 6","HT 3, GB 21, SP 6","HT 3, GB 21, SP 6","","TARA:2385378, TARA:5389461, TARA:4385250","","","",""
"212","A-112625-212","S-112625-212","O-112625-212","https://doi.org/10.1016/j.ctim.2010.09.005","A randomised, placebo-controlled trial of manual and electrical acupuncture for the treatment of tinnitus","GB 8, TE 17, GB 2, GB 20, GV 20, TE 3, ST 36","GB 8, TE 17, GB 2, GB 20, GV 20, TE 3, ST 36","GB 8, TE 17, GB 2, GB 20, GV 20, TE 3, ST 36","","TARA:5363236, TARA:6615149, TARA:2849795, TARA:2324295, TARA:3386254, TARA:5356503, TARA:6463344","","","",""
"1311","A-112625-1311","S-112625-1311","O-112625-1311","uri not found","A Randomized and Comparative Study on Vascular Dementia Treated by Needling Remaining at Head Points","Not specified","Not specified","","","","","","",""
"633","A-112625-633","S-112625-633","O-112625-633","https://doi.org/10.7326/0003-4819-143-1-200507050-00005","A Randomized Clinical Trial of Acupuncture Compared with Sham Acupuncture in Fibromyalgia","Not specified","Not specified","","","","","","",""
"605","A-112625-605","S-112625-605","O-112625-605","https://doi.org/10.1016/j.jpain.2010.09.001","A Randomized Clinical Trial of Acupuncture Versus Oral Steroids for Carpal Tunnel Syndrome: A Long-Term Follow-Up","PC 7, PC 6","PC 7, PC 6","PC 7, PC 6","","TARA:9020892, TARA:4311153","","","",""
"119","A-112625-119","S-112625-119","O-112625-119","https://doi.org/10.1016/S0304-3959(99)00027-5","A randomized comparative trial of acupuncture versus transcutaneous electrical nerve stimulation for chronic back pain in the elderly","Not specified","Not specified","","","","","","",""
"1593","A-112625-1593","S-112625-1593","O-112625-1593","https://doi.org/10.1016/S1726-4901(08)70014-5","A Randomized Controlled Clinical Trial of Auricular Acupuncture in Smoking Cessation","Shen Men, Sympathetic, Mouth, Lung, Eye, Elbow, Shoulder, Knee","Shen Men, Sympathetic, Mouth, Lung, Eye, Elbow, Shoulder, Knee","HT 7","Sympathetic, Mouth, Lung, Eye, Elbow, Shoulder, Knee","TARA:2442762","","","",""
"197","A-112625-197","S-112625-197","O-112625-197","https://doi.org/10.1016/j.fertnstert.2006.02.100","A randomized controlled pilot study of acupuncture for postmenopausal hot flashes: effect on nocturnal hot flashes and sleep quality","Kd 3, Sp 6, Ren 4, Kd 6, Lu 7, GB 20, Lv 3, St 40, LI 11, Ren 12, Ren 15, Ht 6, Sp 4, P 6, Lv 2, UB 23, UB 20, UB 52, Kd 7, Ren 14, Ht 7, UB 15, St 36, Sp 3","Kd 3, Sp 6, Ren 4, Kd 6, Lu 7, GB 20, Lv 3, St 40, LI 11, Ren 12, Ren 15, Ht 6, Sp 4, P 6, Lv 2, UB 23, UB 20, UB 52, Kd 7, Ren 14, Ht 7, UB 15, St 36, Sp 3","KI 3, SP 6, CV 4, KI 6, LU 7, GB 20, LR 3, ST 40, LI 11, CV 12, CV 15, HT 6, SP 4, PC 6, LR 2, BL 23, BL 20, BL 52, KI 7, CV 14, HT 7, BL 15, ST 36, SP 3","","TARA:4362146, TARA:4385250, TARA:9921528, TARA:2108622, TARA:3515622, TARA:2324295, TARA:6499349, TARA:9531666, TARA:8923096, TARA:0434959, TARA:7624267, TARA:6421594, TARA:7407065, TARA:4311153, TARA:6862058, TARA:0992296, TARA:3283628, TARA:7228895, TARA:9881298, TARA:4823591, TARA:2442762, TARA:5797983, TARA:6463344, TARA:3003448","","","",""
"1039","A-112625-1039","S-112625-1039","O-112625-1039","https://pubmed.ncbi.nlm.nih.gov/12855628.0/","A Randomized Controlled Single Blind Chemotherapy and Autologous Peripheral Blood Stem Cell at P6 as Additional Antiemetic Prophylaxis in High Dose Effect of Acupuncture Compared with Placebo Acupuncture","P 6","P 6","PC 6","","TARA:4311153","","","",""
"622","A-112625-622","S-112625-622","O-112625-622","https://doi.org/10.2340/16501977-0216","A randomized controlled trial of acupuncture added to usual treatment for fibromyalgia","EX-HN 3, LR 3, LI 4, PC 6, GB 34, SP 6","EX-HN 3, LR 3, LI 4, PC 6, GB 34, SP 6","Yintang, LR 3, LI 4, PC 6, GB 34, SP 6","","TARA:3135569, TARA:6499349, TARA:0859695, TARA:4311153, TARA:8758950, TARA:4385250","","","",""
"716","A-112625-716","S-112625-716","O-112625-716","https://doi.org/10.1080/14767050600730740","A randomized controlled trial of acupuncture for initiation of labor in nulliparous women","LI 4, SP 6, BL 31, BL 32","LI 4, SP 6, BL 31, BL 32","LI 4, SP 6, BL 31, BL 32","","TARA:0859695, TARA:4385250, TARA:2465151, TARA:6742407","","","",""
"76","A-112625-76","S-112625-76","O-112625-76","https://doi.org/10.1002/acr.20225","A Randomized Controlled Trial of Acupuncture for Osteoarthritis of the Knee: Effects of Patient-Provider Communication","Xi Yan, He Ding, GB 34, Sp 6, Sp 9, Ear-Knee, Ashi points proximal to the knee, AC-LE-1, AC-LE-2, AC-LE-3, AC-LE-4, SI 7, AC-UE-1","Xi Yan, He Ding, GB 34, Sp 6, Sp 9, Ashi points","Xiyan, Heding, GB 34, SP 6, SP 9","Ashi points","TARA:0926802, TARA:3748376, TARA:8758950, TARA:4385250, TARA:3553465","","kept ""Ashi points"" but removed the rest","",""
"177","A-112625-177","S-112625-177","O-112625-177","https://doi.org/10.1016/j.ijcard.2014.07.011","A randomized controlled trial of acupuncture in stable ischemic heart disease patients","PC 6, PC 4, HT 7, Ren 17, LI 4, LIV 3, ST 36, SP 6","PC 6, PC 4, HT 7, Ren 17, LI 4, LIV 3, ST 36, SP 6","PC 6, PC 4, HT 7, CV 17, LI 4, LR 3, ST 36, SP 6","","TARA:4311153, TARA:2645290, TARA:2442762, TARA:3472408, TARA:0859695, TARA:6499349, TARA:6463344, TARA:4385250","","","",""
"172","A-112625-172","S-112625-172","O-112625-172","https://doi.org/10.1016/j.ctim.2015.01.005","A randomized controlled trial of auricular acupressure in heart rate variability and quality of life for hypertension","shenmen, sympathesis, kidney, liver, heart, subcortex","ear shenmen, sympathesis, kidney, liver, heart, subcortex","","ear shenmen, sympathesis, kidney, liver, heart, subcortex","","","added ""ear"", other points are also ear","",""
"980","A-112625-980","S-112625-980","O-112625-980","https://doi.org/10.1001/archinte.160.15.2305","A Randomized Controlled Trial of Auricular Acupuncture for Cocaine Dependence","Sympathetic, Lung, Liver, Shen men","Sympathetic, Lung, Liver, Shen men","HT 7","Sympathetic, Lung, Liver","TARA:2442762","","Add ""Auricular lung point, Auricular sympathetic point, Auricular liver point"" to the list","Does Shenmen here refers to HT 7 or Auricular Shenmen?",""
"175","A-112625-175","S-112625-175","O-112625-175","https://doi.org/10.1016/j.ctcp.2013.10.009","A randomized controlled trial of electroacupuncture at body acupoints and Fenglong for regulating serum lipids in dyslipidemic patients in Thailand","RN 4, RN 6, RN 10, RN 12, ST 24, ST 25, ST 28, ST 21, SP 15, SP 14, ST 36, SP 6, ST 40","RN 4, RN 6, RN 10, RN 12, ST 24, ST 25, ST 28, ST 21, SP 15, SP 14, ST 36, SP 6, ST 40","CV 4, CV 6, CV 10, CV 12, ST 24, ST 25, ST 28, ST 21, SP 15, SP 14, ST 36, SP 6, ST 40","","TARA:9921528, TARA:8833337, TARA:1822260, TARA:0434959, TARA:1211048, TARA:5717468, TARA:5017471, TARA:1654197, TARA:4679170, TARA:1992799, TARA:6463344, TARA:4385250, TARA:9531666","","","",""
"1625","A-112625-1625","S-112625-1625","O-112625-1625","https://doi.org/10.1111/pme.12392","A Randomized Controlled Trial of Single Point Acupuncture in Primary Dysmenorrhea","SP 6, GB 39","SP 6, GB 39","SP 6, GB 39","","TARA:4385250, TARA:3770332","","","",""
"1528","A-112625-1528","S-112625-1528","O-112625-1528","https://doi.org/10.1159/000110308","A Randomized Controlled Trial on the Treatment for Acute Partial Ischemic Stroke with Acupuncture","Not specified","Not specified","","","","","","",""
"802","A-112625-802","S-112625-802","O-112625-802","https://doi.org/10.1093/humrep/den380","A randomized double blind comparison of real and placebo acupuncture in IVF treatment","PC 6, SP 8, LR 3, GV 20, ST 29, ST 36, SP 6, SP 10, LI 4","PC 6, SP 8, LR 3, GV 20, ST 29, ST 36, SP 6, SP 10, LI 4","PC 6, SP 8, LR 3, GV 20, ST 29, ST 36, SP 6, SP 10, LI 4","","TARA:4311153, TARA:6848518, TARA:6499349, TARA:3386254, TARA:5873796, TARA:6463344, TARA:4385250, TARA:8433932, TARA:0859695","","","",""
"1445","A-112625-1445","S-112625-1445","O-112625-1445","https://doi.org/10.3109/02770903.2010.485665","A Randomized Pilot Study of Acupuncture as an Adjunct Therapy in Adult Asthmatic Patients","CV 22, LUS, ST 40, BL 13, EXB 1, Dingchuan","CV 22, LU 5, ST 40, BL 13, EXB 1, Dingchuan","CV 22, LU 5, ST 40, BL 13, Dingchuan, Dingchuan","","TARA:6472655, TARA:1357729, TARA:9531666, TARA:6050541, TARA:8009041, TARA:8009041","","Check if LUS is misspelled for LU 5. fixed.","",""
"426","A-112625-426","S-112625-426","O-112625-426","https://doi.org/10.1016/j.ejogrb.2013.02.016","A randomized pilot study of acupuncture treatment for primary dysmenorrhea","HT 7, PC 6, LI 4, LI 10, SP 6, LR 3, ST 36, GB 26, SP 15, Zigong, Ren 4","HT 7, PC 6, LI 4, LI 10, SP 6, LR 3, ST 36, GB 26, SP 15, Zigong, Ren 4","HT 7, PC 6, LI 4, LI 10, SP 6, LR 3, ST 36, GB 26, SP 15, CV 19, CV 4","","TARA:2442762, TARA:4311153, TARA:0859695, TARA:0742938, TARA:4385250, TARA:6499349, TARA:6463344, TARA:8088170, TARA:4679170, TARA:5928999, TARA:9921528","","","",""
"830","A-112625-830","S-112625-830","O-112625-830","https://doi.org/10.1016/j.jvoice.2004.11.007","A Randomized Treatment-Placebo Study of the Effectiveness of Acupuncture for Benign Vocal Pathologies","Renyin, Lieque, Zhaohai, Houxi, Kunlun","ST 9, Lieque, Zhaohai, Houxi, Kunlun","ST 9, LU 7, KI 6, SI 3, BL 60","","TARA:6890771, TARA:3515622, TARA:2108622, TARA:0220496, TARA:5047947","","fixed","",""
"1567","A-112625-1567","S-112625-1567","O-112625-1567","https://doi.org/10.1097/BRS.0b013e31821bf674","A Randomized Trial Comparing Acupuncture and Simulated Acupuncture for Subacute and Chronic Whiplash","GB 39, GB 20, LI 14, S 16","GB 39, GB 20, LI 14, S 16","GB 39, GB 20, LI 14, ST 16","","TARA:3770332, TARA:2324295, TARA:3744150, TARA:4611734","","","",""
"111","A-112625-111","S-112625-111","O-112625-111","https://doi.org/10.1001/archinternmed.2009.65","A Randomized Trial Comparing Acupuncture, Simulated Acupuncture, and Usual Care for Chronic Low Back Pain","Du 3, Bladder 23, low back ashi point, Bladder 40, Kidney 3","Du 3, Bladder 23, low back ashi point, Bladder 40, Kidney 3","GV 3, BL 23, BL 40, KI 3","low back ashi point","TARA:8807122, TARA:0992296, TARA:5290080, TARA:4362146","","add ""Ashi"" as an extra point to list. changed to ""ashi point""","",""
"66","A-112625-66","S-112625-66","O-112625-66","https://doi.org/10.1093/rheumatology/38.4.346","A randomized trial of acupuncture as an adjunctive therapy in osteoarthritis of the knee","GB 34, Sp 9, St 36, St 35, Xiyan, UB 60, GB 39, Sp 6, Kid 3","GB 34, Sp 9, St 36, St 35, Xiyan, UB 60, GB 39, Sp 6, Kid 3","GB 34, SP 9, ST 36, ST 35, Xiyan, BL 60, GB 39, SP 6, KI 3","","TARA:8758950, TARA:3553465, TARA:6463344, TARA:2454652, TARA:0926802, TARA:5047947, TARA:3770332, TARA:4385250, TARA:4362146","","","",""
"198","A-112625-198","S-112625-198","O-112625-198","https://doi.org/10.1016/j.ctim.2010.02.002","A randomized trial of acupuncture for vasomotor symptoms in post-menopausal women","UB 23, UB 20, UB 15, UB 17, Du 9, Du 4, Sp 9, Sp 6, Lu 7, Ki 6, Ki 3, Ki 7, H 6, H 7, Liv 3, Du 24, GB 20","UB 23, UB 20, UB 15, UB 17, Du 9, Du 4, Sp 9, Sp 6, Lu 7, Ki 6, Ki 3, Ki 7, H 6, H 7, Liv 3, Du 24, GB 20","BL 23, BL 20, BL 15, BL 17, GV 9, GV 4, SP 9, SP 6, LU 7, KI 6, KI 3, KI 7, HT 6, HT 7, LR 3, GV 24, GB 20","","TARA:0992296, TARA:3283628, TARA:5797983, TARA:1124682, TARA:8982235, TARA:8557069, TARA:3553465, TARA:4385250, TARA:3515622, TARA:2108622, TARA:4362146, TARA:9881298, TARA:6421594, TARA:2442762, TARA:6499349, TARA:7679931, TARA:2324295","","","",""
"1624","A-112625-1624","S-112625-1624","O-112625-1624","https://doi.org/10.1097/gme.0b013e31816d5b03","A randomized, controlled pilot study of acupuncture treatment for menopausal hot flashes","CV 4, KI 3, SP 6, BL 23, HT 6, KI 7","CV 4, KI 3, SP 6, BL 23, HT 6, KI 7","CV 4, KI 3, SP 6, BL 23, HT 6, KI 7","","TARA:9921528, TARA:4362146, TARA:4385250, TARA:0992296, TARA:6421594, TARA:9881298","","","",""
"342","A-112625-342","S-112625-342","O-112625-342","https://doi.org/10.1111/j.1526-4610.2005.00235.x","A Randomized, Controlled Trial of Acupuncture for Chronic Daily Headache","Not specified","Not specified","","","","","","",""
"102","A-112625-102","S-112625-102","O-112625-102","https://pubmed.ncbi.nlm.nih.gov/24755566.0/","A randomized, controlled trial of acupuncture for chronic low back pain","UB 23, UB 25, UB 60, SI 3, BL 24, UB 36, UB 57, BL 37, BL 40, GB 12, GB 26, GB 30, GB 34, GB 39, GB 36, GB 41, ST 4, ST 36, GV 3, GV 4, GV 5, GV 24, GV 20, GV 26, PC 6, SP 4, SI 3, BL 62, KD 6, TE 5, LU 7, GB 41","UB 23, UB 25, UB 60, SI 3, BL 24, UB 36, UB 57, BL 37, BL 40, GB 12, GB 26, GB 30, GB 34, GB 39, GB 36, GB 41, ST 4, ST 36, GV 3, GV 4, GV 5, GV 24, GV 20, GV 26, PC 6, SP 4, SI 3, BL 62, KD 6, TE 5, LU 7, GB 41","BL 23, BL 25, BL 60, SI 3, BL 24, BL 36, BL 57, BL 37, BL 40, GB 12, GB 26, GB 30, GB 34, GB 39, GB 36, GB 41, ST 4, ST 36, GV 3, GV 4, GV 5, GV 24, GV 20, GV 26, PC 6, SP 4, SI 3, BL 62, KI 6, TE 5, LU 7, GB 41","","TARA:0992296, TARA:0906448, TARA:5047947, TARA:0220496, TARA:7357260, TARA:9927213, TARA:4589241, TARA:2678584, TARA:5290080, TARA:1031890, TARA:8088170, TARA:9378285, TARA:8758950, TARA:3770332, TARA:1144697, TARA:3668538, TARA:1429314, TARA:6463344, TARA:8807122, TARA:8557069, TARA:1697302, TARA:7679931, TARA:3386254, TARA:0829128, TARA:4311153, TARA:7407065, TARA:0220496, TARA:1628341, TARA:2108622, TARA:8393005, TARA:3515622, TARA:3668538","","","",""
"721","A-112625-721","S-112625-721","O-112625-721","https://doi.org/10.1136/aim.24.1.39","A review of acupuncture clinical trials indexed during 2005","Yintang, LI 11, LI 3, KI 10, BL 60, LR 3, ST 41, ST 36, GB 34, Bafend, PC 6, LI 4, GV 20, BL 20, BL 21, BL 22, BL 23, BL 52, Shenmen, Kidney, Bladder, GB 20, GB 40, GB 41, GB 42, GV 20, LR 3, TE 3, TE 5, Taiyang, GB 8, SP 6, BL 10, GB 14, GB 21, LR 3, SP 6, BL 39, BL 28, CV 4, HT 7, PC 6, K 11, ST 29, LI 10, ST 36, GV 20, Lung, Shenmen, Thalamus, Hip","","","","","","review article","",""
"280","A-112625-280","S-112625-280","O-112625-280","https://doi.org/10.1783/147118903101197863","A review of controlled trials of acupuncture for women's reproductive health care","Not specified","Not specified","","","","","","",""
"109","A-112625-109","S-112625-109","O-112625-109","https://doi.org/10.7326/0003-4819-138-11-200306030-00011","A Review of the Evidence for the Effectiveness, Safety, and Cost of Acupuncture, Massage Therapy, and Spinal Manipulation for Back Pain","Not specified","Not specified","","","","","","",""
"305","A-112625-305","S-112625-305","O-112625-305","https://doi.org/10.1136/acupmed-2013-010362","A sham-controlled trial of acupuncture as an adjunct in migraine prophylaxis","Not specified","Not specified","","","","","","",""
"982","A-112625-982","S-112625-982","O-112625-982","https://pubmed.ncbi.nlm.nih.gov/10024707.0/","A single blind, placebo controlled trial of a simple acupuncture treatment in the cessation of smoking","Lung point in the ear, Medial aspect of each patella","Lung point in the ear, Medial aspect of each patella","","Lung point in the ear, Medial aspect of each patella","","","","",""
"1458","A-112625-1458","S-112625-1458","O-112625-1458","https://doi.org/10.1097/AJP.0b013e3181a49e35","A Single Point Acupuncture Treatment at Large Intestine Meridian A Randomized Controlled Trial in Acute Tonsillitis and Pharyngitis","LI 8, LI 10","LI 8, LI 10","LI 8, LI 10","","TARA:8455793, TARA:0742938","","","",""
"251","A-112625-251","S-112625-251","O-112625-251","https://doi.org/10.1089/acm.2008.0107","A Single-Blinded, Randomized Pilot Study Evaluating Effects of Electroacupuncture in Diabetic Patients with Symptoms Suggestive of Gastroparesis","ST 36, LI 4","ST 36, LI 4","ST 36, LI 4","","TARA:6463344, TARA:0859695","","","",""
"976","A-112625-976","S-112625-976","O-112625-976","https://doi.org/10.1142/S0192415X09007314","A Six-Week Acupoint Stimulation Intervention for Quitting Smoking","shenmen, lung, stomach, mouth, endocrine, tim mee","ear shenmen, lung, stomach, mouth, endocrine, tim mee","","ear shenmen, lung, stomach, mouth, endocrine, tim mee","","","added ear","",""
"1103","A-112625-1103","S-112625-1103","O-112625-1103","https://doi.org/10.1142/S0192415X97000044","A Study in the Effectiveness of Acupuncture Analgesia for Colonoscopic Examination Compared with Conventional Premedication","TF 4","TF 4","","TF 4","","find paper","","",""
"1623","A-112625-1623","S-112625-1623","O-112625-1623","https://doi.org/10.1142/S0192415X06004272","A Study on the Clinical Effects of Physical Therapy and Acupuncture to Treat Spontaneous Frozen Shoulder","Not specified","Not specified","","","","","","",""
"1622","A-112625-1622","S-112625-1622","O-112625-1622","https://doi.org/10.1155/2015/610615","A Systematic Overview of Reviews for Complementary and Alternative Therapies in the Treatment of the Fibromyalgia Syndrome","Not specified","","","","","","","",""
"669","A-112625-669","S-112625-669","O-112625-669","https://pubmed.ncbi.nlm.nih.gov/29507269.0/","A Systematic Review and Meta analysis of Using Acupuncture and Acupressure for Uremic Pruritus","Not specified","","","","","","","",""
"817","A-112625-817","S-112625-817","O-112625-817","https://doi.org/10.1111/j.1471-0528.2008.01838.x","A systematic review and meta-analysis of acupuncture in in vitro fertilisation","PC 6, SP 8, LR 3, GV 20, ST 29, ST 36, SP 6, SP 10, LI 4, CV 3, CV 4, CV 6, LI 14, KI 3, AA, TE 5, KI 11, LI 10","","","","","","removed","",""
"1060","A-112625-1060","S-112625-1060","O-112625-1060","https://doi.org/10.1038/srep03981","A systematic review and meta-analysis of Baihui (GV20)-based scalp acupuncture in experimental ischemic stroke","GV 20, EX-HN 5, GB 7, Shuigou, GV 14, ST 36","","","","","","","",""
"1165","A-112625-1165","S-112625-1165","O-112625-1165","https://doi.org/10.1097/BRS.0b013e318186b276","A Systematic Review Effectiveness of Acupuncture for Low Back Pain","Not specified","","","","","","","",""
"609","A-112625-609","S-112625-609","O-112625-609","https://doi.org/10.1142/S0192415X08005540","A Systematic Review of Acupuncture and Moxibustion Treatment for Chronic Fatigue Syndrome in China","ST 36, SP 6, PC 6, HT 7, LI 4, CV 4, CV 6, CV 17, CV 12, CV 8, GV 20, GV 14, GV 9, GV 1, UB 13, UB 15, UB 18, UB 20, UB 23, EX-HN 5, EX-HN 6, EX-HN 7, LI 11, GB 20, GB 34, GB 39, LV 3, LV 13, HT 6, CV 3, CV 10, CV 17, UB 11, UB 17, EX-Taiyang, EX-Sishencong, EX-Yintang","","","","","","","",""
"921","A-112625-921","S-112625-921","O-112625-921","https://doi.org/10.1016/j.ctim.2016.02.007","A systematic review of acupuncture for sleep quality in people with insomnia","HT 7, GV 20, SP 6, GV 24, Sishencong","","","","","","","",""
"1621","A-112625-1621","S-112625-1621","O-112625-1621","https://doi.org/10.1136/acupmed-2012-010178","A systematic review of cost-effectiveness analyses alongside randomised controlled trials of acupuncture","Not specified","","","","","","","",""
"543","A-112625-543","S-112625-543","O-112625-543","https://doi.org/10.1093/rheumatology/38.2.143","A systematic review of randomized controlled trials of acupuncture for neck pain","Not specified","","","","","","","",""
"462","A-112625-462","S-112625-462","O-112625-462","https://doi.org/10.1016/j.jad.2006.06.012","A systematic review of randomized controlled trials of acupuncture in the treatment of depression","Not specified","","","","","","","",""
"832","A-112625-832","S-112625-832","O-112625-832","https://doi.org/10.1186/1472-6882-8-13","A systematic review of the clinical effectiveness of acupuncture for allergic rhinitis","Not specified","","","","","","","",""
"1500","A-112625-1500","S-112625-1500","O-112625-1500","https://doi.org/10.1016/j.smrv.2008.04.002","A systematic review of the effects of acupuncture in treating insomnia","GV 24, GV 20, GV 14, GV 11, GV 9, TE 17, GB 2, KI 3, BL 23, LR 3, Anmian, HT 7, SP 6, BL 62, KI 6, ST 36, GB 20, Shenmen, Endocrine, Sub cortex, Brain, PC 6, GB 21, CV 17, Yintang, K 11, GB 34, CV 20, Sishencong, CV 12, ST 21, ST 25, LU, Shenshuai, SI, TE, cervical vertebrae, BL, Jinggong, adrenal, insomnia, brainstem, Jiangya groove, LI 4, LU 7, MS 1, MS 2, MS 3, MS 5, scalp anterior 2nd line, SP 4, GB 12, BL 14, BL 19, PC 5, GB 44, ST 45, SP 1, TE 5, GB 13, SP 9","","","","","","systematic review","",""
"1620","A-112625-1620","S-112625-1620","O-112625-1620","https://pubmed.ncbi.nlm.nih.gov/21280460.0/","A systematic review on acupuncture for trigeminal neuralgia","BL 2, GB 14, ST 8, ST 2, GB 3, LI 20, ST 6, RN 24, LI 4,
SI 18, GB 34, ST 40,
ST 7, SP 3, EX HN 4, TE 23,
GV 24, EX HN 3, GV 26, GB 20, GB 12, BL 10, TE 5,
EX HN 5, TE 17,
ST 44, SI 18, BL 2, ST 2, Ex HN 14","","","","","","","",""
"150","A-112625-150","S-112625-150","O-112625-150","https://doi.org/10.1007/s00586-010-1356-3","A systematic review on the effectiveness of complementary and alternative medicine for chronic non-specific low-back pain","Not specified","","","","","","","",""
"1013","A-112625-1013","S-112625-1013","O-112625-1013","https://doi.org/10.1038/sj.sc.3100689","A therapeutic trial of acupuncture in neurogenic bladder of spinal cord injured patients - a preliminary report","CV 3, CV 4, UB 32","CV 3, CV 4, UB 32","CV 3, CV 4, BL 32","","TARA:0022762, TARA:9921528, TARA:6742407","","","",""
"253","A-112625-253","S-112625-253","O-112625-253","https://doi.org/10.1038/ajg.2009.156","A Treatment Trial of Acupuncture in IBS Patients","CV 10, ST 25, LV 3, SP 4, PC 6, ST 37, ST 36, CV 4, LI 4, LV 14, ST 40, LI 11, ST 27, CV 12, GB 34, SP 10, SP 6","CV 10, ST 25, LV 3, SP 4, PC 6, ST 37, ST 36, CV 4, LI 4, LV 14, ST 40, LI 11, ST 27, CV 12, GB 34, SP 10, SP 6","CV 10, ST 25, LR 3, SP 4, PC 6, ST 37, ST 36, CV 4, LI 4, LR 14, ST 40, LI 11, ST 27, CV 12, GB 34, SP 10, SP 6","","TARA:1822260, TARA:5717468, TARA:6499349, TARA:7407065, TARA:4311153, TARA:5918799, TARA:6463344, TARA:9921528, TARA:0859695, TARA:7479763, TARA:9531666, TARA:8923096, TARA:1452771, TARA:0434959, TARA:8758950, TARA:8433932, TARA:4385250","","","",""
"674","A-112625-674","S-112625-674","O-112625-674","https://doi.org/10.1016/j.jams.2016.12.008","A Trial Study of Moxibustion with a Warming Needle on Edema","ST 36, SP 6, BL 57","ST 36, SP 6, BL 57","ST 36, SP 6, BL 57","","TARA:6463344, TARA:4385250, TARA:4589241","","","",""
"910","A-112625-910","S-112625-910","O-112625-910","https://doi.org/10.3727/036012908803861203","Abdominal Acupuncture for Insomnia in Women: A Randomized Controlled Clinical Trial","CV 12, CV 10, CV 4, CV 6, KI 17, ST 24, Xiafengshidian, Qipang","CV 12, CV 10, CV 4, CV 6, KI 17, ST 24","CV 12, CV 10, CV 4, CV 6, KI 17, ST 24","","TARA:0434959, TARA:1822260, TARA:9921528, TARA:8833337, TARA:5318555, TARA:1211048","","these are extra points that are not in tara so we removed","",""
"1629","A-112625-1629","S-112625-1629","O-112625-1629","https://doi.org/10.1089/acm.2016.0075","Active Somatic and Psychic Ear Acupuncture Points in Newborn Infants with Neonatal Abstinence Syndrome","Psychovegetative rim, R point, Frustration point, PT 1, Shen Men, sympathetic, Liver, Kidney, Lung","Psychovegetative rim, R point, Frustration point, PT 1, Shen Men, sympathetic, Liver, Kidney, Lung","HT 7","Psychovegetative rim, R point, Frustration point, PT 1, sympathetic, Liver, Kidney, Lung","TARA:2442762","","all ear points","",""
"1628","A-112625-1628","S-112625-1628","O-112625-1628","https://doi.org/10.1016/j.jana.2012.09.006","Acu/Moxa for Distal Sensory Peripheral Neuropathy in HIV: A Randomized Control Pilot Study","Not specified","Not specified","","","","","","",""
"1237","A-112625-1237","S-112625-1237","O-112625-1237","uri not found","Acupoint Injection Combined with Auricular Point Taping in Treating 158 Cases of Epigastric Pain","CV 12, ST 36, PC 6, ST 34, BL 21, Stomach, Shenmen, Endocrine, Subcortex, Lung, Spleen, Liver, Large intestine, Small intestine","CV 12, ST 36, PC 6, ST 34, BL 21, Stomach, Ear Shenmen, Endocrine, Subcortex, Lung, Spleen, Liver, Large intestine, Small intestine","CV 12, ST 36, PC 6, ST 34, BL 21","Stomach, Ear Shenmen, Endocrine, Subcortex, Lung, Spleen, Liver, Large intestine, Small intestine","TARA:0434959, TARA:6463344, TARA:4311153, TARA:8773594, TARA:4839095","","added ear","",""
"1048","A-112625-1048","S-112625-1048","O-112625-1048","https://doi.org/10.1177/175045890801801204","Acupressure and acupuncture in preventing and managing postoperative nausea and vomiting in adults","P 6","P 6","PC 6","","TARA:4311153","","","",""
"1869","A-112625-1869","S-112625-1869","O-112625-1869","https://doi.org/10.1136/acupmed-2016-011354","Acupressure for respiratory allergic diseases: a systematic review of randomised controlled trials","Not specified","","","","","","","",""
"1570","A-112625-1570","S-112625-1570","O-112625-1570","https://doi.org/10.1097/00000542-199905000-00015","Acupressure-Acupuncture Antiemetic
Prophylaxis in Children Undergoing
Tonsillectomy","P 6","P 6","PC 6","","TARA:4311153","","","",""
"3","A-112625-3","S-112625-3","O-112625-3","https://doi.org/10.1016/S2095-4964(15)60159-5","Acupuncture accelerates recovery after general anesthesia: a prospective randomized controlled trial","KI 1, DU 26, between KI1 and foot, apex of chin","KI 1, DU 26","KI 1, GV 26","","TARA:4512048, TARA:0829128","","not real points beacuase of sham","",""
"420","A-112625-420","S-112625-420","O-112625-420","https://doi.org/10.1080/00016340600935839","Acupuncture administered after spontaneous rupture of membranes at term significantly reduces the length of birth and use of oxytocin. A randomized controlled trial","ST 36, LR 3, CV 4","ST 36, LR 3, CV 4","ST 36, LR 3, CV 4","","TARA:6463344, TARA:6499349, TARA:9921528","","","",""
"1027","A-112625-1027","S-112625-1027","O-112625-1027","https://doi.org/10.1007/s00520-005-0846-z","Acupuncture against chemotherapy-induced nausea and vomiting in pediatric oncology Interim results of a multicenter crossover study","PC 6, ST 36, CV 12, LI 4","PC 6, ST 36, CV 12, LI 4","PC 6, ST 36, CV 12, LI 4","","TARA:4311153, TARA:6463344, TARA:0434959, TARA:0859695","","","",""
"27","A-112625-27","S-112625-27","O-112625-27","https://doi.org/10.1016/j.pain.2005.02.011","Acupuncture analgesia during surgery: a systematic review","Not specified","","","","","","","",""
"375","A-112625-375","S-112625-375","O-112625-375","https://doi.org/10.1016/j.ejpain.2009.11.006","Acupuncture analgesia for temporal summation of experimental pain: A randomised controlled study","ST 36, ST 40","ST 36, ST 40","ST 36, ST 40","","TARA:6463344, TARA:9531666","","","",""
"696","A-112625-696","S-112625-696","O-112625-696","https://doi.org/10.1136/bmj.1.6053.67","Acupuncture analgesia: an experimental investigation","Ho, Tsu San Li, Pseudoacupuncture","Ho, Tsu San Li, Pseudoacupuncture","","Ho, Tsu San Li, Pseudoacupuncture","","","","",""
"1575","A-112625-1575","S-112625-1575","O-112625-1575","https://doi.org/10.1007/s00520-006-0028-7","Acupuncture and acupressure
for the prevention of chemotherapy-induced
nausea—a randomised cross-over pilot study","P 6","P 6","PC 6","","TARA:4311153","","","",""
"1618","A-112625-1618","S-112625-1618","O-112625-1618","https://doi.org/10.1089/acm.2013.0142","Acupuncture and Acupressure and Massage Health Outcomes for Patients with Anorexia Nervosa: Findings from a Pilot Randomized Controlled Trial and Patient Interviews","LI 4, ST 36, PC 6, LR 3, GB 34","LI 4, ST 36, PC 6, LR 3, GB 34","LI 4, ST 36, PC 6, LR 3, GB 34","","TARA:0859695, TARA:6463344, TARA:4311153, TARA:6499349, TARA:8758950","","","",""
"578","A-112625-578","S-112625-578","O-112625-578","uri not found","Acupuncture and Acupressure for Chemotherapy-Induced Nausea and Vomiting: A Systematic Review","PC 6, ST 36","","","","","","","",""
"1870","A-112625-1870","S-112625-1870","O-112625-1870","https://doi.org/10.1016/j.ctim.2014.03.011","Acupuncture and acupressure for pain management in labour and birth: A critical narrative review of current systematic review evidence","SP 6, L.I. 4","","","","","done","this is a systematic reviews -- take out all points","L.I. 4 = LI 4?",""
"1423","A-112625-1423","S-112625-1423","O-112625-1423","uri not found","Acupuncture and Acupressure for Pain Management in Labour: A Systematic Review","BL 32, GV 20, BL 60, BL 62, HT 7, LR 3, GB 34, CV 4, LI 10, LI 11, BL 23, BL 27, BL 28, BL 32, LI 4, SP 6, PC 6, PC 7, ST 36, HT 7, LU 7, ST 30, ST 29, GB 34, ST 36, SP 8, SP 6, K 13, GB 41, LR 3, GV 20, BL 34, BL 32, L 14, BL 67, BL 60, LI 4, BL 67","","","","","","","",""
"400","A-112625-400","S-112625-400","O-112625-400","https://doi.org/10.1111/jmwh.12545","Acupuncture and Acupressure in Labor","GB 21, LI 4, BL 32, SP 6, BL 60, BL 67, LV 3, ST 36","GB 21, LI 4, BL 32, SP 6, BL 60, BL 67, LV 3, ST 36","GB 21, LI 4, BL 32, SP 6, BL 60, BL 67, LR 3, ST 36","","TARA:5389461, TARA:0859695, TARA:6742407, TARA:4385250, TARA:5047947, TARA:7218725, TARA:6499349, TARA:6463344","","","",""
"398","A-112625-398","S-112625-398","O-112625-398","https://doi.org/10.1001/jama.280.18.1590","Acupuncture and Amitriptyline for Pain Due to HIV-Related Peripheral Neuropathy A Randomized Controlled Trial","SP 9, SP 7, SP 6, Ba Feng (M-LE-8), Ran Gu (Kidney 2), Tai Ki (Kidney 3)","SP 9, SP 7, SP 6, Ba Feng, Kidney 2, Kidney 3","SP 9, SP 7, SP 6, Bafeng, KI 2, KI 3","","TARA:3553465, TARA:8036487, TARA:4385250, TARA:6659923, TARA:3114756, TARA:4362146","","done","",""
"868","A-112625-868","S-112625-868","O-112625-868","https://doi.org/10.1016/S0736-0266(03)00028-7","Acupuncture and arthroscopic acromioplasty","Not specified","Not specified","","","","","","",""
"795","A-112625-795","S-112625-795","O-112625-795","https://doi.org/10.1002/14651858.CD006920.pub2","Acupuncture and assisted conception","DU 20, ST 29, SP 8, PC 6, LR 3, RN 4, RN 6, SP 10, SP 6, ST 36, LI 4, Shenmen, Zhigong, Neifenmi, Pizhixia, Hegu, Sanyinjiao, Zusanli, Taixu","","","","","","review article","",""
"814","A-112625-814","S-112625-814","O-112625-814","https://doi.org/10.1002/14651858.CD006920.pub3","Acupuncture and assisted reproductive technology","GV 20, LI 4, SP 6, ST 29, Ren 3, RN 4, RN6, KI 3, KI 11, TE 5, SP 8, SP 10, ST29, ST36, PC6, LI 10","GV 20, LI 4, SP 6, ST 29, Ren 3, RN 4, RN6, KI 3, KI 11, TE 5, SP 8, SP 10, ST29, ST36, PC6, LI 10","GV 20, LI 4, SP 6, ST 29, CV 3, CV 4, CV 6, KI 3, KI 11, TE 5, SP 8, SP 10, ST 29, ST 36, PC 6, LI 10","","TARA:3386254, TARA:0859695, TARA:4385250, TARA:5873796, TARA:0022762, TARA:9921528, TARA:8833337, TARA:4362146, TARA:9609679, TARA:8393005, TARA:6848518, TARA:8433932, TARA:5873796, TARA:6463344, TARA:4311153, TARA:0742938","","","",""
"831","A-112625-831","S-112625-831","O-112625-831","https://doi.org/10.1136/thx.46.11.799","Acupuncture and asthma: a review of controlled trials","Not specified","","","","","","","",""
"200","A-112625-200","S-112625-200","O-112625-200","https://doi.org/10.1093/ecam/nep001","Acupuncture and Auricular Acupressure in Relieving Menopausal Hot Flashes of Bilaterally Ovariectomized Chinese Women: A Randomized Controlled Trial","SP 6, GB 20, LI 4, LI 11, CV 4, GV 14, KI 7, EX-CA 1, AH 6a, TF 4, TG 2p, AT 4, CO 18, CO 10, CO 15, CO 12","SP 6, GB 20, LI 4, LI 11, CV 4, GV 14, KI 7, Zigong, AH 6a, TF 4, TG 2p, AT 4, CO 18, CO 10, CO 15, CO 12","SP 6, GB 20, LI 4, LI 11, CV 4, GV 14, KI 7, CV 19, LI 18, LI 10, LI 15, LI 12","AH 6a, TF 4, TG 2p, AT 4","TARA:4385250, TARA:2324295, TARA:0859695, TARA:8923096, TARA:9921528, TARA:8452754, TARA:9881298, TARA:5928999, TARA:9159226, TARA:0742938, TARA:7829474, TARA:9554328","","fixed EX-CA 1. but rest are ear points. need to know how to handle","Is CO # same as LI #",""
"728","A-112625-728","S-112625-728","O-112625-728","https://pubmed.ncbi.nlm.nih.gov/12875073.0/","Acupuncture and Blood letting for 30 Cases of Rheumatic Gonitis","ST 34, ST 35, ST 36, GB 34, BL 60, BL 40","ST 34, ST 35, ST 36, GB 34, BL 60, BL 40","ST 34, ST 35, ST 36, GB 34, BL 60, BL 40","","TARA:8773594, TARA:2454652, TARA:6463344, TARA:8758950, TARA:5047947, TARA:5290080","","","",""
"1459","A-112625-1459","S-112625-1459","O-112625-1459","https://doi.org/10.1111/j.1398-9995.1984.tb01956.x","Acupuncture and Bronchial Asthma","Not specified","Not specified","","","","","","",""
"846","A-112625-846","S-112625-846","O-112625-846","https://doi.org/10.1089/10755530260511748","Acupuncture and Bronchial Asthma: A Long-Term Randomized Study of the Effects of Real Versus Sham Acupuncture Compared to Controls in Patients with Bronchial Asthma","Dazhui, Dingchuan, Feishu, Taixi, Yuji, Shanyinjiao, Hegu, Quchi, Tsusanli, Zhagmen, Neiguan","Dazhui, Dingchuan, Feishu, Taixi, Yuji, Shanyinjiao, Hegu, Quchi, Tsusanli, Zhagmen, Neiguan","GV 14, Dingchuan, BL 13, KI 3, LU 10, LI 4, LI 11, PC 6","Shanyinjiao, Tsusanli, Zhagmen","TARA:8452754, TARA:8009041, TARA:6050541, TARA:4362146, TARA:2459635, TARA:0859695, TARA:8923096, TARA:4311153","","","",""
"843","A-112625-843","S-112625-843","O-112625-843","https://doi.org/10.1111/j.1398-9995.2004.00540.x","Acupuncture and Chinese herbal medicine in the treatment of patients with seasonal allergic rhinitis: a randomized-controlled clinical trial","L.I. 4, L.I. 20, GB 20, Lu 7, Liver 3, L.I. 11, GB 37, GB 42, T.B. 5, Lu 5, U.B. 12, U.B. 13, S 36, T.B. 6, Lu 9, yintang","L.I. 4, L.I. 20, GB 20, Lu 7, Liver 3, L.I. 11, GB 37, GB 42, T.B. 5, Lu 5, U.B. 12, U.B. 13, S 36, T.B. 6, Lu 9, yintang","LI 4, LI 20, GB 20, LU 7, LR 3, LI 11, GB 37, GB 42, TE 5, LU 5, BL 12, BL 13, ST 36, TE 6, LU 9, Yintang","","TARA:0859695, TARA:6681003, TARA:2324295, TARA:3515622, TARA:6499349, TARA:8923096, TARA:6320058, TARA:0337120, TARA:8393005, TARA:1357729, TARA:5468609, TARA:6050541, TARA:6463344, TARA:7510801, TARA:8122277, TARA:3135569","","","",""
"608","A-112625-608","S-112625-608","O-112625-608","https://pubmed.ncbi.nlm.nih.gov/16136935.0/","Acupuncture and Chinese Patent Drugs For Chronic Fatigue Syndrome","GV 20, EX HN 1, ST 36, SP 6, GB 34, LR 3, BL 20, BL 21, BL 15, BL 18, BL 23","GV 20, EX HN 1, ST 36, SP 6, GB 34, LR 3, BL 20, BL 21, BL 15, BL 18, BL 23","GV 20, Sishencong, ST 36, SP 6, GB 34, LR 3, BL 20, BL 21, BL 15, BL 18, BL 23","","TARA:3386254, TARA:9610280, TARA:6463344, TARA:4385250, TARA:8758950, TARA:6499349, TARA:3283628, TARA:4839095, TARA:5797983, TARA:9655874, TARA:0992296","","","",""
"1414","A-112625-1414","S-112625-1414","O-112625-1414","https://pubmed.ncbi.nlm.nih.gov/10748959.0/","Acupuncture and Chronic Pain Management","LI 4, ST 36","LI 4, ST 36","LI 4, ST 36","","TARA:0859695, TARA:6463344","","","",""
"1407","A-112625-1407","S-112625-1407","O-112625-1407","https://doi.org/10.1016/0304-3959(76)90006-3","Acupuncture and chronic pain mechanisms","Not specified","Not specified","","","","","","",""
"1616","A-112625-1616","S-112625-1616","O-112625-1616","https://doi.org/10.1371/journal.pmed.1001518","Acupuncture and Counselling for Depression in Primary Care: A Randomised Controlled Trial","Not specified","Not specified","","","","","","",""
"1244","A-112625-1244","S-112625-1244","O-112625-1244","https://pubmed.ncbi.nlm.nih.gov/17078440.0/","Acupuncture and Cupping for Treatment of Hiccup in Cases of Cerebrovascular Accident","CV 12, PC 6, ST 36, BL 17","CV 12, PC 6, ST 36, BL 17","CV 12, PC 6, ST 36, BL 17","","TARA:0434959, TARA:4311153, TARA:6463344, TARA:1124682","","","",""
"116","A-112625-116","S-112625-116","O-112625-116","https://doi.org/10.1097/01.brs.0000158941.21571.01","Acupuncture and Dry-Needling for Low Back Pain: An Updated Systematic Review Within the Framework of the Cochrane Collaboration","SI 3","","","","","","","",""
"70","A-112625-70","S-112625-70","O-112625-70","https://doi.org/10.1002/14651858.CD003788.pub2","Acupuncture and electroacupuncture for the treatment of rheumatoid arthritis","Li 3, GB 34, SP 9, S 43","Li 3, GB 34, SP 9, S 43","LI 3, GB 34, SP 9, ST 43","","TARA:7867167, TARA:8758950, TARA:3553465, TARA:7661549","","","",""
"514","A-112625-514","S-112625-514","O-112625-514","https://doi.org/10.1016/j.autneu.2010.02.003","Acupuncture and heart rate variability: A systematic review","GV 20, Sishencong points, HT 7, PC 6, BL 62, GB 20, Ex-HN 5, TE 23, TE 5, LR 3, GB 41, GV 20, PC 6, LI 4, ST 36, LU 1","","","","","","","",""
"1615","A-112625-1615","S-112625-1615","O-112625-1615","https://doi.org/10.3109/00365599709070347","Acupuncture and Hypnotic Suggestions in the Treatment of Non-organic Male Sexual Dysfunction","ST 30, ST 36, KI 6, CV 4, CV 6","ST 30, ST 36, KI 6, CV 4, CV 6","ST 30, ST 36, KI 6, CV 4, CV 6","","TARA:9591551, TARA:6463344, TARA:2108622, TARA:9921528, TARA:8833337","","","",""
"792","A-112625-792","S-112625-792","O-112625-792","https://doi.org/10.1093/humrep/dep189","Acupuncture and in vitro fertilization: updated meta-analysis","Not specified","Not specified","","","","","","",""
"63","A-112625-63","S-112625-63","O-112625-63","https://doi.org/10.7326/0003-4819-145-1-200607040-00005","Acupuncture and Knee Osteoarthritis A Three-Armed Randomized Trial","Not specified","Not specified","","","","","","",""
"708","A-112625-708","S-112625-708","O-112625-708","https://doi.org/10.1142/S0192415X1750015X","Acupuncture and Lifestyle Modification Treatment for Obesity: A Meta-Analysis","Not specified","Not specified","","","","","","",""
"596","A-112625-596","S-112625-596","O-112625-596","https://doi.org/10.1186/s12906-017-1647-x","Acupuncture and moxibustion for chronic fatigue syndrome in traditional Chinese medicine: a systematic review and metaanalysis","ST 36, BL 20, BL 18, SP 6, GV 20, Back Area of Governing Vessel Meridian, Back Area of Urinary Bladder Meridian","","","","","","","",""
"256","A-112625-256","S-112625-256","O-112625-256","https://doi.org/10.1159/000078151","Acupuncture and Moxibustion in the Treatment of Active Crohn's Disease: A Randomized Controlled Study","BL 20, CV 12, ST 36, ST 25, SP 15, CV 6, BL 21, SP 6, BL 23, GV 20, GV 4, LIV 3, BL 18, GB 34, LI 11, SP 10, ST 44","BL 20, CV 12, ST 36, ST 25, SP 15, CV 6, BL 21, SP 6, BL 23, GV 20, GV 4, LIV 3, BL 18, GB 34, LI 11, SP 10, ST 44","BL 20, CV 12, ST 36, ST 25, SP 15, CV 6, BL 21, SP 6, BL 23, GV 20, GV 4, LR 3, BL 18, GB 34, LI 11, SP 10, ST 44","","TARA:3283628, TARA:0434959, TARA:6463344, TARA:5717468, TARA:4679170, TARA:8833337, TARA:4839095, TARA:4385250, TARA:0992296, TARA:3386254, TARA:8557069, TARA:6499349, TARA:9655874, TARA:8758950, TARA:8923096, TARA:8433932, TARA:8440155","","","",""
"252","A-112625-252","S-112625-252","O-112625-252","https://doi.org/10.1080/00365520600580688","Acupuncture and moxibustion in the treatment of ulcerative colitis: A randomized controlled study","BL 18, BL 20, BL 21, BL 23, CV 6, CV 12, GB 34, GV 4, GV 20, LI 11, LIV 3, ST 25, ST 36, ST 44, SP 6, SP 10, SP 15","BL 18, BL 20, BL 21, BL 23, CV 6, CV 12, GB 34, GV 4, GV 20, LI 11, LIV 3, ST 25, ST 36, ST 44, SP 6, SP 10, SP 15","BL 18, BL 20, BL 21, BL 23, CV 6, CV 12, GB 34, GV 4, GV 20, LI 11, LR 3, ST 25, ST 36, ST 44, SP 6, SP 10, SP 15","","TARA:9655874, TARA:3283628, TARA:4839095, TARA:0992296, TARA:8833337, TARA:0434959, TARA:8758950, TARA:8557069, TARA:3386254, TARA:8923096, TARA:6499349, TARA:5717468, TARA:6463344, TARA:8440155, TARA:4385250, TARA:8433932, TARA:4679170","","","",""
"1516","A-112625-1516","S-112625-1516","O-112625-1516","https://pubmed.ncbi.nlm.nih.gov/1455324.0/","Acupuncture and occlusal splint therapy in the treatment of craniomandibular disorders","Not specified","Not specified","","","","","","",""
"1862","A-112625-1862","S-112625-1862","O-112625-1862","https://doi.org/10.3109/00016359209012785","Acupuncture and occlusal splint therapy in the treatment of craniomandibular disorders. 11. A l year follow up study","EX 2, ST 7, ST 6, GB 20, LI 4, ST 36","ST 7, ST 6, GB 20, LI 4, ST 36","ST 7, ST 6, GB 20, LI 4, ST 36","","TARA:2990862, TARA:7834226, TARA:2324295, TARA:0859695, TARA:6463344","","no explanation for what EX 2 is in the paper. taken out","",""
"75","A-112625-75","S-112625-75","O-112625-75","https://doi.org/10.1097/01.FCH.0000324482.78577.0f","Acupuncture and osteoarthritis of the knee: a review of randomized, controlled trials","ST 34, SP 6, LI 4, GB 39, BL 60, KI 3, Xiyan","","","","","","","",""
"52","A-112625-52","S-112625-52","O-112625-52","https://doi.org/10.1016/j.joca.2013.05.007","Acupuncture and other physical treatments for the relief of pain due to osteoarthritis of the knee: network meta-analysis","Not specified","Not specified","","","","","","",""
"468","A-112625-468","S-112625-468","O-112625-468","https://doi.org/10.1186/1472-6882-13-131","Acupuncture and physical exercise for affective symptoms and health-related quality of life in polycystic ovary syndrome: secondary analysis from a randomized controlled trial","Not specified","Not specified","","","","","","",""
"234","A-112625-234","S-112625-234","O-112625-234","https://doi.org/10.3748/wjg.v21.i27.8304","Acupuncture and regulation of gastrointestinal function","ST 36, PC 6, ST 37, CV 12, ST 25, GV 1, LI 4","ST 36, PC 6, ST 37, CV 12, ST 25, GV 1, LI 4","ST 36, PC 6, ST 37, CV 12, ST 25, GV 1, LI 4","","TARA:6463344, TARA:4311153, TARA:5918799, TARA:0434959, TARA:5717468, TARA:3865403, TARA:0859695","","","",""
"866","A-112625-866","S-112625-866","O-112625-866","https://doi.org/10.1186/1472-6882-5-19","Acupuncture and rehabilitation of the painful shoulder: study protocol of an ongoing multicentre randomised controlled clinical trial","ST 38","ST 38","ST 38","","TARA:3182190","","","",""
"992","A-112625-992","S-112625-992","O-112625-992","https://doi.org/10.1002/14651858.CD000009.pub4","Acupuncture and related interventions for smoking cessation","Shenmen, Lung, Mouth, Sympathetic, Eye, Elbow, Shoulder, Knee, ST 36","Shenmen, Lung, Mouth, Sympathetic, Eye, Elbow, Shoulder, Knee, ST 36","HT 7, ST 36","Lung, Mouth, Sympathetic, Eye, Elbow, Shoulder, Knee","TARA:2442762, TARA:6463344","","","",""
"994","A-112625-994","S-112625-994","O-112625-994","https://doi.org/10.1002/14651858.CD009440.pub2","Acupuncture and related interventions for symptoms of chronic kidney disease (Review)","Not specified","Not specified","","","","","","",""
"955","A-112625-955","S-112625-955","O-112625-955","https://doi.org/10.1111/j.1521-0391.2013.12079.x","Acupuncture and Relaxation Response for Craving and Anxiety Reduction among Military Veterans in Recovery from Substance Use Disorder","Shen Men, Sympathetic, Kidney, Lung, Liver","Shen Men, Sympathetic, Kidney, Lung, Liver","HT 7","Sympathetic, Kidney, Lung, Liver","TARA:2442762","","","",""
"913","A-112625-913","S-112625-913","O-112625-913","https://doi.org/10.1249/01.MSS.0000078934.07213.25","Acupuncture and Responses of Immunologic and Endocrine Markers during Competition","LI 4, ST 36, ST 6, LU 6","LI 4, ST 36, ST 6, LU 6","LI 4, ST 36, ST 6, LU 6","","TARA:0859695, TARA:6463344, TARA:7834226, TARA:3496812","","","",""
"1408","A-112625-1408","S-112625-1408","O-112625-1408","https://pubmed.ncbi.nlm.nih.gov/11889662.0/","Acupuncture and Sham Acupuncture Reduce Muscle Pain in Myofascial Pain Patients","LI 4, ST 6","LI 4, ST 6","LI 4, ST 6","","TARA:0859695, TARA:7834226","","","",""
"966","A-112625-966","S-112625-966","O-112625-966","https://doi.org/10.1080/02791072.2005.10399811","Acupuncture and Spirituality-Focused Group Therapy for the Treatment of HlV-Positive Drug Users: A Preliminary Study","Shenmen, Sympathetic, Lung, Liver, Kidney","Ear Shenmen, Sympathetic, Lung, Liver, Kidney","","Ear Shenmen, Sympathetic, Lung, Liver, Kidney","","","added ""ear""","",""
"1612","A-112625-1612","S-112625-1612","O-112625-1612","https://doi.org/10.1097/00001756-200307010-00008","Acupuncture and the modulation of cortical excitability","L I 4","L I 4","LI 4","","TARA:0859695","","","",""
"329","A-112625-329","S-112625-329","O-112625-329","https://doi.org/10.1016/s0887-8994(97)00086-6","Acupuncture and the Opioid System: Implications in Management of Migraine","Not specified","Not specified","","","","","","",""
"399","A-112625-399","S-112625-399","O-112625-399","https://doi.org/10.1136/acupmed-2011-010026","Acupuncture and the relaxation response for treating gastrointestinal symptoms in HIV patients on highly active antiretroviral therapy","PC 6, CV 12, ST 37, Auricular Spleen, TE 4, CV 21, BL 59, Auricular Shoulder","PC 6, CV 12, ST 37, Auricular Spleen, TE 4, CV 21, BL 59, Auricular Shoulder","PC 6, CV 12, ST 37, TE 4, CV 21, BL 59","Auricular Spleen, Auricular Shoulder","TARA:4311153, TARA:0434959, TARA:5918799, TARA:1594912, TARA:1450183, TARA:4995021","","","",""
"1008","A-112625-1008","S-112625-1008","O-112625-1008","https://doi.org/10.1136/aim.12.1.9","Acupuncture and the Treatment of lrritative Bladder Symptoms","Not specified","Not specified","","","","","","",""
"195","A-112625-195","S-112625-195","O-112625-195","https://doi.org/10.1089/acm.2012.0499","Acupuncture and Traditional Chinese Medicine for Hot Flushes in Menopause: A Randomized Trial","BL 23, Ht 3","BL 23, Ht 3","BL 23, HT 3","","TARA:0992296, TARA:2385378","","","",""
"871","A-112625-871","S-112625-871","O-112625-871","https://doi.org/10.1053/apmr.2001.24888","Acupuncture and Trager Psychophysical Integration in the Treatment of Wheelchair User's Shoulder Pain in Individuals With Spinal Cord Injury","LI 14 Binao, LI 15 Jianyu, LI 16 Jugu, SJ 13 Naohui,SJ 14 Jianliao, SJ 15 Tianliao, GB 21 Jianjing, SI 9 Jianzhen,SI 10 Naoshu, SI 11 Tianzong,SI 12 Bingfeng,SI 13 Quyuan,SI 14 Jianwaishu,SI 15 Jianzhong,LU 1 Zhongfu,LU 2 Yunmen,PC 2 Tianquan,LI 2 Erjian,LI 4 Hegu,LI 10 Shousanli,LI 11 Quchi,LI 18 Neck-Futu, SJ 3 Zhongzhu,SI 6 Yanglao,LU 3 Tianfu,DU 14 Dazhui,GB 20 Fengchi,BL 10 Tianzhu,BL 11 Dashu","LI 14, LI 15, LI 16, SJ 13, SJ 14, SJ 15, GB 21, SI 9, SI 10, SI 11, SI 12, SI 13, SI 14, SI 15, LU 1, LU 2, PC 2, LI 2, LI 4, LI 10, LI 11, LI 18, SJ 3, SI 6, LU 3, DU 14, GB 20, BL 10, BL 11","LI 14, LI 15, LI 16, TE 13, TE 14, TE 15, GB 21, SI 9, SI 10, SI 11, SI 12, SI 13, SI 14, SI 15, LU 1, LU 2, PC 2, LI 2, LI 4, LI 10, LI 11, LI 18, TE 3, SI 6, LU 3, GV 14, GB 20, BL 10, BL 11","","TARA:3744150, TARA:7829474, TARA:1252750, TARA:3682571, TARA:5894876, TARA:5828993, TARA:5389461, TARA:2187225, TARA:0683404, TARA:4122792, TARA:5888779, TARA:9116386, TARA:3226024, TARA:2976260, TARA:0913913, TARA:0540755, TARA:4819578, TARA:8294181, TARA:0859695, TARA:0742938, TARA:8923096, TARA:9159226, TARA:5356503, TARA:4125415, TARA:3888808, TARA:8452754, TARA:2324295, TARA:0242146, TARA:1985889","","","",""
"257","A-112625-257","S-112625-257","O-112625-257","https://doi.org/10.3109/00365528509089285","Acupuncture and Transcutaneous Electric Nerve Stimulation in the Treatment of Pain Associated with Chronic Pancreatitis A Randomized Study","Qimai, Ear-lung point, Gongsun","Qimai, Ear-lung point, Gongsun","TE 18, SP 4","Ear-lung point","TARA:0228386, TARA:7407065","","","",""
"1086","A-112625-1086","S-112625-1086","O-112625-1086","https://doi.org/10.1161/01.str.32.3.707","Acupuncture and Transcutaneous Nerve Stimulation in Stroke Rehabilitation A Randomized, Controlled Trial","LI 4, ST 36, GV 20, LI 11, EX 28:2, ST 40, EX 36:1, GB 34","LI 4, ST 36, GV 20, LI 11, ST 40, GB 34","LI 4, ST 36, GV 20, LI 11, ST 40, GB 34","","TARA:0859695, TARA:6463344, TARA:3386254, TARA:8923096, TARA:9531666, TARA:8758950","","taken out","",""
"1100","A-112625-1100","S-112625-1100","O-112625-1100","https://doi.org/10.1111/j.1365-2044.1991.tb09359.x","Acupuncture and transcutaneous stimulation analgesia in comparison with moderate-dose fentanyl anaesthesia in major surgery Clinical efficacy and influence on recovery and morbidity","BL 13, BL 17, BL 19, BL 23, CO 10, HT 7, AT 3","BL 13, BL 17, BL 19, BL 23, CO 10, HT 7, AT 3","BL 13, BL 17, BL 19, BL 23, LI 10, HT 7","AT 3","TARA:6050541, TARA:1124682, TARA:6145687, TARA:0992296, TARA:0742938, TARA:2442762","","","",""
"159","A-112625-159","S-112625-159","O-112625-159","https://doi.org/10.1136/bjsports-2013-092949","Acupuncture applied as a sensory discrimination training tool decreases movement-related pain in patients with chronic low back pain more than acupuncture alone: a randomised cross-over experiment","BL 52, BL 23, BL 24, BL 25, BL 26","BL 52, BL 23, BL 24, BL 25, BL 26","BL 52, BL 23, BL 24, BL 25, BL 26","","TARA:7228895, TARA:0992296, TARA:7357260, TARA:0906448, TARA:4384020","","","",""
"86","A-112625-86","S-112625-86","O-112625-86","https://doi.org/10.1136/bmj.38238.601447.3A","Acupuncture as a complementary therapy to the pharmacological treatment of osteoarthritis of the knee: randomised controlled trial","GB 34, SP 9, EX LE 5, ST 36, KI 3, SP 6, LI 4, ST 40","GB 34, SP 9, EX LE 5, ST 36, KI 3, SP 6, LI 4, ST 40","GB 34, SP 9, Xiyan, ST 36, KI 3, SP 6, LI 4, ST 40","","TARA:8758950, TARA:3553465, TARA:0926802, TARA:6463344, TARA:4362146, TARA:4385250, TARA:0859695, TARA:9531666","","","",""
"1364","A-112625-1364","S-112625-1364","O-112625-1364","uri not found","Acupuncture As A Palliative Adjunctive Therapy In Children With Cerebral Palsy: A Randomized Controlled Trial","GB 3418, KI 3, KI 18, SP 618, ST 4018, ST 3618, Kidney, Spleen, Brain, Brainstem","GB 3418, KI 3, KI 18, SP 618, ST 4018, ST 3618, Kidney, Spleen, Brain, Brainstem","KI 3, KI 18","GB 3418, SP 618, ST 4018, ST 3618, Kidney, Spleen, Brain, Brainstem","TARA:4362146, TARA:1297236","","","",""
"78","A-112625-78","S-112625-78","O-112625-78","https://doi.org/10.3109/03009749709065717","Acupuncture as a Symptomatic Treatment of Osteoarthritis A systematic review","Not specified","Not specified","","","","","","",""
"1009","A-112625-1009","S-112625-1009","O-112625-1009","https://doi.org/10.1016/j.autneu.2010.07.003","Acupuncture as a treatment for nocturnal enuresis","BL 23, BL 28, BL 32, RN 3, RN 4, RN 6, RN 12, DU 20, DU 14, UB 20, UB 13, SP 6, ST 36, KI 3, LU 9","BL 23, BL 28, BL 32, RN 3, RN 4, RN 6, RN 12, DU 20, DU 14, UB 20, UB 13, SP 6, ST 36, KI 3, LU 9","BL 23, BL 28, BL 32, CV 3, CV 4, CV 6, CV 12, GV 20, GV 14, BL 20, BL 13, SP 6, ST 36, KI 3, LU 9","","TARA:0992296, TARA:5318530, TARA:6742407, TARA:0022762, TARA:9921528, TARA:8833337, TARA:0434959, TARA:3386254, TARA:8452754, TARA:3283628, TARA:6050541, TARA:4385250, TARA:6463344, TARA:4362146, TARA:8122277","","","",""
"943","A-112625-943","S-112625-943","O-112625-943","https://doi.org/10.1001/archotol.125.3.269","Acupuncture as a Treatment for Temporomandibular Joint Dysfunction A Systematic Review of Randomized Trials","Not specified","Not specified","","","","","","",""
"878","A-112625-878","S-112625-878","O-112625-878","https://doi.org/10.1089/acm.2014.0274","Acupuncture as a Treatment Modality in Dermatology: A Systematic Review","Quchi, Xuehai, G 31, G 20, B 40, L 14, heart, gallbladder, spleen, bilateral Huatuojiaji points, Quchi and Zusanli points","","","","","","","",""
"5","A-112625-5","S-112625-5","O-112625-5","https://doi.org/10.1089/acm.2006.6262","Acupuncture as an Adjunct for Sedation During Lithotripsy","Relaxation, Master Cerebral, Valium, Wrist, Shoulder, Extraauricular sham, Liver 3, Large Intestine 4","Relaxation, Master Cerebral, Valium, Wrist, Shoulder, Extraauricular sham, Liver 3, Large Intestine 4","LR 3, LI 4","Relaxation, Master Cerebral, Valium, Wrist, Shoulder, Extraauricular sham","TARA:6499349, TARA:0859695","","","",""
"1611","A-112625-1611","S-112625-1611","O-112625-1611","https://doi.org/10.1016/j.ctim.2010.09.006","Acupuncture as an adjunct therapy in the treatment of eating disorders- a randomised cross-over pilot study.","Not specified","Not specified","","","","","","",""
"82","A-112625-82","S-112625-82","O-112625-82","https://doi.org/10.1136/bmj.39280.509803.BE","Acupuncture as an adjunct to exercise based physiotherapy for osteoarthritis of the knee: randomised controlled trial","Not specified","Not specified","","","","","","",""
"1610","A-112625-1610","S-112625-1610","O-112625-1610","https://doi.org/10.1089/acu.2009.0692","Acupuncture as an Adjunct to In Vitro Fertilization: A Randomized Trial","CV 4, CV 6, ST 36, SP 10, SP 6, LU 9, BL 23, BL 14, BL 28, BL 57","CV 4, CV 6, ST 36, SP 10, SP 6, LU 9, BL 23, BL 14, BL 28, BL 57","CV 4, CV 6, ST 36, SP 10, SP 6, LU 9, BL 23, BL 14, BL 28, BL 57","","TARA:9921528, TARA:8833337, TARA:6463344, TARA:8433932, TARA:4385250, TARA:8122277, TARA:0992296, TARA:9523348, TARA:5318530, TARA:4589241","","","",""
"1609","A-112625-1609","S-112625-1609","O-112625-1609","https://doi.org/10.1097/HCR.0b013e31822f0f61","Acupuncture as an Adjunct to Pulmonary Rehabilitation","Not specified","Not specified","","","","","","",""
"789","A-112625-789","S-112625-789","O-112625-789","https://doi.org/10.1111/j.1471-0528.2008.01904.x","Acupuncture as an adjunct to standard treatment for pelvic girdle pain in pregnant women: randomised double-blinded controlled trial comparing acupuncture with non-penetrating sham acupuncture","Not specified","Not specified","","","","","","",""
"43","A-112625-43","S-112625-43","O-112625-43","https://doi.org/10.1016/j.pain.2012.05.005","Acupuncture as an adjunctive therapy to pharmacological treatment in patients with chronic pain due to osteoarthritis of the knee: A 3-armed, randomized, placebo-controlled trial","ST 36, SP 9, SP 10, GB 34, Ex-LE 2, Ex-LE 5, LI 4, KI 3, ST 40, SP 6","ST 36, SP 9, SP 10, GB 34, Ex-LE 2, Ex-LE 5, LI 4, KI 3, ST 40, SP 6","ST 36, SP 9, SP 10, GB 34, Heding, Xiyan, LI 4, KI 3, ST 40, SP 6","","TARA:6463344, TARA:3553465, TARA:8433932, TARA:8758950, TARA:3748376, TARA:0926802, TARA:0859695, TARA:4362146, TARA:9531666, TARA:4385250","","","",""
"1560","A-112625-1560","S-112625-1560","O-112625-1560","https://pubmed.ncbi.nlm.nih.gov/9017892.0/","Acupuncture As an Adjuvant Therapy in Stroke Rehabilitation?","Shenggen point, temporal points, body acupuncture","Shenggen point, temporal points, body acupuncture","","Shenggen point, temporal points, body acupuncture","","","","",""
"1247","A-112625-1247","S-112625-1247","O-112625-1247","https://doi.org/10.1136/aim.17.1.2","Acupuncture as an Alternative to Diazepam Sedation for Diagnostic Gastrointestinal Endoscopy","LI 4, PC 6, ST 9, CV 23, CV 24","LI 4, PC 6, ST 9, CV 23, CV 24","LI 4, PC 6, ST 9, CV 23, CV 24","","TARA:0859695, TARA:4311153, TARA:6890771, TARA:5804897, TARA:8876563","","","",""
"947","A-112625-947","S-112625-947","O-112625-947","https://doi.org/10.1186/s13020-016-0119-4","Acupuncture as an intervention to reduce alcohol dependency: a systematic review and meta-analysis","Ear Lung, Shenmen, Liver, Kidney, Occiput, LI 4, SJ 5, LV 3, ST 36, GV 20, LI 11, PC 6, SI 4, GB 8, GB 14, HT 7, Taiyang, Yintang, Sympathetic, KI 9, SP 6","","","","","","review paper","",""
"421","A-112625-421","S-112625-421","O-112625-421","https://doi.org/10.1111/j.1523-536x.2008.00290.x","Acupuncture as Pain Relief During Delivery: A Randomized Controlled Trial","Not specified","Not specified","","","","","","",""
"1352","A-112625-1352","S-112625-1352","O-112625-1352","https://doi.org/10.3103/S1047197914010049","Acupuncture at Cervical Jiaji (EX B2) Combined with Motion Moxibustion in Treating 58 Patients with Cervical Spondylotic Radiculopathy","EX B2","EX B2","Huatuojiaji","","TARA:3734471","","","",""
"452","A-112625-452","S-112625-452","O-112625-452","https://doi.org/10.1136/acupmed-2013-010469","Acupuncture combined with an antidepressant for patients with depression in hospital: a pragmatic randomised controlled trial","GV 24, GV 20, GV 14, GV 4, LR 3, SP 9, LR 14, HT 7, ST 36, KI 3, CV 4, CV 6, An'mian, PC 6, ST 25, ST 37","GV 24, GV 20, GV 14, GV 4, LR 3, SP 9, LR 14, HT 7, ST 36, KI 3, CV 4, CV 6, An'mian, PC 6, ST 25, ST 37","GV 24, GV 20, GV 14, GV 4, LR 3, SP 9, LR 14, HT 7, ST 36, KI 3, CV 4, CV 6, Anmian, PC 6, ST 25, ST 37","","TARA:7679931, TARA:3386254, TARA:8452754, TARA:8557069, TARA:6499349, TARA:3553465, TARA:7479763, TARA:2442762, TARA:6463344, TARA:4362146, TARA:9921528, TARA:8833337, TARA:3480360, TARA:4311153, TARA:5717468, TARA:5918799","","","",""
"1322","A-112625-1322","S-112625-1322","O-112625-1322","uri not found","Acupuncture Combined with Chinese Medicine in the Treatment of Vascular Dementia","Not specified","Not specified","","","","","","",""
"1337","A-112625-1337","S-112625-1337","O-112625-1337","uri not found","Acupuncture Combined with Massage for Treatment of Cervical Spondylosis of Vertebral Artery Type","EX B2, GV 20, GB 20, LI 18, PC 6, BL 1, BL 2","EX B2, GV 20, GB 20, LI 18, PC 6, BL 1, BL 2","Huatuojiaji, GV 20, GB 20, LI 18, PC 6, BL 1, BL 2","","TARA:3734471, TARA:3386254, TARA:2324295, TARA:9159226, TARA:4311153, TARA:1460220, TARA:8104948","","","",""
"601","A-112625-601","S-112625-601","O-112625-601","https://doi.org/10.1016/s0254-6272(09)60074-1","Acupuncture Combined with Music Therapy for Treatment of 30
Cases of Cerebral Palsy","GV 20, GV 17, GB 19, GV 24, GB 13, LI 11, TE 5, LI 4, PC 6, HT 7, PC 8, KI 1, Quanzhong, ST 36, SP 6, LR 3,
ST 44, KI 3, BL 60, EX LE10, BL 40, EX UE9, CV 23, GB 14, EX HN5, BL 1, ST 2,
TE 21, SI 19, GB 2, TE 17,
EX HN3, BL 62, KI 6,
BL 18, BL 23,
CV 13, CV 12, CV 10, CV 14, CV 6, ST 5,
ST 40, BL 17","GV 20, GV 17, GB 19, GV 24, GB 13, LI 11, TE 5, LI 4, PC 6, HT 7, PC 8, KI 1, Quanzhong, ST 36, SP 6, LR 3, ST 44, KI 3, BL 60, EX LE10, BL 40, EX UE9, CV 23, GB 14, EX HN5, BL 1, ST 2, TE 21, SI 19, GB 2, TE 17, EX HN3, BL 62, KI 6, BL 18, BL 23, CV 13, CV 12, CV 10, CV 14, CV 6, ST 5, ST 40, BL 17","GV 20, GV 17, GB 19, GV 24, GB 13, LI 11, TE 5, LI 4, PC 6, HT 7, PC 8, KI 1, ST 36, SP 6, LR 3, ST 44, KI 3, BL 60, Bafeng, BL 40, Baxie, CV 23, GB 14, Taiyang, BL 1, ST 2, TE 21, SI 19, GB 2, TE 17, Yintang, BL 62, KI 6, BL 18, BL 23, CV 13, CV 12, CV 10, CV 14, CV 6, ST 5, ST 40, BL 17","Quanzhong","TARA:3386254, TARA:6135195, TARA:3493245, TARA:7679931, TARA:4994509, TARA:8923096, TARA:8393005, TARA:0859695, TARA:4311153, TARA:2442762, TARA:5212832, TARA:4512048, TARA:6463344, TARA:4385250, TARA:6499349, TARA:8440155, TARA:4362146, TARA:5047947, TARA:6659923, TARA:5290080, TARA:2491709, TARA:5804897, TARA:9987270, TARA:9534465, TARA:1460220, TARA:6392753, TARA:3361879, TARA:1772472, TARA:2849795, TARA:6615149, TARA:3135569, TARA:1628341, TARA:2108622, TARA:9655874, TARA:0992296, TARA:4525270, TARA:0434959, TARA:1822260, TARA:4823591, TARA:8833337, TARA:0095074, TARA:9531666, TARA:1124682","","","",""
"437","A-112625-437","S-112625-437","O-112625-437","https://doi.org/10.1016/S0254-6272(08)60003-5","Acupuncture Combined with Spinal Tui Na for Treatment of Primary Dysmenorrhea in 30 Cases","GV 26, BL 40, GV 3, CV 3, CV 6, LR 2, SP 10, CV 4, BL 20, BL 23, GV 4, KI 12, ST 36, SP 8, SP 6","GV 26, BL 40, GV 3, CV 3, CV 6, LR 2, SP 10, CV 4, BL 20, BL 23, GV 4, KI 12, ST 36, SP 8, SP 6","GV 26, BL 40, GV 3, CV 3, CV 6, LR 2, SP 10, CV 4, BL 20, BL 23, GV 4, KI 12, ST 36, SP 8, SP 6","","TARA:0829128, TARA:5290080, TARA:8807122, TARA:0022762, TARA:8833337, TARA:6862058, TARA:8433932, TARA:9921528, TARA:3283628, TARA:0992296, TARA:8557069, TARA:9217640, TARA:6463344, TARA:6848518, TARA:4385250","","","",""
"1608","A-112625-1608","S-112625-1608","O-112625-1608","https://doi.org/10.1007/s11726-013-0651-z","Acupuncture Combined with Tuina Treatment for Infantile Diarrhea","SP 3, LU 11, SP 6, ST 36","SP 3, LU 11, SP 6, ST 36","SP 3, LU 11, SP 6, ST 36","","TARA:3003448, TARA:0831517, TARA:4385250, TARA:6463344","","","",""
"1047","A-112625-1047","S-112625-1047","O-112625-1047","https://doi.org/10.1111/j.1365-2044.2004.03577.x","Acupuncture compared to placebo-acupuncture for postoperative nausea and vomiting prophylaxis: A randomised placebo-controlled patient and observer blind trial","P 6, ST 36, paravertebral acupuncture points","P 6, ST 36, paravertebral acupuncture points","PC 6, ST 36","paravertebral acupuncture points","TARA:4311153, TARA:6463344","","","",""
"1023","A-112625-1023","S-112625-1023","O-112625-1023","https://doi.org/10.1093/annonc/mdr402","Acupuncture compared with placebo acupuncture in radiotherapy-induced nausea-a randomized controlled study","PC 6","PC 6","PC 6","","TARA:4311153","","","",""
"1521","A-112625-1521","S-112625-1521","O-112625-1521","https://doi.org/10.1016/0022-3913(85)90440-8","Acupuncture compared with stomatognathic treatment for TMJ dysfunction","Not specified","Not specified","","","","","","",""
"1307","A-112625-1307","S-112625-1307","O-112625-1307","https://doi.org/10.1159/000073135","Acupuncture Conversion of Fetal Breech Presentation","UB 67, VU 67","UB 67, VU 67","BL 67","VU 67","TARA:7218725","","","",""
"1607","A-112625-1607","S-112625-1607","O-112625-1607","https://doi.org/10.1089/acm.2007.0524","Acupuncture De Qi, from Qualitative History to Quantitative Measurement","LI 4, ST 36, SP 6","LI 4, ST 36, SP 6","LI 4, ST 36, SP 6","","TARA:0859695, TARA:6463344, TARA:4385250","","","",""
"412","A-112625-412","S-112625-412","O-112625-412","https://doi.org/10.1097/00002508-200305000-00006","Acupuncture During Labor Can Reduce the Use of Meperidine: A Controlled Clinical Study","GV 20, HT 7, LR 3, CV 4, LI 10, LI 11, BL 23, BL 60, BL 27, BL 28, BL 32, LI 4, SP 6, PC 6, PC 7, ST 36","GV 20, HT 7, LR 3, CV 4, LI 10, LI 11, BL 23, BL 60, BL 27, BL 28, BL 32, LI 4, SP 6, PC 6, PC 7, ST 36","GV 20, HT 7, LR 3, CV 4, LI 10, LI 11, BL 23, BL 60, BL 27, BL 28, BL 32, LI 4, SP 6, PC 6, PC 7, ST 36","","TARA:3386254, TARA:2442762, TARA:6499349, TARA:9921528, TARA:0742938, TARA:8923096, TARA:0992296, TARA:5047947, TARA:6929444, TARA:5318530, TARA:6742407, TARA:0859695, TARA:4385250, TARA:4311153, TARA:9020892, TARA:6463344","","","",""
"1299","A-112625-1299","S-112625-1299","O-112625-1299","uri not found","Acupuncture Effect On Painful Electrical Stimulation Of The Dental Pulp","LI 4","LI 4","LI 4","","TARA:0859695","","","",""
"354","A-112625-354","S-112625-354","O-112625-354","https://doi.org/10.1007/s10286-004-0171-5","Acupuncture effects on autonomic responses to cold pressor and handgrip exercise in healthy humans","P 6, Liv 3, Li 4","P 6, Liv 3, Li 4","PC 6, LR 3, LI 4","","TARA:4311153, TARA:6499349, TARA:0859695","","","",""
"1062","A-112625-1062","S-112625-1062","O-112625-1062","https://doi.org/10.1161/STROKEAHA.114.007659","Acupuncture Efficacy on Ischemic Stroke Recovery Multicenter Randomized Controlled Trial in China","DU 26, PC 6, SP 6, DU 20, ST 36, ST 40, LR 3, LL 5, GB 20, RN 6","DU 26, PC 6, SP 6, DU 20, ST 36, ST 40, LR 3, LL 5, GB 20, RN 6","GV 26, PC 6, SP 6, GV 20, ST 36, ST 40, LR 3, GB 20, CV 6","LL 5","TARA:0829128, TARA:4311153, TARA:4385250, TARA:3386254, TARA:6463344, TARA:9531666, TARA:6499349, TARA:2324295, TARA:8833337","","","",""
"24","A-112625-24","S-112625-24","O-112625-24","https://doi.org/10.1034/j.1399-6576.2003.00224.x","Acupuncture facilitates neuromuscular and oculomotor responses to skin incision with no influence on auditory evoked potentials under sevoflurane anaesthesia","LI 4, PC 6, ST 36, SP 9, LR 3, SP 6","LI 4, PC 6, ST 36, SP 9, LR 3, SP 6","LI 4, PC 6, ST 36, SP 9, LR 3, SP 6","","TARA:0859695, TARA:4311153, TARA:6463344, TARA:3553465, TARA:6499349, TARA:4385250","","","",""
"978","A-112625-978","S-112625-978","O-112625-978","https://doi.org/10.1016/0376-8716(92)90022-5","Acupuncture fails to improve treatment outcome in alcoholics","Liver 3, Stomach 36, Triple Heater 5, Large Intestine 4, Governor Vessel 20, Shen Men, Lung","Liver 3, Stomach 36, Triple Heater 5, Large Intestine 4, Governor Vessel 20, Shen Men, Lung","LR 3, ST 36, TE 5, LI 4, GV 20, HT 7","Lung","TARA:6499349, TARA:6463344, TARA:8393005, TARA:0859695, TARA:3386254, TARA:2442762","","","",""
"25","A-112625-25","S-112625-25","O-112625-25","https://doi.org/10.1034/j.1399-6576.2003.00171.x","Acupuncture fails to reduce but increases anaesthetic gas required to prevent movement in response to surgical incision","LI 4, PC 6, ST 36, SP 9, LR 3, SP 6","LI 4, PC 6, ST 36, SP 9, LR 3, SP 6","LI 4, PC 6, ST 36, SP 9, LR 3, SP 6","","TARA:0859695, TARA:4311153, TARA:6463344, TARA:3553465, TARA:6499349, TARA:4385250","","","",""
"136","A-112625-136","S-112625-136","O-112625-136","https://doi.org/10.1097/AJP.0b013e31824909f9","Acupuncture for Acute Low Back Pain: A Systematic Review","Not specified","Not specified","","","","","","",""
"615","A-112625-615","S-112625-615","O-112625-615","https://doi.org/10.1002/14651858.CD007700.pub2","Acupuncture for acute management and rehabilitation of traumatic brain injury","GV 26, PC 8, KI 11, KI 6, BL 62, KI 8, BL 59, LI 12, SI 10, LI 11, TE 5, LI 4, GB 30, SP 6, GB 34, LR 3, GB 20, MS 8, MS 9, ST 8, MS 10, ST 31, ST 32, GB 39, ST 36, ST 41, ST 4, CV 24, TE 17, ST 2, EX-HN 1, PC 6, HT 7, CV 23, HT 5, BL 1, EX-HN 7, GB 37","GV 26, PC 8, KI 11, KI 6, BL 62, KI 8, BL 59, LI 12, SI 10, LI 11, TE 5, LI 4, GB 30, SP 6, GB 34, LR 3, GB 20, MS 8, MS 9, ST 8, MS 10, ST 31, ST 32, GB 39, ST 36, ST 41, ST 4, CV 24, TE 17, ST 2, EX-HN 1, PC 6, HT 7, CV 23, HT 5, BL 1, EX-HN 7, GB 37","GV 26, PC 8, KI 11, KI 6, BL 62, KI 8, BL 59, LI 12, SI 10, LI 11, TE 5, LI 4, GB 30, SP 6, GB 34, LR 3, GB 20, ST 8, ST 31, ST 32, GB 39, ST 36, ST 41, ST 4, CV 24, TE 17, ST 2, Sishencong, PC 6, HT 7, CV 23, HT 5, BL 1, Qiuhou, GB 37","MS 8, MS 9, MS 10","TARA:0829128, TARA:5212832, TARA:9609679, TARA:2108622, TARA:1628341, TARA:6046086, TARA:4995021, TARA:9554328, TARA:0683404, TARA:8923096, TARA:8393005, TARA:0859695, TARA:9378285, TARA:4385250, TARA:8758950, TARA:6499349, TARA:2324295, TARA:9946635, TARA:9294655, TARA:8826565, TARA:3770332, TARA:6463344, TARA:6019290, TARA:1429314, TARA:8876563, TARA:6615149, TARA:6392753, TARA:9610280, TARA:4311153, TARA:2442762, TARA:5804897, TARA:1282828, TARA:1460220, TARA:9268434, TARA:6320058","","","",""
"131","A-112625-131","S-112625-131","O-112625-131","https://doi.org/10.1016/j.ctim.2007.03.001","Acupuncture for acute non-specific low back pain: a pilot randomised non-penetrating sham controlled trial","GV 3, GV 4, BL 23, BL 25, GB 29, GB 30, GB 31, GB 34, BL 36, BL 37, BL 40, BL 56, BL 60","GV 3, GV 4, BL 23, BL 25, GB 29, GB 30, GB 31, GB 34, BL 36, BL 37, BL 40, BL 56, BL 60","GV 3, GV 4, BL 23, BL 25, GB 29, GB 30, GB 31, GB 34, BL 36, BL 37, BL 40, BL 56, BL 60","","TARA:8807122, TARA:8557069, TARA:0992296, TARA:0906448, TARA:0427594, TARA:9378285, TARA:5264783, TARA:8758950, TARA:9927213, TARA:2678584, TARA:5290080, TARA:7641637, TARA:5047947","","","",""
"101","A-112625-101","S-112625-101","O-112625-101","https://doi.org/10.1136/acupmed-2013-010333","Acupuncture for acute non-specific low back pain: a randomised, controlled, double-blind, placebo trial","Not specified","Not specified","","","","","","",""
"4","A-112625-4","S-112625-4","O-112625-4","https://doi.org/10.1111/papr.12208","Acupuncture for Acute Postoperative Pain after Back Surgery: A Systematic Review and Meta-analysis of Randomized Controlled Trials","BL 40, GB 34, HT 7, P 6, BL 25, GB 31, BL 26, GB 30, BL 62, BL 23, BL 36, CV 12, CV 9, CV 6, CV 4, TF 4, AT 3, AH 9, CO 4, CO 18","","","","","","","",""
"1526","A-112625-1526","S-112625-1526","O-112625-1526","https://doi.org/10.1211/fact.15.2.0004","Acupuncture for addictions: a systematic review of systematic reviews","Not specified","Not specified","","","","","","",""
"663","A-112625-663","S-112625-663","O-112625-663","https://doi.org/10.1097/MD.0000000000009838","Acupuncture for adults with overactive bladder A systematic review and meta-analysis of randomized controlled trials","SP 6, BL 28, BL 32, KI 3, BL 23","","","","","","","",""
"985","A-112625-985","S-112625-985","O-112625-985","https://doi.org/10.1111/j.1530-0277.2009.00959.x","Acupuncture for Alcohol Dependence: A Systematic Review","LI 4, LI 11, PC 6, TE 5, KI 4, GB 8, GB 14, HT 7, Thaiyang, Yintang, Shenmen, Lung, LR 3, ST 36, GV 20","","","","","","review paper","",""
"946","A-112625-946","S-112625-946","O-112625-946","https://doi.org/10.1155/2017/7823278","Acupuncture for Alcohol Use Disorder: A Meta-Analysis","ST 36, HT 7","ST 36, HT 7","ST 36, HT 7","","TARA:6463344, TARA:2442762","","","",""
"961","A-112625-961","S-112625-961","O-112625-961","https://doi.org/10.1093/alcalc/agg091","Acupuncture for alcohol withdrawal: A randomized controlled trial","Diaphragm, Cheerfulness, Insomnia, Sympathetic, Spleen, Laterality, Lung, Shen Men","Diaphragm, Cheerfulness, Insomnia, Sympathetic, Spleen, Laterality, Lung, Shen Men","HT 7","Diaphragm, Cheerfulness, Insomnia, Sympathetic, Spleen, Laterality, Lung","TARA:2442762","","","",""
"1450","A-112625-1450","S-112625-1450","O-112625-1450","uri not found","Acupuncture for Allergic Rhinitis: A Literature Review","L 120, yintang, LI 4, St 36, UB 12, GB 20, UB 13, UB 20, UB 23, Du 23, LI 20, Fengmen","","","","","","","",""
"850","A-112625-850","S-112625-850","O-112625-850","https://doi.org/10.1016/S1081-1206(10)60330-4","Acupuncture for allergic rhinitis: a systematic review","Not specified","Not specified","","","","","","",""
"484","A-112625-484","S-112625-484","O-112625-484","https://doi.org/10.1111/j.1742-1241.2009.02043.x","Acupuncture for Alzheimer's disease: a systematic review","GV 20, Sishenchong, GB 20, BL 23, HT 7, PC 6, SP 6, KI 3, ST 36, ST 40, LR 3, Yintang, GV 14","","","","","","","",""
"920","A-112625-920","S-112625-920","O-112625-920","https://doi.org/10.1186/1472-6882-13-55","Acupuncture for ankle sprain: systematic review and meta-analysis","ST 36, GB 39, KI 3, BL 60, GB 40, GB 43, ST 41, BL 62, GB 34, SP 9, ashi points","","","","","","","",""
"494","A-112625-494","S-112625-494","O-112625-494","https://doi.org/10.1136/aim.25.1-2.1","Acupuncture for anxiety and anxiety disorders -a systematic literature review","ST 36, PC 6, ST 25, LR 3, BL 23, GV 4, LI 11, MA-IC, MA-SC, Heart, MA-IC3, GV 20, HT 7, PC 6, BL 62, LR 2, PC 7, GV 20, HT 7, PC 6, DU 20, DU 24, EX-HN 1, EX-HN 3, EX-HN 5, EX-HN 22, GB 13, GB 8, LR 3, SP 6, KI 3, BL 15, BL 20, BL 18, BL 23, Shenmen","","","","","","review paper","",""
"1605","A-112625-1605","S-112625-1605","O-112625-1605","https://doi.org/10.1155/2013/169184","Acupuncture for Anxiety in Lactating Mothers with Preterm Infants: A Randomized Controlled Trial","Shenmen","Ear Shenmen","","Ear Shenmen","","","added ""ear""","",""
"1875","A-112625-1875","S-112625-1875","O-112625-1875","https://doi.org/10.1002/14651858.CD007839.pub2","Acupuncture for Attention Deficit Hyperactivity Disorder (ADHD) in children and adolescents (Review)","GV 24, GB 13, EX-HN 3, EX-HN 5, EX-HN 1, BL 18, BL 23, KI 3, BL 20, LR 3, ST 36, ST 42, HT 7, KI 7, LU 7, Shenmen, heart, kidney, liver, gallbladder, brain, sympathetic nerve, subcortex","","","","","","review paper","",""
"478","A-112625-478","S-112625-478","O-112625-478","https://doi.org/10.1002/14651858.CD007849.pub2","Acupuncture for autism spectrum disorders (ASD)","GV 20, EX-HN 3, HT 7, SP 6, GV 24, GB 13, EX-HN 1, GV 17, GB 19, PC 6, Run Ze, Guan Zhu, Tian Men, Di You, LI 20, GV 26, ST 4, ST 7, SJ 17, ST 6, Ren 23, Ren 24, DU 15, DU 16, DU 17, DU 20, GV 14","GV 20, EX-HN 3, HT 7, SP 6, GV 24, GB 13, EX-HN 1, GV 17, GB 19, PC 6, Run Ze, Guan Zhu, Tian Men, Di You, LI 20, GV 26, ST 4, ST 7, SJ 17, ST 6, Ren 23, Ren 24, DU 15, DU 16, DU 17, DU 20, GV 14","GV 20, Yintang, HT 7, SP 6, GV 24, GB 13, Sishencong, GV 17, GB 19, PC 6, LI 20, GV 26, ST 4, ST 7, TE 17, ST 6, CV 23, CV 24, GV 15, GV 16, GV 17, GV 20, GV 14","Run Ze, Guan Zhu, Tian Men, Di You","TARA:3386254, TARA:3135569, TARA:2442762, TARA:4385250, TARA:7679931, TARA:4994509, TARA:9610280, TARA:6135195, TARA:3493245, TARA:4311153, TARA:6681003, TARA:0829128, TARA:1429314, TARA:2990862, TARA:6615149, TARA:7834226, TARA:5804897, TARA:8876563, TARA:4427404, TARA:3361967, TARA:6135195, TARA:3386254, TARA:8452754","","","",""
"115","A-112625-115","S-112625-115","O-112625-115","https://doi.org/10.1001/archinte.158.20.2235","Acupuncture for Back Pain A Meta-Analysis of Randomized Controlled Trials","Not specified","Not specified","","","","","","",""
"1217","A-112625-1217","S-112625-1217","O-112625-1217","https://doi.org/10.1002/14651858.CD002914.pub2","Acupuncture for Bell's Palsy","EX-HN 5, ST 7, ST 6, ST 4, SI 18, SJ 17, LI 20, LI 4, ST 40, ST 36, LR 3, BL 14, ST 2, BL 1, BL 2, GB 1, GB 20, SJ 23, EX-HN 4, DU 36, EX-HN 17, RN 6, RN 4","EX-HN 5, ST 7, ST 6, ST 4, SI 18, SJ 17, LI 20, LI 4, ST 40, ST 36, LR 3, BL 14, ST 2, BL 1, BL 2, GB 1, GB 20, SJ 23, EX-HN 4, DU 36, EX-HN 17, RN 6, RN 4","Taiyang, ST 7, ST 6, ST 4, SI 18, TE 17, LI 20, LI 4, ST 40, ST 36, LR 3, BL 14, ST 2, BL 1, BL 2, GB 1, GB 20, TE 23, Yuyao, CV 6, CV 4","DU 36, EX-HN 17","TARA:9534465, TARA:2990862, TARA:7834226, TARA:1429314, TARA:0287877, TARA:6615149, TARA:6681003, TARA:0859695, TARA:9531666, TARA:6463344, TARA:6499349, TARA:9523348, TARA:6392753, TARA:1460220, TARA:8104948, TARA:5541141, TARA:2324295, TARA:6752232, TARA:6946713, TARA:8833337, TARA:9921528","","","",""
"1212","A-112625-1212","S-112625-1212","O-112625-1212","https://doi.org/10.1002/14651858.CD002914.pub3","Acupuncture for Bell's palsy (Review)","Not specified","Not specified","","","","","","",""
"1216","A-112625-1216","S-112625-1216","O-112625-1216","https://doi.org/10.1007/s11655-011-0861-5","Acupuncture for Bell's Palsy: A Systematic Review and Meta-analysis","SI 18, ST 2, ST 4, ST 6, GB 14, LI 4, TE 17, ExHN 7, BL 14, BL 1, ExHN 5, BL 2, GB 1, GB 20, LI 20, BL 2, GB 14, ExHN 41, TE 23, ExHN 46, LI 19, GV 26, GV 11, ST 7, ExHN 1, LI 4, LR 3, BL 62, KI 6, ST 36, ST 40, ExHN 46","","","","","","","",""
"676","A-112625-676","S-112625-676","O-112625-676","https://doi.org/10.1371/journal.pone.0174586","Acupuncture for benign prostatic hyperplasia: A systematic review and meta-analysis","BL 33, BL 35, BL 54","","","","","","","",""
"1603","A-112625-1603","S-112625-1603","O-112625-1603","https://doi.org/10.1016/j.ctim.2012.07.007","Acupuncture for cancer patients suffering from hiccups: A systematic review and meta-analysis","ST 36, LI 4, PC 6, LR 3, CV 22, CV 17, BL 2, TE 17, CV 12","","","","","","","",""
"635","A-112625-635","S-112625-635","O-112625-635","https://doi.org/10.1007/s00520-017-3812-7","Acupuncture for cancer-related fatigue in lung cancer patients: a randomized, double blind, placebo-controlled pilot trial","LI 4, Ren 6, ST 36, KI 3, SP 6","LI 4, Ren 6, ST 36, KI 3, SP 6","LI 4, CV 6, ST 36, KI 3, SP 6","","TARA:0859695, TARA:8833337, TARA:6463344, TARA:4362146, TARA:4385250","","","",""
"566","A-112625-566","S-112625-566","O-112625-566","https://doi.org/10.1007/s00520-013-1765-z","Acupuncture for cancer-related fatigue: a systematic review of randomized clinical trials","KI 3, SP 6, LI 4, ST 36, CV 6, LU 9, SP 3, KI 2, TE 6, KI 27, CV 4","","","","","","","",""
"1359","A-112625-1359","S-112625-1359","O-112625-1359","https://doi.org/10.1016/j.jpain.2010.08.006","Acupuncture for Carpal Tunnel Syndrome: A Systematic Review of Randomized Controlled Trials","Not specified","Not specified","","","","","","",""
"1401","A-112625-1401","S-112625-1401","O-112625-1401","https://pubmed.ncbi.nlm.nih.gov/11802511.0/","Acupuncture for cervical ripening and induction of labor at terma randomized controlled trial","LI 4, SP 6","LI 4, SP 6","LI 4, SP 6","","TARA:0859695, TARA:4385250","","","",""
"581","A-112625-581","S-112625-581","O-112625-581","https://doi.org/10.1089/acm.2008.0589","Acupuncture for Chemotherapy-Induced Neutropenia in Patients with Gynecologic Malignancies: A Pilot Randomized, Sham-Controlled Clinical Trial","LR 3, K 3, SP 6, ST 36, SP 10, LI 4, PC 6, LI 11, GV 20","LR 3, K 3, SP 6, ST 36, SP 10, LI 4, PC 6, LI 11, GV 20","LR 3, KI 3, SP 6, ST 36, SP 10, LI 4, PC 6, LI 11, GV 20","","TARA:6499349, TARA:4362146, TARA:4385250, TARA:6463344, TARA:8433932, TARA:0859695, TARA:4311153, TARA:8923096, TARA:3386254","","","",""
"822","A-112625-822","S-112625-822","O-112625-822","https://doi.org/10.1002/14651858.CD000008","Acupuncture for chronic asthma","GV 14, BL 12, BL 13, DU 08, BL 18, BL 19","GV 14, BL 12, BL 13, DU 08, BL 18, BL 19","GV 14, BL 12, BL 13, BL 18, BL 19","DU 08","TARA:8452754, TARA:5468609, TARA:6050541, TARA:9655874, TARA:6145687","","","",""
"1455","A-112625-1455","S-112625-1455","O-112625-1455","uri not found","Acupuncture for Chronic Asthma: A Controlled Trial with Six Months Follow-Up","Not specified","Not specified","","","","","","",""
"334","A-112625-334","S-112625-334","O-112625-334","https://doi.org/10.1136/bmj.38029.421863.EB","Acupuncture for chronic headache in primary care: large, pragmatic, randomised trial","Not specified","Not specified","","","","","","",""
"37","A-112625-37","S-112625-37","O-112625-37","https://doi.org/10.1001/jama.2014.12660","Acupuncture for Chronic Knee Pain A Randomized Clinical Trial","Not specified","Not specified","","","","","","",""
"112","A-112625-112","S-112625-112","O-112625-112","https://doi.org/10.1097/BRS.0b013e318275e601","Acupuncture for Chronic Low Back Pain A Multicenter, Randomized, Patient-Assessor Blind, Sham-Controlled Clinical Trial","BL 39, BL 18, BL 20, GB 30","BL 39, BL 18, BL 20, GB 30","BL 39, BL 18, BL 20, GB 30","","TARA:2186848, TARA:9655874, TARA:3283628, TARA:9378285","","","",""
"163","A-112625-163","S-112625-163","O-112625-163","https://doi.org/10.1142/S0192415X13500018","Acupuncture for Chronic Low Back Pain in Long-Term Follow-Up: A Meta-Analysis of 13 Randomized Controlled Trials","Not specified","Not specified","","","","","","",""
"143","A-112625-143","S-112625-143","O-112625-143","https://doi.org/10.1093/rheumatology/keg405","Acupuncture for chronic low back pain in older patients: a randomized, controlled trial","UB 23, UB 24, UB 25, UB 28, DU 3, DU 4, UB 36, UB 54, UB 37, UB 40, GB 30, GB 31","UB 23, UB 24, UB 25, UB 28, DU 3, DU 4, UB 36, UB 54, UB 37, UB 40, GB 30, GB 31","BL 23, BL 24, BL 25, BL 28, GV 3, GV 4, BL 36, BL 54, BL 37, BL 40, GB 30, GB 31","","TARA:0992296, TARA:7357260, TARA:0906448, TARA:5318530, TARA:8807122, TARA:8557069, TARA:9927213, TARA:0488267, TARA:2678584, TARA:5290080, TARA:9378285, TARA:5264783","","","",""
"107","A-112625-107","S-112625-107","O-112625-107","https://doi.org/10.1097/00002508-200112000-00003","Acupuncture for Chronic Low Back Pain: A Randomized Placebo-Controlled Study With Long-Term Follow-Up","Not specified","Not specified","","","","","","",""
"532","A-112625-532","S-112625-532","O-112625-532","https://doi.org/10.1186/1471-2474-7-99","Acupuncture for chronic neck pain: a pilot for a randomised controlled trial","GB 21, Ah Shi points, GB 20, Huatuojiaji at C6, S-I3, Huatuojiaji at C7","GB 21, Ah Shi points, GB 20, Huatuojiaji at C6, S-I3, Huatuojiaji at C7","GB 21, GB 20, SI 3","Ah Shi points, Huatuojiaji at C6, Huatuojiaji at C7","TARA:5389461, TARA:2324295, TARA:0220496","","","",""
"739","A-112625-739","S-112625-739","O-112625-739","https://doi.org/10.1001/jama.2013.285478","Acupuncture for Chronic Pain","Not specified","Not specified","","","","","","",""
"228","A-112625-228","S-112625-228","O-112625-228","https://doi.org/10.7326/M15-3118","Acupuncture for Chronic Severe Functional Constipation A Randomized Trial","ST 25, SP 14, ST 37","ST 25, SP 14, ST 37","ST 25, SP 14, ST 37","","TARA:5717468, TARA:1992799, TARA:5918799","","","",""
"1469","A-112625-1469","S-112625-1469","O-112625-1469","https://doi.org/10.7326/0003-4819-84-4-381","Acupuncture for Chronic Shoulder Pain An Experimental Study with Attention to the Role of Placebo and Hypnotic Susceptibility","Ho-ku, Ch'ii-Ch'ih, Chii-ku, Chien-yii, Nao-yii, Chien-chén","Ho-ku, Chii-Chih, Chii-ku, Chien-yii, Nao-yii, Chien-chén","LI 4","Chii-Chih, Chii-ku, Chien-yii, Nao-yii, Chien-chén","TARA:0859695","","","",""
"869","A-112625-869","S-112625-869","O-112625-869","https://doi.org/10.1016/j.apmr.2007.06.014","Acupuncture for Chronic Shoulder Pain in Persons With Spinal Cord Injury: A Small-Scale Clinical Trial","LI 15, SJ 14, LI 16, SI 9, SI 10, GB 21, LI 10, LI 4, LI 5","LI 15, SJ 14, LI 16, SI 9, SI 10, GB 21, LI 10, LI 4, LI 5","LI 15, TE 14, LI 16, SI 9, SI 10, GB 21, LI 10, LI 4, LI 5","","TARA:7829474, TARA:5894876, TARA:1252750, TARA:2187225, TARA:0683404, TARA:5389461, TARA:0742938, TARA:0859695, TARA:5677319","","","",""
"497","A-112625-497","S-112625-497","O-112625-497","https://doi.org/10.1002/14651858.CD004046.pub3","Acupuncture for depression (Review)","GB 20, Anmien, M-HN 1, M-HN 3, DU 20, HT 7, PC 5, LI 4, LR 3, SP 6, GB 40, GB 8, ST 36, PC 6, GV 26, DU 24, DU 16","","","","","","Is Anmien a misspelled term for Anmian extra point?","",""
"491","A-112625-491","S-112625-491","O-112625-491","https://doi.org/10.1097/AOG.0b013e3181cc0816","Acupuncture for Depression During Pregnancy A Randomized Controlled Trial","Not specified","Not specified","","","","","","",""
"470","A-112625-470","S-112625-470","O-112625-470","https://doi.org/10.1111/j.1755-5949.2010.00159.x","Acupuncture for Depression: A Critique of the Evidence Base","Du 20, Yintang, Du 24, GB 20, P6, St 23, Sp6, Liv3, LI4, Sp10, H7, P7, St36, K3, Ren 4, U.B. 15, U.B. 17, U.B. 18, H7, P6, St40, Sp5, Sp6, Lu1","Du 20, Yintang, Du 24, GB 20, P6, St 23, Sp6, Liv3, LI4, Sp10, H7, P7, St36, K3, Ren 4, U.B. 15, U.B. 17, U.B. 18, H7, P6, St40, Sp5, Sp6, Lu1","GV 20, Yintang, GV 24, GB 20, PC 6, ST 23, SP 6, LR 3, LI 4, SP 10, HT 7, PC 7, ST 36, KI 3, CV 4, BL 15, BL 17, BL 18, HT 7, PC 6, ST 40, SP 5, SP 6, LU 1","","TARA:3386254, TARA:3135569, TARA:7679931, TARA:2324295, TARA:4311153, TARA:2922507, TARA:4385250, TARA:6499349, TARA:0859695, TARA:8433932, TARA:2442762, TARA:9020892, TARA:6463344, TARA:4362146, TARA:9921528, TARA:5797983, TARA:1124682, TARA:9655874, TARA:2442762, TARA:4311153, TARA:9531666, TARA:7831710, TARA:4385250, TARA:0913913","","","",""
"471","A-112625-471","S-112625-471","O-112625-471","https://doi.org/10.4088/jcp.v67n1101","Acupuncture for Depression: A Randomized Controlled Trial","Not specified","Not specified","","","","","","",""
"1601","A-112625-1601","S-112625-1601","O-112625-1601","https://doi.org/10.1177/0163278710386109","Acupuncture for Depression?: A Systematic Review of Systematic Reviews","Not specified","Not specified","","","","","","",""
"1461","A-112625-1461","S-112625-1461","O-112625-1461","https://doi.org/10.1142/S0192415X06003941","Acupuncture for Diagnostic Fiberoptic Bronchoscopy: A Prospective, Randomized, Placebo-Controlled Study","LU 7, PC 6, LI 4, HT 7, Auricular Shen Men","LU 7, PC 6, LI 4, HT 7, Auricular Shen Men","LU 7, PC 6, LI 4, HT 7","Auricular Shen Men","TARA:3515622, TARA:4311153, TARA:0859695, TARA:2442762","","","",""
"428","A-112625-428","S-112625-428","O-112625-428","https://doi.org/10.1002/14651858.cd007854.pub3","Acupuncture for dysmenorrhoea","Not specified","Not specified","","","","","","",""
"791","A-112625-791","S-112625-791","O-112625-791","https://doi.org/10.1136/aim.2009.000497","Acupuncture for dyspepsia in pregnancy: a prospective, randomised, controlled study","LI 4, PC 6, CV 12, ST 21, LR 13, ST 36, SP 4, ST 44","LI 4, PC 6, CV 12, ST 21, LR 13, ST 36, SP 4, ST 44","LI 4, PC 6, CV 12, ST 21, LR 13, ST 36, SP 4, ST 44","","TARA:0859695, TARA:4311153, TARA:0434959, TARA:1654197, TARA:0794971, TARA:6463344, TARA:7407065, TARA:8440155","","","",""
"1064","A-112625-1064","S-112625-1064","O-112625-1064","https://doi.org/10.1002/14651858.CD006076.pub2","Acupuncture for dysphagia in acute stroke","RN 23, ST 9, GB 20, DU 16","RN 23, ST 9, GB 20, DU 16","CV 23, ST 9, GB 20, GV 16","","TARA:5804897, TARA:6890771, TARA:2324295, TARA:3361967","","","",""
"842","A-112625-842","S-112625-842","O-112625-842","https://doi.org/10.1186/1472-684X-4-5","Acupuncture for dyspnea in advanced cancer: a randomized, placebo-controlled pilot trial [ISRCTN89462491]","ST 36, Ren 17, Auricular lung point, Auricular kidney point","ST 36, Ren 17, Auricular lung point, Auricular kidney point","ST 36, CV 17","Auricular lung point, Auricular kidney point","TARA:6463344, TARA:3472408","","","",""
"1381","A-112625-1381","S-112625-1381","O-112625-1381","https://doi.org/10.1002/14651858.CD005062.pub3","Acupuncture for Epilepsy (Review)","Not specified","Not specified","","","","","","",""
"348","A-112625-348","S-112625-348","O-112625-348","https://doi.org/10.1111/j.1468-2982.2000.00097.x","Acupuncture for episodic tension-type headache: a multicentre randomized controlled trial","GB 20, LI 4","GB 20, LI 4","GB 20, LI 4","","TARA:2324295, TARA:0859695","","","",""
"281","A-112625-281","S-112625-281","O-112625-281","https://doi.org/10.1155/2016/2171923","Acupuncture for Erectile Dysfunction: A Systematic Review","ST 30, ST 36, KI 6, CV 4, CV 6, KI 27, SI 4, SP 6, BL 23, GB 39, ST 41, ST 25, CV 3, LR 3, LR 2, KI 3, KI 1, PC 6, HT 7, GV 20, BL 15, BL 24, GV 4","","","","","","","",""
"1721","A-112625-1721","S-112625-1721","O-112625-1721","https://pubmed.ncbi.nlm.nih.gov/20232615.0/","Acupuncture for essential hypertension","Not specified","Not specified","","","","","","",""
"1720","A-112625-1720","S-112625-1720","O-112625-1720","https://doi.org/10.1155/2014/279478","Acupuncture for Essential Hypertension: A Meta-Analysis of Randomized Sham-Controlled Clinical Trials","Not specified","Not specified","","","","","","",""
"1376","A-112625-1376","S-112625-1376","O-112625-1376","https://doi.org/10.1093/rheumatology/kel406","Acupuncture for fibromyalgia-a systematic review of randomized clinical trials","Not specified","Not specified","","","","","","",""
"301","A-112625-301","S-112625-301","O-112625-301","https://doi.org/10.1155/2015/920353","Acupuncture for Frequent Migraine: A Randomized, Patient/Assessor Blinded, Controlled Trial with One-Year Follow-Up","GB 20, EX-HN 5, GB 8, LI 4, DU 20, LR 2, LR 3, KI 3, GB 39, SP 6, DU 23, ST 36, ST 40, CV 12, SP 9, SP 10, Ashi point","GB 20, EX-HN 5, GB 8, LI 4, DU 20, LR 2, LR 3, KI 3, GB 39, SP 6, DU 23, ST 36, ST 40, CV 12, SP 9, SP 10, Ashi point","GB 20, Taiyang, GB 8, LI 4, GV 20, LR 2, LR 3, KI 3, GB 39, SP 6, GV 23, ST 36, ST 40, CV 12, SP 9, SP 10","Ashi point","TARA:2324295, TARA:9534465, TARA:5363236, TARA:0859695, TARA:3386254, TARA:6862058, TARA:6499349, TARA:4362146, TARA:3770332, TARA:4385250, TARA:7690229, TARA:6463344, TARA:9531666, TARA:0434959, TARA:3553465, TARA:8433932","","","",""
"1470","A-112625-1470","S-112625-1470","O-112625-1470","https://doi.org/10.1155/2020/9790470","Acupuncture for frozen shoulder","Zhongping","Zhongping","","Zhongping","","","","",""
"811","A-112625-811","S-112625-811","O-112625-811","https://doi.org/10.1016/j.rbmo.2010.02.024","Acupuncture for frozen-thawed embryo transfer cycles: a double-blind randomized controlled trial","ST 36, SP 6, SP 10, LI 4","ST 36, SP 6, SP 10, LI 4","ST 36, SP 6, SP 10, LI 4","","TARA:6463344, TARA:4385250, TARA:8433932, TARA:0859695","","","",""
"241","A-112625-241","S-112625-241","O-112625-241","https://doi.org/10.1002/14651858.CD008487.pub2","Acupuncture for functional dyspepsia","Not specified","Not specified","","","","","","",""
"229","A-112625-229","S-112625-229","O-112625-229","https://doi.org/10.1155/2016/3862916","Acupuncture for Functional Dyspepsia: What Strength Does It Have? A Systematic Review and Meta-Analysis of Randomized Controlled Trials","ST 36, PC 6, CV 12, ST 25, LR 3","","","","","","","",""
"1718","A-112625-1718","S-112625-1718","O-112625-1718","https://doi.org/10.1503/cmaj.091113","Acupuncture for functional recovery after stroke: a systematic review of sham-controlled randomized clinical trials","Not specified","Not specified","","","","","","",""
"1255","A-112625-1255","S-112625-1255","O-112625-1255","https://doi.org/10.1016/s0016-5107(04)02030-9","Acupuncture for GI endoscopy: a systematic review","LI 4, ST 36, SP 6, SP 9, Shenmen, CV 6, CV 12, CV 22, Stomach, Spasmolysis, Tai-jang, PC 6, ST 9, CV 23, CV 24, ST 37, SP 5, CV 17","","","","","","review paper","",""
"215","A-112625-215","S-112625-215","O-112625-215","https://doi.org/10.1002/14651858.CD006030.pub4","Acupuncture for glaucoma","Not specified","Not specified","","","","","","",""
"46","A-112625-46","S-112625-46","O-112625-46","https://doi.org/10.1093/rheumatology/ket013","Acupuncture for gouty arthritis: a concise report of a systematic and meta-analysis approach","SP 6, ST 36","SP 6, ST 36","SP 6, ST 36","","TARA:4385250, TARA:6463344","","","",""
"1197","A-112625-1197","S-112625-1197","O-112625-1197","https://doi.org/10.1097/01.gme.0000227854.27603.7d","Acupuncture for hot flashes: a randomized, sham-controlled clinical study","SP 4, SP 6, He 7, LI 11, Liv 2, Ki 6, LU 7, PC 6, GB 34, Liv 3, Ren 4, GB 20","SP 4, SP 6, He 7, LI 11, Liv 2, Ki 6, LU 7, PC 6, GB 34, Liv 3, Ren 4, GB 20","SP 4, SP 6, HT 7, LI 11, LR 2, KI 6, LU 7, PC 6, GB 34, LR 3, CV 4, GB 20","","TARA:7407065, TARA:4385250, TARA:2442762, TARA:8923096, TARA:6862058, TARA:2108622, TARA:3515622, TARA:4311153, TARA:8758950, TARA:6499349, TARA:9921528, TARA:2324295","","","",""
"1717","A-112625-1717","S-112625-1717","O-112625-1717","https://journals.sagepub.com/doi/10.1136/aim.2011.004085","Acupuncture for hot flushes in perimenopausal and postmenopausal women: a randomised, shamcontrolled trial","HT 7, HT 8, LI 4, ST 36, PC 6, SP 6, CV 4","HT 7, HT 8, LI 4, ST 36, PC 6, SP 6, CV 4","HT 7, HT 8, LI 4, ST 36, PC 6, SP 6, CV 4","","TARA:2442762, TARA:6707910, TARA:0859695, TARA:6463344, TARA:4311153, TARA:4385250, TARA:9921528","","","",""
"174","A-112625-174","S-112625-174","O-112625-174","https://doi.org/10.1002/14651858.CD007968.pub2","Acupuncture for hypoxic ischemic encephalopathy in neonates","Not specified","Not specified","","","","","","",""
"315","A-112625-315","S-112625-315","O-112625-315","https://doi.org/10.1002/14651858.CD001218","Acupuncture for idiopathic headache","Not specified","Not specified","","","","","","",""
"404","A-112625-404","S-112625-404","O-112625-404","https://doi.org/10.1002/14651858.CD002962.pub3","Acupuncture for induction of labour","Not specified","Not specified","","","","","","",""
"736","A-112625-736","S-112625-736","O-112625-736","https://doi.org/10.3109/02813432.2013.862915","Acupuncture for infantile colic: A blinding-validated, randomized controlled multicentre trial in general practice","ST 36","ST 36","ST 36","","TARA:6463344","","","",""
"911","A-112625-911","S-112625-911","O-112625-911","https://doi.org/10.1002/14651858.CD005472.pub3.","Acupuncture for insomnia (Review)","Not specified","Not specified","","","","","","",""
"790","A-112625-790","S-112625-790","O-112625-790","https://doi.org/10.1136/aim.23.2.47","Acupuncture for insomnia in pregnancy -a prospective, quasi-randomised, controlled study","HT 7, PC 6, GB 21, Anmian, Yintang, GV 20, CV 17","HT 7, PC 6, GB 21, Anmian, Yintang, GV 20, CV 17","HT 7, PC 6, GB 21, Anmian, Yintang, GV 20, CV 17","","TARA:2442762, TARA:4311153, TARA:5389461, TARA:3480360, TARA:3135569, TARA:3386254, TARA:3472408","","","",""
"1251","A-112625-1251","S-112625-1251","O-112625-1251","https://doi.org/10.1136/aim.26.1.8","Acupuncture for irritable bowel syndrome an exploratory randomised controlled trial","Not specified","Not specified","","","","","","",""
"230","A-112625-230","S-112625-230","O-112625-230","https://doi.org/10.1136/acupmed-2015-010854","Acupuncture for irritable bowel syndrome: 2-year follow-up of a randomised controlled trial","Not specified","Not specified","","","","","","",""
"258","A-112625-258","S-112625-258","O-112625-258","https://doi.org/10.3748/wjg.v11.i26.4040","Acupuncture for irritable bowel syndrome: A blinded placebo-controlled trial","Not specified","Not specified","","","","","","",""
"1716","A-112625-1716","S-112625-1716","O-112625-1716","https://doi.org/10.1186/1471-230X-12-150","Acupuncture for irritable bowel syndrome: primary care based pragmatic randomised controlled trial","LI 4, LR 3, ST 36, SP 6","LI 4, LR 3, ST 36, SP 6","LI 4, LR 3, ST 36, SP 6","","TARA:0859695, TARA:6499349, TARA:6463344, TARA:4385250","","","",""
"411","A-112625-411","S-112625-411","O-112625-411","https://doi.org/10.1016/j.ajog.2004.05.027","Acupuncture for labor pain management: A systematic review","Not specified","Not specified","","","","","","",""
"923","A-112625-923","S-112625-923","O-112625-923","https://doi.org/10.1002/14651858.CD003527","Acupuncture for lateral elbow pain","LI 10, LI 11, LI 12, LU 5, SJ 5","LI 10, LI 11, LI 12, LU 5, SJ 5","LI 10, LI 11, LI 12, LU 5, TE 5","","TARA:0742938, TARA:8923096, TARA:9554328, TARA:1357729, TARA:8393005","","","",""
"919","A-112625-919","S-112625-919","O-112625-919","https://doi.org/10.1155/2015/861849","Acupuncture for Lateral Epicondylitis: A Systematic Review","Ashi, LI 10, LI 11, LU 5, LI 4, SJ 5, SI 3, GB 34, LR 3, LI 12","","","","","","","",""
"786","A-112625-786","S-112625-786","O-112625-786","https://doi.org/10.1136/aim.22.2.60","Acupuncture for low back pain in pregnancy -a prospective, quasi-randomised, controlled study","K 13, S 13, BL 62, BL 40, TE 5, GB 30, GB 41, Huatojiaji points","K 13, S 13, BL 62, BL 40, TE 5, GB 30, GB 41, Huatojiaji points","KI 13, ST 13, BL 62, BL 40, TE 5, GB 30, GB 41","Huatojiaji points","TARA:5358142, TARA:1904200, TARA:1628341, TARA:5290080, TARA:8393005, TARA:9378285, TARA:3668538","","","",""
"140","A-112625-140","S-112625-140","O-112625-140","https://doi.org/10.1155/2015/328196","Acupuncture for Low Back Pain: An Overview of Systematic Reviews","Not specified","Not specified","","","","","","",""
"93","A-112625-93","S-112625-93","O-112625-93","https://doi.org/10.1002/14651858.CD001351","Acupuncture for low-back pain","Not specified","Not specified","","","","","","",""
"181","A-112625-181","S-112625-181","O-112625-181","https://doi.org/10.1038/ajh.2008.311","Acupuncture for Lowering Blood Pressure: Systematic Review and Meta-analysis","LR 3, LI 11, GB 20, ST 36, ST 40","","","","","","","",""
"668","A-112625-668","S-112625-668","O-112625-668","https://doi.org/10.1136/acupmed-2016-011332","Acupuncture for lumbar disc herniation: a systematic review and meta-analysis","Not specified","Not specified","","","","","","",""
"133","A-112625-133","S-112625-133","O-112625-133","https://doi.org/10.1016/j.ctim.2013.08.007","Acupuncture for lumbar spinal stenosis: A systematic review and meta-analysis","EX-B2, BL54, GB30, BL40, BL57, GB34, GB40, GV2, BL32, SI3, BL62","","","","","","","",""
"882","A-112625-882","S-112625-882","O-112625-882","https://doi.org/10.1136/acupmed-2014-010633","Acupuncture for melasma in women: a systematic review of randomised controlled trials","SP 6, ST 36, SP 10","","","","","","","",""
"1714","A-112625-1714","S-112625-1714","O-112625-1714","https://doi.org/10.1111/head.12525","Acupuncture for Migraine Prevention","Not specified","Not specified","","","","","","",""
"1713","A-112625-1713","S-112625-1713","O-112625-1713","https://doi.org/10.1002/14651858.CD001218.pub2","Acupuncture for migraine prophylaxis","Not specified","Not specified","","","","","","",""
"1868","A-112625-1868","S-112625-1868","O-112625-1868","https://doi.org/10.1503/cmaj.110551","Acupuncture for migraine prophylaxis: a randomized controlled trial","TE 5, GB 34, GB 40, GB 20, TE 19, TE 8, GB 33, GB 42, ST 8, LI 6, ST 36, ST 42","TE 5, GB 34, GB 40, GB 20, TE 19, TE 8, GB 33, GB 42, ST 8, LI 6, ST 36, ST 42","TE 5, GB 34, GB 40, GB 20, TE 19, TE 8, GB 33, GB 42, ST 8, LI 6, ST 36, ST 42","","TARA:8393005, TARA:8758950, TARA:9254368, TARA:2324295, TARA:8876235, TARA:1698911, TARA:3201959, TARA:0337120, TARA:9946635, TARA:9876402, TARA:6463344, TARA:7178938","","","",""
"307","A-112625-307","S-112625-307","O-112625-307","uri not found","Acupuncture for Migraine: A Systematic Review","GB 12, GB 20, GB 21, BL 10, BL 60, SI 3, BL 22, ST 36, GV 23, LI 4, TE 5, GB 34, GB 8, GV 20, LR 3, PC 6, Ex HN 2, GB 2, TE 5, GB 8, GB 20, LI 4, LR 3, SP 6, GB 14, Ex HN 5, BL 10, GB 20, GV 20, LR 3, TE 3, TE 5, GB 14, GB 15, GB 10, GB 8, GB 21, GB 41, LI 4, LR 3, TE 5, CV 20, Ex HN 5, LI 20, GV 20, LR 3, LR 3, GB 20, GB 21, BL 10, BL 11, TE 15, S 14, S 15, Ex HN 5, CV 20, GB 20, SP 6, BL 2, ST 36, ST 40, GB 41, KI 3, GB 14, LI 4, TE 5, PC 6, Ex HN 5, Ex HN 3, Ah shi","","","","","","","",""
"317","A-112625-317","S-112625-317","O-112625-317","https://search.informit.org/doi/10.3316/informit.423677482082972","Acupuncture for Migraine: A Systematic Review of Chinese Literature","GB 8, GB 20, LI 4, LR 3, EX HN 5, Ashi points","","","","","","","",""
"845","A-112625-845","S-112625-845","O-112625-845","https://doi.org/10.2500/ajra.2009.23.3380","Acupuncture for nasal congestion: A prospective, randomized, double-blind, placebo-controlled clinical pilot study","Rg 20, Ex 1","DU 20, yintang, LI 4, LI 20, HT 3, LR 7","GV 20, Yintang, LI 4, LI 20, HT 3, LR 7","","TARA:3386254, TARA:3135569, TARA:0859695, TARA:6681003, TARA:2385378, TARA:3966458","","fixed and added more points form figures","",""
"519","A-112625-519","S-112625-519","O-112625-519","https://doi.org/10.1002/14651858.CD004870.pub4","Acupuncture for neck disorders","Not specified","Not specified","","","","","","",""
"1341","A-112625-1341","S-112625-1341","O-112625-1341","https://doi.org/10.1097/01.brs.0000252100.61002.d4","Acupuncture for Neck Disorders","Not specified","Not specified","","","","Acupuncture for Neck Disorders","1341","https://doi.org/10.1097/01.brs.0000252100.61002.d4","Acupuncture for Neck Disorders"
"656","A-112625-656","S-112625-656","O-112625-656","https://doi.org/10.1002/14651858.cd012057.pub2","Acupuncture for neuropathic pain in adults","GB 30, GB 34, SP 6, ST 36, BL 18, BL 20, BL 23, BL 58, Yishu, SP 3, Zutonggu, CV 6, CV 4, ST 40, BL 60, KI 3, LR 3, LI 15, LI 11, LI 10, LI 4, ST 31, ST 32, ST 34, ST 43, ST 44, BL 17, SP 10, EX-LE 10, EX-UE 9","GB 30, GB 34, SP 6, ST 36, BL 18, BL 20, BL 23, BL 58, Yishu, SP 3, Zutonggu, CV 6, CV 4, ST 40, BL 60, KI 3, LR 3, LI 15, LI 11, LI 10, LI 4, ST 31, ST 32, ST 34, ST 43, ST 44, BL 17, SP 10, EX-LE 10, EX-UE 9","GB 30, GB 34, SP 6, ST 36, BL 18, BL 20, BL 23, BL 58, Weiwanxiashu, SP 3, BL 66, CV 6, CV 4, ST 40, BL 60, KI 3, LR 3, LI 15, LI 11, LI 10, LI 4, ST 31, ST 32, ST 34, ST 43, ST 44, BL 17, SP 10, Bafeng, Baxie","","TARA:9378285, TARA:8758950, TARA:4385250, TARA:6463344, TARA:9655874, TARA:3283628, TARA:0992296, TARA:5362994, TARA:4242691, TARA:3003448, TARA:7734076, TARA:8833337, TARA:9921528, TARA:9531666, TARA:5047947, TARA:4362146, TARA:6499349, TARA:7829474, TARA:8923096, TARA:0742938, TARA:0859695, TARA:9294655, TARA:8826565, TARA:8773594, TARA:7661549, TARA:8440155, TARA:1124682, TARA:8433932, TARA:6659923, TARA:2491709","","","",""
"1012","A-112625-1012","S-112625-1012","O-112625-1012","https://doi.org/10.1002/nau.20108","Acupuncture for Nocturnal Enuresis in Children: A Systematic Review and Exploration of Rationale","ST 36","","","","","","","",""
"712","A-112625-712","S-112625-712","O-112625-712","https://doi.org/10.1038/ijo.2008.269","Acupuncture for obesity: a systematic review and meta-analysis","Not specified","Not specified","","","","","","",""
"79","A-112625-79","S-112625-79","O-112625-79","https://doi.org/10.1002/1529-0131(200104)44:4<819::AID-ANR138>3.0.CO;2-P","Acupuncture for Osteoarthritis of the Knee A Systematic Review","Not specified","Not specified","","","","","","",""
"1003","A-112625-1003","S-112625-1003","O-112625-1003","https://doi.org/10.1097/01.AOG.0000163258.57895.ec","Acupuncture for Overactive Bladder A Randomized Controlled Trial","SP 6, BL 39, BL 28, CV 4, GB 31, ST 36, BL 12, CV 12","SP 6, BL 39, BL 28, CV 4, GB 31, ST 36, BL 12, CV 12","SP 6, BL 39, BL 28, CV 4, GB 31, ST 36, BL 12, CV 12","","TARA:4385250, TARA:2186848, TARA:5318530, TARA:9921528, TARA:5264783, TARA:6463344, TARA:5468609, TARA:0434959","","","",""
"274","A-112625-274","S-112625-274","O-112625-274","https://doi.org/10.1152/ajpendo.00039.2013","Acupuncture for ovulation induction in polycystic ovary syndrome: a randomized controlled trial","CV 3, CV 6, ST 29, SP 6, SP 9, LI 4, GV 20, ST 25, LR 3, PC 6","CV 3, CV 6, ST 29, SP 6, SP 9, LI 4, GV 20, ST 25, LR 3, PC 6","CV 3, CV 6, ST 29, SP 6, SP 9, LI 4, GV 20, ST 25, LR 3, PC 6","","TARA:0022762, TARA:8833337, TARA:5873796, TARA:4385250, TARA:3553465, TARA:0859695, TARA:3386254, TARA:5717468, TARA:6499349, TARA:4311153","","","",""
"576","A-112625-576","S-112625-576","O-112625-576","https://doi.org/10.1200/JCO.2009.26.9860","Acupuncture for Pain and Dysfunction After Neck Dissection: Results of a Randomized Controlled Trial","LI 4, SP 6, GV 20, luozhen, auricular shenman, LI 2","LI 4, SP 6, GV 20, luozhen, auricular shenman, LI 2","LI 4, SP 6, GV 20, Luozhen, LI 2","auricular shenman","TARA:0859695, TARA:4385250, TARA:3386254, TARA:7233436, TARA:8294181","","","",""
"64","A-112625-64","S-112625-64","O-112625-64","https://doi.org/10.1186/1471-2474-10-130","Acupuncture for pain and osteoarthritis of the knee: a pilot study for an open parallel-arm randomised controlled trial","Not specified","Not specified","","","","","","",""
"1712","A-112625-1712","S-112625-1712","O-112625-1712","https://www.cochranelibrary.com/resolve/doi?DOI=10.1002/14651858.CD007864.pub2","Acupuncture for pain in endometriosis","Ting Zhong, Pi Zhi Xia, Nei Fen Mi, Jiao Gan, Nei Sheng Zhi Qi","Ting Zhong, Pi Zhi Xia, Nei Fen Mi, Jiao Gan, Nei Sheng Zhi Qi","","Ting Zhong, Pi Zhi Xia, Nei Fen Mi, Jiao Gan, Nei Sheng Zhi Qi","","","","",""
"6","A-112625-6","S-112625-6","O-112625-6","https://doi.org/10.1097/AAP.0000000000000138","Acupuncture for Pain Relief After Total Knee Arthroplasty A Randomized Controlled Trial","SP 10, ST 34, BL 40, LR 7, ST 36, GV 20, GV 24, TF 4, AH 4, AH 6a, AT 4","SP 10, ST 34, BL 40, LR 7, ST 36, GV 20, GV 24, TF 4, AH 4, AH 6a, AT 4","SP 10, ST 34, BL 40, LR 7, ST 36, GV 20, GV 24","TF 4, AH 4, AH 6a, AT 4","TARA:8433932, TARA:8773594, TARA:5290080, TARA:3966458, TARA:6463344, TARA:3386254, TARA:7679931","","","",""
"413","A-112625-413","S-112625-413","O-112625-413","https://doi.org/10.1111/j.1471-0528.2010.02825.x","Acupuncture for pain relief during induced labour in nulliparae: a randomised controlled study","LI 4, SP 6, BL 60, BL 67","LI 4, SP 6, BL 60, BL 67","LI 4, SP 6, BL 60, BL 67","","TARA:0859695, TARA:4385250, TARA:5047947, TARA:7218725","","","",""
"414","A-112625-414","S-112625-414","O-112625-414","https://doi.org/10.1111/j.1471-0528.2010.02570.x","Acupuncture for pain relief in labour: a systematic review and meta-analysis","SP 6, GV 20, Yintang, LU 7, BL 25–36, BL 54, BL 60, GB 25–29, GB 41, CV 2, CV 3, LI 4, LR 3, KI 3, ST 29, ST 30, ST 36, SP 8, HT 7, LI 3, BL 32, BL 34, BL 67, EX 19, KI 11, PC 6, PC 7","","","","","","review - take out all points","",""
"85","A-112625-85","S-112625-85","O-112625-85","https://doi.org/10.1002/art.24009","Acupuncture for Pain Relief in Patients With Rheumatoid Arthritis: A Systematic Review","Not specified","Not specified","","","","","","",""
"1711","A-112625-1711","S-112625-1711","O-112625-1711","https://doi.org/10.1007/s11655-011-0665-7","Acupuncture for Pain: An Overview of Cochrane Reviews","Not specified","Not specified","","","","","","",""
"570","A-112625-570","S-112625-570","O-112625-570","https://doi.org/10.1016/j.jpainsymman.2010.03.010","Acupuncture for Palliative and Supportive Cancer Care: A Systematic Review of Systematic Reviews","Not specified","Not specified","","","","","","",""
"529","A-112625-529","S-112625-529","O-112625-529","https://doi.org/10.1016/j.pain.2006.05.013","Acupuncture for patients with chronic neck pain","Not specified","Not specified","","","","","","",""
"324","A-112625-324","S-112625-324","O-112625-324","https://doi.org/10.1001/jama.293.17.2118","Acupuncture for Patients With Migraine A Randomized Controlled Trial","GB 20, GB 40, GB 41, GB 42, DU 20, LV 3, SJ 3, SJ 5, EX-HN 5","GB 20, GB 40, GB 41, GB 42, DU 20, LV 3, SJ 3, SJ 5, EX-HN 5","GB 20, GB 40, GB 41, GB 42, GV 20, LR 3, TE 3, TE 5, Taiyang","","TARA:2324295, TARA:9254368, TARA:3668538, TARA:0337120, TARA:3386254, TARA:6499349, TARA:5356503, TARA:8393005, TARA:9534465","","done","",""
"1050","A-112625-1050","S-112625-1050","O-112625-1050","https://doi.org/10.1097/00002060-200301000-00004","Acupuncture for Patients with Spinal Cord Injuries","SI 3, B 62","SI 3, B 62","SI 3, BL 62","","TARA:0220496, TARA:1628341","","","",""
"45","A-112625-45","S-112625-45","O-112625-45","","Acupuncture for peripheral joint osteoarthritis","ST 34, ST 35, ST 36, SP 9, SP 10, BL 40, KI 10, GB 33, GB 34, LR 8, EX 31, EX 32, SP 4, SP 5, SP 6, ST 6, BL 20, BL 57, BL 58, BL 60, BL 62, KI 3","","","","","","its a systematic review. take out all points","",""
"1710","A-112625-1710","S-112625-1710","O-112625-1710","https://doi.org/10.1093/rheumatology/kel207","Acupuncture for peripheral joint osteoarthritis A systematic review and meta-analysis","Not specified","Not specified","","","","","","",""
"827","A-112625-827","S-112625-827","O-112625-827","https://doi.org/10.5694/j.1326-5377.2007.tb01275.x","Acupuncture for persistent allergic rhinitis: a randomised, sham-controlled trial","LI 20, Yintang, GB 20, LI 4, ST 36, CV 6","LI 20, Yintang, GB 20, LI 4, ST 36, CV 6","LI 20, Yintang, GB 20, LI 4, ST 36, CV 6","","TARA:6681003, TARA:3135569, TARA:2324295, TARA:0859695, TARA:6463344, TARA:8833337","","","",""
"1857","A-112625-1857","S-112625-1857","O-112625-1857","https://doi.org/10.1002/14651858.CD007689.pub2","Acupuncture for polycystic ovarian syndrome (Review)","Not specified","Not specified","","","","","","",""
"1202","A-112625-1202","S-112625-1202","O-112625-1202","https://doi.org/10.1016/j.maturitas.2006.11.001","Acupuncture for postmenopausal hot flashes","Not specified","Not specified","","","","","","",""
"12","A-112625-12","S-112625-12","O-112625-12","https://doi.org/10.1177/1054773812454136","Acupuncture for Postoperative Pain in Day Surgery Patients Undergoing Arthroscopic Shoulder Surgery","GB 21, LU 1, LI 11, LI 4, TE 3, TE 5","GB 21, LU 1, LI 11, LI 4, TE 3, TE 5","GB 21, LU 1, LI 11, LI 4, TE 3, TE 5","","TARA:5389461, TARA:0913913, TARA:8923096, TARA:0859695, TARA:5356503, TARA:8393005","","","",""
"481","A-112625-481","S-112625-481","O-112625-481","https://doi.org/10.1097/nmd.0b013e31803044f8","Acupuncture for Posttraumatic Stress Disorder A Randomized Controlled Pilot Trial","LR 3, PC 6, HT 7, ST 36, SP 6, Yintang, GB 20, BL 14, BL 15, BL 18, BL 20, BL 21, BL 23, Shenmen, Sympathetic, Liver, Kidney, Lung","LR 3, PC 6, HT 7, ST 36, SP 6, Yintang, GB 20, BL 14, BL 15, BL 18, BL 20, BL 21, BL 23, Ear Shenmen, Sympathetic, Liver, Kidney, Lung","LR 3, PC 6, HT 7, ST 36, SP 6, Yintang, GB 20, BL 14, BL 15, BL 18, BL 20, BL 21, BL 23","Ear Shenmen, Sympathetic, Liver, Kidney, Lung","TARA:6499349, TARA:4311153, TARA:2442762, TARA:6463344, TARA:4385250, TARA:3135569, TARA:2324295, TARA:9523348, TARA:5797983, TARA:9655874, TARA:3283628, TARA:4839095, TARA:0992296","","added ""ear""","",""
"448","A-112625-448","S-112625-448","O-112625-448","https://doi.org/10.1155/2013/615857","Acupuncture for Posttraumatic Stress Disorder: A Systematic Review of Randomized Controlled Trials and Prospective Clinical Trials","GB 20, GV 24, EX-HN 1, GV 20, Subcortex, Shenmen, BL 23, BL 52, GV 4","","","","","","review paper","",""
"442","A-112625-442","S-112625-442","O-112625-442","https://doi.org/10.1111/j.1471-0528.2011.02994.x","Acupuncture for premenstrual syndrome: a systematic review and meta-analysis of randomised controlled trials","LR 3, SP 6, PC 6, GV 20, CV 4, CV 6, CV 17, BL 17, BL 18, BL 20, BL 23","","","","","","","",""
"773","A-112625-773","S-112625-773","O-112625-773","https://doi.org/10.1155/2014/802134","Acupuncture for Preventing Complications after Radical Hysterectomy: A Randomized Controlled Clinical Trial","SP 6, ST 28, MS 4, ST 36, LI 14","SP 6, ST 28, MS 4, ST 36, LI 14","SP 6, ST 28, ST 36, LI 14","MS 4","TARA:4385250, TARA:5017471, TARA:6463344, TARA:3744150","","","",""
"642","A-112625-642","S-112625-642","O-112625-642","https://pubmed.ncbi.nlm.nih.gov/29112942.0/","Acupuncture for Primary Dysmenorrhea: A Meta-analysis of Randomized Controlled Trials","Not specified","Not specified","","","","","","",""
"431","A-112625-431","S-112625-431","O-112625-431","https://doi.org/10.1007/s11726-011-0535-z","Acupuncture for Primary Dysmenorrhea:A Randomized Controlled Trial","Not specified","Not specified","","","","","","",""
"433","A-112625-433","S-112625-433","O-112625-433","https://doi.org/10.1111/j.1471-0528.2010.02489.x","Acupuncture for primary dysmenorrhoea: a systematic review","SP 6, BL 32, CV 3, ST 25, GV 20, CV 6, SP 6,8, ST 36, LR 3, LI 4, GB 41, SI 2,3, BL 66, SP 6, SI 2,3, SB 41, BL 66, BL 18,20, CV 3,8, ST 25, GV 20, CV 6, SP 6,8, ST 36, LR 3, LI 4","","","","","","","",""
"602","A-112625-602","S-112625-602","O-112625-602","https://doi.org/10.1016/s0254-6272(10)60036-2","Acupuncture for Promoting Intelligence of Children -An Observation on 37 Cases with Mental Retardation","EX-HN 1, GV 20, GV 17, GB 13, GB 20, PC 6, LI 4, ST 36, GV 15, CV 23, BL 15, HT 7, LR 3, SP 6, BL 23, CV 4, ST 4, SP 9, BL 10, GV 14, BL 20, CV 6, BL 18, CV 12, ST 40","EX-HN 1, GV 20, GV 17, GB 13, GB 20, PC 6, LI 4, ST 36, GV 15, CV 23, BL 15, HT 7, LR 3, SP 6, BL 23, CV 4, ST 4, SP 9, BL 10, GV 14, BL 20, CV 6, BL 18, CV 12, ST 40","Sishencong, GV 20, GV 17, GB 13, GB 20, PC 6, LI 4, ST 36, GV 15, CV 23, BL 15, HT 7, LR 3, SP 6, BL 23, CV 4, ST 4, SP 9, BL 10, GV 14, BL 20, CV 6, BL 18, CV 12, ST 40","","TARA:9610280, TARA:3386254, TARA:6135195, TARA:4994509, TARA:2324295, TARA:4311153, TARA:0859695, TARA:6463344, TARA:4427404, TARA:5804897, TARA:5797983, TARA:2442762, TARA:6499349, TARA:4385250, TARA:0992296, TARA:9921528, TARA:1429314, TARA:3553465, TARA:0242146, TARA:8452754, TARA:3283628, TARA:8833337, TARA:9655874, TARA:0434959, TARA:9531666","","","",""
"1709","A-112625-1709","S-112625-1709","O-112625-1709","https://doi.org/10.1002/14651858.CD006457.pub2","Acupuncture for restless legs syndrome","ST 36, GB 34, SP 10, BL 56, BL 57, MS 5, MS 7, MS 8","ST 36, GB 34, SP 10, BL 56, BL 57, MS 5, MS 7, MS 8","ST 36, GB 34, SP 10, BL 56, BL 57","MS 5, MS 7, MS 8","TARA:6463344, TARA:8758950, TARA:8433932, TARA:7641637, TARA:4589241","","","",""
"40","A-112625-40","S-112625-40","O-112625-40","https://doi.org/10.1007/s11726-011-0502-8","Acupuncture for Rheumatoid Arthritis: A Randomized, Sham controlled Clinical Trial 针刺治疗风湿性关节炎的临床随机对照试验","LI 3, LI 4, LI 10, LI 11, TE 5, ST 36, SP 4, SP 6, BL 7, BL 43, BL 56, BL 60, BL 62, GB 34, GB 38, GB 39, GB 41, GV 4, GV 14, GV 20, TF 4","LI 3, LI 4, LI 10, LI 11, TE 5, ST 36, SP 4, SP 6, BL 7, BL 43, BL 56, BL 60, BL 62, GB 34, GB 38, GB 39, GB 41, GV 4, GV 14, GV 20, TF 4","LI 3, LI 4, LI 10, LI 11, TE 5, ST 36, SP 4, SP 6, BL 7, BL 43, BL 56, BL 60, BL 62, GB 34, GB 38, GB 39, GB 41, GV 4, GV 14, GV 20","TF 4","TARA:7867167, TARA:0859695, TARA:0742938, TARA:8923096, TARA:8393005, TARA:6463344, TARA:7407065, TARA:4385250, TARA:9927492, TARA:5367032, TARA:7641637, TARA:5047947, TARA:1628341, TARA:8758950, TARA:9968219, TARA:3770332, TARA:3668538, TARA:8557069, TARA:8452754, TARA:3386254","","","",""
"57","A-112625-57","S-112625-57","O-112625-57","https://doi.org/10.1093/rheumatology/ken330","Acupuncture for rheumatoid arthritis: a systematic review","GB 20, SP 6, SI 4, LI 4, PC 6, TE 5, ST 35, ST 36, GB 34, SP 9","","","","","","","",""
"446","A-112625-446","S-112625-446","O-112625-446","https://doi.org/10.1093/schbul/sbu135","Acupuncture for schizophrenia","Not specified","Not specified","","","","","","",""
"485","A-112625-485","S-112625-485","O-112625-485","https://doi.org/10.1111/j.1742-1241.2009.02167.x","Acupuncture for schizophrenia: a systematic review and meta-analysis","GV 20, PC 6, GV 26, SP 6, TE 21, GV 14, GV 24, Taiyang, SI 19, GB 2, TE 17, PC 7, GV 16, LU 11, SP 1, BL 15, BL 18, BL 20, HT 7, ST 40, LR 3, LI 4, Yintang, Shishencong, SI 3, GB 18, GB 15, Tou Nie, Ding Shen, GV 23","","","","","","","",""
"820","A-112625-820","S-112625-820","O-112625-820","https://doi.org/10.1016/j.anai.2015.05.017","Acupuncture for seasonal allergic rhinitis: a randomized controlled trial","LI 20, MH-N-3, GB 20, LI 4, LU 9, ST 36, CV 6","LI 20, MH-N-3, GB 20, LI 4, LU 9, ST 36, CV 6","LI 20, Yintang, GB 20, LI 4, LU 9, ST 36, CV 6","","TARA:6681003, TARA:3135569, TARA:2324295, TARA:0859695, TARA:8122277, TARA:6463344, TARA:8833337","","","",""
"861","A-112625-861","S-112625-861","O-112625-861","https://doi.org/10.1002/14651858.CD005319","Acupuncture for shoulder pain (Review)","SI 9, SI 3, GV 14, TE 15, TE 14, LI 15, LI 11","","","","","","","",""
"860","A-112625-860","S-112625-860","O-112625-860","https://doi.org/10.1089/acm.2011.0457","Acupuncture for Shoulder Pain After Stroke: A Systematic Review","Not specified","Not specified","","","","","","",""
"893","A-112625-893","S-112625-893","O-112625-893","https://doi.org/10.1016/j.neulet.2014.12.016","Acupuncture for sleep quality, BDNF levels and immunosenescence: A randomized controlled study","SP 6, LI 4, ST 36, LR 3, PC 6, EX-NH 3","SP 6, LI 4, ST 36, LR 3, PC 6, EX-NH 3","SP 6, LI 4, ST 36, LR 3, PC 6","EX-NH 3","TARA:4385250, TARA:0859695, TARA:6463344, TARA:6499349, TARA:4311153","","","",""
"221","A-112625-221","S-112625-221","O-112625-221","https://doi.org/10.1002/14651858.CD007842.pub2","Acupuncture for slowing the progression of myopia in children and adolescents","Yan, Gan, Shenmen, Mu 1, Pi, Xin, Mu 2, Shen, Pizhixia, UB 2, UB 1, ST 1, ST 2, EX 2, DU 20, GB 20, LI 4","","","","","","its a systematic review. take out all points","",""
"972","A-112625-972","S-112625-972","O-112625-972","https://doi.org/10.1016/S0965 2299(98)80036 8","Acupuncture for smokers: lack of long term therapeutic effect in a controlled study","Ear 0, Lung, H 4, TE 10, CV 7, CV 17, BL 60, ST 36, ST 45, SI 3, KI 3, Ear 24","Ear 0, Lung, H 4, TE 10, CV 7, CV 17, BL 60, ST 36, ST 45, SI 3, KI 3, Ear 24","HT 4, TE 10, CV 7, CV 17, BL 60, ST 36, ST 45, SI 3, KI 3","Ear 0, Lung, Ear 24","TARA:2718726, TARA:7517723, TARA:0411625, TARA:3472408, TARA:5047947, TARA:6463344, TARA:2260472, TARA:0220496, TARA:4362146","","","",""
"954","A-112625-954","S-112625-954","O-112625-954","https://doi.org/10.1002/14651858.CD000009","Acupuncture for smoking cessation (Review)","Not specified","Not specified","","","","","","",""
"1067","A-112625-1067","S-112625-1067","O-112625-1067","https://doi.org/10.1155/2015/870398","Acupuncture for Spasticity after Stroke: A Systematic Review and Meta-Analysis of Randomized Controlled Trials","Not specified","Not specified","","","","","","",""
"611","A-112625-611","S-112625-611","O-112625-611","https://doi.org/10.1155/2013/364216","Acupuncture for Spinal Cord Injury and Its Complications: A Systematic Review and Meta-Analysis of Randomized Controlled Trials","Not specified","Not specified","","","","","","",""
"1049","A-112625-1049","S-112625-1049","O-112625-1049","https://doi.org/10.1016/j.ctim.2009.09.001","Acupuncture for spinal cord injury survivors in Chinese literature: A systematic review","SI 3, BL 62, Huatuojiaji, LI 15, LI 11, TE 5, LI 4, GB 30, GB 31, GB 34, ST 36, GB 39, BL 60, ST 41, LR 3, BL 25, SP 6, MS 6, MS 14, LI 10, TE 8, SI 5, LR 12, GB 39, BL 54, BL 60, LR 3, BL 23, CV 6, BL 20, BL 22, SP 6, BL 28, SP 9, CV 3, BL 54, ST 28, BL 32, BL 34, T12-L2, SP 9, SP 6","","","","","","","",""
"1069","A-112625-1069","S-112625-1069","O-112625-1069","https://doi.org/10.1002/14651858.CD004131.pub2","Acupuncture for stroke rehabilitation","Not specified","Not specified","","","","","","",""
"1538","A-112625-1538","S-112625-1538","O-112625-1538","https://doi.org/10.1001/archinte.165.17.2026","Acupuncture for Subacute Stroke Rehabilitation A Sham-Controlled, Subject-and Assessor-Blind, Randomized Trial","BL 66, LIL, HT 3, HT 4, GB 43, GB 44, LU 8, SP 3, HT 8, HT 9, KI 3, KI 7, ST 36, LI 5, L111, HT 7, HTS, S 15, SP 1, SP 2, HT 8, HT 9, LR 1, CV 4, ST 40, CV 12, GV 20, GV 26","BL 66, LIL, HT 3, HT 4, GB 43, GB 44, LU 8, SP 3, HT 8, HT 9, KI 3, KI 7, ST 36, LI 5, L111, HT 7, HTS, S 15, SP 1, SP 2, HT 8, HT 9, LR 1, CV 4, ST 40, CV 12, GV 20, GV 26","BL 66, HT 3, HT 4, GB 43, GB 44, LU 8, SP 3, HT 8, HT 9, KI 3, KI 7, ST 36, LI 5, HT 7, ST 15, SP 1, SP 2, HT 8, HT 9, LR 1, CV 4, ST 40, CV 12, GV 20, GV 26","LIL, L111, HTS","TARA:7734076, TARA:2385378, TARA:2718726, TARA:8885103, TARA:6845331, TARA:6531052, TARA:3003448, TARA:6707910, TARA:8651539, TARA:4362146, TARA:9881298, TARA:6463344, TARA:5677319, TARA:2442762, TARA:4714850, TARA:8929565, TARA:6894093, TARA:6707910, TARA:8651539, TARA:2131658, TARA:9921528, TARA:9531666, TARA:0434959, TARA:3386254, TARA:0829128","","done","",""
"950","A-112625-950","S-112625-950","O-112625-950","https://doi.org/10.1016/j.drugalcdep.2016.02.034","Acupuncture for substance use disorders: A systematic review and meta-analysis","kidney, liver, lung, shen men, sympathetic points","","","","","","","",""
"1708","A-112625-1708","S-112625-1708","O-112625-1708","https://doi.org/10.1111/ijcp.12372","Acupuncture for surgical conditions: an overview of systematic reviews","Not specified","Not specified","","","","","","",""
"1304","A-112625-1304","S-112625-1304","O-112625-1304","https://pubmed.ncbi.nlm.nih.gov/10979160.0/","Acupuncture for symptom relief in HIV positive adults: Lessons learned from a pilot study","ST 36, LI 11, KI 3, SP 6, LU 9, SP 3, PC 7, LV 8, KI 10, KI 7, LU 8, CV 4, CV 6, BL 20, BL 23, PC 6, SP 4, CV 12, ST 7, ST 6, TB 17, LI 4, ST 43, GB 34, ST 34, SP 10, SP 9, GB 39, GB 41, ST 41, SP 5, LV 4, BL 58, BL 60, ST 38, BL 61, GB 32, KI 20, TB 11, GB 42","ST 36, LI 11, KI 3, SP 6, LU 9, SP 3, PC 7, LV 8, KI 10, KI 7, LU 8, CV 4, CV 6, BL 20, BL 23, PC 6, SP 4, CV 12, ST 7, ST 6, TB 17, LI 4, ST 43, GB 34, ST 34, SP 10, SP 9, GB 39, GB 41, ST 41, SP 5, LV 4, BL 58, BL 60, ST 38, BL 61, GB 32, KI 20, TB 11, GB 42","ST 36, LI 11, KI 3, SP 6, LU 9, SP 3, PC 7, LR 8, KI 10, KI 7, LU 8, CV 4, CV 6, BL 20, BL 23, PC 6, SP 4, CV 12, ST 7, ST 6, TE 17, LI 4, ST 43, GB 34, ST 34, SP 10, SP 9, GB 39, GB 41, ST 41, SP 5, LR 4, BL 58, BL 60, ST 38, BL 61, GB 32, KI 20, TE 11, GB 42","","TARA:6463344, TARA:8923096, TARA:4362146, TARA:4385250, TARA:8122277, TARA:3003448, TARA:9020892, TARA:1074531, TARA:8716769, TARA:9881298, TARA:6531052, TARA:9921528, TARA:8833337, TARA:3283628, TARA:0992296, TARA:4311153, TARA:7407065, TARA:0434959, TARA:2990862, TARA:7834226, TARA:6615149, TARA:0859695, TARA:7661549, TARA:8758950, TARA:8773594, TARA:8433932, TARA:3553465, TARA:3770332, TARA:3668538, TARA:6019290, TARA:7831710, TARA:4325595, TARA:5362994, TARA:5047947, TARA:3182190, TARA:0093665, TARA:5786369, TARA:5721784, TARA:6299396, TARA:0337120","","","",""
"89","A-112625-89","S-112625-89","O-112625-89","https://doi.org/10.1177/0961203308093921","Acupuncture for systemic lupus erythematosus: a pilot RCT feasibility and safety study","Hua Tuo Jai Ji T-3, Hua Tuo Jai Ji T-7, Hua Tuo Jai Ji T-11, LI 4, GV 14, KI 7, SP 6, Hua Tuo Jai Ji T-5, Hua Tuo Jai Ji T-9, Hua Tuo Jai Ji L-1, GB 20, MH 5, ST 36","Hua Tuo Jai Ji T-3, Hua Tuo Jai Ji T-7, Hua Tuo Jai Ji T-11, LI 4, GV 14, KI 7, SP 6, Hua Tuo Jai Ji T-5, Hua Tuo Jai Ji T-9, Hua Tuo Jai Ji L-1, GB 20, MH 5, ST 36","LI 4, GV 14, KI 7, SP 6, GB 20, ST 36","Hua Tuo Jai Ji T-3, Hua Tuo Jai Ji T-7, Hua Tuo Jai Ji T-11, Hua Tuo Jai Ji T-5, Hua Tuo Jai Ji T-9, Hua Tuo Jai Ji L-1, MH 5","TARA:0859695, TARA:8452754, TARA:9881298, TARA:4385250, TARA:2324295, TARA:6463344","","","",""
"339","A-112625-339","S-112625-339","O-112625-339","https://doi.org/10.1007/s10194-007-0416-5","Acupuncture for tension type headache: a multicentre, sham controlled, patientand observer blinded, randomised trial R A P I D C O","Not specified","Not specified","","","","","","",""
"1707","A-112625-1707","S-112625-1707","O-112625-1707","https://doi.org/10.1002/14651858.CD007587","Acupuncture for tension-type headache","Not specified","Not specified","","","","","","",""
"310","A-112625-310","S-112625-310","O-112625-310","https://doi.org/10.1016/j.jpain.2008.03.011","Acupuncture for Tension-Type Headache: A Meta-Analysis of Randomized, Controlled Trials","GB 20, LR 3, LI 4, BL 60, LI 4, SJ 5, ST 40, GB 60, LR 3, LR 2, LU 7, SP 6, ST 36, LI 4, SJ 5, LR 3, LI 4, KI 3","GB 20, LR 3, LI 4, BL 60, LI 4, SJ 5, ST 40, GB 60, LR 3, LR 2, LU 7, SP 6, ST 36, LI 4, SJ 5, LR 3, LI 4, KI 3","GB 20, LR 3, LI 4, BL 60, LI 4, TE 5, ST 40, LR 3, LR 2, LU 7, SP 6, ST 36, LI 4, TE 5, LR 3, LI 4, KI 3","GB 60","TARA:2324295, TARA:6499349, TARA:0859695, TARA:5047947, TARA:0859695, TARA:8393005, TARA:9531666, TARA:6499349, TARA:6862058, TARA:3515622, TARA:4385250, TARA:6463344, TARA:0859695, TARA:8393005, TARA:6499349, TARA:0859695, TARA:4362146","","","",""
"924","A-112625-924","S-112625-924","O-112625-924","https://doi.org/10.1093/rheumatology/keh247","Acupuncture for the alleviation of lateral epicondyle pain: a systematic review","LI 10, LI 11, LI 12, Lu 5, SJ 10, LI 4, SI 3, SJ 5, GB 34, TW 5, Ashi point, LI 15, P 5, P 7, GB 20, GB 21, ST 37, ST 38","","","","","","","",""
"713","A-112625-713","S-112625-713","O-112625-713","https://doi.org/10.1111/j.1471-0528.2010.02647.x","Acupuncture for the induction of labour: a double-blind randomised controlled study","BL 67, LI 4, SP 6, GV 20","BL 67, LI 4, SP 6, GV 20","BL 67, LI 4, SP 6, GV 20","","TARA:7218725, TARA:0859695, TARA:4385250, TARA:3386254","","","",""
"331","A-112625-331","S-112625-331","O-112625-331","https://doi.org/10.1213/ane.0b013e318187c76a","Acupuncture for the Management of Chronic Headache: A Systematic Review","Not specified","Not specified","","","","","","",""
"1309","A-112625-1309","S-112625-1309","O-112625-1309","https://pubmed.ncbi.nlm.nih.gov/3540764.0/","Acupuncture for the management of primary dysmenorrhea","SP 4, K 3, ST 36, ST 30, CV 2, CV 4, CX 6","SP 4, K 3, ST 36, ST 30, CV 2, CV 4, CX 6","SP 4, KI 3, ST 36, ST 30, CV 2, CV 4","CX 6","TARA:7407065, TARA:4362146, TARA:6463344, TARA:9591551, TARA:6969962, TARA:9921528","","","",""
"300","A-112625-300","S-112625-300","O-112625-300","https://doi.org/10.1002/14651858.CD001218.pub3","Acupuncture for the prevention of episodic migraine (Review)","Not specified","Not specified","","","","","","",""
"299","A-112625-299","S-112625-299","O-112625-299","https://doi.org/10.1002/14651858.CD007587.pub2","Acupuncture for the prevention of tension-type headache (Review)","Not specified","Not specified","","","","","","",""
"1704","A-112625-1704","S-112625-1704","O-112625-1704","https://doi.org/10.1016/j.ejpain.2004.10.004","Acupuncture for the relief of cancer-related pain -a systematic review","P 6, ST 36, LI 4","","","","","","","",""
"201","A-112625-201","S-112625-201","O-112625-201","https://doi.org/10.1186/s13063-015-0777-z","Acupuncture for the sequelae of Bell's palsy: a randomized controlled trial","ST 4, ST 6, ST 1, EX-HN 4, TE 23, LI 20, TE 17, ST 9, LI 10, LI 4, ST 36, GB 34","ST 4, ST 6, ST 1, EX-HN 4, TE 23, LI 20, TE 17, ST 9, LI 10, LI 4, ST 36, GB 34","ST 4, ST 6, ST 1, Yuyao, TE 23, LI 20, TE 17, ST 9, LI 10, LI 4, ST 36, GB 34","","TARA:1429314, TARA:7834226, TARA:4157768, TARA:6946713, TARA:6752232, TARA:6681003, TARA:6615149, TARA:6890771, TARA:0742938, TARA:0859695, TARA:6463344, TARA:8758950","","","",""
"1592","A-112625-1592","S-112625-1592","O-112625-1592","https://doi.org/10.1001/jama.287.1.55","Acupuncture for the Treatment
of Cocaine Addiction
A Randomized Controlled Trial","Not specified","Not specified","","","","","","",""
"823","A-112625-823","S-112625-823","O-112625-823","https://doi.org/10.2500/ajra.2015.29.4116","Acupuncture for the treatment of allergic rhinitis: A systematic review and meta-analysis","Not specified","Not specified","","","","","","",""
"989","A-112625-989","S-112625-989","O-112625-989","https://doi.org/10.1016/0740-5472(95)00014-v","Acupuncture for the Treatment of Cocaine Addiction Investigation of a Needle Puncture Control","sympathetic, lung, shen men, he gu-LI 4","sympathetic, lung, shen men, hegu","HT 7, LI 4","sympathetic, lung","TARA:2442762, TARA:0859695","","","",""
"1702","A-112625-1702","S-112625-1702","O-112625-1702","https://doi.org/10.1371/journal.pone.0036638","Acupuncture for the Treatment of Dry Eye: A Multicenter Randomised Controlled Trial with Active Comparison Intervention (Artificial Teardrops)","BL 2, GB 14, TE 23, Ex 1, ST 1, GB 20, LI 4, LI 11, GV 23","BL 2, GB 14, TE 23, ST 1, GB 20, LI 4, LI 11, GV 23","BL 2, GB 14, TE 23, ST 1, GB 20, LI 4, LI 11, GV 23","","TARA:8104948, TARA:9987270, TARA:6752232, TARA:4157768, TARA:2324295, TARA:0859695, TARA:8923096, TARA:7690229","","taken out","",""
"678","A-112625-678","S-112625-678","O-112625-678","https://doi.org/10.1136/acupmed-2015-011024","Acupuncture for the treatment of hiccups following stroke: a systematic review and meta-analysis","GV 26, PC 6","","","","","","","",""
"577","A-112625-577","S-112625-577","O-112625-577","https://doi.org/10.1007/s10549-008-0210-3","Acupuncture for the treatment of hot flashes in breast cancer patients, a randomized, controlled trial","LIV 3, GB 20, LU 7, KI 3, SP 6, REN 4, P 7, LIV 8","LIV 3, GB 20, LU 7, KI 3, SP 6, REN 4, P 7, LIV 8","LR 3, GB 20, LU 7, KI 3, SP 6, CV 4, PC 7, LR 8","","TARA:6499349, TARA:2324295, TARA:3515622, TARA:4362146, TARA:4385250, TARA:9921528, TARA:9020892, TARA:1074531","","","",""
"472","A-112625-472","S-112625-472","O-112625-472","https://doi.org/10.4088/JCP.10m06105","Acupuncture for the Treatment of Major Depressive Disorder: A Randomized Controlled Trial","Du 20, Yintang","Du 20, Yintang","GV 20, Yintang","","TARA:3386254, TARA:3135569","","","",""
"1701","A-112625-1701","S-112625-1701","O-112625-1701","https://doi.org/10.1155/2016/3961450","Acupuncture for the Treatment of Oculomotor Paralysis: A Pilot Randomised Controlled Trial","ST 1, EX HN4, EX-HN5, Shangming, LI4","ST 1, EX HN4, EX-HN5, Shangming, LI4","ST 1, Yuyao, Taiyang, LI 4","Shangming","TARA:4157768, TARA:6946713, TARA:9534465, TARA:0859695","","","",""
"1117","A-112625-1117","S-112625-1117","O-112625-1117","https://doi.org/10.1002/art.1790070304","Acupuncture for the Treatment of Pain of Osteoarthritic Knees","Not specified","Not specified","","","","","","",""
"590","A-112625-590","S-112625-590","O-112625-590","https://doi.org/10.1089/acm.2016.0155","Acupuncture for the Treatment of Peripheral Neuropathy: A Systematic Review and Meta-Analysis","PC 6, PC 7, PC 8, ST 2, ST 6, ST 7, GB 14, LI 4","","","","","","","",""
"1700","A-112625-1700","S-112625-1700","O-112625-1700","https://doi.org/10.1007/s00520-013-1720-z","Acupuncture for the treatment of post-chemotherapy chronic fatigue: a randomized, blinded, sham-controlled trial","Not specified","Not specified","","","","","","",""
"766","A-112625-766","S-112625-766","O-112625-766","https://doi.org/10.1186/1472-6882-11-46","Acupuncture for the treatment of severe acute pain in Herpes Zoster: results of a nested, open-label, randomized trial in the VZV Pain Study","Not specified","Not specified","","","","","","",""
"1055","A-112625-1055","S-112625-1055","O-112625-1055","https://doi.org/10.1089/acm.2014.0097","Acupuncture for the Treatment of Spasticity After Stroke: A Meta-Analysis of Randomized Controlled Trials","LI 4, LI 10, LI 11, LI 15, ST 36,
LU 9, LR 3, SP 9, GB 34, GB 39, GV 20,
ST 3, LR 8, LR 9, ST 40,
PC 3, PC 2, PC 6, LU 5,
LI 14, TE 5,
ST 32, ST 34, ST 41,
BL, DU, SI, SJ,
PC 1, HT 3, LU 7, PC 7, ST 31, SP 10, GB 34, SP 6","LI 4, LI 10, LI 11, LI 15, ST 36, LU 9, LR 3, SP 9, GB 34, GB 39, GV 20, ST 3, LR 8, LR 9, ST 40, PC 3, PC 2, PC 6, LU 5, LI 14, TE 5, ST 32, ST 34, ST 41, BL, DU, SI, SJ, PC 1, HT 3, LU 7, PC 7, ST 31, SP 10, GB 34, SP 6","LI 4, LI 10, LI 11, LI 15, ST 36, LU 9, LR 3, SP 9, GB 34, GB 39, GV 20, ST 3, LR 8, LR 9, ST 40, PC 3, PC 2, PC 6, LU 5, LI 14, TE 5, ST 32, ST 34, ST 41, PC 1, HT 3, LU 7, PC 7, ST 31, SP 10, GB 34, SP 6","BL, DU, SI, SJ","TARA:0859695, TARA:0742938, TARA:8923096, TARA:7829474, TARA:6463344, TARA:8122277, TARA:6499349, TARA:3553465, TARA:8758950, TARA:3770332, TARA:3386254, TARA:5884251, TARA:1074531, TARA:1137686, TARA:9531666, TARA:7634323, TARA:4819578, TARA:4311153, TARA:1357729, TARA:3744150, TARA:8393005, TARA:8826565, TARA:8773594, TARA:6019290, TARA:5309570, TARA:2385378, TARA:3515622, TARA:9020892, TARA:9294655, TARA:8433932, TARA:8758950, TARA:4385250","","","",""
"262","A-112625-262","S-112625-262","O-112625-262","https://doi.org/10.1111/jsm.12830","Acupuncture for the Treatment of Vulvodynia: A Randomized Wait-List Controlled Pilot Study","GV 20, CV 4, CV 2, LI 4, KD 11, ST 30, SP 6, LV 3, SP 6, SP 9, LV 3, LI 4, CV 4, CV 6, GV 3, UB 31, SP 9, LV 8","GV 20, CV 4, CV 2, LI 4, KD 11, ST 30, SP 6, LV 3, SP 6, SP 9, LV 3, LI 4, CV 4, CV 6, GV 3, UB 31, SP 9, LV 8","GV 20, CV 4, CV 2, LI 4, KI 11, ST 30, SP 6, LR 3, SP 6, SP 9, LR 3, LI 4, CV 4, CV 6, GV 3, BL 31, SP 9, LR 8","","TARA:3386254, TARA:9921528, TARA:6969962, TARA:0859695, TARA:9609679, TARA:9591551, TARA:4385250, TARA:6499349, TARA:4385250, TARA:3553465, TARA:6499349, TARA:0859695, TARA:9921528, TARA:8833337, TARA:8807122, TARA:2465151, TARA:3553465, TARA:1074531","","","",""
"916","A-112625-916","S-112625-916","O-112625-916","https://doi.org/10.1002/14651858.CD009065.pub2","Acupuncture for treating acute ankle sprains in adults (Review)","Not specified","Not specified","","","","","","",""
"347","A-112625-347","S-112625-347","O-112625-347","https://doi.org/10.1111/j.1526-4610.2009.01424.x","Acupuncture for Treating Acute Attacks of Migraine: A Randomized Controlled Trial","TE 5, GB 34, GB 40, TE 20, GB 20","TE 5, GB 34, GB 40, TE 20, GB 20","TE 5, GB 34, GB 40, TE 20, GB 20","","TARA:8393005, TARA:8758950, TARA:9254368, TARA:8854888, TARA:2324295","","","",""
"1698","A-112625-1698","S-112625-1698","O-112625-1698","https://doi.org/10.1089/acu.2012.0900","Acupuncture for Treating Anxiety and Depression in Women: A Clinical Systematic Review","Not specified","Not specified","","","","","","",""
"554","A-112625-554","S-112625-554","O-112625-554","https://doi.org/10.1089/acm.2014.0083","Acupuncture for Treating Aromatase Inhibitor-Related Arthralgia in Breast Cancer: A Systematic Review and Meta-Analysis","LI 4, GB 34, ST 36","","","","","","","",""
"486","A-112625-486","S-112625-486","O-112625-486","https://doi.org/10.1007/s11655-011-0701-7","Acupuncture for Treating Attention Defi cit Hyperactivity Disorder: A Systematic Review and Meta Analysis","Not specified","Not specified","","","","","","",""
"219","A-112625-219","S-112625-219","O-112625-219","https://doi.org/10.1111/j.1755-3768.2010.02027.x","Acupuncture for treating dry eye: a randomized placebo-controlled trial","GV 23, BL 2, GB 14, TE 23, Ex 1, ST 1, GB 20, SP 3, LU 9, LU 10, HT 8","GV 23, BL 2, GB 14, TE 23, Taiyang, ST 1, GB 20, SP 3, LU 9, LU 10, HT 8","GV 23, BL 2, GB 14, TE 23, Taiyang, ST 1, GB 20, SP 3, LU 9, LU 10, HT 8","","TARA:7690229, TARA:8104948, TARA:9987270, TARA:6752232, TARA:9534465, TARA:4157768, TARA:2324295, TARA:3003448, TARA:8122277, TARA:2459635, TARA:6707910","","fixed","",""
"218","A-112625-218","S-112625-218","O-112625-218","https://doi.org/10.1111/j.1755-3768.2009.01855.x","Acupuncture for treating dry eye: a systematic review","LI 11, LI 4, SP 6, KI 3, ST 2, LI 20, SP 10, SP 9, ST 36, ST 40, BL 2, TE 23, GB 14, ST 1, GV 20, SI 1, SI 3, EX-HN, GB 1, ST 5, EX 2, LI 3, KI 6, TE 5","","","","","","its a review - take out all points","",""
"296","A-112625-296","S-112625-296","O-112625-296","https://doi.org/10.1111/j.1464-410X.2009.08422.x","Acupuncture for treating erectile dysfunction: a systematic review","KI 6, KI 27, CV 4, CV 6, SI 4, SP 6, BL 23, LR 39, ST 41, ST 25, ST 30, ST 36, CV 4, GV 20, SP 6, KI 3, HT 7, BL 32, LR 1, LR 11, PC 6, ST 38, CV 2, GV 20","","","","","","","",""
"610","A-112625-610","S-112625-610","O-112625-610","https://doi.org/10.1002/14651858.cd007070.pub2","Acupuncture for treating fibromyalgia","Not specified","Not specified","","","","","","",""
"293","A-112625-293","S-112625-293","O-112625-293","https://doi.org/10.1007/s00520-009-0589-3","Acupuncture for treating hot flushes in men with prostate cancer: a systematic review","Not specified","Not specified","","","","","","",""
"147","A-112625-147","S-112625-147","O-112625-147","https://doi.org/10.1136/bmjopen-2014-007498","Acupuncture for treating sciatica: a systematic review protocol","Not specified","Not specified","","","","","","",""
"941","A-112625-941","S-112625-941","O-112625-941","https://doi.org/10.1016/j.jdent.2011.02.006","Acupuncture for treating temporomandibular joint disorders: A systematic review and meta-analysis of randomized, sham-controlled trials","LI 4, SI 3, ST 6, SI 18, SI 2, ST 7","","","","","","","",""
"884","A-112625-884","S-112625-884","O-112625-884","https://doi.org/10.1016/j.jpainsymman.2009.11.325","Acupuncture for Treating Uremic Pruritus in Patients with End-Stage Renal Disease: A Systematic Review","LI 11, ST 36, SP 6, SP 10","","","","","","","",""
"1051","A-112625-1051","S-112625-1051","O-112625-1051","https://doi.org/10.1155/2014/870271","Acupuncture for Treating Whiplash Associated Disorder: A Systematic Review of Randomised Clinical Trials","SI 2, SI 3, SI 5, SI 7, LI 11, SI 15, SI 14, BL 10, BL 12, BL 13, BL 14, BL 60, BL 62, BL 66, GB 20, GB 21, GB 40, GB 41, TE 15, TE 5, GV 14, GB 20, SI 11, BL 17, SP 10, SI 3, BL 64, Ear Zero point, Ear Jerome point, Ear C0, GB 39, LI 14, SI 6, TB 5, Myofascial trigger points","","","","","","","",""
"1697","A-112625-1697","S-112625-1697","O-112625-1697","https://doi.org/10.1155/2012/679845","Acupuncture for Treatment of Autism Spectrum Disorders","sishenzhen, niesanzhen, naosanzhen, touzhizhen, shesanzhen, shousanzhen, shouzhizhen, zusanzhen, zuzhizhen, Baihui, naomeng, yintang, shenting","sishenzhen, niesanzhen, naosanzhen, touzhizhen, shesanzhen, shousanzhen, shouzhizhen, zusanzhen, zuzhizhen, Baihui, naomeng, yintang, shenting","GV 20, Yintang, GV 24","sishenzhen, niesanzhen, naosanzhen, touzhizhen, shesanzhen, shousanzhen, shouzhizhen, zusanzhen, zuzhizhen, naomeng","TARA:3386254, TARA:3135569, TARA:7679931","","","",""
"604","A-112625-604","S-112625-604","O-112625-604","https://doi.org/10.1097/HTR.0b013e3182051397","Acupuncture for Treatment of Insomnia in Patients With Traumatic Brain Injury: A Pilot Intervention Study","Kidney 3, Heart 3, Bladder 60, Liver 3, Large intestine 4, Master of the Heart 7, Governor Vessel 20, Tranquilizer, Shen Men, Spleen 6, Stomach 43, Heart 7, Liver 2, Kidney 10, GB 20, CV 23, sympathetic","Kidney 3, Heart 3, Bladder 60, Liver 3, Large intestine 4, Master of the Heart 7, Governor Vessel 20, Tranquilizer, Shen Men, Spleen 6, Stomach 43, Heart 7, Liver 2, Kidney 10, GB 20, CV 23, sympathetic","KI 3, HT 3, BL 60, LR 3, LI 4, GV 20, HT 7, SP 6, ST 43, HT 7, LR 2, KI 10, GB 20, CV 23","Master of the Heart 7, Tranquilizer, sympathetic","TARA:4362146, TARA:2385378, TARA:5047947, TARA:6499349, TARA:0859695, TARA:3386254, TARA:2442762, TARA:4385250, TARA:7661549, TARA:2442762, TARA:6862058, TARA:8716769, TARA:2324295, TARA:5804897","","","",""
"260","A-112625-260","S-112625-260","O-112625-260","https://doi.org/10.1002/14651858.CD005111.pub3","Acupuncture for treatment of irritable bowel syndrome","ST 25, BL 25, HT 7, PC 6, LR 3, SP 6, ST 37, GV 20, GV 1, BL 57, CV 12, ST 36, SP 9, SJ 6","ST 25, BL 25, HT 7, PC 6, LR 3, SP 6, ST 37, GV 20, GV 1, BL 57, CV 12, ST 36, SP 9, SJ 6","ST 25, BL 25, HT 7, PC 6, LR 3, SP 6, ST 37, GV 20, GV 1, BL 57, CV 12, ST 36, SP 9, TE 6","","TARA:5717468, TARA:0906448, TARA:2442762, TARA:4311153, TARA:6499349, TARA:4385250, TARA:5918799, TARA:3386254, TARA:3865403, TARA:4589241, TARA:0434959, TARA:6463344, TARA:3553465, TARA:7510801","","","",""
"730","A-112625-730","S-112625-730","O-112625-730","https://doi.org/10.1097/AJP.0b013e31815ec20f","Acupuncture for Treatment of Persistent Arm Pain Due to Repetitive Use A Randomized Controlled Clinical Trial","Liver 3, Large Intestine 4, LI 5, P5, P6, P7, TW5","Liver 3, Large Intestine 4, LI 5, P5, P6, P7, TW5","LR 3, LI 4, LI 5, PC 5, PC 6, PC 7, TE 5","","TARA:6499349, TARA:0859695, TARA:5677319, TARA:6477399, TARA:4311153, TARA:9020892, TARA:8393005","","","",""
"170","A-112625-170","S-112625-170","O-112625-170","https://doi.org/10.1136/acupmed-2013-010463","Acupuncture for treatment of secondary osteoporosis in patients with spinal cord injury: a controlled study","GV 14, GV 4, BL 11, BL 23, BL 20, BL 21, ST 36, SP 6, KI 3, GB 34, CV 8","GV 14, GV 4, BL 11, BL 23, BL 20, BL 21, ST 36, SP 6, KI 3, GB 34, CV 8","GV 14, GV 4, BL 11, BL 23, BL 20, BL 21, ST 36, SP 6, KI 3, GB 34, CV 8","","TARA:8452754, TARA:8557069, TARA:1985889, TARA:0992296, TARA:3283628, TARA:4839095, TARA:6463344, TARA:4385250, TARA:4362146, TARA:8758950, TARA:9392275","","","",""
"1085","A-112625-1085","S-112625-1085","O-112625-1085","https://doi.org/10.1016/j.apmr.2005.07.287","Acupuncture for Upper-Extremity Rehabilitation in Chronic Stroke: A Randomized Sham-Controlled Study","Not specified","Not specified","","","","","","",""
"1010","A-112625-1010","S-112625-1010","O-112625-1010","https://pubmed.ncbi.nlm.nih.gov/16562383.0/","Acupuncture for Urinary Urgency In Women Over 50: What Is the Evidence?","SP 6","SP 6","SP 6","","TARA:4385250","","","",""
"587","A-112625-587","S-112625-587","O-112625-587","https://doi.org/10.1002/14651858.CD007221.pub2","Acupuncture for uterine fibroids (Review)","EX-CA 1","","","","","","","",""
"1696","A-112625-1696","S-112625-1696","O-112625-1696","https://doi.org/10.1002/14651858.CD004987.pub2","Acupuncture for vascular dementia","Not specified","Not specified","","","","","","",""
"1695","A-112625-1695","S-112625-1695","O-112625-1695","https://doi.org/10.1136/acupmed-2013-010363","Acupuncture for vascular mild cognitive impairment: a systematic review of randomised controlled trials","PC 6, GV 20, GB 20","","","","","","","",""
"959","A-112625-959","S-112625-959","O-112625-959","https://doi.org/10.1016/0740-5472(93)90019-x","Acupuncture Heroin Detoxification: A Single-Blind Clinical Trial","sympathetic, shenmen, kidney, lung","sympathetic, ear shenmen, kidney, lung","","sympathetic, ear shenmen, kidney, lung","","","add ""ear""","",""
"182","A-112625-182","S-112625-182","O-112625-182","https://doi.org/10.1136/hrt.2009.187930","Acupuncture improves exercise tolerance of patients with heart failure: a placebo-controlled pilot study","Not specified","Not specified","","","","","","",""
"199","A-112625-199","S-112625-199","O-112625-199","https://doi.org/10.1007/s00520-011-1134-8","Acupuncture improves health-related quality-of-life (HRQoL) and sleep in women with breast cancer and hot flushes","Not specified","Not specified","","","","","","",""
"672","A-112625-672","S-112625-672","O-112625-672","https://doi.org/10.4103/0366-6999.200549","Acupuncture Improves Intestinal Absorption of Iron in Iron-deficient Obese Patients: A Randomized Controlled Preliminary Trial","CV 12, CV 4, ST 27, SP 14, TE 6, SI 3, ST 40, KI 2, SP 3, GB 41","CV 12, CV 4, ST 27, SP 14, TE 6, SI 3, ST 40, KI 2, SP 3, GB 41","CV 12, CV 4, ST 27, SP 14, TE 6, SI 3, ST 40, KI 2, SP 3, GB 41","","TARA:0434959, TARA:9921528, TARA:1452771, TARA:1992799, TARA:7510801, TARA:0220496, TARA:9531666, TARA:3114756, TARA:3003448, TARA:3668538","","","",""
"188","A-112625-188","S-112625-188","O-112625-188","https://doi.org/10.3109/13697137.2012.698432","Acupuncture improves sleep in postmenopause in a randomized, double-blind, placebo-controlled study","Not specified","Not specified","","","","","","",""
"962","A-112625-962","S-112625-962","O-112625-962","https://doi.org/10.1093/alcalc/34.4.629","Acupuncture in Alcoholism Treatment: A Randomized Out-Patient Study","Sympathetic, Shen Men, Lung","Sympathetic, Shen Men, Lung","HT 7","Sympathetic, Lung","TARA:2442762","","","",""
"1191","A-112625-1191","S-112625-1191","O-112625-1191","https://doi.org/10.3727/036012995816357113","Acupuncture in Angina Pectoris: Do Psycho-Social and Neurophysiological Factors Relate to the Effect?","LI 4","LI 4","LI 4","","TARA:0859695","","","",""
"837","A-112625-837","S-112625-837","O-112625-837","https://doi.org/10.1016/j.ctim.2011.07.002","Acupuncture in children and adolescents with bronchial asthma: A randomised controlled study ଝ","BL 13, CV 17, LU 7, ST 40, KI 6, LI 11, ST 41, BL 42","BL 13, CV 17, LU 7, ST 40, KI 6, LI 11, ST 41, BL 42","BL 13, CV 17, LU 7, ST 40, KI 6, LI 11, ST 41, BL 42","","TARA:6050541, TARA:3472408, TARA:3515622, TARA:9531666, TARA:2108622, TARA:8923096, TARA:6019290, TARA:1068174","","","",""
"1508","A-112625-1508","S-112625-1508","O-112625-1508","https://doi.org/10.1093/rheumatology/41.2.205","Acupuncture in chronic epicondylitis: a randomized controlled trial","Not specified","Not specified","","","","","","",""
"891","A-112625-891","S-112625-891","O-112625-891","https://doi.org/10.1093/ndt/gfh955","Acupuncture in haemodialysis patients at the Quchi (LI11) acupoint for refractory uraemic pruritus","LI 11","LI 11","LI 11","","TARA:8923096","","","",""
"314","A-112625-314","S-112625-314","O-112625-314","https://doi.org/10.1097/00002508-200012000-00010","Acupuncture in Headache: A Critical Review","Not specified","Not specified","","","","","","",""
"1367","A-112625-1367","S-112625-1367","O-112625-1367","https://doi.org/10.1053/seiz.2000.0436","Acupuncture in intractable epilepsy: lack of effect on health-related quality of life","LR 3, LI 4, GV 20, S 1, S 2, S 3","LR 3, LI 4, GV 20, S 1, S 2, S 3","LR 3, LI 4, GV 20, ST 1, ST 2, ST 3","","TARA:6499349, TARA:0859695, TARA:3386254, TARA:4157768, TARA:6392753, TARA:5884251","","","",""
"1292","A-112625-1292","S-112625-1292","O-112625-1292","https://doi.org/10.1097/AJP.0b013e3181590d66","Acupuncture in Migraine Prevention A Randomized Sham Controlled Study With 6-months Posttreatment Follow-up","Not specified","Not specified","","","","","","",""
"327","A-112625-327","S-112625-327","O-112625-327","https://doi.org/10.1111/j.1468-2982.2006.01062.x","Acupuncture in migraine prophylaxis: a randomized sham-controlled trial","GB 12, GB 20, GB 21, BL 10, BL 60, SI 3, BL 2, ST 36, DU 23, LI 4, SJ 5, GB 34, GB 8, DU 20, LR 3, PC 6, EX-B1, SJ 17, SJ 20, SP 7, ST 37, LU 5","GB 12, GB 20, GB 21, BL 10, BL 60, SI 3, BL 2, ST 36, DU 23, LI 4, SJ 5, GB 34, GB 8, DU 20, LR 3, PC 6, EX-B1, SJ 17, SJ 20, SP 7, ST 37, LU 5","GB 12, GB 20, GB 21, BL 10, BL 60, SI 3, BL 2, ST 36, GV 23, LI 4, TE 5, GB 34, GB 8, GV 20, LR 3, PC 6, Dingchuan, TE 17, TE 20, SP 7, ST 37, LU 5","","TARA:1031890, TARA:2324295, TARA:5389461, TARA:0242146, TARA:5047947, TARA:0220496, TARA:8104948, TARA:6463344, TARA:7690229, TARA:0859695, TARA:8393005, TARA:8758950, TARA:5363236, TARA:3386254, TARA:6499349, TARA:4311153, TARA:8009041, TARA:6615149, TARA:8854888, TARA:8036487, TARA:5918799, TARA:1357729","","","",""
"1694","A-112625-1694","S-112625-1694","O-112625-1694","https://doi.org/10.1142/S0192415X11008920","Acupuncture in Obstetrics and Gynecology: An Overview of Systematic Reviews","Not specified","Not specified","","","","","","",""
"825","A-112625-825","S-112625-825","O-112625-825","https://doi.org/10.1089/acm.2012.0719","Acupuncture in Patients Suffering from Allergic Asthma: Is It Worth Additional Costs?","Not specified","Not specified","","","","","","",""
"97","A-112625-97","S-112625-97","O-112625-97","https://doi.org/10.1016/j.pain.2012.05.033","Acupuncture in patients with acute low back pain: A multicentre randomised controlled clinical trial","Not specified","Not specified","","","","","","",""
"854","A-112625-854","S-112625-854","O-112625-854","https://doi.org/10.1016/S1081-1206(10)60294-3","Acupuncture in patients with allergic rhinitis: a pragmatic randomized trial","Not specified","Not specified","","","","","","",""
"1358","A-112625-1358","S-112625-1358","O-112625-1358","https://doi.org/10.1097/AJP.0b013e318190511c","Acupuncture in Patients With Carpal Tunnel Syndrome A Randomized Controlled Trial","PC 6, PC 7","PC 6, PC 7","PC 6, PC 7","","TARA:4311153, TARA:9020892","","","",""
"106","A-112625-106","S-112625-106","O-112625-106","https://doi.org/10.1001/archinte.166.4.450","Acupuncture in Patients With Chronic Low Back Pain A Randomized Controlled Trial","BL 20, BL 21, BL 22, BL 23, BL 24, BL 25, BL 26, BL 27, BL 28, BL 29, BL 30, BL 31, BL 32, BL 33, BL 34, BL 50, BL 51, BL 52, BL 53, BL 54, GB 30, GV 3, GV 4, GV 5, GV 6, Huatojiaji, Shiqizhuixia, SI 3, BL 40, BL 60, BL 62, KI 3, KI 7, GB 31, GB 34, GB 41, LR 3, GV 14, GV 20","BL 21, BL 21, BL 22, BL 23, BL 24, BL 25, BL 26, BL 27, BL 28, BL 29, BL 30, BL 31, BL 32, BL 33, BL 34, BL 50, BL 51, BL 52, BL 53, BL 54, GB 30, GV 3, GV 4, GV 5, GV 6, SI 3, BL 40, BL 60, BL 62, KI 3, KI 7, GB 31, GB 34, GB 41, LR 3, GV 14, GV 20, Huatuojiaji, Shiqizhui","BL 21, BL 21, BL 22, BL 23, BL 24, BL 25, BL 26, BL 27, BL 28, BL 29, BL 30, BL 31, BL 32, BL 33, BL 34, BL 50, BL 51, BL 52, BL 53, BL 54, GB 30, GV 3, GV 4, GV 5, GV 6, SI 3, BL 40, BL 60, BL 62, KI 3, KI 7, GB 31, GB 34, GB 41, LR 3, GV 14, GV 20, Huatuojiaji, Shiqizhui","","TARA:4839095, TARA:4839095, TARA:3963382, TARA:0992296, TARA:7357260, TARA:0906448, TARA:4384020, TARA:6929444, TARA:5318530, TARA:3079460, TARA:9128934, TARA:2465151, TARA:6742407, TARA:6927551, TARA:1522109, TARA:1208891, TARA:4667633, TARA:7228895, TARA:8423766, TARA:0488267, TARA:9378285, TARA:8807122, TARA:8557069, TARA:1697302, TARA:5902217, TARA:0220496, TARA:5290080, TARA:5047947, TARA:1628341, TARA:4362146, TARA:9881298, TARA:5264783, TARA:8758950, TARA:3668538, TARA:6499349, TARA:8452754, TARA:3386254, TARA:3734471, TARA:9907701","","done, misspelled","",""
"313","A-112625-313","S-112625-313","O-112625-313","https://doi.org/10.1111/j.1468-2982.2008.01640.x","Acupuncture in patients with headache","Not specified","Not specified","","","","","","",""
"61","A-112625-61","S-112625-61","O-112625-61","https://doi.org/10.1002/art.22154","Acupuncture in Patients With Osteoarthritis of the Knee or Hip A Randomized, Controlled Trial With an Additional Nonrandomized Arm","Not specified","Not specified","","","","","","",""
"71","A-112625-71","S-112625-71","O-112625-71","https://doi.org/10.1016/S0140-6736(05)66871-7","Acupuncture in patients with osteoarthritis of the knee: a randomised trial","ST 34, ST 35, ST 36, SP 9, SP 10, BL 40, KI 10, GB 33, GB 34, LR 8, Heding, Xiyan, SP 4, SP 5, SP 6, ST 6, BL 20, BL 57, BL 58, BL 60, BL 62, KI 3","ST 34, ST 35, ST 36, SP 9, SP 10, BL 40, KI 10, GB 33, GB 34, LR 8, Heding, Xiyan, SP 4, SP 5, SP 6, ST 6, BL 20, BL 57, BL 58, BL 60, BL 62, KI 3","ST 34, ST 35, ST 36, SP 9, SP 10, BL 40, KI 10, GB 33, GB 34, LR 8, Heding, Xiyan, SP 4, SP 5, SP 6, ST 6, BL 20, BL 57, BL 58, BL 60, BL 62, KI 3","","TARA:8773594, TARA:2454652, TARA:6463344, TARA:3553465, TARA:8433932, TARA:5290080, TARA:8716769, TARA:3201959, TARA:8758950, TARA:1074531, TARA:3748376, TARA:0926802, TARA:7407065, TARA:7831710, TARA:4385250, TARA:7834226, TARA:3283628, TARA:4589241, TARA:5362994, TARA:5047947, TARA:1628341, TARA:4362146","","","",""
"829","A-112625-829","S-112625-829","O-112625-829","https://doi.org/10.7326/0003-4819-158-4-201302190-00002","Acupuncture in Patients With Seasonal Allergic Rhinitis","LI 4, LI 11, LI 20, EX-HN 3, EX-HN 8, GB 20, LR 3, LU 7, ST 36, SP 6, SJ 17, BL 13","LI 4, LI 11, LI 20, EX-HN 3, EX-HN 8, GB 20, LR 3, LU 7, ST 36, SP 6, SJ 17, BL 13","LI 4, LI 11, LI 20, Yintang, GB 20, LR 3, LU 7, ST 36, SP 6, TE 17, BL 13","EX-HN 8","TARA:0859695, TARA:8923096, TARA:6681003, TARA:3135569, TARA:2324295, TARA:6499349, TARA:3515622, TARA:6463344, TARA:4385250, TARA:6615149, TARA:6050541","","","",""
"338","A-112625-338","S-112625-338","O-112625-338","https://doi.org/10.1136/bmj.38512.405440.8F","Acupuncture in patients with tension-type headache: randomised controlled trial","GB 20, GB 21, LIV 3, LI 4, DU 23, Yintang, Taiyang, ST 44, GB 2, DU 20, Si Shen Cong, BL 10, BL 60, BL 62, DU 14, DU 19, SI 3, SI 6, Taiyang, SP 6, SP 9, ST 36, ST 40, REN 12, LI 4, DU 14, GB 3, SJ 6, GB 39, LI 4, LU 7, SJ 5, DU 14, GB 34","GB 20, GB 21, LIV 3, LI 4, DU 23, Yintang, Taiyang, ST 44, GB 2, DU 20, Si Shen Cong, BL 10, BL 60, BL 62, DU 14, DU 19, SI 3, SI 6, Taiyang, SP 6, SP 9, ST 36, ST 40, REN 12, LI 4, DU 14, GB 3, SJ 6, GB 39, LI 4, LU 7, SJ 5, DU 14, GB 34","GB 20, GB 21, LR 3, LI 4, GV 23, Yintang, Taiyang, ST 44, GB 2, GV 20, Sishencong, BL 10, BL 60, BL 62, GV 14, GV 19, SI 3, SI 6, Taiyang, SP 6, SP 9, ST 36, ST 40, CV 12, LI 4, GV 14, GB 3, TE 6, GB 39, LI 4, LU 7, TE 5, GV 14, GB 34","","TARA:2324295, TARA:5389461, TARA:6499349, TARA:0859695, TARA:7690229, TARA:3135569, TARA:9534465, TARA:8440155, TARA:2849795, TARA:3386254, TARA:9610280, TARA:0242146, TARA:5047947, TARA:1628341, TARA:8452754, TARA:5455543, TARA:0220496, TARA:4125415, TARA:9534465, TARA:4385250, TARA:3553465, TARA:6463344, TARA:9531666, TARA:0434959, TARA:0859695, TARA:8452754, TARA:9191188, TARA:7510801, TARA:3770332, TARA:0859695, TARA:3515622, TARA:8393005, TARA:8452754, TARA:8758950","","","",""
"278","A-112625-278","S-112625-278","O-112625-278","https://doi.org/10.1111/j.1365-2826.2007.01634.x","Acupuncture in Polycystic Ovary Syndrome: Current Experimental and Clinical Evidence","Abdomen, hind limb","Abdomen, hind limb","","Abdomen, hind limb","","","","",""
"1693","A-112625-1693","S-112625-1693","O-112625-1693","https://doi.org/10.3109/14767058.2013.845158","Acupuncture in post-date pregnancy: a pilot study","LI 4, SP 6, ST 36, GB 34, LR 3, PC 6, HT 7","LI 4, SP 6, ST 36, GB 34, LR 3, PC 6, HT 7","LI 4, SP 6, ST 36, GB 34, LR 3, PC 6, HT 7","","TARA:0859695, TARA:4385250, TARA:6463344, TARA:8758950, TARA:6499349, TARA:4311153, TARA:2442762","","","",""
"1017","A-112625-1017","S-112625-1017","O-112625-1017","https://doi.org/10.1016/j.jams.2013.04.005","Acupuncture in Preventing Postoperative Nausea and Vomiting: Efficacy of Two Acupuncture Points Versus a Single One","PC 6, LI 4","PC 6, LI 4","PC 6, LI 4","","TARA:4311153, TARA:0859695","","","",""
"1692","A-112625-1692","S-112625-1692","O-112625-1692","https://doi.org/10.1111/j.0954-6820.1986.tb02770.x","Acupuncture in Severe, Stable Angina Pectoris: a Randomized Trial","P 6, ST 36, UB 14","P 6, ST 36, UB 14","PC 6, ST 36, BL 14","","TARA:4311153, TARA:6463344, TARA:9523348","","","",""
"1559","A-112625-1559","S-112625-1559","O-112625-1559","https://doi.org/10.1016/S0965-2299(96)80087-2","Acupuncture in stroke recovery: a literature review","Not specified","Not specified","","","","","","",""
"1093","A-112625-1093","S-112625-1093","O-112625-1093","https://doi.org/10.2522/ptj.20110138","Acupuncture in Subacute Stroke: No Benefits Detected","HT 1, PC 6, LI 4, EX-UE 9, ST 31, ST 32, SP 9, SP 6, ST 36, LV 3, MS 6, MS 7, ST 4, ST 6, ST 7, SI 18, GV 15, GB 20, EX-HN 12, EX-HN 13, CV 23, HT 5","HT 1, PC 6, LI 4, EX-UE 9, ST 31, ST 32, SP 9, SP 6, ST 36, LV 3, MS 6, MS 7, ST 4, ST 6, ST 7, SI 18, GV 15, GB 20, EX-HN 12, EX-HN 13, CV 23, HT 5","HT 1, PC 6, LI 4, Baxie, ST 31, ST 32, SP 9, SP 6, ST 36, LR 3, ST 4, ST 6, ST 7, SI 18, GV 15, GB 20, Jinjing, Yuye, CV 23, HT 5","MS 6, MS 7","TARA:0420802, TARA:4311153, TARA:0859695, TARA:2491709, TARA:9294655, TARA:8826565, TARA:3553465, TARA:4385250, TARA:6463344, TARA:6499349, TARA:1429314, TARA:7834226, TARA:2990862, TARA:0287877, TARA:4427404, TARA:2324295, TARA:3641900, TARA:7471145, TARA:5804897, TARA:1282828","","","",""
"1691","A-112625-1691","S-112625-1691","O-112625-1691","https://doi.org/10.1159/000315042","Acupuncture in Tension-Type Headache","Not specified","Not specified","","","","","","",""
"516","A-112625-516","S-112625-516","O-112625-516","https://doi.org/10.1155/2012/309762","Acupuncture in the Inpatient Acute Care Setting: A Pragmatic, Randomized Control Trial","Not specified","Not specified","","","","","","",""
"132","A-112625-132","S-112625-132","O-112625-132","https://doi.org/10.1097/00002508-200311000-00004","Acupuncture in the Management of Chronic Low Back Pain: A Blinded Randomized Controlled Trial","Bl 23, Bl 25, GB 30, Bl 40, Ki 3, GV 4","Bl 23, Bl 25, GB 30, Bl 40, Ki 3, GV 4","BL 23, BL 25, GB 30, BL 40, KI 3, GV 4","","TARA:0992296, TARA:0906448, TARA:9378285, TARA:5290080, TARA:4362146, TARA:8557069","","","",""
"714","A-112625-714","S-112625-714","O-112625-714","https://doi.org/10.1034/j.1600-0412.2002.811008.x","Acupuncture in the management of pain in labor","Not specified","Not specified","","","","","","",""
"1035","A-112625-1035","S-112625-1035","O-112625-1035","https://doi.org/10.1136/aim.14.1.2","Acupuncture in the Management of Postoperative Nausea and Vomiting in Patients Receiving Morphine via a Patient Controlled Analgesia","PC 6","PC 6","PC 6","","TARA:4311153","","","",""
"1228","A-112625-1228","S-112625-1228","O-112625-1228","https://doi.org/10.3109/00206099409071892","Acupuncture in the Management of Tinnitus: A Placebo-Controlled Study","Not specified","Not specified","","","","","","",""
"1036","A-112625-1036","S-112625-1036","O-112625-1036","https://doi.org/10.1111/j.1365-2044.1997.143-az0147.x","Acupuncture in the prevention of postoperative nausea and vomiting","P 6","P 6","PC 6","","TARA:4311153","","","",""
"303","A-112625-303","S-112625-303","O-112625-303","https://doi.org/10.1046/j.1526-4610.2002.02203.x","Acupuncture in the Prophylactic Treatment of Migraine Without Aura: A Comparison with Flunarizine","LR 3, SP 6, ST 36, CV 12, LI 4, PC 6, GB 20, GB 14, EX-HN 5, GV 20","LR 3, SP 6, ST 36, CV 12, LI 4, PC 6, GB 20, GB 14, EX-HN 5, GV 20","LR 3, SP 6, ST 36, CV 12, LI 4, PC 6, GB 20, GB 14, Taiyang, GV 20","","TARA:6499349, TARA:4385250, TARA:6463344, TARA:0434959, TARA:0859695, TARA:4311153, TARA:2324295, TARA:9987270, TARA:9534465, TARA:3386254","","","",""
"1689","A-112625-1689","S-112625-1689","O-112625-1689","https://doi.org/10.1080/028134398750003386","Acupuncture in the prophylaxis of recurrent lower urinary tract infection in adult women","REN 3, UB 23, UB 28, KI 3, SP 6, SP 9, LIV 2, LIV 3","REN 3, UB 23, UB 28, KI 3, SP 6, SP 9, LIV 2, LIV 3","CV 3, BL 23, BL 28, KI 3, SP 6, SP 9, LR 2, LR 3","","TARA:0022762, TARA:0992296, TARA:5318530, TARA:4362146, TARA:4385250, TARA:3553465, TARA:6862058, TARA:6499349","","","",""
"967","A-112625-967","S-112625-967","O-112625-967","https://doi.org/10.1080/1355621021000006017","Acupuncture in the treatment of alcohol withdrawal symptoms: a randomized, placebo-controlled inpatient study","Sympathetic, Shenmen, Kidney, Liver, Lung, GV 20, Extra 1, LI 4","Sympathetic, Ear Shenmen, Kidney, Liver, Lung, GV 20, Yintang, LI 4","GV 20, Yintang, LI 4","Sympathetic, Ear Shenmen, Kidney, Liver, Lung","TARA:3386254, TARA:3135569, TARA:0859695","","added ""ear""; fixed extra 1","",""
"564","A-112625-564","S-112625-564","O-112625-564","https://doi.org/10.1177/1534735413520181","Acupuncture in the Treatment of Cancer-Related Psychological Symptoms","Not specified","Not specified","","","","","","",""
"1224","A-112625-1224","S-112625-1224","O-112625-1224","https://doi.org/10.1089/acm.2009.0062","Acupuncture in the Treatment of Diabetic Bladder Dysfunction","BL 23, BL 24, BL 32, BL 39, BL 54","BL 23, BL 24, BL 32, BL 39, BL 54","BL 23, BL 24, BL 32, BL 39, BL 54","","TARA:0992296, TARA:7357260, TARA:6742407, TARA:2186848, TARA:0488267","","","",""
"1231","A-112625-1231","S-112625-1231","O-112625-1231","https://doi.org/10.1530/acta.0.1240143","Acupuncture in the treatment of Graves' ophthalmopathy. A blinded randomized study","Not specified","Not specified","","","","","","",""
"1171","A-112625-1171","S-112625-1171","O-112625-1171","uri not found","Acupuncture in the Treatment of Hypertension: A Literature Review","Quchi LI 11, Hegu LI 4, Zusanli ST 36, Dachangshu BL 25, Taibai SP 3, Taiyuan LU 9, Feishu BL 13, Fuliu KID 7, Dahe KID 12, Guanyuan REN 4, Shangyang LI 1, Dazhui DU 14, Fengchi GB 20, Taichong LIV 3, Sanyinjiao SP 6","","","","","","","",""
"932","A-112625-932","S-112625-932","O-112625-932","https://doi.org/10.1097/AJP.0b013e3181e2697e","Acupuncture in the Treatment of Pain in Temporomandibular Disorders: A Systematic Review and Meta-analysis of Randomized Controlled Trials","ST 6, ST 7, GB 20, EX 2, LI 4, SI 2, SI 3, ST 36","","","","","","its a review. remove points","",""
"1441","A-112625-1441","S-112625-1441","O-112625-1441","uri not found","Acupuncture In The Treatment Of Patients With Chronic Obstructive Bronchitis: A Randomized Controlled Trial","Not specified (the paper does not provide a detailed list of acupoints used in the study)","Not specified (the paper does not provide a detailed list of acupoints used in the study)","","","","","","",""
"1413","A-112625-1413","S-112625-1413","O-112625-1413","https://pubmed.ncbi.nlm.nih.gov/10427802.0/","Acupuncture in the treatment of posttraumatic pain syndrome","Not specified","Not specified","","","","","","",""
"294","A-112625-294","S-112625-294","O-112625-294","https://doi.org/10.1038/sj.ijir.3901021","Acupuncture in the treatment of psychogenic erectile dysfunction: first results of a prospective randomized placebo-controlled study","N 6, N 27, KG 4, KG 6, LG 4, MP 6, B 23, G 39, M 41, M 25","N 6, N 27, KG 4, KG 6, LG 4, MP 6, B 23, G 39, M 41, M 25","BL 23, GB 39","N 6, N 27, KG 4, KG 6, LG 4, MP 6, M 41, M 25","TARA:0992296, TARA:3770332","","","",""
"1688","A-112625-1688","S-112625-1688","O-112625-1688","https://doi.org/10.1016/s0022-5347(17)37121-5","Acupuncture in the treatment of renal colic","EX UE 7, UB 21, UB 22, UB 23, UB 24, UB 25, UB 45, UB 46, UB 47, EX B7","EX UE 7, UB 21, UB 22, UB 23, UB 24, UB 25, UB 45, UB 46, UB 47, EX B7","Yaotongxue, BL 21, BL 22, BL 23, BL 24, BL 25, BL 45, BL 46, BL 47, Yaoyan","","TARA:7584875, TARA:4839095, TARA:3963382, TARA:0992296, TARA:7357260, TARA:0906448, TARA:8937265, TARA:0607588, TARA:1766712, TARA:2630570","","","",""
"67","A-112625-67","S-112625-67","O-112625-67","https://doi.org/10.1186/1472-6882-7-35","Acupuncture in the treatment of rheumatoid arthritis: a double-blind controlled pilot study","LI 11, TE 5, LI 4, ST 36, GB 34, GB 39","LI 11, TE 5, LI 4, ST 36, GB 34, GB 39","LI 11, TE 5, LI 4, ST 36, GB 34, GB 39","","TARA:8923096, TARA:8393005, TARA:0859695, TARA:6463344, TARA:8758950, TARA:3770332","","","",""
"1551","A-112625-1551","S-112625-1551","O-112625-1551","https://doi.org/10.1016/S0965-2299(96)80009-4","Acupuncture in the treatment of stroke patients in the subacute stage: a randomized, controlled study","Not specified","Not specified","","","","","","",""
"210","A-112625-210","S-112625-210","O-112625-210","https://doi.org/10.1007/s00405-014-3341-7","Acupuncture in the treatment of tinnitus: a systematic review and meta-analysis","SI 19, GB 2, SJ 17, GB 20, SJ 21, SJ 3, LI 4","","","","","","","",""
"1411","A-112625-1411","S-112625-1411","O-112625-1411","https://doi.org/10.3109/00016359109005900","Acupuncture in treatment of facial muscular pain","Li 4","Li 4","LI 4","","TARA:0859695","","","",""
"849","A-112625-849","S-112625-849","O-112625-849","https://doi.org/10.1016/s0954-6111(98)90409-7","Acupuncture in treatment of stable asthma","CV 17","CV 17","CV 17","","TARA:3472408","","","",""
"937","A-112625-937","S-112625-937","O-112625-937","https://doi.org/10.1111/j.1365-2842.2005.01445.x","Acupuncture in xerostomia -a systematic review","ST 3, ST 4, ST 5, ST 6, ST 7, SI 17, PC 6, HT 7, LI 4, LI 8, LI 10, SI 3, SI 7, GV 20, CV 9, CV 17, ST 36, KI 3, KI 5, SP 4, SP 6, SP 8, LI 18, TE 17, TE 5, GB 41, LR 3, BL 2, CV 23, CV 24, GV 26, Biantao, Quianzhen, Shemen, vegetativum, kidney, spleen, mouth, subcortex, pancreas, endocrine, hormone","","","","","","","",""
"184","A-112625-184","S-112625-184","O-112625-184","https://doi.org/10.1054/jcaf.2002.129656","Acupuncture Inhibits Sympathetic Activation During Mental Stress in Advanced Heart Failure Patients","Li 4, Liv 3, P 6","Li 4, Liv 3, P 6","LI 4, LR 3, PC 6","","TARA:0859695, TARA:6499349, TARA:4311153","","","",""
"357","A-112625-357","S-112625-357","O-112625-357","https://doi.org/10.1136/gut.35.8.1026","Acupuncture inhibits vagal gastric acid secretion stimulated by sham feeding in healthy subjects","BL 21, ST 36, KJ 12, medial to the insertion of the deltoid muscle, caudal to the iliac crest in the gluteus maximus muscle","BL 21, ST 36, KJ 12, medial to the insertion of the deltoid muscle, caudal to the iliac crest in the gluteus maximus muscle","BL 21, ST 36","KJ 12, medial to the insertion of the deltoid muscle, caudal to the iliac crest in the gluteus maximus muscle","TARA:4839095, TARA:6463344","","","",""
"1058","A-112625-1058","S-112625-1058","O-112625-1058","https://doi.org/10.1142/S0192415X12500516","Acupuncture Intervention in Ischemic Stroke: A Randomized Controlled Prospective Study","PC 6, DU 26, SP 6, HT 1, BL 40, LU 5, GB 20, TE 17, GB 12, LI 4, CV 23, EX-HN 12, EX-HN 13, GB 40, KI 6","PC 6, DU 26, SP 6, HT 1, BL 40, LU 5, GB 20, TE 17, GB 12, LI 4, CV 23, EX-HN 12, EX-HN 13, GB 40, KI 6","PC 6, GV 26, SP 6, HT 1, BL 40, LU 5, GB 20, TE 17, GB 12, LI 4, CV 23, Jinjing, Yuye, GB 40, KI 6","","TARA:4311153, TARA:0829128, TARA:4385250, TARA:0420802, TARA:5290080, TARA:1357729, TARA:2324295, TARA:6615149, TARA:1031890, TARA:0859695, TARA:5804897, TARA:3641900, TARA:7471145, TARA:9254368, TARA:2108622","","","",""
"366","A-112625-366","S-112625-366","O-112625-366","https://doi.org/10.1016/j.neulet.2010.08.016","Acupuncture is effective to attenuate stress and stimulate lymphocyte proliferation in the elderly","LI 4, SP 6, ST 36","LI 4, SP 6, ST 36","LI 4, SP 6, ST 36","","TARA:0859695, TARA:4385250, TARA:6463344","","","",""
"26","A-112625-26","S-112625-26","O-112625-26","https://doi.org/10.1111/j.1460-9592.2009.03129.x","Acupuncture management of pain and emergence agitation in children after bilateral myringotomy and tympanostomy tube insertion","LI 4, HT 7","LI 4, HT 7","LI 4, HT 7","","TARA:0859695, TARA:2442762","","","",""
"1686","A-112625-1686","S-112625-1686","O-112625-1686","https://doi.org/10.1016/j.jebdp.2011.12.001","Acupuncture may be no more effective than sham acupuncture in treating temporomandibular joint disorders","Not specified","Not specified","","","","","","",""
"1542","A-112625-1542","S-112625-1542","O-112625-1542","uri not found","Acupuncture Medication Versus Medication Alone in Lowering Intracranial Pressure in Apoplectic Patients","DU 26, DU 16, GB 20, PC 9, LR 3, LI 11","DU 26, DU 16, GB 20, PC 9, LR 3, LI 11","GV 26, GV 16, GB 20, PC 9, LR 3, LI 11","","TARA:0829128, TARA:3361967, TARA:2324295, TARA:5138859, TARA:6499349, TARA:8923096","","","",""
"42","A-112625-42","S-112625-42","O-112625-42","https://doi.org/10.1038/srep06482","Acupuncture modulates cortical thickness and functional connectivity in knee osteoarthritis patients","ST 35, Xi Yan, GB 34, SP 9, GB 39, SP 6, GB 4, K 9, K 10","ST 35, Xi Yan, GB 34, SP 9, GB 39, SP 6, GB 4, K 9, K 10","ST 35, Xiyan, GB 34, SP 9, GB 39, SP 6, GB 4, KI 9, KI 10","","TARA:2454652, TARA:0926802, TARA:8758950, TARA:3553465, TARA:3770332, TARA:4385250, TARA:4352504, TARA:2687954, TARA:8716769","","","",""
"328","A-112625-328","S-112625-328","O-112625-328","https://doi.org/10.3310/hta8480","Acupuncture of chronic headache disorders in primary care: randomised controlled trial and economic analysis","Not specified","Not specified","","","","","","",""
"1534","A-112625-1534","S-112625-1534","O-112625-1534","https://doi.org/10.1089/acu.2009.0709","Acupuncture of Motor Implicated Acupoints on Subacute Stroke Patients: An fMRI Evaluation Study","LI 4, PC 6, LI 11, TE 4, LU 6, LI 12","LI 4, PC 6, LI 11, TE 4, LU 6, LI 12","LI 4, PC 6, LI 11, TE 4, LU 6, LI 12","","TARA:0859695, TARA:4311153, TARA:8923096, TARA:1594912, TARA:3496812, TARA:9554328","","","",""
"807","A-112625-807","S-112625-807","O-112625-807","https://doi.org/10.1016/j.fertnstert.2005.08.070","Acupuncture on the day of embryo transfer significantly improves the reproductive outcome in infertile women: a prospective, randomized trial","DU 20, ST 29, SP 8, PC 6, LR 3, ST 36, SP 6, SP 10, LI 4, Ren 3","DU 20, ST 29, SP 8, PC 6, LR 3, ST 36, SP 6, SP 10, LI 4, Ren 3","GV 20, ST 29, SP 8, PC 6, LR 3, ST 36, SP 6, SP 10, LI 4, CV 3","","TARA:3386254, TARA:5873796, TARA:6848518, TARA:4311153, TARA:6499349, TARA:6463344, TARA:4385250, TARA:8433932, TARA:0859695, TARA:0022762","","","",""
"816","A-112625-816","S-112625-816","O-112625-816","https://doi.org/10.1016/j.rbmo.2010.03.029","Acupuncture on the day of embryo transfer: a randomized controlled trial of 635 patients","DU 20, M 29, KS 6, MP 8, LR 3, CO 4, MP 10, M 36, MP 6","DU 20, M 29, KS 6, MP 8, LR 3, CO 4, MP 10, M 36, MP 6","GV 20, LR 3, LI 4","M 29, KS 6, MP 8, MP 10, M 36, MP 6","TARA:3386254, TARA:6499349, TARA:0859695","","","",""
"1685","A-112625-1685","S-112625-1685","O-112625-1685","https://doi.org/10.1089/acm.2012.0494","Acupuncture on Yintang Point Decreases Preoperative Anxiety","EX HN 3","EX HN 3","Yintang","","TARA:3135569","","","",""
"427","A-112625-427","S-112625-427","O-112625-427","https://doi.org/10.1155/2013/493038","Acupuncture or Acupressure at the Sanyinjiao (SP6) Acupoint for the Treatment of Primary Dysmenorrhea: A Meta-Analysis","SP 6, GB 39","SP 6, GB 39","SP 6, GB 39","","TARA:4385250, TARA:3770332","","","",""
"747","A-112625-747","S-112625-747","O-112625-747","https://doi.org/10.1002/14651858.cd009232","Acupuncture or acupressure for pain management in labour","SP 6, LI 4, BL 23, BL 32, HT 7, GB 34, LR 3, ST 36, BL 24, BL 25, BL 26, BL 31, BL 33, BL 34, BL 36, BL 60, CV 20, Uterus, Shenmen, Endocrine, EX-HN 3, Yintang, LI 10, LI 11, LU 7, PC 6","","","","","","review paper","",""
"533","A-112625-533","S-112625-533","O-112625-533","https://doi.org/10.1016/S0254-6272(09)60001-7","Acupuncture plus Acupoint Injection for Treatment of Cervical Spondylosis of VertebroarterialType","Jiaji, GB 20, KI 3, SP 6, ST 36, LR 3, ST 40, GV 14","Jiaji, GB 20, KI 3, SP 6, ST 36, LR 3, ST 40, GV 14","Huatuojiaji, GB 20, KI 3, SP 6, ST 36, LR 3, ST 40, GV 14","","TARA:3734471, TARA:2324295, TARA:4362146, TARA:4385250, TARA:6463344, TARA:6499349, TARA:9531666, TARA:8452754","","","",""
"1573","A-112625-1573","S-112625-1573","O-112625-1573","uri not found","Acupuncture Plus Ear-point Press in Preventing Vomiting Induced by Chemotherapy with Cisplatin","RN 12, PC 6, ST 36, Stomach, Shenmen, Lower Tragus","RN 12, PC 6, ST 36, Stomach, Ear Shenmen, Lower Tragus","CV 12, PC 6, ST 36","Stomach, Ear Shenmen, Lower Tragus","TARA:0434959, TARA:4311153, TARA:6463344","","added ""ear""","",""
"415","A-112625-415","S-112625-415","O-112625-415","https://doi.org/10.1080/14767050410001668644","Acupuncture plus moxibustion to resolve breech presentation: a randomized controlled study","BL 67","BL 67","BL 67","","TARA:7218725","","","",""
"1477","A-112625-1477","S-112625-1477","O-112625-1477","https://pubmed.ncbi.nlm.nih.gov/16705847.0/","Acupuncture plus Point injection for 32 Cases of Obstinate Urticaria","Quchi LI 11, Xuehai SP 10, Zusanli ST 36, Sanyinjiao SP 6, Fengchi GB 20, Geshu BL 17","LI 11, SP 10, ST 36, SP 6, GB 20, BL 17","LI 11, SP 10, ST 36, SP 6, GB 20, BL 17","","TARA:8923096, TARA:8433932, TARA:6463344, TARA:4385250, TARA:2324295, TARA:1124682","","","",""
"386","A-112625-386","S-112625-386","O-112625-386","https://doi.org/10.1006/nimg.2001.0798","Acupuncture Produces Central Activations in Pain Regions","Zusanli 36 St., Qi-ze 5 Lu.","ST 36, LU 5","ST 36, LU 5","","TARA:6463344, TARA:1357729","","","",""
"742","A-112625-742","S-112625-742","O-112625-742","https://doi.org/10.1136/aim.2010.002394","Acupuncture reduces crying in infants with infantile colic: a randomised, controlled, blind clinical study","LI 4","LI 4","LI 4","","TARA:0859695","","","",""
"297","A-112625-297","S-112625-297","O-112625-297","https://doi.org/10.1002/nau.10105","Acupuncture Reflexotherapy in the Treatment of Sensory Urgency That Persists After Transurethral Resection of the Prostate: A Preliminary Report","CV 1, CV 2, CV 4, CV 5, BL 21, BL 23, BL 32, Prostate, External Genitalia","CV 1, CV 2, CV 4, CV 5, BL 21, BL 23, BL 32, Prostate, External Genitalia","CV 1, CV 2, CV 4, CV 5, BL 21, BL 23, BL 32","Prostate, External Genitalia","TARA:8693603, TARA:6969962, TARA:9921528, TARA:1205186, TARA:4839095, TARA:0992296, TARA:6742407","","","",""
"1096","A-112625-1096","S-112625-1096","O-112625-1096","https://doi.org/10.1186/1471-2202-13-75","Acupuncture regulates the glucose metabolism in cerebral functional regions in chronic stage ischemic stroke patients-a PET-CT cerebral functional imaging study","TE 5","TE 5","TE 5","","TARA:8393005","","","",""
"1684","A-112625-1684","S-112625-1684","O-112625-1684","https://doi.org/10.1016/j.breast.2012.07.015","Acupuncture relieves menopausal discomfort in breast cancer patients: A prospective, double blinded, randomized study","Hc 6, Ki 3, Sp 6, Lr 3","Hc 6, Ki 3, Sp 6, Lr 3","PC 6, KI 3, SP 6, LR 3","","TARA:4311153, TARA:4362146, TARA:4385250, TARA:6499349","","","",""
"785","A-112625-785","S-112625-785","O-112625-785","https://doi.org/10.1111/j.0001-6349.2004.0215.x","Acupuncture relieves pelvic and low-back pain in late pregnancy","LR 3, GV 20, BL 60, SI 3, BL 22, BL 23, BL 24, BL 25, BL 26, local TP","LR 3, GV 20, BL 60, SI 3, BL 22, BL 23, BL 24, BL 25, BL 26, local TP","LR 3, GV 20, BL 60, SI 3, BL 22, BL 23, BL 24, BL 25, BL 26","local TP","TARA:6499349, TARA:3386254, TARA:5047947, TARA:0220496, TARA:3963382, TARA:0992296, TARA:7357260, TARA:0906448, TARA:4384020","","","",""
"173","A-112625-173","S-112625-173","O-112625-173","https://doi.org/10.7812/TPP/14-057","Acupuncture Safety in Patients Receiving Anticoagulants: A Systematic Review","GB 20, CV 17, PC 6, SP 6, P 4","","","","","","","",""
"1084","A-112625-1084","S-112625-1084","O-112625-1084","https://doi.org/10.1142/S0192415X09006990","Acupuncture Stimulation Improves Balance Function in Stroke Patients: A Single-Blinded Controlled, Randomized Study","GV 20","GV 20","GV 20","","TARA:3386254","","","",""
"487","A-112625-487","S-112625-487","O-112625-487","https://doi.org/10.1177/1533317514536600","Acupuncture Stimulation of Taichong (Liv3) and Hegu (LI4) Modulates the Default Mode Network Activity in Alzheimer's Disease","Liv 3, LI 4","Liv 3, LI 4","LR 3, LI 4","","TARA:6499349, TARA:0859695","","","",""
"157","A-112625-157","S-112625-157","O-112625-157","https://doi.org/10.1308/003588410X12699663904196","Acupuncture therapy for chronic lower back pain: a systematic review","Not specified","Not specified","","","","","","",""
"1412","A-112625-1412","S-112625-1412","O-112625-1412","uri not found","Acupuncture Therapy for Chronic Pain A RANDOMIZED COMPARISON BETWEEN ACUPUNCTURE AND PSEUDO-ACUPUNCTURE WITH MINIMAL PERIPHERAL STIMULUS","LG 13, G 20, B 12, B 60, G 34, M 36, B 27, B 28, B 29, B 54, G 29, G 30, G 31","LG 13, G 20, B 12, B 60, G 34, M 36, B 27, B 28, B 29, B 54, G 29, G 30, G 31","GB 20, BL 12, BL 60, GB 34, BL 27, BL 28, BL 29, BL 54, GB 29, GB 30, GB 31","LG 13, M 36","TARA:2324295, TARA:5468609, TARA:5047947, TARA:8758950, TARA:6929444, TARA:5318530, TARA:3079460, TARA:0488267, TARA:0427594, TARA:9378285, TARA:5264783","","","",""
"213","A-112625-213","S-112625-213","O-112625-213","https://doi.org/10.1371/journal.pone.0125240","Acupuncture Therapy for Sudden Sensorineural Hearing Loss: A Systematic Review and Meta-Analysis of Randomized Controlled Trials","SJ 17, SJ 19, GB 2, LI 4, ST 36, SP 6, KI 3, LR 3, GB 44, SI 19, GB 20, SJ 3, SJ 5, GB 43","","","","","","","",""
"671","A-112625-671","S-112625-671","O-112625-671","https://doi.org/10.1097/MD.0000000000006064","Acupuncture therapy in the management of the clinical outcomes for temporomandibular disorders A PRISMA-compliant meta-analysis","Not specified","Not specified","","","","","","",""
"217","A-112625-217","S-112625-217","O-112625-217","https://doi.org/10.1155/2015/143858","Acupuncture Therapy Is More Effective Than Artificial Tears for Dry Eye Syndrome: Evidence Based on a Meta-Analysis","GB 1, UB 2, ST 5, Ex 2 Yin Tang, LI 4, SI 3, Li 3, Kd 6, TH 5, ST 8, ST 36, GB 14, BL 2, LI 20, LI 11, SP 6, SP 10, SP 9, KI 6, Ex-HN, SJ 23, DU 20, BL 1, ST 1, Taiyang, TE 23, Ex 1, GB 20, GV 23","","","","","","review - tale out all points","",""
"1457","A-112625-1457","S-112625-1457","O-112625-1457","https://doi.org/10.1016/S1726-4901(07)70002-3","Acupuncture Therapy Results in Immediate Bronchodilating Effect in Asthma Patients","lung 7, large intestine 4, pericardium 6, stomach 40, large intestine 11, pericardium 3","lung 7, large intestine 4, pericardium 6, stomach 40, large intestine 11, pericardium 3","LU 7, LI 4, PC 6, ST 40, LI 11, PC 3","","TARA:3515622, TARA:0859695, TARA:4311153, TARA:9531666, TARA:8923096, TARA:7634323","","","",""
"1568","A-112625-1568","S-112625-1568","O-112625-1568","https://doi.org/10.1055/s-0028-1086039","Acupuncture to Alleviate Chemotherapy-induced Nausea and Vomiting in Pediatric Oncology — A Randomized Multicenter Crossover Pilot Trial","Not specified","Not specified","","","","","","",""
"1403","A-112625-1403","S-112625-1403","O-112625-1403","https://doi.org/10.1097/AOG.0b013e31818b46bb","Acupuncture to Induce Labor A Randomized Controlled Trial","LI 4, SP 6, UB 31, UB 32, ST 36, LIV 3, KI 7, BL 20, BL 21","LI 4, SP 6, UB 31, UB 32, ST 36, LIV 3, KI 7, BL 20, BL 21","LI 4, SP 6, BL 31, BL 32, ST 36, LR 3, KI 7, BL 20, BL 21","","TARA:0859695, TARA:4385250, TARA:2465151, TARA:6742407, TARA:6463344, TARA:6499349, TARA:9881298, TARA:3283628, TARA:4839095","","","",""
"715","A-112625-715","S-112625-715","O-112625-715","https://doi.org/10.1080/14767050902906386","Acupuncture to initiate labor (Acumoms 2): A randomized, sham-controlled clinical trial","LI 4, SP 6, BL 32, BL 54","LI 4, SP 6, BL 32, BL 54","LI 4, SP 6, BL 32, BL 54","","TARA:0859695, TARA:4385250, TARA:6742407, TARA:0488267","","","",""
"690","A-112625-690","S-112625-690","O-112625-690","https://doi.org/10.1155/2015/908538","Acupuncture to Reduce HIV-Associated Inflammation","LU 1, ST 36, PC 6, LI 4","LU 1, ST 36, PC 6, LI 4","LU 1, ST 36, PC 6, LI 4","","TARA:0913913, TARA:6463344, TARA:4311153, TARA:0859695","","","",""
"277","A-112625-277","S-112625-277","O-112625-277","https://doi.org/10.1016/j.autneu.2010.03.013","Acupuncture to treat common reproductive health complaints: An overview of the evidence","SP 4, KD 3, ST 36, ST 30, CV 2, CV 4, CV 6, GV 20, LI 4, Liv 3, CV 3, PC 6, GB 34, BL 23, Shenmen, A 5, A 6, A 8, A 12, A 16, A 18, Liver Ki Mek N 18, Spleen Ki Mek F 6, ST 29, SP 6, SP 9","","","","","","review paper","",""
"783","A-112625-783","S-112625-783","O-112625-783","https://doi.org/10.1046/j.1523-536x.2002.00149.x","Acupuncture To Treat Nausea and Vomiting in Early Pregnancy: A Randomized Controlled Trial","ST 19, ST 20, ST 21, KI 21, KI 20, CV 14, CV 13, CV 12, CV 11, CV 10, P6, GB 34, ST 36, ST 44, CV 11, ST 34, ST 21, P6, PC 3, ST 40, SP 9, ST 19, BL 20, KI 21, HT 5, P6, CV 14, BL 15","ST 19, ST 20, ST 21, KI 21, KI 20, CV 14, CV 13, CV 12, CV 11, CV 10, P6, GB 34, ST 36, ST 44, CV 11, ST 34, ST 21, P6, PC 3, ST 40, SP 9, ST 19, BL 20, KI 21, HT 5, P6, CV 14, BL 15","ST 19, ST 20, ST 21, KI 21, KI 20, CV 14, CV 13, CV 12, CV 11, CV 10, PC 6, GB 34, ST 36, ST 44, CV 11, ST 34, ST 21, PC 6, PC 3, ST 40, SP 9, ST 19, BL 20, KI 21, HT 5, PC 6, CV 14, BL 15","","TARA:7653020, TARA:2542400, TARA:1654197, TARA:3952187, TARA:5721784, TARA:4823591, TARA:4525270, TARA:0434959, TARA:4904054, TARA:1822260, TARA:4311153, TARA:8758950, TARA:6463344, TARA:8440155, TARA:4904054, TARA:8773594, TARA:1654197, TARA:4311153, TARA:7634323, TARA:9531666, TARA:3553465, TARA:7653020, TARA:3283628, TARA:3952187, TARA:1282828, TARA:4311153, TARA:4823591, TARA:5797983","","","",""
"194","A-112625-194","S-112625-194","O-112625-194","https://doi.org/10.1155/2015/563236","Acupuncture to Treat Sleep Disorders in Postmenopausal Women: A Systematic Review","Not specified","Not specified","","","","","","",""
"737","A-112625-737","S-112625-737","O-112625-737","https://doi.org/10.1089/acm.2009.0714","Acupuncture Treatment as Breastfeeding Support: Preliminary Data","SI 1, ST 18, CV 17, ST 36, SP 6, BL 20, LR 3, PC 6","SI 1, ST 18, CV 17, ST 36, SP 6, BL 20, LR 3, PC 6","SI 1, ST 18, CV 17, ST 36, SP 6, BL 20, LR 3, PC 6","","TARA:9168896, TARA:6412285, TARA:3472408, TARA:6463344, TARA:4385250, TARA:3283628, TARA:6499349, TARA:4311153","","","",""
"419","A-112625-419","S-112625-419","O-112625-419","https://doi.org/10.1111/j.1471-0528.2002.01212.x","Acupuncture treatment during labour a randomised controlled trial","Not specified","Not specified","","","","","","",""
"1369","A-112625-1369","S-112625-1369","O-112625-1369","https://pubmed.ncbi.nlm.nih.gov/16334716.0/","Acupuncture Treatment for 15 Cases of Post traumatic Coma","Not specified","Not specified","","","","","","",""
"453","A-112625-453","S-112625-453","O-112625-453","https://pubmed.ncbi.nlm.nih.gov/12747204.0/","Acupuncture Treatment for 157 Cases of Anxiety Neurosis","GV 20, PC 6, GV 26, SP 6, BL 42, BL 44, BL 47, BL 49, BL 52, EX HN1, GB 13, GV 24, GV 12, BL 15, HT 7, BL 23","GV 20, PC 6, GV 26, SP 6, BL 42, BL 44, BL 47, BL 49, BL 52, EX HN1, GB 13, GV 24, GV 12, BL 15, HT 7, BL 23","GV 20, PC 6, GV 26, SP 6, BL 42, BL 44, BL 47, BL 49, BL 52, Sishencong, GB 13, GV 24, GV 12, BL 15, HT 7, BL 23","","TARA:3386254, TARA:4311153, TARA:0829128, TARA:4385250, TARA:1068174, TARA:7646636, TARA:1766712, TARA:6846652, TARA:7228895, TARA:9610280, TARA:4994509, TARA:7679931, TARA:8607646, TARA:5797983, TARA:2442762, TARA:0992296","","","",""
"888","A-112625-888","S-112625-888","O-112625-888","https://pubmed.ncbi.nlm.nih.gov/11977515.0/","Acupuncture Treatment for 32 cases of Uremic Cutaneous Pruritus","LI 11, ST 36","LI 11, ST 36","LI 11, ST 36","","TARA:8923096, TARA:6463344","","","",""
"1531","A-112625-1531","S-112625-1531","O-112625-1531","https://pubmed.ncbi.nlm.nih.gov/17078439.0/","Acupuncture Treatment for 68 Cases of Functional Impairment Induced by Cerebral Hemorrhage at the Convalescence Stage","Not specified","Not specified","","","","","","",""
"1252","A-112625-1252","S-112625-1252","O-112625-1252","https://pubmed.ncbi.nlm.nih.gov/16447666.0/","Acupuncture Treatment for 76 Cases of Ulcerative Colitis","ST 37, ST 25, CV 4, ST 36, CV 12, BL 25, GV 1","ST 37, ST 25, CV 4, ST 36, CV 12, BL 25, GV 1","ST 37, ST 25, CV 4, ST 36, CV 12, BL 25, GV 1","","TARA:5918799, TARA:5717468, TARA:9921528, TARA:6463344, TARA:0434959, TARA:0906448, TARA:3865403","","","",""
"179","A-112625-179","S-112625-179","O-112625-179","https://doi.org/10.1016/j.ijcard.2011.02.049","Acupuncture treatment for cardiac arrhythmias: A systematic review of randomized controlled trials","Not specified","Not specified","","","","","","",""
"1256","A-112625-1256","S-112625-1256","O-112625-1256","https://doi.org/10.1159/000048847","Acupuncture Treatment for Irritable Bowel Syndrome A Double-Blind Controlled Study","LI 4, BL 60","LI 4, BL 60","LI 4, BL 60","","TARA:0859695, TARA:5047947","","","",""
"1188","A-112625-1188","S-112625-1188","O-112625-1188","https://pubmed.ncbi.nlm.nih.gov/16447665.0/","Acupuncture Treatment for Multiple AortitisA Clinical Report of 40 Cases","ST 9, HT 1, LU 9, BL 15, BL 17, BL 13, GB 20, GB 12, BL 10, BL 1, BL 2, EX HN 7, LI 11, TE 5, LI 4","ST 9, HT 1, LU 9, BL 15, BL 17, BL 13, GB 20, GB 12, BL 10, BL 1, BL 2, EX HN 7, LI 11, TE 5, LI 4","ST 9, HT 1, LU 9, BL 15, BL 17, BL 13, GB 20, GB 12, BL 10, BL 1, BL 2, Qiuhou, LI 11, TE 5, LI 4","","TARA:6890771, TARA:0420802, TARA:8122277, TARA:5797983, TARA:1124682, TARA:6050541, TARA:2324295, TARA:1031890, TARA:0242146, TARA:1460220, TARA:8104948, TARA:9268434, TARA:8923096, TARA:8393005, TARA:0859695","","","",""
"1393","A-112625-1393","S-112625-1393","O-112625-1393","uri not found","Acupuncture Treatment For Obesity: A Randomized Controlled Trial","PC 6, ST 36, Hunger point in front of the tragus of the ear","PC 6, ST 36, Hunger point in front of the tragus of the ear","PC 6, ST 36","Hunger point in front of the tragus of the ear","TARA:4311153, TARA:6463344","","","",""
"1591","A-112625-1591","S-112625-1591","O-112625-1591","https://doi.org/10.1016/j.jsat.2006.02.005","Acupuncture treatment for opiate addiction: A systematic review","Not specified","Not specified","","","","","","",""
"749","A-112625-749","S-112625-749","O-112625-749","https://doi.org/10.1136/bmj.a3115","Acupuncture treatment for pain: systematic review of randomised clinical trials with acupuncture, placebo acupuncture, and no acupuncture groups","Not specified","Not specified","","","","","","",""
"226","A-112625-226","S-112625-226","O-112625-226","https://doi.org/10.1093/ecam/nep186","Acupuncture Treatment for Plantar Fasciitis: A Randomized Controlled Trial with Six Months Follow-Up","PC 7, LI 4","PC 7, LI 4","PC 7, LI 4","","TARA:9020892, TARA:0859695","","","",""
"1683","A-112625-1683","S-112625-1683","O-112625-1683","https://doi.org/10.1089/acu.2012.0913","Acupuncture Treatment for Premenstrual Syndrome","HT 7, GV 20, CV 17, SP 10, LR 3, SP 6, BL 20, BL 18, CV 4, PC 6, BL 23, BL 17, GV 8, GV 7, GV 6, GV 5, GV 4, GV 3, BL 21, BL 19, BL 22, BL 47, BL 48, BL 49, BL 50, BL 51, BL 52, EX HN 3, EX HN 5, GB 7, GV 27, EX HN 1, CV 6, KI 7, Heart, Lung, Liver, Uterus, Endocrine, Adrenal Gland, middle line of the forehead, middle line of the vertex, first lateral line of the forehead, second lateral line of the forehead, third lateral line of the forehead","HT 7, GV 20, CV 17, SP 10, LR 3, SP 6, BL 20, BL 18, CV 4, PC 6, BL 23, BL 17, GV 8, GV 7, GV 6, GV 5, GV 4, GV 3, BL 21, BL 19, BL 22, BL 47, BL 48, BL 49, BL 50, BL 51, BL 52, EX HN 3, EX HN 5, GB 7, GV 27, EX HN 1, CV 6, KI 7, Heart, Lung, Liver, Uterus, Endocrine, Adrenal Gland, middle line of the forehead, middle line of the vertex, first lateral line of the forehead, second lateral line of the forehead, third lateral line of the forehead","HT 7, GV 20, CV 17, SP 10, LR 3, SP 6, BL 20, BL 18, CV 4, PC 6, BL 23, BL 17, GV 8, GV 7, GV 6, GV 5, GV 4, GV 3, BL 21, BL 19, BL 22, BL 47, BL 48, BL 49, BL 50, BL 51, BL 52, Yintang, Taiyang, GB 7, GV 27, Sishencong, CV 6, KI 7","Heart, Lung, Liver, Uterus, Endocrine, Adrenal Gland, middle line of the forehead, middle line of the vertex, first lateral line of the forehead, second lateral line of the forehead, third lateral line of the forehead","TARA:2442762, TARA:3386254, TARA:3472408, TARA:8433932, TARA:6499349, TARA:4385250, TARA:3283628, TARA:9655874, TARA:9921528, TARA:4311153, TARA:0992296, TARA:1124682, TARA:8093645, TARA:9586774, TARA:5902217, TARA:1697302, TARA:8557069, TARA:8807122, TARA:4839095, TARA:6145687, TARA:3963382, TARA:1766712, TARA:6893448, TARA:6846652, TARA:1208891, TARA:4667633, TARA:7228895, TARA:3135569, TARA:9534465, TARA:0478496, TARA:6574583, TARA:9610280, TARA:8833337, TARA:9881298","","","",""
"508","A-112625-508","S-112625-508","O-112625-508","https://doi.org/10.1016/s0254-6272(09)60006-6","Acupuncture Treatment for Spontaneous Polyhidrosis","EX-B2","EX-B2","Huatuojiaji","","TARA:3734471","","","",""
"1507","A-112625-1507","S-112625-1507","O-112625-1507","https://doi.org/10.1097/00002508-199009000-00009","Acupuncture Treatment in Epicondylalgia: A Comparative Study of Two Acupuncture Techniques","LI 10, LI 11, LI 12, Lu 5, SJ 5","LI 10, LI 11, LI 12, Lu 5, SJ 5","LI 10, LI 11, LI 12, LU 5, TE 5","","TARA:0742938, TARA:8923096, TARA:9554328, TARA:1357729, TARA:8393005","","","",""
"1248","A-112625-1248","S-112625-1248","O-112625-1248","https://doi.org/10.3748/wjg.v13.i25.3417","Acupuncture treatment in gastrointestinal diseases: A systematic review","BL 23, BL 30, LI 4, BL 60, LI 4, St 36, UB 57","","","","","","","",""
"222","A-112625-222","S-112625-222","O-112625-222","https://doi.org/10.1111/j.1600-0420.2004.00254.x","Acupuncture treatment in patients with keratoconjunctivitis sicca: a pilot study","ST 2, ST 8, ST 36, GB 1, GB 14, BL 2, LI 4","ST 2, ST 8, ST 36, GB 1, GB 14, BL 2, LI 4","ST 2, ST 8, ST 36, GB 1, GB 14, BL 2, LI 4","","TARA:6392753, TARA:9946635, TARA:6463344, TARA:5541141, TARA:9987270, TARA:8104948, TARA:0859695","","","",""
"1006","A-112625-1006","S-112625-1006","O-112625-1006","https://doi.org/10.2105/ajph.92.10.1609","Acupuncture Treatment in the Prevention of Uncomplicated Recurrent Lower Urinary Tract Infections in Adult Women","CV 3, CV 4, BL 23, BL 28, KI 3, SP 6, SP 9, ST 36, LR 3","CV 3, CV 4, BL 23, BL 28, KI 3, SP 6, SP 9, ST 36, LR 3","CV 3, CV 4, BL 23, BL 28, KI 3, SP 6, SP 9, ST 36, LR 3","","TARA:0022762, TARA:9921528, TARA:0992296, TARA:5318530, TARA:4362146, TARA:4385250, TARA:3553465, TARA:6463344, TARA:6499349","","","",""
"1133","A-112625-1133","S-112625-1133","O-112625-1133","uri not found","Acupuncture Treatment of Acute Lumbar Sprain:A Controlled Study in 238 Patients","SI 6, EX B 2, EX UE 7, Ashi","SI 6, EX B 2, EX UE 7, Ashi","SI 6, Huatuojiaji, Yaotongxue","Ashi","TARA:4125415, TARA:3734471, TARA:7584875","","","",""
"1682","A-112625-1682","S-112625-1682","O-112625-1682","https://doi.org/10.1111/j.1530-0277.1987.tb01310.x","Acupuncture Treatment of Alcoholic Recidivism: A Pilot Study","Shen Men, Lung, Liver, Kidney, Occiput, L.I. 4, S.J. 5","Shen Men, Lung, Liver, Kidney, Occiput, L.I. 4, S.J. 5","HT 7, LI 4, TE 5","Lung, Liver, Kidney, Occiput","TARA:2442762, TARA:0859695, TARA:8393005","","","",""
"1308","A-112625-1308","S-112625-1308","O-112625-1308","uri not found","Acupuncture Treatment of Amenorrhea due to Medication: Clinical Observation of 117 Cases","RN 4, RN 3, EX CA 1, KI 12, SP 6, T3 L2, BL 18, BL 19, GB 34, BL 20, BL 23, ST 36","RN 4, RN 3, EX CA 1, KI 12, SP 6, T3 L2, BL 18, BL 19, GB 34, BL 20, BL 23, ST 36","CV 4, CV 3, Zigongxue, KI 12, SP 6, BL 18, BL 19, GB 34, BL 20, BL 23, ST 36","T3 L2","TARA:9921528, TARA:0022762, TARA:4254258, TARA:9217640, TARA:4385250, TARA:9655874, TARA:6145687, TARA:8758950, TARA:3283628, TARA:0992296, TARA:6463344","","","",""
"1375","A-112625-1375","S-112625-1375","O-112625-1375","https://pubmed.ncbi.nlm.nih.gov/10921166.0/","Acupuncture Treatment of Bulbar PalsyA Report of 54 Cases","CV 22, LU 7, KI 6","CV 22, LU 7, KI 6","CV 22, LU 7, KI 6","","TARA:6472655, TARA:3515622, TARA:2108622","","","",""
"142","A-112625-142","S-112625-142","O-112625-142","https://doi.org/10.1016/0002-9343(83)91117-8","Acupuncture Treatment of Chronic Back Pain A Double-Blind Placebo-Controlled Trial","BL 23, BL 25, BL 36, BL 40, GB 30, GB 34, GB 39, GB 60","BL 23, BL 25, BL 36, BL 40, GB 30, GB 34, GB 39, GB 60","BL 23, BL 25, BL 36, BL 40, GB 30, GB 34, GB 39","GB 60","TARA:0992296, TARA:0906448, TARA:9927213, TARA:5290080, TARA:9378285, TARA:8758950, TARA:3770332","","","",""
"1410","A-112625-1410","S-112625-1410","O-112625-1410","https://doi.org/10.1111/j.1526-4610.1983.hed2302066.x","Acupuncture Treatment of Chronic Facial Pain A Controlled Cross-over Trial","Not specified","Not specified","","","","","","",""
"141","A-112625-141","S-112625-141","O-112625-141","https://doi.org/10.1016/s0304-3959(01)00444-4","Acupuncture treatment of chronic low-back pain -a randomized, blinded, placebo-controlled trial with 9-month follow-up","GV 3, GV 4, BL 23, BL 25, BL 31, BL 32, BL 40, BL 60, GB 34, SP 6, Yautungdien, Os sacrum, Parasympathicus, Nervus ischiadicus, Lumbosacrum, Shenmen, Kidney","GV 3, GV 4, BL 23, BL 25, BL 31, BL 32, BL 40, BL 60, GB 34, SP 6, Yautungdien, Os sacrum, Parasympathicus, Nervus ischiadicus, Lumbosacrum, Ear Shenmen, Kidney","GV 3, GV 4, BL 23, BL 25, BL 31, BL 32, BL 40, BL 60, GB 34, SP 6","Yautungdien, Os sacrum, Parasympathicus, Nervus ischiadicus, Lumbosacrum, Ear Shenmen, Kidney","TARA:8807122, TARA:8557069, TARA:0992296, TARA:0906448, TARA:2465151, TARA:6742407, TARA:5290080, TARA:5047947, TARA:8758950, TARA:4385250","","added ""ear""","",""
"1246","A-112625-1246","S-112625-1246","O-112625-1246","https://pubmed.ncbi.nlm.nih.gov/14719298.0/","Acupuncture Treatment of Chronic Superficial Gastritis by the Eight Methods of Intelligent Turtle","ST 36, SP 3, CV 12, ST 25, BL 20, BL 21, SP 1, ST 45, SP 4, PC 6","ST 36, SP 3, CV 12, ST 25, BL 20, BL 21, SP 1, ST 45, SP 4, PC 6","ST 36, SP 3, CV 12, ST 25, BL 20, BL 21, SP 1, ST 45, SP 4, PC 6","","TARA:6463344, TARA:3003448, TARA:0434959, TARA:5717468, TARA:3283628, TARA:4839095, TARA:8929565, TARA:2260472, TARA:7407065, TARA:4311153","","","",""
"311","A-112625-311","S-112625-311","O-112625-311","https://doi.org/10.1046/j.1468-2982.1985.0503137.x","Acupuncture treatment of chronic tension headache-a controlled cross-over trial","Not specified","Not specified","","","","","","",""
"606","A-112625-606","S-112625-606","O-112625-606","https://pubmed.ncbi.nlm.nih.gov/12747200.0/","Acupuncture Treatment of Facial Paralysis Caused by Craniocerebral Trauma in 50 Cases","LI 4, LR 3, GB 14, EX HN4, SI 18, ST 4, TE 17, LI 20, GB 20, TE 5, BL 2, ST 6, EX, CV 24","LI 4, LR 3, GB 14, EX HN4, SI 18, ST 4, TE 17, LI 20, GB 20, TE 5, BL 2, ST 6, EX, CV 24","LI 4, LR 3, GB 14, Yuyao, SI 18, ST 4, TE 17, LI 20, GB 20, TE 5, BL 2, ST 6, CV 24","EX","TARA:0859695, TARA:6499349, TARA:9987270, TARA:6946713, TARA:0287877, TARA:1429314, TARA:6615149, TARA:6681003, TARA:2324295, TARA:8393005, TARA:8104948, TARA:7834226, TARA:8876563","","","",""
"456","A-112625-456","S-112625-456","O-112625-456","https://pubmed.ncbi.nlm.nih.gov/17078438.0/","Acupuncture Treatment of GeneralizedAnxiety Disorder","Yintang EX HN 3, Baihui GV 20, Neiguan PC 6, Shenmen HT 7, Shanzhong CV 17, Sanyinjiao SP 6, Xinshu BL 15, Pishu BL 20, Shenshu BL 23","Yintang EX HN 3, Baihui GV 20, Neiguan PC 6, Shenmen HT 7, Shanzhong CV 17, Sanyinjiao SP 6, Xinshu BL 15, Pishu BL 20, Shenshu BL 23","","Yintang EX HN 3, Baihui GV 20, Neiguan PC 6, Shenmen HT 7, Shanzhong CV 17, Sanyinjiao SP 6, Xinshu BL 15, Pishu BL 20, Shenshu BL 23","","","its HT 7","",""
"1354","A-112625-1354","S-112625-1354","O-112625-1354","uri not found","Acupuncture Treatment of Geriatric Herpes Zoster: A Study of 40 Cases","Huatuo Jiaji, Hegu LI 4, Taichong LR 3, Xuehai SP 10, Fenglong ST 40, Zusanli ST 36, Yinlingquan SP 9","Huatuo Jiaji, Hegu LI 4, Taichong LR 3, Xuehai SP 10, Fenglong ST 40, Zusanli ST 36, Yinlingquan SP 9","Huatuojiaji","Hegu LI 4, Taichong LR 3, Xuehai SP 10, Fenglong ST 40, Zusanli ST 36, Yinlingquan SP 9","TARA:3734471","","","",""
"1180","A-112625-1180","S-112625-1180","O-112625-1180","uri not found","Acupuncture Treatment of Hypertension","GB 20, LI 11, ST 36, SP 6, LR 3, KI 3, ST 40","GB 20, LI 11, ST 36, SP 6, LR 3, KI 3, ST 40","GB 20, LI 11, ST 36, SP 6, LR 3, KI 3, ST 40","","TARA:2324295, TARA:8923096, TARA:6463344, TARA:4385250, TARA:6499349, TARA:4362146, TARA:9531666","","","",""
"1356","A-112625-1356","S-112625-1356","O-112625-1356","https://pubmed.ncbi.nlm.nih.gov/11263278.0/","Acupuncture Treatment of Parkinson's Disease A Report of 29 Cases","Not specified","Not specified","","","","","","",""
"757","A-112625-757","S-112625-757","O-112625-757","https://doi.org/10.1089/acm.1999.5.521","Acupuncture Treatment of Patellofemoral Pain Syndrome","ST 34, SP 10, Extra point Lower Extremity 5, ST 35, SP 9, ST 36, 18, 20, 23","ST 34, SP 10, Extra point Lower Extremity 5, ST 35, SP 9, ST 36, 18, 20, 23","ST 34, SP 10, ST 35, SP 9, ST 36","Extra point Lower Extremity 5, 18, 20, 23","TARA:8773594, TARA:8433932, TARA:2454652, TARA:3553465, TARA:6463344","","","",""
"942","A-112625-942","S-112625-942","O-112625-942","https://doi.org/10.1016/0964-1955(95)00085-2","Acupuncture Treatment of Patients Xerostomia with Radiation-induced","Not specified","Not specified","","","","","","",""
"1130","A-112625-1130","S-112625-1130","O-112625-1130","https://doi.org/10.1111/j.1399-6576.1992.tb03511.x","Acupuncture treatment of severe knee osteoarthrosis. A long-term study","Not specified","Not specified","","","","","","",""
"1391","A-112625-1391","S-112625-1391","O-112625-1391","https://pubmed.ncbi.nlm.nih.gov/16136932.0/","Acupuncture Treatment of Simple Obesity","LI 4, ST 36, ST 37, ST 44, ST 40, SP 6, SP 9, CV 12, CV 6, ST 39, BL 11, SP 10, BL 17, SP 1, HT 7, LR 3, LR 8, GB 43, BL 18","LI 4, ST 36, ST 37, ST 44, ST 40, SP 6, SP 9, CV 12, CV 6, ST 39, BL 11, SP 10, BL 17, SP 1, HT 7, LR 3, LR 8, GB 43, BL 18","LI 4, ST 36, ST 37, ST 44, ST 40, SP 6, SP 9, CV 12, CV 6, ST 39, BL 11, SP 10, BL 17, SP 1, HT 7, LR 3, LR 8, GB 43, BL 18","","TARA:0859695, TARA:6463344, TARA:5918799, TARA:8440155, TARA:9531666, TARA:4385250, TARA:3553465, TARA:0434959, TARA:8833337, TARA:6728804, TARA:1985889, TARA:8433932, TARA:1124682, TARA:8929565, TARA:2442762, TARA:6499349, TARA:1074531, TARA:8885103, TARA:9655874","","","",""
"1221","A-112625-1221","S-112625-1221","O-112625-1221","uri not found","Acupuncture Treatment of Type II Diabetes Complicated with Cerebral Infarction: A Clinical Study","Taichong, Zhongwan, Zusanli, Yinlingquan, Sanyinjiao, Quchi, Hegu","Taichong, Zhongwan, Zusanli, Yinlingquan, Sanyinjiao, Quchi, Hegu","LR 3, CV 12, ST 36, SP 9, SP 6, LI 11, LI 4","","TARA:6499349, TARA:0434959, TARA:6463344, TARA:3553465, TARA:4385250, TARA:8923096, TARA:0859695","","","",""
"326","A-112625-326","S-112625-326","O-112625-326","https://doi.org/10.1136/jnnp.47.4.333","Acupuncture versus medical treatment for migraine and muscle tension headaches","GB 20, GB 21, GB 3, GB 14, Li 4, Liv 3","GB 20, GB 21, GB 3, GB 14, Li 4, Liv 3","GB 20, GB 21, GB 3, GB 14, LI 4, LR 3","","TARA:2324295, TARA:5389461, TARA:9191188, TARA:9987270, TARA:0859695, TARA:6499349","","","",""
"1260","A-112625-1260","S-112625-1260","O-112625-1260","https://doi.org/10.3736/jcim20100707","Acupuncture versus metoclopramide in treatment of postoperative gastroparesis syndrome in abdominal surgical patients: a randomized controlled trial","ST 36","ST 36","ST 36","","TARA:6463344","","","",""
"1283","A-112625-1283","S-112625-1283","O-112625-1283","https://doi.org/10.1111/j.1365-2796.1994.tb01102.x","Acupuncture versus metoprolol in migraine prophylaxis: a randomized trial of trigger point inactivation","Not specified","Not specified","","","","","","",""
"1042","A-112625-1042","S-112625-1042","O-112625-1042","https://doi.org/10.1046/j.1365-2044.2001.02209.x","Acupuncture versus ondansetron in the prevention of postoperative vomiting A study of children undergoing dental surgery","PC 6, CV 13","PC 6, CV 13","PC 6, CV 13","","TARA:4311153, TARA:4525270","","","",""
"289","A-112625-289","S-112625-289","O-112625-289","https://doi.org/10.1016/j.eururo.2011.01.019","Acupuncture Versus Paroxetine for the Treatment of Premature Ejaculation: A Randomized, Placebo-Controlled Clinical Trial","Not specified","Not specified","","","","","","",""
"1427","A-112625-1427","S-112625-1427","O-112625-1427","https://pubmed.ncbi.nlm.nih.gov/16170293.0/","Acupuncture versus pharmacological approach to reduce Hyperemesis gravidarum discomfort","PC 6, CV 12, ST 36","PC 6, CV 12, ST 36","PC 6, CV 12, ST 36","","TARA:4311153, TARA:0434959, TARA:6463344","","","",""
"542","A-112625-542","S-112625-542","O-112625-542","https://doi.org/10.7326/0003-4819-141-12-200412210-00007","Acupuncture versus Placebo for the Treatment of Chronic Mechanical Neck Pain A Randomized, Controlled Trial","Not specified","Not specified","","","","","","",""
"330","A-112625-330","S-112625-330","O-112625-330","https://doi.org/10.1046/j.1365-2796.2003.01081.x","Acupuncture versus placebo versus sumatriptan for early treatment of migraine attacks: a randomized controlled trial","GB 41, GB 20, GB 15, GB 14, GB 10, GB 8, LI 4, LV 3, SJ 5, DU 20, EX 2","GB 41, GB 20, GB 15, GB 14, GB 10, GB 8, LI 4, LR 3, SJ 5, DU 20, Taiyang","GB 41, GB 20, GB 15, GB 14, GB 10, GB 8, LI 4, LR 3, TE 5, GV 20, Taiyang","","TARA:3668538, TARA:2324295, TARA:6739423, TARA:9987270, TARA:2125533, TARA:5363236, TARA:0859695, TARA:6499349, TARA:8393005, TARA:3386254, TARA:9534465","","done","",""
"998","A-112625-998","S-112625-998","O-112625-998","https://doi.org/10.1159/000358202","Acupuncture versus Solifenacin for Treatment of Overactive Bladder and Its Correlation with Urine Nerve Growth Factor Levels: A Randomized, Placebo-Controlled Clinical Trial","LI 4, YING TANG, DU 22, REN 4, ST 36, KIDNEY 3, KIDNEY 5, LIV, SP 6","LI 4, YINTANG, DU 22, REN 4, ST 36, KIDNEY 3, KIDNEY 5, LIV, SP 6","LI 4, Yintang, GV 22, CV 4, ST 36, KI 3, KI 5, SP 6","LIV","TARA:0859695, TARA:3135569, TARA:2168429, TARA:9921528, TARA:6463344, TARA:4362146, TARA:5122409, TARA:4385250","","","",""
"343","A-112625-343","S-112625-343","O-112625-343","https://doi.org/10.1177/0333102411420585","Acupuncture versus topiramate in chronic migraine prophylaxis: A randomized clinical trial","BL 2, GB 20, EX-HN 5, Ex-HN 3","BL 2, GB 20, EX-HN 5, Ex-HN 3","BL 2, GB 20, Taiyang, Yintang","","TARA:8104948, TARA:2324295, TARA:9534465, TARA:3135569","","","",""
"1018","A-112625-1018","S-112625-1018","O-112625-1018","https://doi.org/10.1136/acupmed-2014-010738","Acupuncture versus usual care for postoperative nausea and vomiting in children after tonsillectomy/ adenoidectomy: a pragmatic, multicentre, double-blinded, randomised trial","PC 6","PC 6","PC 6","","TARA:4311153","","","",""
"1680","A-112625-1680","S-112625-1680","O-112625-1680","https://pubmed.ncbi.nlm.nih.gov/23511357.0/","Acupuncture versus valproic acid in the prophylaxis of migraine without aura: a prospective controlled study","GB 20, St 8, EX HN 5, GB 8, BL 12, BL 60, TE 5, GV 14, St 40, SP 6, CV 12, GB 38, LR 3, LR 4, SP 9, GV 23, GB 12, BL 10, BL 23, KI 3, SP 10","GB 20, St 8, EX HN 5, GB 8, BL 12, BL 60, TE 5, GV 14, St 40, SP 6, CV 12, GB 38, LR 3, LR 4, SP 9, GV 23, GB 12, BL 10, BL 23, KI 3, SP 10","GB 20, ST 8, Taiyang, GB 8, BL 12, BL 60, TE 5, GV 14, ST 40, SP 6, CV 12, GB 38, LR 3, LR 4, SP 9, GV 23, GB 12, BL 10, BL 23, KI 3, SP 10","","TARA:2324295, TARA:9946635, TARA:9534465, TARA:5363236, TARA:5468609, TARA:5047947, TARA:8393005, TARA:8452754, TARA:9531666, TARA:4385250, TARA:0434959, TARA:9968219, TARA:6499349, TARA:4325595, TARA:3553465, TARA:7690229, TARA:1031890, TARA:0242146, TARA:0992296, TARA:4362146, TARA:8433932","","","",""
"196","A-112625-196","S-112625-196","O-112625-196","https://doi.org/10.1200/JCO.2009.23.5150","Acupuncture Versus Venlafaxine for the Management of Vasomotor Symptoms in Patients With Hormone Receptor-Positive Breast Cancer: A Randomized Controlled Trial","BL 23, KI 3, SP 6, DU 14, GB 20, LU 9, LV 3, DU 20, ST 36, RN 6, PC 7, HT 7","BL 23, KI 3, SP 6, DU 14, GB 20, LU 9, LV 3, DU 20, ST 36, RN 6, PC 7, HT 7","BL 23, KI 3, SP 6, GV 14, GB 20, LU 9, LR 3, GV 20, ST 36, CV 6, PC 7, HT 7","","TARA:0992296, TARA:4362146, TARA:4385250, TARA:8452754, TARA:2324295, TARA:8122277, TARA:6499349, TARA:3386254, TARA:6463344, TARA:8833337, TARA:9020892, TARA:2442762","","","",""
"1120","A-112625-1120","S-112625-1120","O-112625-1120","https://doi.org/10.1136/aim.24.Suppl.15","Acupuncture vs Streitberger needle in knee osteoarthritis — an RCT","Not specified","Not specified","","","","","","",""
"733","A-112625-733","S-112625-733","O-112625-733","https://doi.org/10.1186/1472-6882-14-187","Acupuncture with manual and electrical stimulation for labour pain: a longitudinal randomised controlled trial","LI 4, EX 2, LR 3, GV 20, SP 6, LU 7, PC 6, KI 11, SP 12, BL 27, ST 29, BL 26, BL 25, BL 28, LR 10, BL 54, GB 27, CV 3, LR 11, GB 28, BL 24, CV 4, GB 29, BL 23, BL 36, GB 26, GB 25","LI 4, LR 3, GV 20, SP 6, LU 7, PC 6, KI 11, SP 12, BL 27, ST 29, BL 26, BL 25, BL 28, LR 10, BL 54, GB 27, CV 3, LR 11, GB 28, BL 24, CV 4, GB 29, BL 23, BL 36, GB 26, GB 25","LI 4, LR 3, GV 20, SP 6, LU 7, PC 6, KI 11, SP 12, BL 27, ST 29, BL 26, BL 25, BL 28, LR 10, BL 54, GB 27, CV 3, LR 11, GB 28, BL 24, CV 4, GB 29, BL 23, BL 36, GB 26, GB 25","","TARA:0859695, TARA:6499349, TARA:3386254, TARA:4385250, TARA:3515622, TARA:4311153, TARA:9609679, TARA:4695378, TARA:6929444, TARA:5873796, TARA:4384020, TARA:0906448, TARA:5318530, TARA:2016600, TARA:0488267, TARA:8757342, TARA:0022762, TARA:1330972, TARA:4771986, TARA:7357260, TARA:9921528, TARA:0427594, TARA:0992296, TARA:9927213, TARA:8088170, TARA:1882219","","taken out","",""
"1679","A-112625-1679","S-112625-1679","O-112625-1679","https://doi.org/10.3109/13697137.2010.484875","Acupuncture-ameliorated menopausal symptoms: single-blind, placebo-controlled, randomized trial","Yintang, Sishencong, LI 4, HT 7, PC 6, TE 5, CV 12, CV 6, CV 4, ST 36, SP 6, SP 9, GB 34, LR 3, LU 7, LR 5, KI 3, KI 6, Scalp A, Scalp B, Scalp C, Scalp D","Yintang, Sishencong, LI 4, HT 7, PC 6, TE 5, CV 12, CV 6, CV 4, ST 36, SP 6, SP 9, GB 34, LR 3, LU 7, LR 5, KI 3, KI 6, Scalp A, Scalp B, Scalp C, Scalp D","Yintang, Sishencong, LI 4, HT 7, PC 6, TE 5, CV 12, CV 6, CV 4, ST 36, SP 6, SP 9, GB 34, LR 3, LU 7, LR 5, KI 3, KI 6","Scalp A, Scalp B, Scalp C, Scalp D","TARA:3135569, TARA:9610280, TARA:0859695, TARA:2442762, TARA:4311153, TARA:8393005, TARA:0434959, TARA:8833337, TARA:9921528, TARA:6463344, TARA:4385250, TARA:3553465, TARA:8758950, TARA:6499349, TARA:3515622, TARA:0780558, TARA:4362146, TARA:2108622","","","",""
"493","A-112625-493","S-112625-493","O-112625-493","https://doi.org/10.1016/j.ctcp.2015.07.002","Acupuncture-induced changes of vagal function in patients with depression: A preliminary sham-controlled study with press needles","PC 4, LI 10, SP 9, SP 6","PC 4, LI 10, SP 9, SP 6","PC 4, LI 10, SP 9, SP 6","","TARA:2645290, TARA:0742938, TARA:3553465, TARA:4385250","","","",""
"771","A-112625-771","S-112625-771","O-112625-771","https://doi.org/10.1155/2015/657809","Acupuncture-Point Stimulation for Postoperative Pain Control: A Systematic Review and Meta-Analysis of Randomized Controlled Trials","LI 4, SP 6, ST 36, P 6, TF 4, CO 4, CO 14","","","","","","","",""
"638","A-112625-638","S-112625-638","O-112625-638","https://doi.org/10.1089/acm.2016.0158","Acupuncture-Related Techniques for Psoriasis: A Systematic Review with Pairwise and Network Meta-Analyses of Randomized Controlled Trials","Not specified","Not specified","","","","","","",""
"1179","A-112625-1179","S-112625-1179","O-112625-1179","https://doi.org/10.1179/016164107X172220","Acupuncture, a promising adjunctive therapy for essential hypertension: a double-bling, randomized, controlled trial","ST 36, LI 11, BL 25, SP 3, LU 9, BL 13, KI 7, KI 2, CV 4, LI 1, GV 14, GB 20, PC 6, HT 7","ST 36, LI 11, BL 25, SP 3, LU 9, BL 13, KI 7, KI 2, CV 4, LI 1, GV 14, GB 20, PC 6, HT 7","ST 36, LI 11, BL 25, SP 3, LU 9, BL 13, KI 7, KI 2, CV 4, LI 1, GV 14, GB 20, PC 6, HT 7","","TARA:6463344, TARA:8923096, TARA:0906448, TARA:3003448, TARA:8122277, TARA:6050541, TARA:9881298, TARA:3114756, TARA:9921528, TARA:6314936, TARA:8452754, TARA:2324295, TARA:4311153, TARA:2442762","","","",""
"482","A-112625-482","S-112625-482","O-112625-482","https://doi.org/10.1136/bmjopen-2014-004964","Acupuncture, counselling or usual care for depression and comorbid pain: secondary analysis of a randomised controlled trial","Not specified","Not specified","","","","","","",""
"509","A-112625-509","S-112625-509","O-112625-509","https://doi.org/10.1016/0304-3959(79)90009-5","Acupuncture: An evaluation in the painful crises of sickle cell anaemia","Not specified","Not specified","","","","","","",""
"121","A-112625-121","S-112625-121","O-112625-121","https://doi.org/10.12968/bjon.2002.11.21.10931","Acupuncture: evidence for its use in chronic low back pain","Not specified","Not specified","","","","","","",""
"207","A-112625-207","S-112625-207","O-112625-207","https://doi.org/10.1111/j.1463-1326.2009.01192.x","Acupuncture: is it effective for treatment of insulin resistance?","GB 20, LI 11, LR 3, SP 6, ST 36, Heart, Jiang Ya Gou, CV 4, PC 6, HT 7, LI 1, GV 14, BL 25, SP 3, LU 9, BL 13, KI 7, KI 2, CV 3, ST 29, SP 9, TE 5, BL 23, BL 28, CV 6, CV 9, KI 14, ST 28, ST 40, SP 15, CV 10, CV 12, LI 4, ST 25, ST 44, LR 3, Hungry, Stomach, Shenmen, EX-B 3, LU 10, BG 20, BL 17, BL 20","","","","","","review paper","",""
"1585","A-112625-1585","S-112625-1585","O-112625-1585","uri not found","Acupuncture's Effects on Relieving Symptoms for Postradiation Cystitis and Prostatitis","CV 4, CV 9, CV 14, CV 17, Ki 3, Ki 6, Ki 21, LI 4, LI 11, Lu 5, Lu 9, Ht 6, Ht 7, St 36, St 40, Sp 3, Sp 6, Sp 9, Sp 10, Gb 34, Liv 3","CV 4, CV 9, CV 14, CV 17, Ki 3, Ki 6, Ki 21, LI 4, LI 11, Lu 5, Lu 9, Ht 6, Ht 7, St 36, St 40, Sp 3, Sp 6, Sp 9, Sp 10, Gb 34, Liv 3","CV 4, CV 9, CV 14, CV 17, KI 3, KI 6, KI 21, LI 4, LI 11, LU 5, LU 9, HT 6, HT 7, ST 36, ST 40, SP 3, SP 6, SP 9, SP 10, GB 34, LR 3","","TARA:9921528, TARA:4534524, TARA:4823591, TARA:3472408, TARA:4362146, TARA:2108622, TARA:3952187, TARA:0859695, TARA:8923096, TARA:1357729, TARA:8122277, TARA:6421594, TARA:2442762, TARA:6463344, TARA:9531666, TARA:3003448, TARA:4385250, TARA:3553465, TARA:8433932, TARA:8758950, TARA:6499349","","","",""
"1396","A-112625-1396","S-112625-1396","O-112625-1396","https://pubmed.ncbi.nlm.nih.gov/9123946.0/","Acupuncture/Acupressure for weight reduction? A systematic review","Lung point, Stomach point, Hunger point","","","","","","","",""
"1520","A-112625-1520","S-112625-1520","O-112625-1520","https://pubmed.ncbi.nlm.nih.gov/11199620.0/","Acupuncture/acupressure to treat gagging dental patients: A clinical study of anti gagging effects","P 6","P 6","PC 6","","TARA:4311153","","","",""
"114","A-112625-114","S-112625-114","O-112625-114","https://doi.org/10.1097/01.brs.0000252697.07214.65","Addition of Choice of Complementary Therapies to Usual Care for Acute Low Back Pain A Randomized Controlled Trial","Not specified","Not specified","","","","","","",""
"1091","A-112625-1091","S-112625-1091","O-112625-1091","https://doi.org/10.2340/16501977-0032","Additional therapeutic effects of electroacupuncture in conjunction with conventional rehabilitation for patients with first-ever ischaemic stroke","GV 20, GB 20, LI 15, LI 11, LI 4, GB 31, GB 34, St 36","GV 20, GB 20, LI 15, LI 11, LI 4, GB 31, GB 34, St 36","GV 20, GB 20, LI 15, LI 11, LI 4, GB 31, GB 34, ST 36","","TARA:3386254, TARA:2324295, TARA:7829474, TARA:8923096, TARA:0859695, TARA:5264783, TARA:8758950, TARA:6463344","","","",""
"220","A-112625-220","S-112625-220","O-112625-220","https://doi.org/10.1016/j.ophtha.2011.01.017","Adjunctive Effect of Acupuncture to Refractive Correction on Anisometropic Amblyopia One-Year Results of a Randomized Crossover Trial","GV 20, EX-HN 5, BL 2, LI 4, BL 59","GV 20, EX-HN 5, BL 2, LI 4, BL 59","GV 20, Taiyang, BL 2, LI 4, BL 59","","TARA:3386254, TARA:9534465, TARA:8104948, TARA:0859695, TARA:4995021","","","",""
"1129","A-112625-1129","S-112625-1129","O-112625-1129","https://doi.org/10.1159/000141929","Adjuvant Auricular Electroacupun cture and Autogenic Training in Rheumatoid Arthritis: A Randomized Controlled Trial Auricular Acupuncture and Autogenic Training in Rheumatoid Arthritis","Not specified (the paper does not provide a detailed list of acupoints in Traditional Chinese Medicine nomenclature)","Not specified (the paper does not provide a detailed list of acupoints in Traditional Chinese Medicine nomenclature)","","","","","","",""
"886","A-112625-886","S-112625-886","O-112625-886","https://pubmed.ncbi.nlm.nih.gov/11977526.0/","Advances in Experimental Studies on Treatment of Psoriasis by Traditional Chinese Medicine","Not specified","Not specified","","","","","","",""
"779","A-112625-779","S-112625-779","O-112625-779","https://doi.org/10.1111/aogs.12587","Adverse event reporting in studies of penetrating acupuncture during pregnancy: a systematic review","Not specified","Not specified","","","","","","",""
"1517","A-112625-1517","S-112625-1517","O-112625-1517","https://doi.org/10.1080/08869634.1992.11677929","Adverse Events of Acupuncture and Occlusal Splint Therapy in the Treatment of Craniomandibular Disorders","Ex 2, Li 4","Taiyang, Li 4, ST 36, GV 20, UB 2, ST 7, SI 18, Qianzheng, ST 6, SI 19, GB 20, GB 21, UB 10","Taiyang, LI 4, ST 36, GV 20, BL 2, ST 7, SI 18, Qianzheng, ST 6, SI 19, GB 20, GB 21, BL 10","","TARA:9534465, TARA:0859695, TARA:6463344, TARA:3386254, TARA:8104948, TARA:2990862, TARA:0287877, TARA:2581598, TARA:7834226, TARA:1772472, TARA:2324295, TARA:5389461, TARA:0242146","","added chinese name and also other points that were in the figure that elicit could not extract","",""
"518","A-112625-518","S-112625-518","O-112625-518","https://doi.org/10.7326/m15-0667","Alexander Technique Lessons or Acupuncture Sessions for Persons With Chronic Neck Pain A Randomized Trial","GB 20, GB 21, LI 4, LIV 3, BL 10, SP 6, SI 3","GB 20, GB 21, LI 4, LIV 3, BL 10, SP 6, SI 3","GB 20, GB 21, LI 4, LR 3, BL 10, SP 6, SI 3","","TARA:2324295, TARA:5389461, TARA:0859695, TARA:6499349, TARA:0242146, TARA:4385250, TARA:0220496","","","",""
"365","A-112625-365","S-112625-365","O-112625-365","https://doi.org/10.1371/journal.pone.0039342","Altered Small-World Efficiency of Brain Functional Networks in Acupuncture at ST36: A Functional MRI Study","ST 36","ST 36","ST 36","","TARA:6463344","","","",""
"134","A-112625-134","S-112625-134","O-112625-134","https://doi.org/10.1186/1472-6882-10-74","An economic analysis of usual care and acupuncture collaborative treatment on chronic low back pain: A Markov model decision analysis","Not specified","Not specified","","","","","","",""
"1556","A-112625-1556","S-112625-1556","O-112625-1556","https://pubmed.ncbi.nlm.nih.gov/22875557.0/","An Effectiveness Study Comparing Acupuncture, Physiotherapy, and Their Combination in Poststroke Rehabilitation: A Multicentered, Randomized, Controlled Clinical Trial","LI 11, TE 5, LI 4, ST 32, ST 36, LR 3, HT 1, LU 5, PC 6, SP 9, SP 6","LI 11, TE 5, LI 4, ST 32, ST 36, LR 3, HT 1, LU 5, PC 6, SP 9, SP 6","LI 11, TE 5, LI 4, ST 32, ST 36, LR 3, HT 1, LU 5, PC 6, SP 9, SP 6","","TARA:8923096, TARA:8393005, TARA:0859695, TARA:8826565, TARA:6463344, TARA:6499349, TARA:0420802, TARA:1357729, TARA:4311153, TARA:3553465, TARA:4385250","","","",""
"1011","A-112625-1011","S-112625-1011","O-112625-1011","https://doi.org/10.1155/2014/592319","An Evaluation of Electroacupuncture at the Weizhong Acupoint (BL-40) as a Means of Relieving Pain Induced by Extracorporeal Shock Wave Lithotripsy","BL 40","BL 40","BL 40","","TARA:5290080","","","",""
"703","A-112625-703","S-112625-703","O-112625-703","https://doi.org/10.1002/hbm.10098","An fMRI Study Comparing Brain Activation Between Word Generation and Electrical Stimulation of Language-Implicated Acupoints","SJ 8, Du 15, Small Intestine 19, SJ 21, GB 2, EX-HN 12, EX-HN 13, EX-HN 14","SJ 8, Du 15, Small Intestine 19, SJ 21, GB 2, EX-HN 12, EX-HN 13, EX-HN 14","TE 8, GV 15, SI 19, TE 21, GB 2, Jinjing, Yuye, Yiming","","TARA:1698911, TARA:4427404, TARA:1772472, TARA:3361879, TARA:2849795, TARA:3641900, TARA:7471145, TARA:7596288","","","",""
"361","A-112625-361","S-112625-361","O-112625-361","https://doi.org/10.1155/2014/103491","An fMRI Study of Neuronal Specificity in Acupuncture: The Multiacupoint Siguan and Its Sham Point","LI 4, Liv 3","LI 4, Liv 3","LI 4, LR 3","","TARA:0859695, TARA:6499349","","","",""
"1678","A-112625-1678","S-112625-1678","O-112625-1678","https://pubmed.ncbi.nlm.nih.gov/24445356.0/","An innovative acupuncture treatment for primary dysmenorrhea: a randomized cross over pilot study","SP 6","SP 6","SP 6","","TARA:4385250","","","",""
"483","A-112625-483","S-112625-483","O-112625-483","https://doi.org/10.1016/j.ctcp.2010.05.013","An investigation into the effectiveness of traditional Chinese acupuncture (TCA) for chronic stress in adults: A randomised controlled pilot study","DU 20, DU 24, EX-HN 3, LI 4, PC 6, ST 36, LR 3, LR 2, PC 5, ST 25, RN 12, GB 34, ST 40","DU 20, DU 24, EX-HN 3, LI 4, PC 6, ST 36, LR 3, LR 2, PC 5, ST 25, RN 12, GB 34, ST 40","GV 20, GV 24, Yintang, LI 4, PC 6, ST 36, LR 3, LR 2, PC 5, ST 25, CV 12, GB 34, ST 40","","TARA:3386254, TARA:7679931, TARA:3135569, TARA:0859695, TARA:4311153, TARA:6463344, TARA:6499349, TARA:6862058, TARA:6477399, TARA:5717468, TARA:0434959, TARA:8758950, TARA:9531666","","","",""
"1419","A-112625-1419","S-112625-1419","O-112625-1419","https://doi.org/10.1136/aim.15.2.74","An Investigation into the Possible Additive Effects of Acupuncture and Autogenic Relaxation in the Management of Chronic Pain","Not specified","Not specified","","","","","","",""
"1527","A-112625-1527","S-112625-1527","O-112625-1527","https://pubmed.ncbi.nlm.nih.gov/16817264.0/","An Observation on the Acupuncture Treatment of Ischemic Wind Stroke with Different Lengths of Needle retaining Time","Jianyu LI 15, Quchi I","Jianyu, Quchi","LI 15, LI 11","","TARA:7829474, TARA:8923096","","","",""
"35","A-112625-35","S-112625-35","O-112625-35","https://doi.org/10.1093/ecam/neh070","An Overview of Bee Venom Acupuncture in the Treatment of Arthritis","ST 36, BL 23, GB 34","ST 36, BL 23, GB 34","ST 36, BL 23, GB 34","","TARA:6463344, TARA:0992296, TARA:8758950","","","",""
"1447","A-112625-1447","S-112625-1447","O-112625-1447","https://doi.org/10.1016/j.rmed.2004.05.005","An overview of two Cochrane systematic reviews of complementary treatments for chronic asthma: acupuncture and homeopathy","Not specified","Not specified","","","","","","",""
"1056","A-112625-1056","S-112625-1056","O-112625-1056","https://doi.org/10.1371/journal.pone.0114057","An Updated Meta-Analysis of the Efficacy and Safety of Acupuncture Treatment for Cerebral Infarction","GV 20, DU 26, LI 5, LI 11, ST 36, SP 6, LI 4","GV 20, DU 26, LI 5, LI 11, ST 36, SP 6, LI 4","GV 20, GV 26, LI 5, LI 11, ST 36, SP 6, LI 4","","TARA:3386254, TARA:0829128, TARA:5677319, TARA:8923096, TARA:6463344, TARA:4385250, TARA:0859695","","","",""
"1677","A-112625-1677","S-112625-1677","O-112625-1677","https://pubmed.ncbi.nlm.nih.gov/19946394.0/","Analgesic effect of acupuncture needle penetration: a double blind crossover study","LI 4","LI 4","LI 4","","TARA:0859695","","","",""
"582","A-112625-582","S-112625-582","O-112625-582","https://doi.org/10.1200/JCO.2003.09.011","Analgesic Effect of Auricular Acupuncture for Cancer Pain: A Randomized, Blinded, Controlled Trial","Not specified","Not specified","","","","","","",""
"17","A-112625-17","S-112625-17","O-112625-17","https://doi.org/10.1016/j.athoracsur.2005.12.064","Analgesic Effect of Electroacupuncture in Postthoracotomy Pain: A Prospective Randomized Trial","LI 4, GB 34, GB 36, TE 8","LI 4, GB 34, GB 36, TE 8","LI 4, GB 34, GB 36, TE 8","","TARA:0859695, TARA:8758950, TARA:1144697, TARA:1698911","","","",""
"917","A-112625-917","S-112625-917","O-112625-917","https://doi.org/10.1142/S0192415X14500815","Analgesic Effect of Manual Acupuncture and Laser Acupuncture for Lateral Epicondylalgia: A Systematic Review and Meta-Analysis","GB 34, LI 4, LI 10, LI 11, LI 12, Lu 5, SJ 5, SJ 10, SI 4, SI 8, H 3, H 4, P 3, Ashi","","","","","","","",""
"1101","A-112625-1101","S-112625-1101","O-112625-1101","https://doi.org/10.3727/036012900816356172","Analgesic effects of acupuncture on pain after mandibular wisdom tooth extraction","LI 4, S Xiaguan, ST 6","LI 4, Xiaguan, ST 6","LI 4, ST 7, ST 6","","TARA:0859695, TARA:2990862, TARA:7834226","","","",""
"1848","A-112625-1848","S-112625-1848","O-112625-1848","https://doi.org/10.1155/2015/671242","Analysis and Thoughts about the Negative Results of International Clinical Trials on Acupuncture","ST 25, ST 36, ST 28, ST 29, TE 6, ST 23, ST 27, LI 4","ST 25, ST 36, ST 28, ST 29, TE 6, ST 23, ST 27, LI 4","ST 25, ST 36, ST 28, ST 29, TE 6, ST 23, ST 27, LI 4","","TARA:5717468, TARA:6463344, TARA:5017471, TARA:5873796, TARA:7510801, TARA:2922507, TARA:1452771, TARA:0859695","","","",""
"654","A-112625-654","S-112625-654","O-112625-654","https://doi.org/10.1016/j.jams.2017.09.001","Analysis of Evidence-Based Autism Symptoms Enhancement by Acupuncture","GV 17, GV 20, GV 24, GV 24.5, GB 13, GB 19, KI 3, KI 4, PC 6, EX HN1, EX HN3, LR 3, LR 4, HT 7, ST 36, SP 3, SP 6, AT 3, TF 4","GV 17, GV 20, GV 24, GV 24.5, GB 13, GB 19, KI 3, KI 4, PC 6, EX HN1, EX HN3, LR 3, LR 4, HT 7, ST 36, SP 3, SP 6, AT 3, TF 4","GV 17, GV 20, GV 24, GB 13, GB 19, KI 3, KI 4, PC 6, Sishencong, Yintang, LR 3, LR 4, HT 7, ST 36, SP 3, SP 6","GV 24.5, AT 3, TF 4","TARA:6135195, TARA:3386254, TARA:7679931, TARA:4994509, TARA:3493245, TARA:4362146, TARA:0341289, TARA:4311153, TARA:9610280, TARA:3135569, TARA:6499349, TARA:4325595, TARA:2442762, TARA:6463344, TARA:3003448, TARA:4385250","","","",""
"541","A-112625-541","S-112625-541","O-112625-541","https://doi.org/10.1007/s11655-009-0426-z","Analysis on the Effect of Acupuncture in Treating Cervical Spondylosis with Different Syndrome Types","DU 14, EX-HN 15, SI 15","DU 14, EX-HN 15, SI 15","GV 14, Bailao, SI 15","","TARA:8452754, TARA:5153816, TARA:2976260","","","",""
"1032","A-112625-1032","S-112625-1032","O-112625-1032","https://doi.org/10.1111/j.1365-2044.1987.tb05180.x","Antiemetic studies with traditional Chinese acupuncture. A comparison of manual needling with electrical stimulation and commonly used antiemetics","P 6","P 6","PC 6","","TARA:4311153","","","",""
"1094","A-112625-1094","S-112625-1094","O-112625-1094","https://doi.org/10.1142/S0192415X03001077","Antispastic Effect of Electroacupuncture and Moxibustion in Stroke Patients","LI 11, LI 10, TB 5, LI 4, GV 20, GV 26, CV 24, ST 36, GB 39, LR 3","LI 11, LI 10, TB 5, LI 4, GV 20, GV 26, CV 24, ST 36, GB 39, LR 3","LI 11, LI 10, TE 5, LI 4, GV 20, GV 26, CV 24, ST 36, GB 39, LR 3","","TARA:8923096, TARA:0742938, TARA:8393005, TARA:0859695, TARA:3386254, TARA:0829128, TARA:8876563, TARA:6463344, TARA:3770332, TARA:6499349","","","",""
"144","A-112625-144","S-112625-144","O-112625-144","https://doi.org/10.1097/AJP.0b013e318193a6e1","Applicability of Press Needles to a Double-blind Trial A Randomized, Double-blind, Placebo-controlled Trial","BL 23","BL 23","BL 23","","TARA:0992296","","","",""
"1676","A-112625-1676","S-112625-1676","O-112625-1676","https://doi.org/10.1007/s11726-012-0564-2","Application of P300 in Scalp Acupuncture for Cognitive Disorder Due to Cerebral Infarction P300 电位在头针治疗脑梗死认知障碍中的应用","MS 1, MS 5, MS 11","MS 1, MS 5, MS 11","","MS 1, MS 5, MS 11","","","","",""
"434","A-112625-434","S-112625-434","O-112625-434","https://doi.org/10.1016/j.jams.2015.06.010","As Acupressure Decreases Pain, Acupuncture May Improve Some Aspects of Quality of Life for Women with Primary Dysmenorrhea: A Systematic Review with Meta-Analysis","SP 6, GB 39, CO 12, C 10, CO 18, SP 8","","","","","","","",""
"1275","A-112625-1275","S-112625-1275","O-112625-1275","uri not found","Ashi Point Massage Combined with Warming Needle Acupuncture in Treating 40 Cases of Cervicogenic Headache","GB 20, BL 10, DU 16","GB 20, BL 10, DU 16","GB 20, BL 10, GV 16","","TARA:2324295, TARA:0242146, TARA:3361967","","","",""
"1576","A-112625-1576","S-112625-1576","O-112625-1576","https://doi.org/10.1097/GME.0b013e31829374e8","Assessing Acupoint Stimulation in Reducing Pediatric Postoperative Nausea and Vomiting: A Systematic Review","PC 6, CV 13, K-K 9","","","","","","","",""
"525","A-112625-525","S-112625-525","O-112625-525","https://doi.org/10.1016/j.ctim.2010.11.005","Assessment of a traditional acupuncture therapy for chronic neck pain: A pilot randomised controlled study","DU 14, SI 15, EX-HN 15","DU 14, SI 15, EX-HN 15","GV 14, SI 15, Bailao","","TARA:8452754, TARA:2976260, TARA:5153816","","","",""
"1675","A-112625-1675","S-112625-1675","O-112625-1675","https://doi.org/10.1089/107555302760253612","Assessment of Beliefs in the Effectiveness of Acupuncture for Treatment of Psychiatric Symptoms","Not specified","Not specified","","","","","","",""
"1674","A-112625-1674","S-112625-1674","O-112625-1674","https://doi.org/10.1016/j.cct.2003.10.016","Assessment of blinding in clinical trials","Not specified","Not specified","","","","","","",""
"403","A-112625-403","S-112625-403","O-112625-403","https://doi.org/10.1136/acupmed-2016-011164","Associations between maternal characteristics and women's responses to acupuncture during labour: a secondary analysis from a randomised controlled trial","LI 4, LR 3","LI 4, LR 3","LI 4, LR 3","","TARA:0859695, TARA:6499349","","","",""
"1452","A-112625-1452","S-112625-1452","O-112625-1452","https://pubmed.ncbi.nlm.nih.gov/2878275.0/","Attenuation of exercise-induced asthma by acupuncture","dingchuan (extra 17), kongzui (L6), taixi (K3), Jianwaishu (S114), ximen (P4), xuanzhong (G39)","dingchuan, kongzui, taixi, Jianwaishu, ximen, xuanzhong","Dingchuan, LU 6, KI 3, SI 14, PC 4, GB 39","","TARA:8009041, TARA:3496812, TARA:4362146, TARA:3226024, TARA:2645290, TARA:3770332","","removed braces","",""
"981","A-112625-981","S-112625-981","O-112625-981","https://doi.org/10.1016/j.jsat.2008.08.002","Auricular acupuncture as an adjunct to opiate detoxification treatment: Effects on withdrawal symptoms","Not specified","Not specified","","","","","","",""
"951","A-112625-951","S-112625-951","O-112625-951","https://doi.org/10.3109/10550499809034488","Auricular Acupuncture as an Adjunctive Treatment for Cocaine Addiction A Pilot Study","Shenmen, Sympathetic, Kidney, Liver, Lung, Sciatic nerve, Knee, Lumbosacral, Dorsal, Cervical vertebrae","Ear Shenmen, Sympathetic, Kidney, Liver, Lung, Sciatic nerve, Knee, Lumbosacral, Dorsal, Cervical vertebrae","","Ear Shenmen, Sympathetic, Kidney, Liver, Lung, Sciatic nerve, Knee, Lumbosacral, Dorsal, Cervical vertebrae","","","added ""ear""","",""
"938","A-112625-938","S-112625-938","O-112625-938","https://doi.org/10.1007/s00784-011-0662-4","Auricular acupuncture effectively reduces state anxiety before dental treatment-a randomised controlled trial","relaxation point, tranquillizer point, master cerebral point, finger point, shoulder point, tonsil point","relaxation point, tranquillizer point, master cerebral point, finger point, shoulder point, tonsil point","","relaxation point, tranquillizer point, master cerebral point, finger point, shoulder point, tonsil point","","","","",""
"467","A-112625-467","S-112625-467","O-112625-467","https://doi.org/10.1089/acu.2014.1036","Auricular Acupuncture for Anxiety in Health Care Volunteers: Randomized Crossover Study Comparing Real and Sham Needles","Not specified","Not specified","","","","","","",""
"953","A-112625-953","S-112625-953","O-112625-953","https://doi.org/10.1186/1747-597X-7-48","Auricular acupuncture for chemically dependent pregnant women: a randomized controlled trial of the NADA protocol","Sympathetic, Shen men, Liver, Kidney, Lung","Sympathetic, Shen men, Liver, Kidney, Lung","HT 7","Sympathetic, Liver, Kidney, Lung","TARA:2442762","","","",""
"956","A-112625-956","S-112625-956","O-112625-956","https://doi.org/10.1002/14651858.CD005192.pub2","Auricular acupuncture for cocaine dependence","lung, liver, kidney, sympathetic, shen men","lung, liver, kidney, sympathetic, shen men","HT 7","lung, liver, kidney, sympathetic","TARA:2442762","","","",""
"463","A-112625-463","S-112625-463","O-112625-463","https://doi.org/10.1213/01.ane.0000242531.12722.fd","Auricular Acupuncture for Dental Anxiety: A Randomized Controlled Trial","Not specified","Not specified","","","","","","",""
"903","A-112625-903","S-112625-903","O-112625-903","https://doi.org/10.1111/j.1742-1241.2008.01876.x","Auricular acupuncture for insomnia: a systematic review","Not specified","Not specified","","","","","","",""
"740","A-112625-740","S-112625-740","O-112625-740","https://doi.org/10.1093/ecam/neh097","Auricular Acupuncture for Pain Relief after Ambulatory Knee Arthroscopy-A Pilot Study","Knee joint, Shenmen, Lung","Knee joint, Ear Shenmen, Lung","","Knee joint, Ear Shenmen, Lung","","","added ""ear""","",""
"744","A-112625-744","S-112625-744","O-112625-744","https://doi.org/10.1503/cmaj.060875","Auricular acupuncture for pain relief after ambulatory knee surgery: a randomized trial","knee joint, shenmen, lung","knee joint, ear shenmen, lung","","knee joint, ear shenmen, lung","","","added ""ear""","",""
"16","A-112625-16","S-112625-16","O-112625-16","https://doi.org/10.1016/j.pain.2004.08.021","Auricular acupuncture for pain relief after total hip arthroplasty - a randomized controlled study","lung, shenmen, thalamus, hip joint","lung, ear shenmen, thalamus, hip joint","","lung, ear shenmen, thalamus, hip joint","","","added ""ear""","",""
"767","A-112625-767","S-112625-767","O-112625-767","https://doi.org/10.1111/j.1365-2044.2008.05632.x","Auricular acupuncture for postoperative pain control: a systematic review of randomised clinical trials","Not specified","Not specified","","","","","","",""
"895","A-112625-895","S-112625-895","O-112625-895","https://doi.org/10.7205/MILMED-D-14-00451","Auricular Acupuncture for Sleep Disturbance in Veterans With Post-Traumatic Stress Disorder: A Feasibility Study","shen men, point zero, brain, thalamus point, pineal gland, master cerebral, insomnia points 1 and 2, kidney, heart, occiput, forehead","shen men, point zero, brain, thalamus point, pineal gland, master cerebral, insomnia points 1 and 2, kidney, heart, occiput, forehead","HT 7","point zero, brain, thalamus point, pineal gland, master cerebral, insomnia points 1 and 2, kidney, heart, occiput, forehead","TARA:2442762","","","",""
"755","A-112625-755","S-112625-755","O-112625-755","https://doi.org/10.7205/milmed.171.10.1010","Auricular Acupuncture in the Treatment of Acute Pain Syndromes: A Pilot Study","Not specified","Not specified","","","","","","",""
"986","A-112625-986","S-112625-986","O-112625-986","https://doi.org/10.1016/s0740-5472(98)00002-6","Auricular Acupuncture in the Treatment of Cocaine Abuse A Study of Efficacy and Dosing","Not specified","Not specified","","","","","","",""
"971","A-112625-971","S-112625-971","O-112625-971","https://doi.org/10.1089/acm.2004.10.985","Auricular Acupuncture in the Treatment of Cocaine/Crack Abuse: A Review of the Efficacy, the Use of the National Acupuncture Detoxification Association Protocol, and the Selection of Sham Points","Shenmen, Sympathetic, Kidney, Liver, Lung","","","","","","added ""ear""","",""
"13","A-112625-13","S-112625-13","O-112625-13","https://doi.org/10.3727/036012906815844265","Auricular acupuncture reduces intraoperative fentanyl requirement during hip arthroplasty--a randomized double-blinded study","MA-AH 4, MA-TFl, N4A-IC 1, MA-AT 4","MA-AH 4, MA-TFl, N4A-IC 1, MA-AT 4","","MA-AH 4, MA-TFl, N4A-IC 1, MA-AT 4","","","","",""
"909","A-112625-909","S-112625-909","O-112625-909","https://doi.org/10.1089/acm.2007.0544","Auricular Acupuncture Versus Sham Acupuncture in the Treatment of Women Who Have Insomnia","Shen Men, Sympathetic, Kidney, Insomnia 1, Insomnia 2, HX 8, HX 10","Shen Men, Sympathetic, Kidney, Insomnia 1, Insomnia 2, HX 8, HX 10","HT 7","Sympathetic, Kidney, Insomnia 1, Insomnia 2, HX 8, HX 10","TARA:2442762","","","",""
"683","A-112625-683","S-112625-683","O-112625-683","https://doi.org/10.1186/s12906-015-0606-7","Auricular acupuncture with seed or pellet attachments for primary insomnia: a systematic review and meta-analysis","Not specified","Not specified","","","","","","",""
"1838","A-112625-1838","S-112625-1838","O-112625-1838","https://doi.org/10.5152/npa.2015.9887","Auricular Acupuncture, Education, and Smoking Cessation: A Randomized, Sham-Controlled Trial","Not specified","Not specified","","","","","","",""
"499","A-112625-499","S-112625-499","O-112625-499","https://doi.org/10.1097/00000539-200102000-00049","Auricular Acupuncture: A Potential Treatment for Anxiety","shenmen, relaxation, sham","ear shenmen, relaxation, sham","","ear shenmen, relaxation, sham","","","added ""ear""","",""
"806","A-112625-806","S-112625-806","O-112625-806","https://doi.org/10.1093/humrep/del110","Auricular electro-acupuncture as an additional perioperative analgesic method during oocyte aspiration in IVF treatment","57, 55, 29","57, 55, 29","","57, 55, 29","","","","",""
"1242","A-112625-1242","S-112625-1242","O-112625-1242","https://pubmed.ncbi.nlm.nih.gov/11039005.0/","Auricular Plast er Therapy Plus Acupuncture at Zusanli for Postoperative Recovery of Intestinal Function","ST 36","ST 36","ST 36","","TARA:6463344","","","",""
"1485","A-112625-1485","S-112625-1485","O-112625-1485","uri not found","Auricular Point Sticking Combined with Acupuncture in the Treatment of 40 Patients with Insomnia","DU 20, HT 7, PC 6, EX HN 18, EX HNO 1, SP 6, ST 36, ST 25, RN 12, RN 4, K 13, LR 3, GB 20","DU 20, HT 7, PC 6, EX HN 18, EX HNO 1, SP 6, ST 36, ST 25, RN 12, RN 4, K 13, LR 3, GB 20","GV 20, HT 7, PC 6, SP 6, ST 36, ST 25, CV 12, CV 4, KI 13, LR 3, GB 20","EX HN 18, EX HNO 1","TARA:3386254, TARA:2442762, TARA:4311153, TARA:4385250, TARA:6463344, TARA:5717468, TARA:0434959, TARA:9921528, TARA:5358142, TARA:6499349, TARA:2324295","","","",""
"1673","A-112625-1673","S-112625-1673","O-112625-1673","https://doi.org/10.1089/acm.2009.0451","Auriculotherapy for Pain Management: A Systematic Review and Meta-Analysis of Randomized Controlled Trials","Shenmen, Thalamus","","","","","","review paper","",""
"104","A-112625-104","S-112625-104","O-112625-104","https://doi.org/10.1089/acu.2014.1025","Auriculotherapy Treatment Protocol for Low Back Pain: A Randomized Trial","Not specified","Not specified","","","","","","",""
"1184","A-112625-1184","S-112625-1184","O-112625-1184","uri not found","Back-Front Matching in Treating CHD","BL 15, BL 14, PC 6, RN 14, RN 17, Extra","BL 15, BL 14, PC 6, RN 14, RN 17, Extra","BL 15, BL 14, PC 6, CV 14, CV 17","Extra","TARA:5797983, TARA:9523348, TARA:4311153, TARA:4823591, TARA:3472408","","","",""
"39","A-112625-39","S-112625-39","O-112625-39","https://doi.org/10.1136/bmjopen-2014-006140","Bee venom acupuncture for rheumatoid arthritis: a systematic review of randomised clinical trials","Not specified","Not specified","","","","","","",""
"65","A-112625-65","S-112625-65","O-112625-65","uri not found","Bi Syndrome of the Knee Treated with Acupuncture with Patellofemoral Pain Syndrome As A Case","ST 34, SP 10, MN LE 16, ST 35, SP 9, ST 36, BL 17, BL 18, LI 4, BL 20, SP 6, BL 23, REN 4","ST 34, SP 10, MN LE 16, ST 35, SP 9, ST 36, BL 17, BL 18, LI 4, BL 20, SP 6, BL 23, REN 4","ST 34, SP 10, ST 35, SP 9, ST 36, BL 17, BL 18, LI 4, BL 20, SP 6, BL 23, CV 4","MN LE 16","TARA:8773594, TARA:8433932, TARA:2454652, TARA:3553465, TARA:6463344, TARA:1124682, TARA:9655874, TARA:0859695, TARA:3283628, TARA:4385250, TARA:0992296, TARA:9921528","","","",""
"1566","A-112625-1566","S-112625-1566","O-112625-1566","uri not found","Bilateral Alternating Point Penetration Method for 25 Cases of Ischemic Stroke Hemiplegia","LI 15, HT 1, LI 11, HT 3, SJ 5, PC 6, LI 4, SI 3, GB 34, SP 9, GB 39, SP 6, BL 60, KI 3, LR 3, KI 1, GB 3, ST 7, ST 4, ST 6, DU 15, EX, HT 5, HT 7, LI 10, GB 30, ST 36, ST 41, RN 23","LI 15, HT 1, LI 11, HT 3, SJ 5, PC 6, LI 4, SI 3, GB 34, SP 9, GB 39, SP 6, BL 60, KI 3, LR 3, KI 1, GB 3, ST 7, ST 4, ST 6, DU 15, EX, HT 5, HT 7, LI 10, GB 30, ST 36, ST 41, RN 23","LI 15, HT 1, LI 11, HT 3, TE 5, PC 6, LI 4, SI 3, GB 34, SP 9, GB 39, SP 6, BL 60, KI 3, LR 3, KI 1, GB 3, ST 7, ST 4, ST 6, GV 15, HT 5, HT 7, LI 10, GB 30, ST 36, ST 41, CV 23","EX","TARA:7829474, TARA:0420802, TARA:8923096, TARA:2385378, TARA:8393005, TARA:4311153, TARA:0859695, TARA:0220496, TARA:8758950, TARA:3553465, TARA:3770332, TARA:4385250, TARA:5047947, TARA:4362146, TARA:6499349, TARA:4512048, TARA:9191188, TARA:2990862, TARA:1429314, TARA:7834226, TARA:4427404, TARA:1282828, TARA:2442762, TARA:0742938, TARA:9378285, TARA:6463344, TARA:6019290, TARA:5804897","","","",""
"1515","A-112625-1515","S-112625-1515","O-112625-1515","https://doi.org/https://doi.org/10.1179/108331903225003190","Biofeedback, Acupuncture and Transcutaneous Electric Nerve Stimulation in the Management of Temperomandibular Disorders: A Systematic Review","Not specified","Not specified","","","","","","",""
"1672","A-112625-1672","S-112625-1672","O-112625-1672","https://doi.org/10.3109/10601331003777444","Blinding assessment in clinical trials: A review of statistical methods and a proposal of blinding assessment protocol","Not specified","Not specified","","","","","","",""
"848","A-112625-848","S-112625-848","O-112625-848","https://doi.org/10.1046/j.1365-2044.2001.02228.x","Bloodletting acupuncture for the prevention of stridor in children after tracheal extubation: a randomised, controlled study","Shao Shang","Shao Shang","LU 11","","TARA:0831517","","","",""
"975","A-112625-975","S-112625-975","O-112625-975","https://doi.org/10.1093/ecam/nem179","Body Acupuncture for Nicotine Withdrawal Symptoms: A Randomized Placebo-controlled Trial","HT 7, PC 7, HT 8, KI 3, KI 6","HT 7, PC 7, HT 8, KI 3, KI 6","HT 7, PC 7, HT 8, KI 3, KI 6","","TARA:2442762, TARA:9020892, TARA:6707910, TARA:4362146, TARA:2108622","","","",""
"666","A-112625-666","S-112625-666","O-112625-666","https://doi.org/10.1016/j.joim.2017.12.002","Brain functional connectivity network studies of acupuncture: a systematic review on resting-state fMRI","ST 36, LI 4, GB 37, LR 3, TE 5, ST 35, Xi Yan","","","","","","","",""
"1460","A-112625-1460","S-112625-1460","O-112625-1460","https://doi.org/10.1378/chest.125.5.1783","Can a Standardized Acupuncture Technique Palliate Disabling Breathlessness: A Single-Blind, Placebo-Controlled Crossover Study","Not specified","Not specified","","","","","","",""
"1169","A-112625-1169","S-112625-1169","O-112625-1169","https://doi.org/10.1089/acm.2011.0508","Can Acupuncture Affect the Circadian Rhythm of Blood Pressure? A Randomized, Double-Blind, Controlled Trial","ST 36, PC 6","ST 36, PC 6","ST 36, PC 6","","TARA:6463344, TARA:4311153","","","",""
"1196","A-112625-1196","S-112625-1196","O-112625-1196","https://doi.org/10.1097/00004650-200311000-00004","Can Acupuncture Ease the Symptoms of Menopause?","Not specified","Not specified","","","","","","",""
"1043","A-112625-1043","S-112625-1043","O-112625-1043","https://doi.org/10.1177/014107689608900602","Can acupuncture have specific effects on health? A systematic review of acupuncture antiemesis trials","P 6","","","","","","","",""
"1506","A-112625-1506","S-112625-1506","O-112625-1506","https://doi.org/10.1136/aim.21.3.92","Can Acupuncture Reduce the Induction Time of a Local Anaesthetic? -A Pilot Study","Not specified","Not specified","","","","","","",""
"1080","A-112625-1080","S-112625-1080","O-112625-1080","https://doi.org/10.1080/16501970510040362","Can electroacupuncture or transcutaneous nerve stimulation influence cognitive and emotional outcome after stroke?","LI 4, ST 36, GV 20, LI 11, EX 28:2, ST 40, EX 36:1, GB 34","LI 4, ST 36, GV 20, LI 11, ST 40, GB 34","LI 4, ST 36, GV 20, LI 11, ST 40, GB 34","","TARA:0859695, TARA:6463344, TARA:3386254, TARA:8923096, TARA:9531666, TARA:8758950","find paper in the drive","removed","",""
"496","A-112625-496","S-112625-496","O-112625-496","https://doi.org/10.1155/2014/329746","Can Tongue Acupuncture Enhance Body Acupuncture? First Results from Heart Rate Variability and Clinical Scores in Patients with Depression","ST 36, SP 6, PC 6, GV 24, EX-HN 3, GV 20, Liver, Heart, Brain","ST 36, SP 6, PC 6, GV 24, EX-HN 3, GV 20, Liver, Heart, Brain","ST 36, SP 6, PC 6, GV 24, Yintang, GV 20","Liver, Heart, Brain","TARA:6463344, TARA:4385250, TARA:4311153, TARA:7679931, TARA:3135569, TARA:3386254","","","",""
"402","A-112625-402","S-112625-402","O-112625-402","https://doi.org/10.1002/14651858.CD003928.pub3","Cephalic version by moxibustion for breech presentation","BL 67","BL 67","BL 67","","TARA:7218725","","","",""
"1382","A-112625-1382","S-112625-1382","O-112625-1382","https://doi.org/10.1179/016164103101202237","Cerebral and peripheral effects of laserneedle(R)-stimulation","Yingxiang, Hegu, Pianli, Guangming, Taichong, Zhiyin","Yingxiang, Hegu, Pianli, Guangming, Taichong, Zhiyin","LI 20, LI 4, LI 6, GB 37, LR 3, BL 67","","TARA:6681003, TARA:0859695, TARA:9876402, TARA:6320058, TARA:6499349, TARA:7218725","","","",""
"1671","A-112625-1671","S-112625-1671","O-112625-1671","https://doi.org/10.1089/acm.2011.0308","Cerebrovascular Response in Migraineurs During Prophylactic Treatment with Acupuncture: A Randomized Controlled Trial","Hegu (L.I. 4), Zusanli (S.T.36), Waiguan (3B. 5), Zulinqi (G.B. 41), Houxi (S.I. 3), Shenmai (U.B. 62), Baihui (DU20), Fengchi (G.B. 20), Taiyang (ExNH5), Sizhukong (3B. 23), Taichong (Li. 3), Taixi (K. 3)","LI 4, ST 36, Waiguan, GB 41, SI 3, UB 62, DU20, GB 20, Taiyang, Sizhukong, Li 3, Taixi","LI 4, ST 36, TE 5, GB 41, SI 3, BL 62, GV 20, GB 20, Taiyang, TE 23, LI 3, KI 3","","TARA:0859695, TARA:6463344, TARA:8393005, TARA:3668538, TARA:0220496, TARA:1628341, TARA:3386254, TARA:2324295, TARA:9534465, TARA:6752232, TARA:7867167, TARA:4362146","","","",""
"702","A-112625-702","S-112625-702","O-112625-702","https://doi.org/10.1016/s2005-2901(09)60028-5","Changes in Electrical Skin Resistance at Gallbladder 34 (GB34)","GB 34","GB 34","GB 34","","TARA:8758950","","","",""
"1065","A-112625-1065","S-112625-1065","O-112625-1065","https://doi.org/10.1016/j.jmpt.2014.06.003","Changes in spasticity, widespread pressure pain sensitivity, and baropodometry after the application of dry needling in patients who have had a stroke: A randomized controlled trial","Not specified","Not specified","","","","","","",""
"1670","A-112625-1670","S-112625-1670","O-112625-1670","https://doi.org/10.1155/2016/9874207","Changes of Local Blood Flow in Response to Acupuncture Stimulation: A Systematic Review","LI 4, ST 36, PC 6, GB 21","","","","","","","",""
"877","A-112625-877","S-112625-877","O-112625-877","https://doi.org/10.1002/14651858.CD008642.pub2","Chinese herbal medicine for atopic eczema","Not specified","Not specified","","","","","","",""
"186","A-112625-186","S-112625-186","O-112625-186","https://doi.org/10.1002/14651858.CD009023.pub2","Chinese herbal medicine for menopausal symptoms","Not specified","Not specified","","","","","","",""
"178","A-112625-178","S-112625-178","O-112625-178","https://doi.org/10.1016/j.ctim.2014.03.008","Chinese massage (Tuina) for the treatment of essential hypertension: A systematic review and meta-analysis","LI 4, PC 8, EX-UE 11, DU 20, EX-HN 5, GB 20, KI 3, SP 9, SP 6, GB 21, ST 36, BL 57, KI 1, LR 2, LI 14, LI 11, PC 6","","","","","","","",""
"550","A-112625-550","S-112625-550","O-112625-550","https://doi.org/10.1093/rheumatology/37.10.1118","Chronic neck pain: A comparison of acupuncture treatment and physiotherapy","GB 21, L 14","GB 21, L 14","GB 21","L 14","TARA:5389461","","","",""
"118","A-112625-118","S-112625-118","O-112625-118","https://doi.org/10.1097/00007632-200307150-00003","Chronic Spinal Pain A Randomized Clinical Trial Comparing Medication, Acupuncture, and Spinal Manipulation","Not specified","Not specified","","","","","","",""
"1139","A-112625-1139","S-112625-1139","O-112625-1139","https://doi.org/10.1016/s0161-4754(99)70082-5","Chronic Spinal Pain Syndromes: A Clinical Pilot Trial Comparing Acupuncture, a Nonsteroidal Anti-inflammatory Drug, and Spinal Manipulation","Not specified","Not specified","","","","","","",""
"337","A-112625-337","S-112625-337","O-112625-337","https://doi.org/10.1111/j.1468-2982.2006.01209.x","Chronic tension type headache treated with acupuncture, physical training and relaxation training. Between group differences","GB 20, GB 14, LI 4, ST 44, PC 6, PC 7, SP 6, GB 34, ST 8, EX 2, EX 1","GB 20, GB 14, LI 4, ST 44, PC 6, PC 7, SP 6, GB 34, ST 8","GB 20, GB 14, LI 4, ST 44, PC 6, PC 7, SP 6, GB 34, ST 8","","TARA:2324295, TARA:9987270, TARA:0859695, TARA:8440155, TARA:4311153, TARA:9020892, TARA:4385250, TARA:8758950, TARA:9946635","","taken out","",""
"1504","A-112625-1504","S-112625-1504","O-112625-1504","https://pubmed.ncbi.nlm.nih.gov/3853645.0/","Clinical analysis and experimental observation on acupuncture and moxibustion treatment of patellar tendon terminal disease in athletes","Xiyan, Futu","Xiyan, Futu","Xiyan, LI 18","","TARA:0926802, TARA:9159226","","","",""
"997","A-112625-997","S-112625-997","O-112625-997","https://pubmed.ncbi.nlm.nih.gov/15510795.0/","Clinical Analysis for the Acupuncture Treatment in 42 Cases of Gouty Renal Damage","BL 23, BL 22, CV 3, CV 4, SP 10, SP 6, KI 3, LI 11, LI 4, ST 44, GB 20, LR 3, PC 6, HT 7","BL 23, BL 22, CV 3, CV 4, SP 10, SP 6, KI 3, LI 11, LI 4, ST 44, GB 20, LR 3, PC 6, HT 7","BL 23, BL 22, CV 3, CV 4, SP 10, SP 6, KI 3, LI 11, LI 4, ST 44, GB 20, LR 3, PC 6, HT 7","","TARA:0992296, TARA:3963382, TARA:0022762, TARA:9921528, TARA:8433932, TARA:4385250, TARA:4362146, TARA:8923096, TARA:0859695, TARA:8440155, TARA:2324295, TARA:6499349, TARA:4311153, TARA:2442762","","","",""
"1373","A-112625-1373","S-112625-1373","O-112625-1373","uri not found","Clinical Analysis on Treatment of Parkinson's Disease by Acupuncture of the Main Points on The Governor Vessel Meridian","GV 23, GV 24, GV 20, EX HN 1, GV 16, GV 12, GV 10, GV 6, CV 5, GV 3, BL 18, GB 34, GB 20, LR 3, ST 40, GV 12, ST 36","GV 23, GV 24, GV 20, EX HN 1, GV 16, GV 12, GV 10, GV 6, CV 5, GV 3, BL 18, GB 34, GB 20, LR 3, ST 40, GV 12, ST 36","GV 23, GV 24, GV 20, Sishencong, GV 16, GV 12, GV 10, GV 6, CV 5, GV 3, BL 18, GB 34, GB 20, LR 3, ST 40, GV 12, ST 36","","TARA:7690229, TARA:7679931, TARA:3386254, TARA:9610280, TARA:3361967, TARA:8607646, TARA:3683574, TARA:5902217, TARA:1205186, TARA:8807122, TARA:9655874, TARA:8758950, TARA:2324295, TARA:6499349, TARA:9531666, TARA:8607646, TARA:6463344","","","",""
"1580","A-112625-1580","S-112625-1580","O-112625-1580","uri not found","CLINICAL AND EXPERIMENTAL RESEARCH ON THE ACUPUNCTURE TREATMENT OF UPPER URINARY TRACT CALCULI","Huatuojiaji M BW 35 at T12, L1, L2, Huangmen BL 51, Zhishi BL 32, Zhishi BL 52, Weiyang BL 37, Weiyang BL 39","Huatuojiaji M BW 35 at T12, L1, L2, Huangmen BL 51, Zhishi BL 32, Zhishi BL 52, Weiyang BL 37, Weiyang BL 39","LU 1, LU 2","Huatuojiaji M BW 35 at T12, Huangmen BL 51, Zhishi BL 32, Zhishi BL 52, Weiyang BL 37, Weiyang BL 39","TARA:0913913, TARA:0540755","","","",""
"1213","A-112625-1213","S-112625-1213","O-112625-1213","uri not found","Clinical Comparison of Motor Conduction of Facial Nerve Branches: A Randomized Controlled Trial of Using Acupuncture to Treat Bell's Palsy","Not specified","Not specified","","","","","","",""
"1360","A-112625-1360","S-112625-1360","O-112625-1360","uri not found","Clinical Control Study of Different Acupuncture Therapies On Lateral Femoral Cutaneous Neuritis","Jiaji EX B2, Biguan ST 31, Futu ST 32, Liangqiu ST 34, Fengshi GB 31","Jiaji EX B2, Biguan ST 31, Futu ST 32, Liangqiu ST 34, Fengshi GB 31","","Jiaji EX B2, Biguan ST 31, Futu ST 32, Liangqiu ST 34, Fengshi GB 31","","","","",""
"1059","A-112625-1059","S-112625-1059","O-112625-1059","https://doi.org/10.1016/s0254-6272(15)30075-3","Clinical curative effect of electric acupuncture on acute cerebral infarction: a randomized controlled multicenter trial","Not specified","Not specified","","","","","","",""
"1118","A-112625-1118","S-112625-1118","O-112625-1118","https://pubmed.ncbi.nlm.nih.gov/11452568.0/","Clinical decisions in the use of acupuncture as an adjunctive therapy for osteoarthritis of the knee","GB 34, Sp 9, St 36, St 35, Xiyan, UB 60, GB 39, Sp 6, Kid 3","GB 34, Sp 9, St 36, St 35, Xiyan, UB 60, GB 39, Sp 6, Kid 3","GB 34, SP 9, ST 36, ST 35, Xiyan, BL 60, GB 39, SP 6, KI 3","","TARA:8758950, TARA:3553465, TARA:6463344, TARA:2454652, TARA:0926802, TARA:5047947, TARA:3770332, TARA:4385250, TARA:4362146","","","",""
"575","A-112625-575","S-112625-575","O-112625-575","https://doi.org/10.1136/aim.2010.002733","Clinical effectiveness and safety of acupuncture in the treatment of irradiation-induced xerostomia in patients with head and neck cancer: a systematic review","LI 4, SP 6, GV 20, luozhen, shenman, LI 2","","","","","","","",""
"589","A-112625-589","S-112625-589","O-112625-589","https://doi.org/10.1097/MD.0000000000005836","Clinical effectiveness of acupuncture on Parkinson disease A PRISMA-compliant systematic review and meta-analysis","LR 3, GB 34, GV 20, EX-HN 1, GB 20, LI 11, ST 36, KI 3","","","","","","","",""
"94","A-112625-94","S-112625-94","O-112625-94","https://doi.org/10.1016/s0254-6272(09)60003-0","Clinical effects of acupuncture after surgical operation in patients with prolapse of the lumbar intervertebral disc","ST 36","ST 36","ST 36","","TARA:6463344","","","",""
"1218","A-112625-1218","S-112625-1218","O-112625-1218","https://doi.org/10.1016/s0254-6272(10)60003-9","Clinical Effects of Acupuncture for Diabetic Peripheral Neuropathy","Ganshu (BL 18)","Ganshu (BL 18)","","Ganshu (BL 18)","","","","",""
"1068","A-112625-1068","S-112625-1068","O-112625-1068","https://doi.org/10.1089/acm.2011.0131","Clinical Effects of Scalp Electrical Acupuncture in Stroke: A Sham Controlled Randomized Clinical Trial","Not specified","Not specified","","","","","","",""
"1669","A-112625-1669","S-112625-1669","O-112625-1669","https://doi.org/10.1007/s11726-012-0566-0","Clinical Efficacy Observation of Scalp acupuncture based Therapy for Vascular Dementia 头针为主治疗血管性痴呆疗效观察","Emotion area, GB 20, Extra Gongxue, Ex HN 13, GV 16, GV 20, Ex HN 1, KI 3, LR 3, GB 38, ST 36","Emotion area, GB 20, Extra Gongxue, Ex HN 13, GV 16, GV 20, Ex HN 1, KI 3, LR 3, GB 38, ST 36","GB 20, Yuye, GV 16, GV 20, Sishencong, KI 3, LR 3, GB 38, ST 36","Emotion area, Extra Gongxue","TARA:2324295, TARA:7471145, TARA:3361967, TARA:3386254, TARA:9610280, TARA:4362146, TARA:6499349, TARA:9968219, TARA:6463344","","","",""
"1668","A-112625-1668","S-112625-1668","O-112625-1668","https://link.springer.com/article/10.1007/s11655-011-0875-z","Clinical Evaluation of Soothing Gan (肝) and Invigorating Pi (脾) Acupuncture Treatment on Diarrhea predominant Irritable Bowel Syndrome","ST 25, ST 36, ST 37, SP 6, LR 3, DU 20, EX HN 3","ST 25, ST 36, ST 37, SP 6, LR 3, DU 20, EX HN 3","ST 25, ST 36, ST 37, SP 6, LR 3, GV 20, Yintang","","TARA:5717468, TARA:6463344, TARA:5918799, TARA:4385250, TARA:6499349, TARA:3386254, TARA:3135569","","","",""
"1257","A-112625-1257","S-112625-1257","O-112625-1257","https://pubmed.ncbi.nlm.nih.gov/17710798.0/","Clinical Observat ion Clinical Research on Acupuncture and Moxibustion Treatment of | Chronic Atrophic Gastritis","ST 36, CV 12, ST 25","ST 36, CV 12, ST 25","ST 36, CV 12, ST 25","","TARA:6463344, TARA:0434959, TARA:5717468","","","",""
"1198","A-112625-1198","S-112625-1198","O-112625-1198","uri not found","Clinical Observati on Acupuncture for Treatment of Climacteric SyndromeA Report of 35 Cases","Fengfu GV 16, Baihui GV 20, Qihai CV 6, Shenshu BL 23, Pishu BL 20, Ganshu BL 18, Taixi KI 3, Sanyinjiao SP 6, Zusanli ST 36, Neiguan PC 6, Taichong LR 3, Sishencong EX HN1","Fengfu GV 16, Baihui GV 20, Qihai CV 6, Shenshu BL 23, Pishu BL 20, Ganshu BL 18, Taixi KI 3, Sanyinjiao SP 6, Zusanli ST 36, Neiguan PC 6, Taichong LR 3, Sishencong EX HN1","","Fengfu GV 16, Baihui GV 20, Qihai CV 6, Shenshu BL 23, Pishu BL 20, Ganshu BL 18, Taixi KI 3, Sanyinjiao SP 6, Zusanli ST 36, Neiguan PC 6, Taichong LR 3, Sishencong EX HN1","","","","",""
"1219","A-112625-1219","S-112625-1219","O-112625-1219","https://pubmed.ncbi.nlm.nih.gov/15510787.0/","Clinical Observation Clinical Observation on Acupuncture Treatment in 35 Cases of Diabetic Gastroparesis","CV 12, ST 36, PC 6, SP 4, BL 20, BL 21, LI 11, GB 34, LR 3, CV 6, CV 4, SP 6","CV 12, ST 36, PC 6, SP 4, BL 20, BL 21, LI 11, GB 34, LR 3, CV 6, CV 4, SP 6","CV 12, ST 36, PC 6, SP 4, BL 20, BL 21, LI 11, GB 34, LR 3, CV 6, CV 4, SP 6","","TARA:0434959, TARA:6463344, TARA:4311153, TARA:7407065, TARA:3283628, TARA:4839095, TARA:8923096, TARA:8758950, TARA:6499349, TARA:8833337, TARA:9921528, TARA:4385250","","","",""
"1148","A-112625-1148","S-112625-1148","O-112625-1148","https://doi.org/10.1007/s11726-010-0047-2","Clinical Observation of a Combination of Acupuncture and Drug Administration for Non specific Acute Lumbar Sprain","Ex UE 7, BL 40, BL 60, SI 6, GB 34, SI 3, BL 62, TE 5, GB 41","Ex UE 7, BL 40, BL 60, SI 6, GB 34, SI 3, BL 62, TE 5, GB 41","Yaotongxue, BL 40, BL 60, SI 6, GB 34, SI 3, BL 62, TE 5, GB 41","","TARA:7584875, TARA:5290080, TARA:5047947, TARA:4125415, TARA:8758950, TARA:0220496, TARA:1628341, TARA:8393005, TARA:3668538","","","",""
"1390","A-112625-1390","S-112625-1390","O-112625-1390","uri not found","Clinical Observation of Acupuncture of the Back-Shu Points Along the Bladder Meridian of Foot-Taiyang for Females with Simple Obesity","EX B3, BL 22, BL 21, BL 25, BL 27, BL 20, BL 24, BL 28, BL 23, RN 4, ST 36, SP 6, LI 11, ST 37, ST 44, SP 4, SP 8, SP 9, KI 2, KI 3, KI 10, ST 25, CV 12, ST 24, ST 26, CV 9, SP 15, SP 14, CV 6, CV 4, KI 16","EX B3, BL 22, BL 21, BL 25, BL 27, BL 20, BL 24, BL 28, BL 23, RN 4, ST 36, SP 6, LI 11, ST 37, ST 44, SP 4, SP 8, SP 9, KI 2, KI 3, KI 10, ST 25, CV 12, ST 24, ST 26, CV 9, SP 15, SP 14, CV 6, CV 4, KI 16","Weiwanxiashu, BL 22, BL 21, BL 25, BL 27, BL 20, BL 24, BL 28, BL 23, CV 4, ST 36, SP 6, LI 11, ST 37, ST 44, SP 4, SP 8, SP 9, KI 2, KI 3, KI 10, ST 25, CV 12, ST 24, ST 26, CV 9, SP 15, SP 14, CV 6, CV 4, KI 16","","TARA:4242691, TARA:3963382, TARA:4839095, TARA:0906448, TARA:6929444, TARA:3283628, TARA:7357260, TARA:5318530, TARA:0992296, TARA:9921528, TARA:6463344, TARA:4385250, TARA:8923096, TARA:5918799, TARA:8440155, TARA:7407065, TARA:6848518, TARA:3553465, TARA:3114756, TARA:4362146, TARA:8716769, TARA:5717468, TARA:0434959, TARA:1211048, TARA:8646804, TARA:4534524, TARA:4679170, TARA:1992799, TARA:8833337, TARA:9921528, TARA:4514038","","","",""
"1347","A-112625-1347","S-112625-1347","O-112625-1347","uri not found","Clinical Observation of Auricular Acupuncture and Acupoint Injection Combined with Transdermal Fentanyl Application in the Treatment of Cancer Pain","subcortex, hauriculart, auricular tips, sympathetic, liver, Shenmen, GV 14, DU 14, ST 36, SP 6, Ashi point, sulcus auriculae posterior","subcortex, hauriculart, auricular tips, sympathetic, liver, Ear Shenmen, GV 14, DU 14, ST 36, SP 6, Ashi point, sulcus auriculae posterior","GV 14, GV 14, ST 36, SP 6","subcortex, hauriculart, auricular tips, sympathetic, liver, Ear Shenmen, Ashi point, sulcus auriculae posterior","TARA:8452754, TARA:8452754, TARA:6463344, TARA:4385250","","added ""ear""","",""
"1667","A-112625-1667","S-112625-1667","O-112625-1667","uri not found","Clinical Observation of Combined Acupuncture and Herbs in Treating Chronic Pelvic Inflammation","CV 3, CV 4, ST 28, ST 29, KI 12, KI 13, LR 5, BL 30, SP 9, LR 6, SP 10, SP 8, KI 3, BL 23, KI 7, ST 36, CV 12, SP 6","CV 3, CV 4, ST 28, ST 29, KI 12, KI 13, LR 5, BL 30, SP 9, LR 6, SP 10, SP 8, KI 3, BL 23, KI 7, ST 36, CV 12, SP 6","CV 3, CV 4, ST 28, ST 29, KI 12, KI 13, LR 5, BL 30, SP 9, LR 6, SP 10, SP 8, KI 3, BL 23, KI 7, ST 36, CV 12, SP 6","","TARA:0022762, TARA:9921528, TARA:5017471, TARA:5873796, TARA:9217640, TARA:5358142, TARA:0780558, TARA:9128934, TARA:3553465, TARA:8267317, TARA:8433932, TARA:6848518, TARA:4362146, TARA:0992296, TARA:9881298, TARA:6463344, TARA:0434959, TARA:4385250","","","",""
"1110","A-112625-1110","S-112625-1110","O-112625-1110","uri not found","Clinical Observation of Du Meridian Moxibustion Combined with Acupuncture in Relieving Pain of Ankylosing Spondylitis","Huatuo Jiaji Points, GV 2","Huatuo Jiaji Points, GV 2","GV 2","Huatuo Jiaji Points","TARA:2678362","","","",""
"1880","A-112625-1880","S-112625-1880","O-112625-1880","https://doi.org/10.1007/s11726-009-0091-y","Clinical Observation of Nerve near Needling for Occipital Neuralgia","BL 10, TE 16, GB 20, GV 20, Extra, GB 12, LI 4, TE 17","BL 10, TE 16, GB 20, GV 20, Extra, GB 12, LI 4, TE 17","BL 10, TE 16, GB 20, GV 20, GB 12, LI 4, TE 17","Extra","TARA:0242146, TARA:9834019, TARA:2324295, TARA:3386254, TARA:1031890, TARA:0859695, TARA:6615149","","","",""
"1497","A-112625-1497","S-112625-1497","O-112625-1497","uri not found","Clinical Observation of the Treatment of 87 Cases of Insomnia with Acupuncture to Regulate the Yingiao and Yanggiao Channels","KI 6, KI 8, KI 1, UB 62, UB 61, UB 59, LI 15, GB 20, UB 15, UB 44, PC 6, ST 36, UB 20, UB 21, DU 20, DU 24, ST 8","KI 6, KI 8, KI 1, UB 62, UB 61, UB 59, LI 15, GB 20, UB 15, UB 44, PC 6, ST 36, UB 20, UB 21, DU 20, DU 24, ST 8","KI 6, KI 8, KI 1, BL 62, BL 61, BL 59, LI 15, GB 20, BL 15, BL 44, PC 6, ST 36, BL 20, BL 21, GV 20, GV 24, ST 8","","TARA:2108622, TARA:6046086, TARA:4512048, TARA:1628341, TARA:0093665, TARA:4995021, TARA:7829474, TARA:2324295, TARA:5797983, TARA:7646636, TARA:4311153, TARA:6463344, TARA:3283628, TARA:4839095, TARA:3386254, TARA:7679931, TARA:9946635","","","",""
"1532","A-112625-1532","S-112625-1532","O-112625-1532","https://pubmed.ncbi.nlm.nih.gov/12376307.0/","Clinical Observation of Treating 78 cases of Wind Stroke with Five Center Needling","Jianyu LI 15, Binao LI 14, Quchi LI 11, Shousanli LI 10, Waiguan SJ 5, Hegu LI 4, Biguan ST 31, Huantiao GB 30, Liangqiu ST 34, Zusanli ST 36, Yanglingquan GB 34, Xuanzhong GB 39, Kunlun UB 60","LI 15, LI 14, LI 11, LI 10, SJ 5, LI 4, ST 31, GB 30, ST 34, ST 36, GB 34, GB 39, UB 60","LI 15, LI 14, LI 11, LI 10, TE 5, LI 4, ST 31, GB 30, ST 34, ST 36, GB 34, GB 39, BL 60","","TARA:7829474, TARA:3744150, TARA:8923096, TARA:0742938, TARA:8393005, TARA:0859695, TARA:9294655, TARA:9378285, TARA:8773594, TARA:6463344, TARA:8758950, TARA:3770332, TARA:5047947","","","",""
"1282","A-112625-1282","S-112625-1282","O-112625-1282","uri not found","Clinical Observation of Treating Migraine with Deep Needling at Point Fengchi","GB 20, EX HN 5","GB 20, EX HN 5","GB 20, Taiyang","","TARA:2324295, TARA:9534465","","","",""
"1468","A-112625-1468","S-112625-1468","O-112625-1468","uri not found","Clinical Observation of Treatment of 89 Adhesive Capsulitis Cases with Ear pressing And Warming Acupuncture","Shenmen, Clavicle, Shoulder, Endocrine, Adrenal Gland, Liver, Spleen, Jianyu (LI 15), Jianqian, Jianhou, Ah shi points, Quchi (LI 11), Waiguan (SJ 5), Hegu (LI 4), Binao (LI 14), Tianzong (SI 11)","Ear Shenmen, Clavicle, Shoulder, Endocrine, Adrenal Gland, Liver, Spleen, Jianyu, Jianqian, Jianhou, Ah shi points, Quchi, Waiguan, Hegu, Binao, Tianzong","LI 15, Jianqian, LI 11, TE 5, LI 4, LI 14, SI 11","Ear Shenmen, Clavicle, Shoulder, Endocrine, Adrenal Gland, Liver, Spleen, Jianhou, Ah shi points","TARA:7829474, TARA:9492402, TARA:8923096, TARA:8393005, TARA:0859695, TARA:3744150, TARA:4122792","","added ""ear""","",""
"1666","A-112625-1666","S-112625-1666","O-112625-1666","https://doi.org/10.1007/s11726-010-0428-6","Clinical Observation of Warm Acupuncture in Treating Diabetic Peripheral Neuropathy","Pishu BL 20, Shenshu BL 23, Huantiao GB 30, Zusanli ST 36, Yanglingquan GB 34, Sanyinjiao SP 6, Taixi KI 3, Quchi LI 11, Waiguan TE 5, Hegu LI 4","BL 20, BL 23, GB 30, ST 36, GB 34, SP 6, KI 3, LI 11, TE 5, LI 4","BL 20, BL 23, GB 30, ST 36, GB 34, SP 6, KI 3, LI 11, TE 5, LI 4","","TARA:3283628, TARA:0992296, TARA:9378285, TARA:6463344, TARA:8758950, TARA:4385250, TARA:4362146, TARA:8923096, TARA:8393005, TARA:0859695","","","",""
"1536","A-112625-1536","S-112625-1536","O-112625-1536","https://pubmed.ncbi.nlm.nih.gov/17710801.0/","Clinical Observation on 30 Cases of Transient Cerebral Ischemia Attack Treated with Acupuncture and Medication","GB 20, GB 12, BL 10","GB 20, GB 12, BL 10","GB 20, GB 12, BL 10","","TARA:2324295, TARA:1031890, TARA:0242146","","","",""
"1264","A-112625-1264","S-112625-1264","O-112625-1264","https://pubmed.ncbi.nlm.nih.gov/11789327.0/","Clinical Observation on Abdominal Cluster Needling for Treatment of Chronic Annexitis","VC 3, ST 36, SP 6, CV 6, Extra, SP 9","VC 3, ST 36, SP 6, CV 6, Extra, SP 9","CV 3, ST 36, SP 6, CV 6, SP 9","Extra","TARA:0022762, TARA:6463344, TARA:4385250, TARA:8833337, TARA:3553465","","","",""
"1399","A-112625-1399","S-112625-1399","O-112625-1399","uri not found","Clinical Observation on Acupuncture and Moxibustion Combined with Mifepristone and Misoprostol for Terminating Early","LI 4, SP 6, Ren 6, Ren 4, SP 10","LI 4, SP 6, Ren 6, Ren 4, SP 10","LI 4, SP 6, CV 6, CV 4, SP 10","","TARA:0859695, TARA:4385250, TARA:8833337, TARA:9921528, TARA:8433932","","","",""
"1365","A-112625-1365","S-112625-1365","O-112625-1365","https://pubmed.ncbi.nlm.nih.gov/16941974.0/","Clinical Observation on Acupuncture Combined with Medicine for Treatment of Infantile Febrile Convulsion","Not specified","Not specified","","","","","","",""
"1276","A-112625-1276","S-112625-1276","O-112625-1276","https://doi.org/10.1007/s11726-011-0477-5","Clinical Observation on Acupuncture for Migrain","Not specified","Not specified","","","","","","",""
"1111","A-112625-1111","S-112625-1111","O-112625-1111","https://doi.org/10.1007/s11726-012-0628-3","Clinical Observation on Acupuncture moxibustion Therapy in Treating Ankylosing Spondylitis","Not specified","Not specified","","","","","","",""
"1491","A-112625-1491","S-112625-1491","O-112625-1491","https://doi.org/10.1007/s11726-010-0433-9","Clinical Observation on Acupuncture plus Auricular Point Sticking in Treating Insomnia","ST 36, BL 20, BL 23, KI 3, SP 9, ST 40, TE 5, GB 34, LR 3, CV 13, CV 12, ST 25, CV 6, CV 4, Ex HN 1, GV 20","ST 36, BL 20, BL 23, KI 3, SP 9, ST 40, TE 5, GB 34, LR 3, CV 13, CV 12, ST 25, CV 6, CV 4, Ex HN 1, GV 20","ST 36, BL 20, BL 23, KI 3, SP 9, ST 40, TE 5, GB 34, LR 3, CV 13, CV 12, ST 25, CV 6, CV 4, Sishencong, GV 20","","TARA:6463344, TARA:3283628, TARA:0992296, TARA:4362146, TARA:3553465, TARA:9531666, TARA:8393005, TARA:8758950, TARA:6499349, TARA:4525270, TARA:0434959, TARA:5717468, TARA:8833337, TARA:9921528, TARA:9610280, TARA:3386254","","","",""
"1544","A-112625-1544","S-112625-1544","O-112625-1544","uri not found","Clinical observation on acupuncture therapy for cerebral hemorrhage","H 5, P 6, Sp 10, Sp 9, 42M, LI 11, SJ 5, LI 4, GB 30, UB 54, GB 31, GB 34, Sp 6","H 5, P 6, Sp 10, Sp 9, 42M, LI 11, SJ 5, LI 4, GB 30, UB 54, GB 31, GB 34, Sp 6","HT 5, PC 6, SP 10, SP 9, LI 11, TE 5, LI 4, GB 30, BL 54, GB 31, GB 34, SP 6","42M","TARA:1282828, TARA:4311153, TARA:8433932, TARA:3553465, TARA:8923096, TARA:8393005, TARA:0859695, TARA:9378285, TARA:0488267, TARA:5264783, TARA:8758950, TARA:4385250","","","",""
"1664","A-112625-1664","S-112625-1664","O-112625-1664","https://doi.org/10.1007/s11726-011-0506-4","Clinical Observation on Acupuncture Treating Functional Gastrointestinal Disorder after Gallstone Surgery","ST 36, ST 37, ST 39, GB 34","ST 36, ST 37, ST 39, GB 34","ST 36, ST 37, ST 39, GB 34","","TARA:6463344, TARA:5918799, TARA:6728804, TARA:8758950","","","",""
"1562","A-112625-1562","S-112625-1562","O-112625-1562","https://doi.org/10.1007/s11726-013-0669-2","Clinical Observation on Acupuncture Treatment for Cerebral Infarction Sequela","HT 2, PC 4, PC 6, LI 15, LI 14, LI 11, LI 4, ST 32, GB 30, GB 31, SP 10, SP 9, BL 40, BL 57, SP 6, LR 3","HT 2, PC 4, PC 6, LI 15, LI 14, LI 11, LI 4, ST 32, GB 30, GB 31, SP 10, SP 9, BL 40, BL 57, SP 6, LR 3","HT 2, PC 4, PC 6, LI 15, LI 14, LI 11, LI 4, ST 32, GB 30, GB 31, SP 10, SP 9, BL 40, BL 57, SP 6, LR 3","","TARA:9830532, TARA:2645290, TARA:4311153, TARA:7829474, TARA:3744150, TARA:8923096, TARA:0859695, TARA:8826565, TARA:9378285, TARA:5264783, TARA:8433932, TARA:3553465, TARA:5290080, TARA:4589241, TARA:4385250, TARA:6499349","","","",""
"511","A-112625-511","S-112625-511","O-112625-511","https://doi.org/10.1007/s11726-011-0500-x","Clinical Observation on Acupuncture Treatment of Alopecia Areata 针刺治疗斑秃临床观察","BL 23, BL 18, KI 3, SP 6, SP 10, BL 17, ST 36, GB 20, GV 20, GV 23, GB 8, ST 44, LR 3, TE 5, SI 3","BL 23, BL 18, KI 3, SP 6, SP 10, BL 17, ST 36, GB 20, GV 20, GV 23, GB 8, ST 44, LR 3, TE 5, SI 3","BL 23, BL 18, KI 3, SP 6, SP 10, BL 17, ST 36, GB 20, GV 20, GV 23, GB 8, ST 44, LR 3, TE 5, SI 3","","TARA:0992296, TARA:9655874, TARA:4362146, TARA:4385250, TARA:8433932, TARA:1124682, TARA:6463344, TARA:2324295, TARA:3386254, TARA:7690229, TARA:5363236, TARA:8440155, TARA:6499349, TARA:8393005, TARA:0220496","","","",""
"449","A-112625-449","S-112625-449","O-112625-449","https://pubmed.ncbi.nlm.nih.gov/17078447.0/","Clinical Observation on Acupuncture Treatment of Depressive Neurosis in 30 Cases","EX HN 5, GV 24, BL 4, GV 20, PC 6, HT 7, SP 6, LR 3","EX HN 5, GV 24, BL 4, GV 20, PC 6, HT 7, SP 6, LR 3","Taiyang, GV 24, BL 4, GV 20, PC 6, HT 7, SP 6, LR 3","","TARA:9534465, TARA:7679931, TARA:0598260, TARA:3386254, TARA:4311153, TARA:2442762, TARA:4385250, TARA:6499349","","","",""
"1883","A-112625-1883","S-112625-1883","O-112625-1883","https://doi.org/10.1016/s0254-6272(10)60006-4","Clinical Observation on Acupuncture Treatment of Intractable Insomnia","GV 20, EX-HN 1, PC 6, ST 36, SP 6, KI 3, Shenmen, Heart, Spleen, Kidney, Sympathetic, Subcortex, BL 15, BL 20, BL 23","GV 20, EX-HN 1, PC 6, ST 36, SP 6, KI 3, Ear Shenmen, Heart, Spleen, Kidney, Sympathetic, Subcortex, BL 15, BL 20, BL 23","GV 20, Sishencong, PC 6, ST 36, SP 6, KI 3, BL 15, BL 20, BL 23","Ear Shenmen, Heart, Spleen, Kidney, Sympathetic, Subcortex","TARA:3386254, TARA:9610280, TARA:4311153, TARA:6463344, TARA:4385250, TARA:4362146, TARA:5797983, TARA:3283628, TARA:0992296","","added ""ear""","",""
"528","A-112625-528","S-112625-528","O-112625-528","https://pubmed.ncbi.nlm.nih.gov/17393625.0/","Clinical Observation on Cervical Spondylopathy of the Vertebroarterial Type Treated by Electro acupuncture","Jiaji C2, Jiaji C3, Jiaji C4, Jiaji C5, Fengchi GB 20, Baihui GV 20, Shuaigu GB 8","Jiaji C2, Jiaji C3, Jiaji C4, Jiaji C5, Fengchi, Baihui, Shuaigu","GB 20, GV 20, GB 8","Jiaji C2, Jiaji C3, Jiaji C4, Jiaji C5","TARA:2324295, TARA:3386254, TARA:5363236","","","",""
"1442","A-112625-1442","S-112625-1442","O-112625-1442","https://doi.org/10.1007/BF02973152","Clinical Observation on Combination Therapy of Acupuncture and Chinese Herbal Medicine in Treating Vocal Cord Nodule","Not specified","Not specified","","","","","","",""
"1795","A-112625-1795","S-112625-1795","O-112625-1795","https://doi.org/10.1007/s11726-011-0519-z","Clinical Observation on Combined Acupuncture and Herbs in Treating Impotence","BL 23, GV 4, SP 6, CV 4, BL 15, CV 3, ST 36, BL 20, BL 14, BL 31, BL 32, BL 33, BL 34, KI 2, SP 9, ST 25, KI 3","BL 23, GV 4, SP 6, CV 4, BL 15, CV 3, ST 36, BL 20, BL 14, BL 31, BL 32, BL 33, BL 34, KI 2, SP 9, ST 25, KI 3","BL 23, GV 4, SP 6, CV 4, BL 15, CV 3, ST 36, BL 20, BL 14, BL 31, BL 32, BL 33, BL 34, KI 2, SP 9, ST 25, KI 3","","TARA:0992296, TARA:8557069, TARA:4385250, TARA:9921528, TARA:5797983, TARA:0022762, TARA:6463344, TARA:3283628, TARA:9523348, TARA:2465151, TARA:6742407, TARA:6927551, TARA:1522109, TARA:3114756, TARA:3553465, TARA:5717468, TARA:4362146","","","",""
"1663","A-112625-1663","S-112625-1663","O-112625-1663","https://doi.org/10.1007/s11726-012-0562-4","Clinical Observation on Combined Acupuncture and Medicine in Treating Post stroke Depression","Niesanzhen, PC 6, ST 36, ST 40, LR 3","Niesanzhen, PC 6, ST 36, ST 40, LR 3","PC 6, ST 36, ST 40, LR 3","Niesanzhen","TARA:4311153, TARA:6463344, TARA:9531666, TARA:6499349","","","",""
"1238","A-112625-1238","S-112625-1238","O-112625-1238","https://doi.org/10.1007/s11726-009-0274-6","Clinical Observation on Combined Warming Needle and Patented Chinese Medicine for Irritable Bowel Syndrome","ST 25, BL 25","ST 25, BL 25","ST 25, BL 25","","TARA:5717468, TARA:0906448","","","",""
"1662","A-112625-1662","S-112625-1662","O-112625-1662","https://doi.org/10.1007/s11726-013-0665-6","Clinical Observation on Combining Acupuncture and Eye Drops for Primary Open Angle Glaucoma","BL 1, GB 37, EX HN 5, LR 2, LR 3, Extra, GB 20","BL 1, GB 37, EX HN 5, LR 2, LR 3, Extra, GB 20","BL 1, GB 37, Taiyang, LR 2, LR 3, GB 20","Extra","TARA:1460220, TARA:6320058, TARA:9534465, TARA:6862058, TARA:6499349, TARA:2324295","","","",""
"1305","A-112625-1305","S-112625-1305","O-112625-1305","https://pubmed.ncbi.nlm.nih.gov/9389098.0/","Clinical observation on correcting malposition of fetus by electroacupuncture","UB 67","UB 67","BL 67","","TARA:7218725","","","",""
"1661","A-112625-1661","S-112625-1661","O-112625-1661","https://doi.org/10.1016/s0254-6272(13)60099-0","Clinical observation on effect of scalp electroacupuncture for mild cognitive impairment","GV 20, EX-HN1, GB 20, DU 24, KI 3, ST 40, SP 10, LR 3, ST 36","GV 20, EX-HN1, GB 20, DU 24, KI 3, ST 40, SP 10, LR 3, ST 36","GV 20, Sishencong, GB 20, GV 24, KI 3, ST 40, SP 10, LR 3, ST 36","","TARA:3386254, TARA:9610280, TARA:2324295, TARA:7679931, TARA:4362146, TARA:9531666, TARA:8433932, TARA:6499349, TARA:6463344","","","",""
"423","A-112625-423","S-112625-423","O-112625-423","https://pubmed.ncbi.nlm.nih.gov/17710804.0/","Clinical Observation on Electroacupuncture Treatment of 30 Cases of Chronic Hepatitis B","Dazhui GV 14, Geshu BL 17, Quchi LI 11, Zhigou TE 16, Zhongwan CV 12, Ganshu BL 18, Danshu BL 19, Yanglingquan GB 34, Taichong LR 3, Xingjian LR 2, Yinlingqung SP 9, Qihai CV 6, Guanyuan CV 4, Zusanli ST 36","Dazhui, Geshu, Quchi, Zhigou, Zhongwan, Ganshu, Danshu, Yanglingquan, Taichong, Xingjian, Yinlingqung, Qihai, Guanyuan, Zusanli","GV 14, BL 17, LI 11, TE 6, CV 12, BL 18, BL 19, GB 34, LR 3, LR 2, CV 6, CV 4, ST 36","Yinlingqung","TARA:8452754, TARA:1124682, TARA:8923096, TARA:7510801, TARA:0434959, TARA:9655874, TARA:6145687, TARA:8758950, TARA:6499349, TARA:6862058, TARA:8833337, TARA:9921528, TARA:6463344","","","",""
"1558","A-112625-1558","S-112625-1558","O-112625-1558","uri not found","Clinical Observation on Fu's Subcutaneous Needling plus Electroacupuncture for Post-stroke Spastic Hemiplegia","Not specified","Not specified","","","","","","",""
"1325","A-112625-1325","S-112625-1325","O-112625-1325","https://pubmed.ncbi.nlm.nih.gov/8196410.0/","Clinical observation on needling extrachannel points in treating mental depression","Not specified","Not specified","","","","","","",""
"1660","A-112625-1660","S-112625-1660","O-112625-1660","https://doi.org/10.1016/S0254-6272(08)60043-6","Clinical Observation on Post-stroke Anxiety Neurosis Treated by Acupuncture","GV 20, GV 24, EX-HN 3, GV 26, LI 4, LR 3, HT 7, PC 6","GV 20, GV 24, EX-HN 3, GV 26, LI 4, LR 3, HT 7, PC 6","GV 20, GV 24, Yintang, GV 26, LI 4, LR 3, HT 7, PC 6","","TARA:3386254, TARA:7679931, TARA:3135569, TARA:0829128, TARA:0859695, TARA:6499349, TARA:2442762, TARA:4311153","","","",""
"1220","A-112625-1220","S-112625-1220","O-112625-1220","https://pubmed.ncbi.nlm.nih.gov/16817274.0/","Clinical Observation on Senile Patients with Impaired Glucose Tolerance Treated by Point Application","Yishu, BL 20, SP 6, ST 36","Yishu, BL 20, SP 6, ST 36","Weiwanxiashu, BL 20, SP 6, ST 36","","TARA:4242691, TARA:3283628, TARA:4385250, TARA:6463344","","","",""
"1584","A-112625-1584","S-112625-1584","O-112625-1584","https://doi.org/10.1007/s11655-011-0800-5","Clinical Observation on the Acupuncture Treatment in Patients with Urinary Retention after Radical Hysterectomy","ST 36, SP 6, ST 28, CV 8, Scalp Reproduction Area","ST 36, SP 6, ST 28, CV 8, Scalp Reproduction Area","ST 36, SP 6, ST 28, CV 8","Scalp Reproduction Area","TARA:6463344, TARA:4385250, TARA:5017471, TARA:9392275","","","",""
"1431","A-112625-1431","S-112625-1431","O-112625-1431","https://doi.org/10.1016/j.jad.2004.05.009","Clinical Observation on the Effects of Electroacupuncture at Shaoze (SI 1) in 46 Cases of Postpartum Insufficient Lactation","SI 1, LI 1","SI 1, LI 1","SI 1, LI 1","","TARA:9168896, TARA:6314936","","","",""
"1464","A-112625-1464","S-112625-1464","O-112625-1464","https://doi.org/10.1007/s11726-010-0450-8","Clinical Observation on the Post stroke Shoulder Pain and Blood Viscosity Treated by Acupuncture moxibustion Therapy","Not specified","Not specified","","","","","","",""
"1478","A-112625-1478","S-112625-1478","O-112625-1478","https://doi.org/10.1007/s11655-007-0219-1","Clinical Observation on the Treatment of Chloasma by Chinese Herbs Combined with Acupuncture","ST 36, SP 6, ST 40, LUS, Liv 5, SP 9, Liv 3, LI 4, PC 3, EX, ST 25, ST 39, BL 17, BL 23","ST 36, SP 6, ST 40, LUS, Liv 5, SP 9, Liv 3, LI 4, PC 3, EX, ST 25, ST 39, BL 17, BL 23","ST 36, SP 6, ST 40, LR 5, SP 9, LR 3, LI 4, PC 3, ST 25, ST 39, BL 17, BL 23","LUS, EX","TARA:6463344, TARA:4385250, TARA:9531666, TARA:0780558, TARA:3553465, TARA:6499349, TARA:0859695, TARA:7634323, TARA:5717468, TARA:6728804, TARA:1124682, TARA:0992296","","","",""
"1855","A-112625-1855","S-112625-1855","O-112625-1855","uri not found","Clinical Observation on the Treatment of Diabetic Gastroparesis with Acupuncture","ST 36, PC 6, CV 12, BL 21, BL 20, CV 6, CV 4, SP 4","ST 36, PC 6, CV 12, BL 21, BL 20, CV 6, CV 4, SP 4","ST 36, PC 6, CV 12, BL 21, BL 20, CV 6, CV 4, SP 4","","TARA:6463344, TARA:4311153, TARA:0434959, TARA:4839095, TARA:3283628, TARA:8833337, TARA:9921528, TARA:7407065","","","",""
"1164","A-112625-1164","S-112625-1164","O-112625-1164","https://doi.org/10.1007/s11726-010-0436-6","Clinical Observation on the Treatment of Relapsed Lumbar Disc Herniation after Disc Surgery by Acupuncture plus Medication","GB 30, BL 36, BL 40, GB 34, BL 57, GB 39, BL 25, BL 26, BL 32","GB 30, BL 36, BL 40, GB 34, BL 57, GB 39, BL 25, BL 26, BL 32","GB 30, BL 36, BL 40, GB 34, BL 57, GB 39, BL 25, BL 26, BL 32","","TARA:9378285, TARA:9927213, TARA:5290080, TARA:8758950, TARA:4589241, TARA:3770332, TARA:0906448, TARA:4384020, TARA:6742407","","","",""
"1553","A-112625-1553","S-112625-1553","O-112625-1553","https://pubmed.ncbi.nlm.nih.gov/17955649.0/","Clinical Observation on Therapeutic Effects of the Point Penetrating Method in Acupuncture Treatment of Spastic Hemiparalysis Due to Cerebrovascular Disorders","HT 1, LUS, PC 7, LI 15, TE 10, SJ 4, BL 36, SP 10, KI 6, ST 31, LR 8, BL 62","HT 1, LUS, PC 7, LI 15, TE 10, SJ 4, BL 36, SP 10, KI 6, ST 31, LR 8, BL 62","HT 1, PC 7, LI 15, TE 10, TE 4, BL 36, SP 10, KI 6, ST 31, LR 8, BL 62","LUS","TARA:0420802, TARA:9020892, TARA:7829474, TARA:7517723, TARA:1594912, TARA:9927213, TARA:8433932, TARA:2108622, TARA:9294655, TARA:1074531, TARA:1628341","","","",""
"1657","A-112625-1657","S-112625-1657","O-112625-1657","https://doi.org/10.1007/s11726-009-0051-6","Clinical Observation on Treating Menopause Syndrome with Acupuncture Therapy","BL 23, ST 36, SP 6, GV 20, CV 17, PC 6, HT 7, LI 3, BL 18, KI 3, KI 12, BL 20, CV 4","BL 23, ST 36, SP 6, GV 20, CV 17, PC 6, HT 7, LI 3, BL 18, KI 3, KI 12, BL 20, CV 4","BL 23, ST 36, SP 6, GV 20, CV 17, PC 6, HT 7, LI 3, BL 18, KI 3, KI 12, BL 20, CV 4","","TARA:0992296, TARA:6463344, TARA:4385250, TARA:3386254, TARA:3472408, TARA:4311153, TARA:2442762, TARA:7867167, TARA:9655874, TARA:4362146, TARA:9217640, TARA:3283628, TARA:9921528","","","",""
"1232","A-112625-1232","S-112625-1232","O-112625-1232","https://pubmed.ncbi.nlm.nih.gov/14535181.0/","Clinical Observation on Treatment of Acquired Paralytic Strabismus by Acupuncture Plus Oral Administration of Chinese Herbs","BL 1, GB 1, Ex HN, ST 1, GB 14, GB 20, TE 15, LI 4, EX HN 5, BL 2, TE 17, PC 6, BL 21, BL 20, ST 36, SP 6, LR 3, GB 38","BL 1, GB 1, Ex HN, ST 1, GB 14, GB 20, TE 15, LI 4, EX HN 5, BL 2, TE 17, PC 6, BL 21, BL 20, ST 36, SP 6, LR 3, GB 38","BL 1, GB 1, ST 1, GB 14, GB 20, TE 15, LI 4, Taiyang, BL 2, TE 17, PC 6, BL 21, BL 20, ST 36, SP 6, LR 3, GB 38","Ex HN","TARA:1460220, TARA:5541141, TARA:4157768, TARA:9987270, TARA:2324295, TARA:5828993, TARA:0859695, TARA:9534465, TARA:8104948, TARA:6615149, TARA:4311153, TARA:4839095, TARA:3283628, TARA:6463344, TARA:4385250, TARA:6499349, TARA:9968219","","","",""
"1371","A-112625-1371","S-112625-1371","O-112625-1371","https://pubmed.ncbi.nlm.nih.gov/16136936.0/","Clinical Observation on Treatment of Auditory Hallucinosis by Electroacupuncture A Report of 30 Cases","Not specified","Not specified","","","","","","",""
"598","A-112625-598","S-112625-598","O-112625-598","https://doi.org/10.1007/s11655-013-1504-9","Clinical Observation on Treatment of Clearing the Governor Vessel and Refreshing the Mind Needling in","GV 2, GV 3, GV 4, GV 5, GV 6, GV 7, GV 8, GV 9, GV 10, GV 11, GV 12, GV 13, GV 14, BL 23, KI 3, GB 34, ST 36, SP 6, GV 24, GV 21, GV 20, GV 17, EX-HN 1, GB 7","GV 2, GV 3, GV 4, GV 5, GV 6, GV 7, GV 8, GV 9, GV 10, GV 11, GV 12, GV 13, GV 14, BL 23, KI 3, GB 34, ST 36, SP 6, GV 24, GV 21, GV 20, GV 17, EX-HN 1, GB 7","GV 2, GV 3, GV 4, GV 5, GV 6, GV 7, GV 8, GV 9, GV 10, GV 11, GV 12, GV 13, GV 14, BL 23, KI 3, GB 34, ST 36, SP 6, GV 24, GV 21, GV 20, GV 17, Sishencong, GB 7","","TARA:2678362, TARA:8807122, TARA:8557069, TARA:1697302, TARA:5902217, TARA:9586774, TARA:8093645, TARA:8982235, TARA:3683574, TARA:8300996, TARA:8607646, TARA:8998025, TARA:8452754, TARA:0992296, TARA:4362146, TARA:8758950, TARA:6463344, TARA:4385250, TARA:7679931, TARA:4510130, TARA:3386254, TARA:6135195, TARA:9610280, TARA:0478496","","","",""
"1327","A-112625-1327","S-112625-1327","O-112625-1327","https://doi.org/10.1007/s11655-007-0228-0","Clinical Observation on Treatment of Depression by Electro-Acupuncture Combined with Paroxetine","Not specified","Not specified","","","","","","",""
"1057","A-112625-1057","S-112625-1057","O-112625-1057","https://pubmed.ncbi.nlm.nih.gov/17955651.0/","Clinical Observation on Treatment of Ischemic Apoplexy by Electroacupuncture plus Acupoint Injection","LI 14, LI 11, TE 5, LI 4, GB 30, GB 34, GB 39, BL 40, ST 6, ST 4, CV 23, GB 20, GB 12, BL 10, ST 36","LI 14, LI 11, TE 5, LI 4, GB 30, GB 34, GB 39, BL 40, ST 6, ST 4, CV 23, GB 20, GB 12, BL 10, ST 36","LI 14, LI 11, TE 5, LI 4, GB 30, GB 34, GB 39, BL 40, ST 6, ST 4, CV 23, GB 20, GB 12, BL 10, ST 36","","TARA:3744150, TARA:8923096, TARA:8393005, TARA:0859695, TARA:9378285, TARA:8758950, TARA:3770332, TARA:5290080, TARA:7834226, TARA:1429314, TARA:5804897, TARA:2324295, TARA:1031890, TARA:0242146, TARA:6463344","","","",""
"1115","A-112625-1115","S-112625-1115","O-112625-1115","https://doi.org/10.1007/s11726-009-0349-4","Clinical Observation on Treatment of Knee Osteoarthrit is by Warm Needling Method","ST 35, Ex LE 4, GB 34, SP 9, GB 39, SP 6, SP 10, ST 34","ST 35, Ex LE 4, GB 34, SP 9, GB 39, SP 6, SP 10, ST 34","ST 35, Medial Xiyan, GB 34, SP 9, GB 39, SP 6, SP 10, ST 34","","TARA:2454652, TARA:8759132, TARA:8758950, TARA:3553465, TARA:3770332, TARA:4385250, TARA:8433932, TARA:8773594","","","",""
"1167","A-112625-1167","S-112625-1167","O-112625-1167","https://doi.org/10.1007/s11726-012-0609-6","Clinical Observation on Tuina plus Warm Needling
Moxibustion for Lumbar Disc Herniation","Jiaji EX-B 2, Yaoyangguan GV 3, Shiqizhui EX-B 8, Weizhong BL 40","Jiaji EX-B 2, Yaoyangguan GV 3, Shiqizhui EX-B 8, Weizhong BL 40","","Jiaji EX-B 2, Yaoyangguan GV 3, Shiqizhui EX-B 8, Weizhong BL 40","","","","",""
"1245","A-112625-1245","S-112625-1245","O-112625-1245","https://pubmed.ncbi.nlm.nih.gov/16136930.0/","Clinical Observation Ulcerative Colitis Treated by Acupuncture at Jiaji Points (EX B2) and Tapping with Plum blossom Needle at Sanjiaoshu (BL22) and Dachangshu (BL 25)A Report of 43 Cases","EX B2, BL 22, BL 25","EX B2, BL 22, BL 25","Huatuojiaji, BL 22, BL 25","","TARA:3734471, TARA:3963382, TARA:0906448","","","",""
"34","A-112625-34","S-112625-34","O-112625-34","https://doi.org/10.1016/s0254-6272(12)60009-0","Clinical Observations Acupuncture in Preterm Babies during Minor Painful Procedures","EX-HN 3, GV 20","EX-HN 3, GV 20","Yintang, GV 20","","TARA:3135569, TARA:3386254","","","",""
"898","A-112625-898","S-112625-898","O-112625-898","https://doi.org/10.1016/s0254-6272(10)60038-6","Clinical Observations Acupuncture plus Cupping for Treating Insomnia in College Students","GV 20, GV 23, EX-HN 3, PC 6, HT 7, ST 36, SP 6, LR 3, BL 20, BL 15, PC 7, KI 3, CV 12, ST 40, ST 45, SP 1,LR 2, GB 44, GB 20","GV 20, GV 23, EX-HN 3, PC 6, HT 7, ST 36, SP 6, LR 3, BL 20, BL 15, PC 7, KI 3, CV 12, ST 40, ST 45, SP 1, LR 2, GB 44, GB 20","GV 20, GV 23, Yintang, PC 6, HT 7, ST 36, SP 6, LR 3, BL 20, BL 15, PC 7, KI 3, CV 12, ST 40, ST 45, SP 1, LR 2, GB 44, GB 20","","TARA:3386254, TARA:7690229, TARA:3135569, TARA:4311153, TARA:2442762, TARA:6463344, TARA:4385250, TARA:6499349, TARA:3283628, TARA:5797983, TARA:9020892, TARA:4362146, TARA:0434959, TARA:9531666, TARA:2260472, TARA:8929565, TARA:6862058, TARA:6845331, TARA:2324295","","","",""
"1659","A-112625-1659","S-112625-1659","O-112625-1659","https://doi.org/10.1016/S0254-6272(11)60042-3","Clinical Observations Clinical Research of Acupuncture on Malignant Tumor Patients for Improving Depression and Sleep Quality","ST 40, SP 9, SP 10, SP 6, EX HN3, DU 20, EX HN1, PC 6, TF 4","ST 40, SP 9, SP 10, SP 6, EX HN3, DU 20, EX HN1, PC 6, TF 4","ST 40, SP 9, SP 10, SP 6, Yintang, GV 20, Sishencong, PC 6","TF 4","TARA:9531666, TARA:3553465, TARA:8433932, TARA:4385250, TARA:3135569, TARA:3386254, TARA:9610280, TARA:4311153","","","",""
"1046","A-112625-1046","S-112625-1046","O-112625-1046","https://doi.org/10.1142/S0192415X03001156","Clinical Observations on Postoperative Vomiting Treated by Auricular Acupuncture","Not specified","Not specified","","","","","","",""
"1240","A-112625-1240","S-112625-1240","O-112625-1240","uri not found","Clinical Research of Stomach Three-needle Acupuncture in the Treatment of Postoperative Gastroparesis Syndrome","CV 12, ST 36, PC 6","CV 12, ST 36, PC 6","CV 12, ST 36, PC 6","","TARA:0434959, TARA:6463344, TARA:4311153","","","",""
"1124","A-112625-1124","S-112625-1124","O-112625-1124","https://doi.org/10.1016/s0254-6272(09)60075-3","Clinical Research on Abdominal Acupuncture plus Conventional Acupuncture for Knee Osteoarthritis","CV 12, CV 4, ST 26, SP 15, Lower Rheumatism point, Qipang, EX-LE4, ST 35, GB 34, ST 34, SP 10, GB 33","CV 12, CV 4, ST 26, SP 15, Lower Rheumatism point, Qipang, EX-LE4, ST 35, GB 34, ST 34, SP 10, GB 33","CV 12, CV 4, ST 26, SP 15, Medial Xiyan, ST 35, GB 34, ST 34, SP 10, GB 33","Lower Rheumatism point, Qipang","TARA:0434959, TARA:9921528, TARA:8646804, TARA:4679170, TARA:8759132, TARA:2454652, TARA:8758950, TARA:8773594, TARA:8433932, TARA:3201959","","","",""
"1415","A-112625-1415","S-112625-1415","O-112625-1415","uri not found","Clinical Research on Improving VAS Value of Patients with Thalamic Pain with Mind-Regulating and Pain-Relieving Acupuncture","DU 26, PC 6, K 11, PC 8, LI 15, SJ 14, LI 11, SJ 10, SJ 5, SJ 4, GB 30, ST 31, BL 36, GB 31, ST 35, EX, GB 40, BL 62","DU 26, PC 6, K 11, PC 8, LI 15, SJ 14, LI 11, SJ 10, SJ 5, SJ 4, GB 30, ST 31, BL 36, GB 31, ST 35, EX, GB 40, BL 62","GV 26, PC 6, KI 11, PC 8, LI 15, TE 14, LI 11, TE 10, TE 5, TE 4, GB 30, ST 31, BL 36, GB 31, ST 35, GB 40, BL 62","EX","TARA:0829128, TARA:4311153, TARA:9609679, TARA:5212832, TARA:7829474, TARA:5894876, TARA:8923096, TARA:7517723, TARA:8393005, TARA:1594912, TARA:9378285, TARA:9294655, TARA:9927213, TARA:5264783, TARA:2454652, TARA:9254368, TARA:1628341","","","",""
"1298","A-112625-1298","S-112625-1298","O-112625-1298","uri not found","Clinical Research on the Effect of Scalp Penetration Acupuncture Treating Exercise-Induced Fatigue","DU 20, EX HN 5, ST 36, RN 4, GB 6","DU 20, EX HN 5, ST 36, RN 4, GB 6","GV 20, Taiyang, ST 36, CV 4, GB 6","","TARA:3386254, TARA:9534465, TARA:6463344, TARA:9921528, TARA:0316650","","","",""
"1658","A-112625-1658","S-112625-1658","O-112625-1658","https://doi.org/10.1111/j.1440-1819.1998.tb03262.x","Clinical research on the therapeutic effect of the electro-acupuncture treatment in patients with depression","Baihui, Yingtang","Baihui, Yingtang","GV 20, Yintang","","TARA:3386254, TARA:3135569","","","",""
"1158","A-112625-1158","S-112625-1158","O-112625-1158","uri not found","Clinical Research on Treating Lumbar Disc Herniation with Acupuncture and Cupping Therapy","BL 22, BL 23, BL 24, BL 25, BL 26, BL 27, GB 20, ST 35, BL 58, BL 57, BL 60","BL 22, BL 23, BL 24, BL 25, BL 26, BL 27, GB 20, ST 35, BL 58, BL 57, BL 60","BL 22, BL 23, BL 24, BL 25, BL 26, BL 27, GB 20, ST 35, BL 58, BL 57, BL 60","","TARA:3963382, TARA:0992296, TARA:7357260, TARA:0906448, TARA:4384020, TARA:6929444, TARA:2324295, TARA:2454652, TARA:5362994, TARA:4589241, TARA:5047947","","","",""
"1535","A-112625-1535","S-112625-1535","O-112625-1535","uri not found","Clinical Research on Treatment of Premonitory Apoplexy with Electro-acupuncture of Head Points","Du 12, Du 24, Extra 1, S 8, G 8, Ren 4, G 8, Li 4, K 3, Du 20","Du 12, Du 24,Yintang, ST 8, CV 4, GB 8, LI 4, KI 3, Du 20","GV 12, GV 24, Yintang, ST 8, CV 4, GB 8, LI 4, KI 3, GV 20","","TARA:8607646, TARA:7679931, TARA:3135569, TARA:9946635, TARA:9921528, TARA:5363236, TARA:0859695, TARA:4362146, TARA:3386254","find paper in drive","fixed, removed G 8","",""
"1157","A-112625-1157","S-112625-1157","O-112625-1157","uri not found","Clinical studies on sciatica caused by intervertebral disc herniation with electroacupuncture or Diclofenac sodium treatment","Shen Shu, Da Chang Shu, Huan Tiao, Yang Lin Quan, Jue Gu, Wei Zhong, Kun Long","Shen Shu, Da Chang Shu, Huan Tiao, Yang Lin Quan, Jue Gu, Wei Zhong, Kun Long","BL 23, BL 25, GB 30, BL 40","Yang Lin Quan, Jue Gu, Kun Long","TARA:0992296, TARA:0906448, TARA:9378285, TARA:5290080","","","",""
"286","A-112625-286","S-112625-286","O-112625-286","https://pubmed.ncbi.nlm.nih.gov/16334718.0/","Clinical studies on treatment of chronic prostatitis with acupuncture and mild moxibustion","BL 23, BL 25, BL 54, CV 3, CV 4, SP 6, prostatic points, ST 28, CV 6","BL 23, BL 25, BL 54, CV 3, CV 4, SP 6, prostatic points, ST 28, CV 6","BL 23, BL 25, BL 54, CV 3, CV 4, SP 6, ST 28, CV 6","prostatic points","TARA:0992296, TARA:0906448, TARA:0488267, TARA:0022762, TARA:9921528, TARA:4385250, TARA:5017471, TARA:8833337","","","",""
"1472","A-112625-1472","S-112625-1472","O-112625-1472","https://doi.org/10.1185/03007998009112038","Clinical study comparing acupuncture, physiotherapy, injection and oral anti inflammatory therapy in shoulder cuff lesions","Not specified","Not specified","","","","","","",""
"1656","A-112625-1656","S-112625-1656","O-112625-1656","https://doi.org/10.1185/03007998009112038","Clinical study comparing acupuncture, physiotherapy, injection and oral anti-inflammatory therapy in shoulder-cuff lesions","Not specified","Not specified","","","","","","",""
"430","A-112625-430","S-112625-430","O-112625-430","https://doi.org/10.1007/s11726-011-0538-9","Clinical Study of Acupuncture and Moxibustion for Girls with Dysfunctional Uterine Bleeding","Not specified","Not specified","","","","","","",""
"1239","A-112625-1239","S-112625-1239","O-112625-1239","uri not found","Clinical Study of Acupuncture at Shangjuxu (ST37) in Treating Irritable Bowel Syndrome","ST 37","ST 37","ST 37","","TARA:5918799","","","",""
"1332","A-112625-1332","S-112625-1332","O-112625-1332","uri not found","Clinical Study of Acupuncture Combined with Massage Method of Tongdu in Treating Neck Strain","Fengchi GB 20, Jiaji EX B2, Dazhui GV 14, Jianzhongyu S 115, Jianwaiyu S 114, Jianyu L 115, Jianjing GB 21, Quchi L 111, Waiguan TE 5, Houxi S 13, Ashi points","Fengchi, Jiaji, Dazhui, Jianzhongyu, Jianwaiyu, Jianyu, Jianjing, Quchi, Waiguan, Houxi, Ashi points","GB 20, Huatuojiaji, GV 14, LI 15, GB 21, LI 11, TE 5, SI 3","Jianzhongyu, Jianwaiyu, Ashi points","TARA:2324295, TARA:3734471, TARA:8452754, TARA:7829474, TARA:5389461, TARA:8923096, TARA:8393005, TARA:0220496","","","",""
"1182","A-112625-1182","S-112625-1182","O-112625-1182","https://doi.org/10.1007/BF02934062","Clinical Study of Ambulatory Blood Pressure Monitoring Applied to The Evaluation of Acupuncture Treatment for Hypertension","Not specified","Not specified","","","","","","",""
"1583","A-112625-1583","S-112625-1583","O-112625-1583","uri not found","Clinical Study of Electroacupuncture Treatment of Senile Urge Urinary Incontinence","Shenshu, Ciliao, Huiyang, Sanyinjiao","Shenshu, Ciliao, Huiyang, Sanyinjiao","BL 23, BL 35, SP 6","Ciliao","TARA:0992296, TARA:8458036, TARA:4385250","","","",""
"1353","A-112625-1353","S-112625-1353","O-112625-1353","https://doi.org/10.3103/S1047197914010104","Clinical Study of Fire Needle in Alleviating Herpes Zoster Pain","Ashi points, Jiaji points, SJ 6 , SI 3","Ashi points, Jiaji points, SJ 6, SI 3","TE 6, SI 3","Ashi points, Jiaji points","TARA:7510801, TARA:0220496","","","",""
"1310","A-112625-1310","S-112625-1310","O-112625-1310","uri not found","Clinical Study of Scalp Acupuncture with Extended Needle Retention at Scalp-Acupoints for Treatment of Vascular Dementia","MS 5, MS 1, MS 8","MS 5, MS 1, MS 8","","MS 5, MS 1, MS 8","","","","",""
"1357","A-112625-1357","S-112625-1357","O-112625-1357","uri not found","Clinical Study of Yin-Yang Hu Ci Acupuncture Therapy for Epilepsy","LI 4, PC 5, ST 40, LV 3","LI 4, PC 5, ST 40, LV 3","LI 4, PC 5, ST 40, LR 3","","TARA:0859695, TARA:6477399, TARA:9531666, TARA:6499349","","","",""
"1488","A-112625-1488","S-112625-1488","O-112625-1488","uri not found","Clinical Study on Acupuncture and Daytime Wakefulness in Insomnia Patients","GV 20, GV 24, HT 7, Ex HN 1, SP 6","GV 20, GV 24, HT 7, Ex HN 1, SP 6","GV 20, GV 24, HT 7, Sishencong, SP 6","","TARA:3386254, TARA:7679931, TARA:2442762, TARA:9610280, TARA:4385250","","","",""
"1882","A-112625-1882","S-112625-1882","O-112625-1882","https://doi.org/10.1007/s11726-009-0137-1","Clinical Study on Acupuncture and Ischemic Stroke","Not specified","Not specified","","","","","","",""
"1492","A-112625-1492","S-112625-1492","O-112625-1492","https://doi.org/10.1007/s11726-010-0023-x","Clinical Study on Acupuncture moxibustion Treatment for Insomnia in Heart spleen Deficiency","SP 6, EX HN 3, GV 23, GV 20, PC 6, HT 7, ST 36, KI 1, EX HN 22, BL 15, BL 20, BL 14","SP 6, EX HN 3, GV 23, GV 20, PC 6, HT 7, ST 36, KI 1, EX HN 22, BL 15, BL 20, BL 14","SP 6, Yintang, GV 23, GV 20, PC 6, HT 7, ST 36, KI 1, BL 15, BL 20, BL 14","EX HN 22","TARA:4385250, TARA:3135569, TARA:7690229, TARA:3386254, TARA:4311153, TARA:2442762, TARA:6463344, TARA:4512048, TARA:5797983, TARA:3283628, TARA:9523348","","","",""
"1493","A-112625-1493","S-112625-1493","O-112625-1493","https://doi.org/10.1007/s11726-010-0401-4","Clinical Study on Acupuncture plus Auricular Point Sticking for Insomnia","Sishencong EX HN 1, Baihui GV 20, Sanyinjiao SP 6, Shenmen HT 7, Neiguan PC 6","Sishencong, Baihui, Sanyinjiao, Shenmen, Neiguan","Sishencong, GV 20, SP 6, HT 7, PC 6","","TARA:9610280, TARA:3386254, TARA:4385250, TARA:2442762, TARA:4311153","","its HT 7","",""
"592","A-112625-592","S-112625-592","O-112625-592","https://doi.org/10.1007/s11726-011-0478-4","Clinical Study on Acupuncture Treating Thalamic Pain","LI 15, TE 14, LI 11, TE 10, TE 5, TE 4, GB 30, ST 31, BL 36, GB 31, ST 35, Ex LE 2, GB 40, BL 62, GV 16","LI 15, TE 14, LI 11, TE 10, TE 5, TE 4, GB 30, ST 31, BL 36, GB 31, ST 35, Ex LE 2, GB 40, BL 62, GV 16","LI 15, TE 14, LI 11, TE 10, TE 5, TE 4, GB 30, ST 31, BL 36, GB 31, ST 35, Heding, GB 40, BL 62, GV 16","","TARA:7829474, TARA:5894876, TARA:8923096, TARA:7517723, TARA:8393005, TARA:1594912, TARA:9378285, TARA:9294655, TARA:9927213, TARA:5264783, TARA:2454652, TARA:3748376, TARA:9254368, TARA:1628341, TARA:3361967","","","",""
"1349","A-112625-1349","S-112625-1349","O-112625-1349","https://pubmed.ncbi.nlm.nih.gov/10437260.0/","Clinical study on acupuncture treatment of stomach carcinoma pain","Not specified","Not specified","","","","","","",""
"1850","A-112625-1850","S-112625-1850","O-112625-1850","https://doi.org/10.1007/s11726-013-0661-x","Clinical Study on Combined Acupuncture and Chinese Medicinal Fumigation for Dry Eye Syndrome","ST 1, BL 2, BL 1, GB 1, GB 20, BL 18, BL 23, KI 3","ST 1, BL 2, BL 1, GB 1, GB 20, BL 18, BL 23, KI 3","ST 1, BL 2, BL 1, GB 1, GB 20, BL 18, BL 23, KI 3","","TARA:4157768, TARA:8104948, TARA:1460220, TARA:5541141, TARA:2324295, TARA:9655874, TARA:0992296, TARA:4362146","","","",""
"1653","A-112625-1653","S-112625-1653","O-112625-1653","uri not found","Clinical Study on Combined Acupuncture with Chinese Medicine for Infertility Due to Hydrosalpinx","CV 4, CV 6, CV 3, Ex CA 1, Extra, ST 28, SP 9, SP 6, LR 3, SP 10, ST 40","CV 4, CV 6, CV 3, Ex CA 1, Extra, ST 28, SP 9, SP 6, LR 3, SP 10, ST 40","CV 4, CV 6, CV 3, Zigongxue, ST 28, SP 9, SP 6, LR 3, SP 10, ST 40","Extra","TARA:9921528, TARA:8833337, TARA:0022762, TARA:4254258, TARA:5017471, TARA:3553465, TARA:4385250, TARA:6499349, TARA:8433932, TARA:9531666","","","",""
"1494","A-112625-1494","S-112625-1494","O-112625-1494","https://doi.org/10.1007/S11726-009-0210-9","Clinical Study on Combined Needle embedding and Medication for Depressive Sleep Disorder","GV 24, GV 20, GV 14, GV 4, LR 3, BL 18, BL 15, ST 36, KI 3","GV 24, GV 20, GV 14, GV 4, LR 3, BL 18, BL 15, ST 36, KI 3","GV 24, GV 20, GV 14, GV 4, LR 3, BL 18, BL 15, ST 36, KI 3","","TARA:7679931, TARA:3386254, TARA:8452754, TARA:8557069, TARA:6499349, TARA:9655874, TARA:5797983, TARA:6463344, TARA:4362146","","","",""
"1652","A-112625-1652","S-112625-1652","O-112625-1652","uri not found","Clinical Study on Deep Insertion at Tianshu (ST 25) for Colonic Slow Transit Constipation","ST 25","ST 25","ST 25","","TARA:5717468","","","",""
"1540","A-112625-1540","S-112625-1540","O-112625-1540","https://doi.org/10.1007/BF02935400","Clinical Study on Effect of Scalp Acupuncture in Treating Acute Cerebral Hemorrhage","Not specified","Not specified","","","","","","",""
"1874","A-112625-1874","S-112625-1874","O-112625-1874","https://doi.org/10.1007/s11726-011-0531-3","Clinical Study on Electroacupuncture for Perimenopause Syndrome","CV 4, SP 6, PC 6, ST 36","CV 4, SP 6, PC 6, ST 36","CV 4, SP 6, PC 6, ST 36","","TARA:9921528, TARA:4385250, TARA:4311153, TARA:6463344","","","",""
"1600","A-112625-1600","S-112625-1600","O-112625-1600","https://doi.org/10.1007/s11726-009-0203-8","Clinical Study on Electroacupuncture for Post withdrawal Anxiety depression Mood in Heroin Addicts","Ex-B 2, BL 23","Ex-B 2, BL 23","Huatuojiaji, BL 23","","TARA:3734471, TARA:0992296","","","",""
"1651","A-112625-1651","S-112625-1651","O-112625-1651","https://doi.org/10.1007/s11726-010-0444-6","Clinical Study on Electroacupuncture Treatment for Post stroke Depression","LI 15, LI 11, TE 5, LI 4, GB 31, SP 10, ST 36, ST 41, LR 3, GV 20, Ex HN 3, HT 7, PC 6, LR 14","LI 15, LI 11, TE 5, LI 4, GB 31, SP 10, ST 36, ST 41, LR 3, GV 20, Ex HN 3, HT 7, PC 6, LR 14","LI 15, LI 11, TE 5, LI 4, GB 31, SP 10, ST 36, ST 41, LR 3, GV 20, Yintang, HT 7, PC 6, LR 14","","TARA:7829474, TARA:8923096, TARA:8393005, TARA:0859695, TARA:5264783, TARA:8433932, TARA:6463344, TARA:6019290, TARA:6499349, TARA:3386254, TARA:3135569, TARA:2442762, TARA:4311153, TARA:7479763","","","",""
"429","A-112625-429","S-112625-429","O-112625-429","https://doi.org/10.1007/s11726-011-0539-8","Clinical Study on Hydro acupuncture for Hypomenorrhea","Not specified","Not specified","","","","","","",""
"1543","A-112625-1543","S-112625-1543","O-112625-1543","uri not found","Clinical Study on the Needling and Drug Treatment of Acute Cerebral Hemorrhage","GV 36, PC 6, ST 36","GV 36, PC 6, ST 36","PC 6, ST 36","GV 36","TARA:4311153, TARA:6463344","","","",""
"248","A-112625-248","S-112625-248","O-112625-248","https://doi.org/10.1007/s11655-010-0516-y","Clinical Study on the Treatment of Gastroesophageal Reflux by Acupuncture","CV 12, ST 36, SP 6, PC 6","CV 12, ST 36, SP 6, PC 6","CV 12, ST 36, SP 6, PC 6","","TARA:0434959, TARA:6463344, TARA:4385250, TARA:4311153","","","",""
"1649","A-112625-1649","S-112625-1649","O-112625-1649","https://doi.org/10.1007/s11655-011-0671-9","Clinical Study on the Treatment of Primary Dysmenorrhea with Preconditioning Acupuncture","SP 6, BL 32, SP 8, GV 17, KI 11","SP 6, BL 32, SP 8, GV 17, KI 11","SP 6, BL 32, SP 8, GV 17, KI 11","","TARA:4385250, TARA:6742407, TARA:6848518, TARA:6135195, TARA:9609679","","","",""
"993","A-112625-993","S-112625-993","O-112625-993","https://doi.org/10.1007/s11726-011-0483-7","Clinical Study on the Treatment of Renal Colic by Body and Auricular Acupuncture","ST 36, GB 34, Ashi, TF 4, CO 10, CO 9","ST 36, GB 34, Ashi, TF 4, CO 10, CO 9","ST 36, GB 34, LI 10, LI 9","Ashi, TF 4","TARA:6463344, TARA:8758950, TARA:0742938, TARA:0670229","","","",""
"1866","A-112625-1866","S-112625-1866","O-112625-1866","https://doi.org/10.1016/s0254-6272(09)60009-1","Clinical Study on the Visceral Differentiation-Based Acupuncture Therapy for Insomnia","Xinshu (BL 15), Ganshu (BL 18), Pishu (BL 20), Weishu (BL 21), Shenshu (BL 23)","Xinshu, Ganshu, Pishu, Weishu, Shenshu","BL 15, BL 18, BL 20, BL 21, BL 23","","TARA:5797983, TARA:9655874, TARA:3283628, TARA:4839095, TARA:0992296","","","",""
"1223","A-112625-1223","S-112625-1223","O-112625-1223","https://pubmed.ncbi.nlm.nih.gov/16705843.0/","Clinical Study on the Wrist Ankle Acupuncture Treatment for 30 Cases of Diabetic Peripheral Neuritis","Not specified","Not specified","","","","","","",""
"1483","A-112625-1483","S-112625-1483","O-112625-1483","https://pubmed.ncbi.nlm.nih.gov/14719295.0/","Clinical Study on Therapeutic Effect of Acupuncture on Behcet's Disease","Not specified","Not specified","","","","","","",""
"1109","A-112625-1109","S-112625-1109","O-112625-1109","https://doi.org/10.1007/s11726-009-0354-7","Clinical Study on Treatment of Knee Osteoarthritis with Combined Acupuncture and Medication","ST 36, GB 34","ST 36, GB 34","ST 36, GB 34","","TARA:6463344, TARA:8758950","","","",""
"1648","A-112625-1648","S-112625-1648","O-112625-1648","https://doi.org/10.1007/s11726-010-0445-5","Clinical Study on Treatment of Post stroke Depression by Scalp Acupuncture plus Body Acupuncture","GV 20, Ex HN 3, CV 17, LI 4, LR 3, LI 11, SP 6, ST 40, Ex HN 1, GV 14, GB 13, GB 4, GB 6, GV 21, BL 9, BL 7","GV 20, Ex HN 3, CV 17, LI 4, LR 3, LI 11, SP 6, ST 40, Ex HN 1, GV 14, GB 13, GB 4, GB 6, GV 21, BL 9, BL 7","GV 20, Yintang, CV 17, LI 4, LR 3, LI 11, SP 6, ST 40, Sishencong, GV 14, GB 13, GB 4, GB 6, GV 21, BL 9, BL 7","","TARA:3386254, TARA:3135569, TARA:3472408, TARA:0859695, TARA:6499349, TARA:8923096, TARA:4385250, TARA:9531666, TARA:9610280, TARA:8452754, TARA:4994509, TARA:4352504, TARA:0316650, TARA:4510130, TARA:6794934, TARA:9927492","","","",""
"1313","A-112625-1313","S-112625-1313","O-112625-1313","https://pubmed.ncbi.nlm.nih.gov/11498896.0/","Clinical Study on Treatment of Senile Vascular Dementia by Acupuncture","EX HN 1, GV 26, PC 6, SP 6, ST 40, GV 20, HT 7, CV 8, ST 36","EX HN 1, GV 26, PC 6, SP 6, ST 40, GV 20, HT 7, CV 8, ST 36","Sishencong, GV 26, PC 6, SP 6, ST 40, GV 20, HT 7, CV 8, ST 36","","TARA:9610280, TARA:0829128, TARA:4311153, TARA:4385250, TARA:9531666, TARA:3386254, TARA:2442762, TARA:9392275, TARA:6463344","","","",""
"1647","A-112625-1647","S-112625-1647","O-112625-1647","https://doi.org/10.1007/s11726-008-0024-1","Clinical Study on Treatment of Vascular Dementia with Scalp Acupuncture","GV 24, GB 15, GB 13, ST 8, GB 8, GB 7, Ex HN 1, GV 20, BL 9","GV 24, GB 15, GB 13, ST 8, GB 8, GB 7, Ex HN 1, GV 20, BL 9","GV 24, GB 15, GB 13, ST 8, GB 8, GB 7, Sishencong, GV 20, BL 9","","TARA:7679931, TARA:6739423, TARA:4994509, TARA:9946635, TARA:5363236, TARA:0478496, TARA:9610280, TARA:3386254, TARA:6794934","","","",""
"255","A-112625-255","S-112625-255","O-112625-255","https://doi.org/10.1111/j.1365-2036.2007.03520.x","Clinical trial: acupuncture vs. doubling the proton pump inhibitor dose in refractory heartburn","Per 6, St 36, Liv 3, CV 12, CV 17, Sp 9","Pc 6, St 36, Liv 3, CV 12, CV 17, Sp 9","PC 6, ST 36, LR 3, CV 12, CV 17, SP 9","","TARA:4311153, TARA:6463344, TARA:6499349, TARA:0434959, TARA:3472408, TARA:3553465","","","",""
"1646","A-112625-1646","S-112625-1646","O-112625-1646","https://doi.org/10.1016/j.jclinepi.2014.02.021","Clinically meaningful nocebo effect occurs in acupuncture treatment: a systematic review","Not specified","Not specified","","","","","","",""
"574","A-112625-574","S-112625-574","O-112625-574","https://doi.org/10.1002/14651858.CD007753.pub3","Cochrane Database of Systematic Reviews Acupuncture for cancer pain in adults (Review)","Jiaji points T8 to T12","","","","","","","",""
"667","A-112625-667","S-112625-667","O-112625-667","https://doi.org/10.1002/14651858.cd004046.pub4","Cochrane Database of Systematic Reviews Acupuncture for depression (Review)","PC 6, GV 26, DU 20, EX-HN 3, SP 6, GV 20, GV 24, GB 20, GV 14, GV 11, GV 9, BL 15, HT 7, ST 36, BL 20, BL 21, DU 16, CV 8, CV 4, CV 6, CV 17, KI 3, LR 3","","","","","","","",""
"1715","A-112625-1715","S-112625-1715","O-112625-1715","https://doi.org/10.1002/14651858.CD007410.pub2","Cochrane Database of Systematic Reviews Acupuncture for menopausal hot flushes (Review)","ST 36, SP 6, LI 4, PC 6, HT 7, HT 8, CV 4, UB 23, Du 9, Sp 9, Lu 7, Ki 6, Ki 3, Ki 7, H 6, Liv 3, GB 20, GV 14, KI 7, EX-CA 1, Hc 6, Lr 3, DU 14, BL 13, PC 7, ear shen men, ear sympathetic point","","","","","","","",""
"689","A-112625-689","S-112625-689","O-112625-689","https://doi.org/10.1002/14651858.CD002962.pub4","Cochrane Database of Systematic Reviews Acupuncture or acupressure for induction of labour (Review)","SP 6, LI 4, BL 67, ST 36, LR 3, UB 23, UB 32, GV 20, CV 4, UB 20, UB 18, KI 3, GV 14, HT 7, UB 15, LU 7, PC 6, TH 6, BL 32, BL 60","","","","","","","",""
"425","A-112625-425","S-112625-425","O-112625-425","https://doi.org/10.1002/14651858.CD005288.pub2","Cochrane Database of Systematic Reviews Chinese herbal medicine for primary dysmenorrhoea (Review)","Not specified","Not specified","","","","","","",""
"552","A-112625-552","S-112625-552","O-112625-552","https://doi.org/10.1002/14651858.cd009603.pub3","Cochrane Database of Systematic Reviews Interventions for the management of dry mouth: nonpharmacological interventions (Review)","Not specified","Not specified","","","","","","",""
"401","A-112625-401","S-112625-401","O-112625-401","https://doi.org/10.1002/14651858.CD009234.pub2","Cochrane Database of Systematic Reviews Pain management for women in labour: an overview of systematic reviews (Review)","Not specified","Not specified","","","","","","",""
"501","A-112625-501","S-112625-501","O-112625-501","https://doi.org/10.1089/acm.2008.0607","Combination of Acupuncture and Fluoxetine for Depression: A Randomized, Double-Blind, Sham-Controlled Trial","GV 20, EX-HN 1, EX-HN 3, GV 26, P 6, H 7, Liv 3, LI 4","GV 20, EX-HN 1, EX-HN 3, GV 26, P 6, H 7, Liv 3, LI 4","GV 20, Sishencong, Yintang, GV 26, PC 6, HT 7, LR 3, LI 4","","TARA:3386254, TARA:9610280, TARA:3135569, TARA:0829128, TARA:4311153, TARA:2442762, TARA:6499349, TARA:0859695","","","",""
"885","A-112625-885","S-112625-885","O-112625-885","https://doi.org/10.22040/ajcrtam.2017.24885","Combination of flying needle with Chinese Herbal Medicine in the treatment of Atopic dermatitis: A clinical trial","LI 11, ST 36, SP 9, SP 10","LI 11, ST 36, SP 9, SP 10","LI 11, ST 36, SP 9, SP 10","","TARA:8923096, TARA:6463344, TARA:3553465, TARA:8433932","","","",""
"1854","A-112625-1854","S-112625-1854","O-112625-1854","https://doi.org/10.1007/s11726-011-0532-2","Combined Acupuncture-moxibustion and Psychotherapy for Perimenopause Syndrome","BL 18, BL 23, KI 3, SP 6, HT 7, LR 2, PC 6, CV 4, CV 3, BL 20, ST 36, GV 20","BL 18, BL 23, KI 3, SP 6, HT 7, LR 2, PC 6, CV 4, CV 3, BL 20, ST 36, GV 20","BL 18, BL 23, KI 3, SP 6, HT 7, LR 2, PC 6, CV 4, CV 3, BL 20, ST 36, GV 20","","TARA:9655874, TARA:0992296, TARA:4362146, TARA:4385250, TARA:2442762, TARA:6862058, TARA:4311153, TARA:9921528, TARA:0022762, TARA:3283628, TARA:6463344, TARA:3386254","","","",""
"211","A-112625-211","S-112625-211","O-112625-211","https://doi.org/10.1177/1545968314542616","Combined Central and Peripheral Stimulation for Treatment of Chronic Tinnitus: A Randomized Pilot Study","S.J 17, S.I. 19, S.J. 21, S.J. 20","S.J 17, S.I. 19, S.J. 21, S.J. 20","TE 17, SI 19, TE 21, TE 20","","TARA:6615149, TARA:1772472, TARA:3361879, TARA:8854888","","","",""
"588","A-112625-588","S-112625-588","O-112625-588","https://pubmed.ncbi.nlm.nih.gov/8088198.0/","Combined traditional Chinese medicine and Western medicine. Relieving effects of Chinese herbs, ear acupuncture and epidural morphine on postoperative pain in liver cancer.","Not specified","Not specified","","","","","","",""
"745","A-112625-745","S-112625-745","O-112625-745","https://doi.org/10.1089/acm.2005.11.723","Commentary on Sood et al.: Cochrane Systematic Reviews in Acupuncture: Methodological Diversity in Database Searching","Not specified","Not specified","","","","","","",""
"138","A-112625-138","S-112625-138","O-112625-138","https://doi.org/10.1016/j.spinee.2013.08.049","Comparative clinical effectiveness of management strategies for sciatica: systematic review and network meta-analyses","Not specified","Not specified","","","","","","",""
"1329","A-112625-1329","S-112625-1329","O-112625-1329","uri not found","Comparative Clinical Study on the Treatment of Schizophrenia with Electroacupuncture and Reduced Doses of Antipsychotic Drugs","Yintang, ST 36, SP 6, ST 40","Yintang, ST 36, SP 6, ST 40","Yintang, ST 36, SP 6, ST 40","","TARA:3135569, TARA:6463344, TARA:4385250, TARA:9531666","","","",""
"238","A-112625-238","S-112625-238","O-112625-238","https://doi.org/10.1016/s0254-6272(15)30116-3","Comparative effect of electroacupuncture and moxibustion on the expression of substance P and vasoactive intestinal peptide in patients with irritable bowel syndrome","ST 36, ST 37","ST 36, ST 37","ST 36, ST 37","","TARA:6463344, TARA:5918799","","","",""
"155","A-112625-155","S-112625-155","O-112625-155","https://doi.org/10.1097/BRS.0b013e31822ef878","Comparative effectiveness of exercise, acupuncture, and spinal manipulation for low back pain","Not specified","Not specified","","","","","","",""
"1586","A-112625-1586","S-112625-1586","O-112625-1586","uri not found","Comparative Effects Acupuncture and Tolterodine on Decreasing
Overactive Bladder Symptom Score on Overactive Bladder","BL 32, BL 33, BL 34","BL 32, BL 33, BL 34","BL 32, BL 33, BL 34","","TARA:6742407, TARA:6927551, TARA:1522109","","","",""
"387","A-112625-387","S-112625-387","O-112625-387","https://doi.org/10.1016/0304-3959(76)90005-1","Comparative effects of acupuncture and transcutaneous stimulation on the perception of painful dental stimuli","LI 4","LI 4","LI 4","","TARA:0859695","","","",""
"706","A-112625-706","S-112625-706","O-112625-706","https://doi.org/10.1016/0304-3959(82)90133-6","Comparative Effects of Electroacupuncture and Transcutaneous Nerve Stimulation on the Human Blink Reflex","LI 4, P 6","LI 4, P 6","LI 4, PC 6","","TARA:0859695, TARA:4311153","","","",""
"1104","A-112625-1104","S-112625-1104","O-112625-1104","https://doi.org/10.3727/036012985816714432","Comparative Study of the Analgesic Effect of Transcutaneous Nerve Stimulation (TNS), Electroacupuncture (EA) and Meperidine in the Treatment of Postoperative Pain","Not specified","Not specified","","","","","","",""
"1317","A-112625-1317","S-112625-1317","O-112625-1317","https://doi.org/10.1007/s11655-007-0103-z","Comparative Study of the Specificities of Needling Acupoints DU20, DU26 and HT7 in Intervening Vascular Dementia in Different Areas in the Brain on the Basis of Scale Assessment and Cerebral Functional Imaging","DU 20, DU 26, HT 7","DU 20, DU 26, HT 7","GV 20, GV 26, HT 7","","TARA:3386254, TARA:0829128, TARA:2442762","","","",""
"1319","A-112625-1319","S-112625-1319","O-112625-1319","uri not found","Comparative Study on Acupuncture Combined With Behavioral Desensitization for Treatment of Anxiety Neuroses","Not specified","Not specified","","","","","","",""
"1135","A-112625-1135","S-112625-1135","O-112625-1135","uri not found","Comparative Study on Acupuncture Needling Methods for Sciatica: Routine Needling vs. Point-to-Point Penetration and Deep Puncture","Not specified","Not specified","","","","","","",""
"1126","A-112625-1126","S-112625-1126","O-112625-1126","https://doi.org/10.1007/BF02836525","Comparative Study on Treatment of Acute Gouty Arthritis by Electroacupuncture with Different Frequency","Zusanli, Sanyinjiao, Ashi point","Zusanli, Sanyinjiao, Ashi point","ST 36, SP 6","Ashi point","TARA:6463344, TARA:4385250","","","",""
"459","A-112625-459","S-112625-459","O-112625-459","https://doi.org/10.1089/acu.2007.0534","Comparative Study Treating Attention Deficit/Hyperactivity Disorder (ADHD) Patients Using the New Multiphase Hand Acupuncture Microsystem and Koryo Hand Therapy System","Not specified","Not specified","","","","","","",""
"55","A-112625-55","S-112625-55","O-112625-55","https://doi.org/10.1097/00002508-200405000-00008","Comparison Between Electro-Acupuncture and Hydrotherapy, Both in Combination With Patient Education and Patient Education Alone, on the Symptomatic Treatment of Osteoarthritis of the Hip","BL 54, BL 36, GB 29, GB 30, GB 31, ST 31, GB 34, BL 60","BL 54, BL 36, GB 29, GB 30, GB 31, ST 31, GB 34, BL 60","BL 54, BL 36, GB 29, GB 30, GB 31, ST 31, GB 34, BL 60","","TARA:0488267, TARA:9927213, TARA:0427594, TARA:9378285, TARA:5264783, TARA:9294655, TARA:8758950, TARA:5047947","","","",""
"1474","A-112625-1474","S-112625-1474","O-112625-1474","https://doi.org/10.3727/036012901816355938","Comparison Between Superficial and Deep Acupuncture in the Treatment of the Shoulder's Myofascial Pain: A Randomized and Controlled Study","SI 3, SI 9, LI 11, LI 15, TE 14, TE 15, GV 14","SI 3, SI 9, LI 11, LI 15, TE 14, TE 15, GV 14","SI 3, SI 9, LI 11, LI 15, TE 14, TE 15, GV 14","","TARA:0220496, TARA:2187225, TARA:8923096, TARA:7829474, TARA:5894876, TARA:5828993, TARA:8452754","","","",""
"113","A-112625-113","S-112625-113","O-112625-113","https://doi.org/10.1016/j.ctim.2010.11.002","Comparison between the effects of trigger point mesotherapy versus acupuncture points mesotherapy in the treatment of chronic low back pain: A short term randomized controlled trial","GB 30, BL 31, BL 52, GV 3, Ashi, GB 34, GB 41, BL 60, KI 4, TE 5","GB 30, BL 31, BL 52, GV 3, Ashi, GB 34, GB 41, BL 60, KI 4, TE 5","GB 30, BL 31, BL 52, GV 3, GB 34, GB 41, BL 60, KI 4, TE 5","Ashi","TARA:9378285, TARA:2465151, TARA:7228895, TARA:8807122, TARA:8758950, TARA:3668538, TARA:5047947, TARA:0341289, TARA:8393005","","","",""
"754","A-112625-754","S-112625-754","O-112625-754","https://doi.org/10.1111/j.1533-2500.2010.00396.x","Comparison of Acupuncture to Injection for Myofascial Trigger Point Pain","SI 3, BL 62, GB 41, TW 5, GB 20, GB 21, BL 10, BL 11, TW 14, LI 15, BL 23, BL 24, BL 25, GB 25, SI 12, SI 13, SI 14","SI 3, BL 62, GB 41, TW 5, GB 20, GB 21, BL 10, BL 11, TW 14, LI 15, BL 23, BL 24, BL 25, GB 25, SI 12, SI 13, SI 14","SI 3, BL 62, GB 41, TE 5, GB 20, GB 21, BL 10, BL 11, TE 14, LI 15, BL 23, BL 24, BL 25, GB 25, SI 12, SI 13, SI 14","","TARA:0220496, TARA:1628341, TARA:3668538, TARA:8393005, TARA:2324295, TARA:5389461, TARA:0242146, TARA:1985889, TARA:5894876, TARA:7829474, TARA:0992296, TARA:7357260, TARA:0906448, TARA:1882219, TARA:5888779, TARA:9116386, TARA:3226024","","","",""
"1548","A-112625-1548","S-112625-1548","O-112625-1548","uri not found","Comparison of effects of acupuncture on cerebral infarction in different parts","Not specified","Not specified","","","","","","",""
"1342","A-112625-1342","S-112625-1342","O-112625-1342","https://doi.org/10.1089/pho.2004.22.306","Comparison of Laser, Dry Needling, and Placebo Laser Treatments in Myofascial Pain Syndrome","Not specified","Not specified","","","","","","",""
"1336","A-112625-1336","S-112625-1336","O-112625-1336","https://doi.org/10.1097/AJP.0b013e3181b8cdc8","Comparison of Miniscalpel-needle Release, Acupuncture Needling, and Stretching Exercise to Trigger Point in Myofascial Pain Syndrome","Not specified","Not specified","","","","","","",""
"165","A-112625-165","S-112625-165","O-112625-165","https://doi.org/10.1213/01.ANE.0000112312.94043.DF","Comparison of Percutaneous Electrical Nerve Stimulation with Transcutaneous Electrical Nerve Stimulation for Long-Term Pain Relief in Patients with Chronic Low Back Pain","Not specified","Not specified","","","","","","",""
"1289","A-112625-1289","S-112625-1289","O-112625-1289","https://pubmed.ncbi.nlm.nih.gov/11038990.0/","Comparison of Pharmacological Treatment Versus Acupuncture Treatment for Migraine Without AuraAnalysis of Socio medical Parameters","ST 8, GB 5, GB 20, GV 14, LU 7","ST 8, GB 5, GB 20, GV 14, LU 7","ST 8, GB 5, GB 20, GV 14, LU 7","","TARA:9946635, TARA:3549064, TARA:2324295, TARA:8452754, TARA:3515622","","","",""
"1440","A-112625-1440","S-112625-1440","O-112625-1440","https://doi.org/10.1378/chest.96.1.102","Comparison of Real and Placebo Acupuncture in Histamine-Induced Asthma A Double-Blind Crossover Study","Dingchuan, Ren 17, Lung 6, Lung 7, Triple Energy 5, Stomach 25, Gallbladder 34","Dingchuan, Ren 17, Lung 6, Lung 7, Triple Energy 5, Stomach 25, Gallbladder 34","Dingchuan, CV 17, LU 6, LU 7, ST 25, GB 34","Triple Energy 5","TARA:8009041, TARA:3472408, TARA:3496812, TARA:3515622, TARA:5717468, TARA:8758950","","","",""
"1453","A-112625-1453","S-112625-1453","O-112625-1453","https://pubmed.ncbi.nlm.nih.gov/339785.0/","Comparison of real and simulated acupuncture and isoproterenol in methacholine-induced asthma","LI 4, GV 14, ST 36, LU 7","LI 4, GV 14, ST 36, LU 7","LI 4, GV 14, ST 36, LU 7","","TARA:0859695, TARA:8452754, TARA:6463344, TARA:3515622","","","",""
"108","A-112625-108","S-112625-108","O-112625-108","https://doi.org/10.1097/00002508-200205000-00003","Comparison of Superficial and Deep Acupuncture in the Treatment of Lumbar Myofascial Pain: A Double-Blind Randomized Controlled Study","VG 6, GB 34, UB 54, UB 62","VG 6, GB 34, UB 54, UB 62","GV 6, GB 34, BL 54, BL 62","","TARA:5902217, TARA:8758950, TARA:0488267, TARA:1628341","","","",""
"90","A-112625-90","S-112625-90","O-112625-90","https://doi.org/10.1177/0269215507082738","Comparison of the effect of two types of acupuncture on quality of life in secondary progressive multiple sclerosis: a preliminary single-blind randomized controlled trial","Stomach 34, Spleen 10","Stomach 34, Spleen 10","ST 34, SP 10","","TARA:8773594, TARA:8433932","","","",""
"1509","A-112625-1509","S-112625-1509","O-112625-1509","https://doi.org/10.3727/036012902816026040","Comparison of the Effectiveness Between Manual Acupuncture and Electroacupuncture on Patients With Tennis Elbow","GB 34, ST 38","GB 34, ST 38","GB 34, ST 38","","TARA:8758950, TARA:3182190","","","",""
"127","A-112625-127","S-112625-127","O-112625-127","https://doi.org/10.1136/aim.2009.001164","Comparison of the effectiveness of acupuncture treatment and local anaesthetic injection for low back pain: a randomised controlled clinical trial","Not specified","Not specified","","","","","","",""
"68","A-112625-68","S-112625-68","O-112625-68","https://doi.org/10.1136/aim.2008.000067","Comparison of the effectiveness of six and two acupuncture point regimens in osteoarthritis of the knee: a randomised trial","ST 35, EX-LE 4, ST 36, SP 9, SP 10, ST 34","ST 35, EX-LE 4, ST 36, SP 9, SP 10, ST 34","ST 35, Medial Xiyan, ST 36, SP 9, SP 10, ST 34","","TARA:2454652, TARA:8759132, TARA:6463344, TARA:3553465, TARA:8433932, TARA:8773594","","","",""
"1645","A-112625-1645","S-112625-1645","O-112625-1645","https://doi.org/10.1016/j.jams.2016.06.002","Comparison of the Effects of Manual Acupuncture, Laser Acupuncture, and Electromagnetic Field Stimulation at Acupuncture Point BL15 on Heart Rate Variability","BL 15","BL 15","BL 15","","TARA:5797983","","","",""
"996","A-112625-996","S-112625-996","O-112625-996","https://doi.org/10.1016/j.ajem.2015.02.033","Comparison of the efficacy of diclofenac, acupuncture, and acetaminophen in the treatment of renal colic","UB 21, UB 22, UB 23, UB 24, UB 45, UB 46, UB 47, UB 48","UB 21, UB 22, UB 23, UB 24, UB 45, UB 46, UB 47, UB 48","BL 21, BL 22, BL 23, BL 24, BL 45, BL 46, BL 47, BL 48","","TARA:4839095, TARA:3963382, TARA:0992296, TARA:7357260, TARA:8937265, TARA:0607588, TARA:1766712, TARA:6893448","","","",""
"356","A-112625-356","S-112625-356","O-112625-356","https://doi.org/10.1186/s12906-016-1477-2","Comparison of the placebo effect between different non-penetrating acupuncture devices and real acupuncture in healthy subjects: a randomized clinical trial","ST 25, BL 52","ST 25, BL 52","ST 25, BL 52","","TARA:5717468, TARA:7228895","","","",""
"1644","A-112625-1644","S-112625-1644","O-112625-1644","https://doi.org/10.2519/jospt.2014.5229","Comparison of the Short-Term Outcomes
Between Trigger Point Dry Needling and
Trigger Point Manual Therapy for the
Management of Chronic Mechanical Neck
Pain: A Randomized Clinical Trial","Not specified","Not specified","","","","","","",""
"863","A-112625-863","S-112625-863","O-112625-863","https://doi.org/10.1177/0269215512448388","Comparison of the therapeutic effects of ultrasound-guided platelet-rich plasma injection and dry needling in rotator cuff disease: a randomized controlled trial","Not specified","Not specified","","","","","","",""
"836","A-112625-836","S-112625-836","O-112625-836","https://doi.org/10.1016/j.ctim.2005.01.002","Comparison of traditional Chinese acupuncture, minimal acupuncture at non acupoints and conventional treatment for chronic sinusitis ଝ","LI 4 Hegu, LI 11 Quchi, ST 40 Fenglong, ST 44 Neiting, GB34 Yanglingquan, LR 2 Xingjian, LR 3 Taichong, EX HN5 Taiyang","LI 4, LI 11, ST 40, ST 44, GB34, LR 2, LR 3,Taiyang","LI 4, LI 11, ST 40, ST 44, GB 34, LR 2, LR 3, Taiyang","","TARA:0859695, TARA:8923096, TARA:9531666, TARA:8440155, TARA:8758950, TARA:6862058, TARA:6499349, TARA:9534465","","","",""
"699","A-112625-699","S-112625-699","O-112625-699","https://doi.org/10.1136/aim.21.4.133","Comparison of Transient Heart Rate Reduction Associated with Acupuncture Stimulation in Supine and Sitting Subjects","LI 10","LI 10","LI 10","","TARA:0742938","","","",""
"717","A-112625-717","S-112625-717","O-112625-717","https://doi.org/10.5505/agri.2016.38991","Comparison of two different dry-needling techniques in the treatment of myofascial pain syndrome İki farklı kuru iğneleme tekniğinin miyofasial","Not specified","Not specified","","","","","","",""
"1105","A-112625-1105","S-112625-1105","O-112625-1105","https://doi.org/10.1142/s0192415x81000305","Comparison Study Between Acupuncture and Pentazocine Analgesic and Respiratory Post-operative Effects","GB 26, ST 36, SP 6, Shenmen","GB 26, ST 36, SP 6, Ear Shenmen","GB 26, ST 36, SP 6","Ear Shenmen","TARA:8088170, TARA:6463344, TARA:4385250","","added ""ear""","",""
"51","A-112625-51","S-112625-51","O-112625-51","https://doi.org/10.1016/j.knee.2013.12.002","Comparison the effect of lateral wedge insole and acupuncture in medial compartment knee osteoarthritis: A randomized controlled trial","Heding, xiyan, ST 35, ST 36, ST 44, GB 34, DU 20, BL 60","EX 31, EX 32, ST 35, ST 36, ST 44, GB 34, DU 20, BL 60","ST 35, ST 36, ST 44, GB 34, GV 20, BL 60","EX 31, EX 32","TARA:2454652, TARA:6463344, TARA:8440155, TARA:8758950, TARA:3386254, TARA:5047947","","done","",""
"879","A-112625-879","S-112625-879","O-112625-879","https://doi.org/10.1007/s40257-016-0209-1","Complementary and Alternative Medicine for Atopic Dermatitis: An Evidence-Based Review","Not specified","Not specified","","","","","","",""
"1095","A-112625-1095","S-112625-1095","O-112625-1095","https://doi.org/10.1161/STROKEAHA.109.555227","Complex Traditional Chinese Medicine for Poststroke Motor Dysfunction A Systematic Review","ST 4, ST 6, CV 23, GB 20, LI 15, LI 11, LI 4, LI 10, TE 5, PC 6, ST 36, GB 34, GB 30, LR 3, ST 41, BL 60, SP 6, GB 31","","","","","","","",""
"254","A-112625-254","S-112625-254","O-112625-254","https://doi.org/10.1136/bmj.39524.439618.25","Components of placebo effect: randomised controlled trial in patients with irritable bowel syndrome","Not specified","Not specified","","","","","","",""
"1082","A-112625-1082","S-112625-1082","O-112625-1082","https://doi.org/10.1186/1472-6882-10-41","Contralateral acupuncture versus ipsilateral acupuncture in the rehabilitation of post-stroke hemiplegic patients: a systematic review","Not specified","Not specified","","","","","","",""
"857","A-112625-857","S-112625-857","O-112625-857","https://doi.org/10.2519/jospt.2017.6698","Contribution of Dry Needling to Individualized Physical Therapy Treatment of Shoulder Pain: A Randomized Clinical Trial","muscle","muscle","","muscle","","","","",""
"1454","A-112625-1454","S-112625-1454","O-112625-1454","https://doi.org/10.1016/S0140-6736(86)92732-7","Controlled trial of acupuncture for disabling breathlessness","Not specified","Not specified","","","","","","",""
"1643","A-112625-1643","S-112625-1643","O-112625-1643","https://doi.org/10.1016/s0140-6736(89)90135-9","Controlled trial of acupuncture for severe recidivist alcoholism","Shen Men, lung, sympathetic points, LI4 Hoku","Shen Men, lung, sympathetic points, LI4","HT 7, LI 4","lung, sympathetic points","TARA:2442762, TARA:0859695","","","",""
"1641","A-112625-1641","S-112625-1641","O-112625-1641","https://doi.org/10.1097/00002508-199809000-00012","Controlled Trial of Japanese Acupuncture for Chronic Myofascial Neck Pain: Assessment of Specific and Nonspecific Effects of Treatment","SI 3, BL 62, GB 41, TW 5, GB 20, GB 21, GB 12, BL 10, BL 11, GV 14, LI 5, GB 42, TW 8, ST 41, BL 16, SI 9, LI 15","SI 3, BL 62, GB 41, TW 5, GB 20, GB 21, GB 12, BL 10, BL 11, GV 14, LI 5, GB 42, TW 8, ST 41, BL 16, SI 9, LI 15","SI 3, BL 62, GB 41, TE 5, GB 20, GB 21, GB 12, BL 10, BL 11, GV 14, LI 5, GB 42, TE 8, ST 41, BL 16, SI 9, LI 15","","TARA:0220496, TARA:1628341, TARA:3668538, TARA:8393005, TARA:2324295, TARA:5389461, TARA:1031890, TARA:0242146, TARA:1985889, TARA:8452754, TARA:5677319, TARA:0337120, TARA:1698911, TARA:6019290, TARA:1104010, TARA:2187225, TARA:7829474","","","",""
"171","A-112625-171","S-112625-171","O-112625-171","https://doi.org/10.1007/s11655-017-2753-9","Conventional Acupuncture for Cardiac Arrhythmia: A Systematic Review of Randomized Controlled Trials","PC 6, BL 15, HT 7, ST 36, CV 14, SP 10, PC 4, BL 14, CV 17, CV 6, CV 12, SP 6","","","","","","","",""
"1066","A-112625-1066","S-112625-1066","O-112625-1066","https://doi.org/10.1089/acm.2007.6316","Correlated Change in Upper Limb Function and Motor Cortex Activation After Verum and Sham Acupuncture in Patients with Chronic Stroke","Not specified","Not specified","","","","","","",""
"335","A-112625-335","S-112625-335","O-112625-335","https://doi.org/10.1136/bmj.38033.896505.eb","Cost effectiveness analysis of a randomised trial of acupuncture for chronic headache in primary care","Not specified","Not specified","","","","","","",""
"1128","A-112625-1128","S-112625-1128","O-112625-1128","https://doi.org/10.2522/ptj.20100239","Cost Effectiveness of Acupuncture Care as an Adjunct to Exercise Bas d Physical Therapy for Osteoarthritis of the Knee","Not specified","Not specified","","","","","","",""
"98","A-112625-98","S-112625-98","O-112625-98","https://doi.org/10.1111/papr.12116","Cost-effectiveness of Acupuncture for Chronic Nonspecific Low Back Pain","Not specified","Not specified","","","","","","",""
"524","A-112625-524","S-112625-524","O-112625-524","https://doi.org/10.1016/j.pain.2006.06.006","Cost-effectiveness of acupuncture treatment in patients with chronic neck pain","Not specified","Not specified","","","","","","",""
"935","A-112625-935","S-112625-935","O-112625-935","https://doi.org/10.1016/j.jams.2014.12.001","Could Acupuncture Be Useful in the Treatment of Temporomandibular Dysfunction?","LI 4, LI 11, SI 19, LR 2, GB 20, GB 21, GB 34, BL 2, CV 23, TE 23","LI 4, LI 11, SI 19, LR 2, GB 20, GB 21, GB 34, BL 2, CV 23, TE 23","LI 4, LI 11, SI 19, LR 2, GB 20, GB 21, GB 34, BL 2, CV 23, TE 23","","TARA:0859695, TARA:8923096, TARA:1772472, TARA:6862058, TARA:2324295, TARA:5389461, TARA:8758950, TARA:8104948, TARA:5804897, TARA:6752232","","","",""
"374","A-112625-374","S-112625-374","O-112625-374","https://doi.org/10.1142/S0192415X07004758","Crossover Clinical Trial to Determine the Effect of Manual Acupuncture at Siguan Points (Bilateral LI4 and LR3) on Intestinal Motility in Healthy Subjects","LI 4, LR 3","LI 4, LR 3","LI 4, LR 3","","TARA:0859695, TARA:6499349","","","",""
"1089","A-112625-1089","S-112625-1089","O-112625-1089","https://doi.org/10.1016/j.jns.2010.03.033","Cupping for stroke rehabilitation: A systematic review","TE 14, SI 9, SI 11, GV 26, HT 1, LI 14, LI 11, LI 4, LU 5, CV 8","","","","","","","",""
"695","A-112625-695","S-112625-695","O-112625-695","https://doi.org/10.1186/s13020-017-0142-0","Cupping therapy versus acupuncture for pain-related conditions: a systematic review of randomized controlled trials and trial sequential analysis","LI 15, SI 9, SJ 14, LI 11, SJ 5, GB 34, PC 6, LI 4, LR 3, SP 6, SP 10, ST 36, GB 20, GB 12, EX-HN 1, GV 20, BL 10, EX-B 2, GB 30, BL 40, N 12, N 4, RN 9, EX-LE 2","","","","","","","",""
"1640","A-112625-1640","S-112625-1640","O-112625-1640","https://doi.org/10.1007/s11655-011-0857-1","De-qi, Not Psychological Factors, Determines the Therapeutic Efficacy of Acupuncture Treatment for Primary Dysmenorrhea","ST 36, SP 6, RN 3","ST 36, SP 6, RN 3","ST 36, SP 6, CV 3","","TARA:6463344, TARA:4385250, TARA:0022762","","","",""
"1430","A-112625-1430","S-112625-1430","O-112625-1430","https://doi.org/10.1080/00016340500317153","Decrease of pregnant women's pelvic pain after acupuncture: A randomized controlled single-blind study","BL 27, BL 28, BL 29, BL 31, BL 32, BL 54, KI 11, CV 3, SP 6, LR 2, LI 4","BL 27, BL 28, BL 29, BL 31, BL 32, BL 54, KI 11, CV 3, SP 6, LR 2, LI 4","BL 27, BL 28, BL 29, BL 31, BL 32, BL 54, KI 11, CV 3, SP 6, LR 2, LI 4","","TARA:6929444, TARA:5318530, TARA:3079460, TARA:2465151, TARA:6742407, TARA:0488267, TARA:9609679, TARA:0022762, TARA:4385250, TARA:6862058, TARA:0859695","","","",""
"559","A-112625-559","S-112625-559","O-112625-559","https://doi.org/10.1177/1534735415572879","Defining the Quality of Acupuncture: The Case of Acupuncture for Cancer-Related Fatigue","ST 36, SP 6, LI 4, KI 3, CV 4, LI 11, GV 20, LIV 3, GB 34","ST 36, SP 6, LI 4, KI 3, CV 4, LI 11, GV 20, LIV 3, GB 34","ST 36, SP 6, LI 4, KI 3, CV 4, LI 11, GV 20, LR 3, GB 34","","TARA:6463344, TARA:4385250, TARA:0859695, TARA:4362146, TARA:9921528, TARA:8923096, TARA:3386254, TARA:6499349, TARA:8758950","","","",""
"53","A-112625-53","S-112625-53","O-112625-53","https://doi.org/10.1093/ecam/nen080","Delayed Effect of Acupuncture Treatment in OA of the Knee: A Blinded, Randomized, Controlled Trial","GB 34, SP 5, Heading, ST 35, Xi Yan, LI 11, ST 43, KI 3, ST 34, KI 10","GB 34, SP 5, Heading, ST 35, Xi Yan, LI 11, ST 43, KI 3, ST 34, KI 10","GB 34, SP 5, ST 35, Xiyan, LI 11, ST 43, KI 3, ST 34, KI 10","Heading","TARA:8758950, TARA:7831710, TARA:2454652, TARA:0926802, TARA:8923096, TARA:7661549, TARA:4362146, TARA:8773594, TARA:8716769","","","",""
"466","A-112625-466","S-112625-466","O-112625-466","https://doi.org/10.1016/s0254-6272(09)60037-6","Depressive Neurosis Treated by Acupuncture for Regulating the Liver - A Report of 176 Cases","LI 4, LR 3, GV 20, EX-HN 3, Liver, Heart","LI 4, LR 3, GV 20, EX-HN 3, Liver, Heart","LI 4, LR 3, GV 20, Yintang","Liver, Heart","TARA:0859695, TARA:6499349, TARA:3386254, TARA:3135569","","","",""
"1638","A-112625-1638","S-112625-1638","O-112625-1638","https://doi.org/10.1016/S1566-0702(03)00103-6","Depressor effect on blood pressure and flow elicited by electroacupuncture in normal subjects","Li 4","Li 4","LI 4","","TARA:0859695","","","",""
"697","A-112625-697","S-112625-697","O-112625-697","https://doi.org/10.1142/S0192415X0500293X","Deqi Sensation Between the Acupuncture Experienced and the Naïve: A Korean Study II","LI 4","LI 4","LI 4","","TARA:0859695","","","",""
"475","A-112625-475","S-112625-475","O-112625-475","https://doi.org/10.1016/j.jsat.2011.04.001","Determining the efficacy of auricular acupuncture for reducing anxiety in patients withdrawing from psychoactive drugs","sympathetic, shen men, lung, liver, kidney","sympathetic, shen men, lung, liver, kidney","HT 7","sympathetic, lung, liver, kidney","TARA:2442762","","","",""
"704","A-112625-704","S-112625-704","O-112625-704","https://doi.org/10.1089/acm.2005.11.1005","Development of a Chinese Medicine Assessment Measure: An Interdisciplinary Approach Using the Delphi Method","Not specified","Not specified","","","","","","",""
"521","A-112625-521","S-112625-521","O-112625-521","https://doi.org/10.1002/j.1532-2149.2012.00215.x","Does acupuncture activate endogenous analgesia in chronic whiplash-associated disorders? A randomized crossover trial","GV 14, Huatuojiaji C1-C7, GB 20, SI 11, GB 21, TE 15, SI 14, BL 17, SP 10, SI 3, BL 64, TE 5, GB 41, Shiqizhuixia, Ear Zero point, Ear Jerome point, Ear C0 point","GV 14, Huatuojiaji C1-C7, GB 20, SI 11, GB 21, TE 15, SI 14, BL 17, SP 10, SI 3, BL 64, TE 5, GB 41, Shiqizhuixia, Ear Zero point, Ear Jerome point, Ear C0 point","GV 14, GB 20, SI 11, GB 21, TE 15, SI 14, BL 17, SP 10, SI 3, BL 64, TE 5, GB 41, Shiqizhui","Huatuojiaji C1-C7, Ear Zero point, Ear Jerome point, Ear C0 point","TARA:8452754, TARA:2324295, TARA:4122792, TARA:5389461, TARA:5828993, TARA:3226024, TARA:1124682, TARA:8433932, TARA:0220496, TARA:0471803, TARA:8393005, TARA:3668538, TARA:9907701","","","",""
"1637","A-112625-1637","S-112625-1637","O-112625-1637","https://doi.org/10.1186/s12884-016-1092-8","Does acupuncture have a role in the treatment of threatened miscarriage? Findings from a feasibility randomised trial and semi-structured participant interviews","LU 7, LI 11, HT 7, LR 2, LR 3, GB 30, GB 34, GB 41, SP 1, SP 4, ST 36, ST 37, KI 6, KI 9, KI 21, KI 27, BL 20, BL 23, BL 57, BL 62, PC 6, TE 4, TE 5, TE 6, CV 4, GV 4, GV 20, Yin Tang","LU 7, LI 11, HT 7, LR 2, LR 3, GB 30, GB 34, GB 41, SP 1, SP 4, ST 36, ST 37, KI 6, KI 9, KI 21, KI 27, BL 20, BL 23, BL 57, BL 62, PC 6, TE 4, TE 5, TE 6, CV 4, GV 4, GV 20, Yin Tang","LU 7, LI 11, HT 7, LR 2, LR 3, GB 30, GB 34, GB 41, SP 1, SP 4, ST 36, ST 37, KI 6, KI 9, KI 21, KI 27, BL 20, BL 23, BL 57, BL 62, PC 6, TE 4, TE 5, TE 6, CV 4, GV 4, GV 20, Yintang","","TARA:3515622, TARA:8923096, TARA:2442762, TARA:6862058, TARA:6499349, TARA:9378285, TARA:8758950, TARA:3668538, TARA:8929565, TARA:7407065, TARA:6463344, TARA:5918799, TARA:2108622, TARA:2687954, TARA:3952187, TARA:4459765, TARA:3283628, TARA:0992296, TARA:4589241, TARA:1628341, TARA:4311153, TARA:1594912, TARA:8393005, TARA:7510801, TARA:9921528, TARA:8557069, TARA:3386254, TARA:3135569","","","",""
"1079","A-112625-1079","S-112625-1079","O-112625-1079","https://doi.org/10.1161/hs0102.101815","Does Acupuncture Have Additional Value to Standard Poststroke Motor Rehabilitation?","LI 15, LI 11, LI 10, LI 4, TE 5, GB 30, GB 34, ST 36, ST 41, BL 60, CV 12, CV 10, CV 6, CV 4, ST 24, ST 26, GB 40, BL 40, S 32, ST 40, SP 10, KI 3, L 5, LIV 3, P 6, SI 3, TE 14","LI 15, LI 11, LI 10, LI 4, TE 5, GB 30, GB 34, ST 36, ST 41, BL 60, CV 12, CV 10, CV 6, CV 4, ST 24, ST 26, GB 40, BL 40, S 32, ST 40, SP 10, KI 3, L 5, LIV 3, P 6, SI 3, TE 14","LI 15, LI 11, LI 10, LI 4, TE 5, GB 30, GB 34, ST 36, ST 41, BL 60, CV 12, CV 10, CV 6, CV 4, ST 24, ST 26, GB 40, BL 40, ST 32, ST 40, SP 10, KI 3, LU 5, LR 3, PC 6, SI 3, TE 14","","TARA:7829474, TARA:8923096, TARA:0742938, TARA:0859695, TARA:8393005, TARA:9378285, TARA:8758950, TARA:6463344, TARA:6019290, TARA:5047947, TARA:0434959, TARA:1822260, TARA:8833337, TARA:9921528, TARA:1211048, TARA:8646804, TARA:9254368, TARA:5290080, TARA:8826565, TARA:9531666, TARA:8433932, TARA:4362146, TARA:1357729, TARA:6499349, TARA:4311153, TARA:0220496, TARA:5894876","","","",""
"1061","A-112625-1061","S-112625-1061","O-112625-1061","https://doi.org/10.1161/01.str.0000035908.74261.c9","Does Acupuncture Improve Motor Recovery After Stroke? A Meta-Analysis of Randomized Controlled Trials","LI 4, LI 10, LI 11, GB 34","LI 4, LI 10, LI 11, GB 34","LI 4, LI 10, LI 11, GB 34","","TARA:0859695, TARA:0742938, TARA:8923096, TARA:8758950","","","",""
"1636","A-112625-1636","S-112625-1636","O-112625-1636","https://doi.org/10.1155/2011/301767","Does Acupuncture Improve Quality of Life for Patients with Pain Associated with the Spine? A Systematic Review","SI 3, BL 10, BL 60, LR 3, GB 20, GB 34, TE 5, BL 20 to 34, BL 50 to 54, GB 30, GV 3 to 6, Huatuojiaji, Shiqizhuxia, BL 40, BL 60, BL 62, KI 3, KI 7, GB 31, GB 34, GB 41, LR 3, GV 14, GV 20, BL 23, BL 25, GB 30, BL 40, KI 3, GV 4, GV 3, GV 4, BL 23, BL 25, BL 36, BL 37, BL 40, BL 56, BL 60, GB 29 to 31, GB 34, GB 20, GB 21, LR 3, LI 4, GB 34, BL 10, GV 14, SI 3, BL 62, GB 39, Yintang, GV 20, SP 6","","","","","","","",""
"1435","A-112625-1435","S-112625-1435","O-112625-1435","uri not found","Does acupuncture improve the endometrium for women undergoing an embryo transfer: A pilot randomised controlled trial","Not specified","Not specified","","","","","","",""
"145","A-112625-145","S-112625-145","O-112625-145","https://doi.org/10.1016/S0304-3959(02)00269-5","Does acupuncture improve the orthopedic management of chronic low back pain -a randomized, blinded, controlled trial with 3 months follow up","BL 23, BL 25, GB 30","BL 23, BL 25, GB 30","BL 23, BL 25, GB 30","","TARA:0992296, TARA:0906448, TARA:9378285","","","",""
"418","A-112625-418","S-112625-418","O-112625-418","https://doi.org/10.1080/00016340701645287","Does acupuncture used in nulliparous women reduce time from prelabour rupture of membranes at term to active phase of labour? A randomised controlled trial","CV 4, BL 20, SP 6, ST 36, BL 18, LIV 3, LI 4, BL 23, KI 3, GV 4, GV 20, HE 7, BL 15, LU 7, BL 32, P 6, TH 6","CV 4, BL 20, SP 6, ST 36, BL 18, LIV 3, LI 4, BL 23, KI 3, GV 4, GV 20, HE 7, BL 15, LU 7, BL 32, P 6, TH 6","CV 4, BL 20, SP 6, ST 36, BL 18, LR 3, LI 4, BL 23, KI 3, GV 4, GV 20, HT 7, BL 15, LU 7, BL 32, PC 6, TE 6","","TARA:9921528, TARA:3283628, TARA:4385250, TARA:6463344, TARA:9655874, TARA:6499349, TARA:0859695, TARA:0992296, TARA:4362146, TARA:8557069, TARA:3386254, TARA:2442762, TARA:5797983, TARA:3515622, TARA:6742407, TARA:4311153, TARA:7510801","","","",""
"1026","A-112625-1026","S-112625-1026","O-112625-1026","https://doi.org/10.1089/acm.2008.0264","Does Auricular Acupuncture Reduce Postoperative Vomiting After Cholecystectomy?","Sympathetic Point, Stomach Point, Shen Men, Occiput","Sympathetic Point, Stomach Point, Shen Men, Occiput","HT 7","Sympathetic Point, Stomach Point, Occiput","TARA:2442762","","","",""
"963","A-112625-963","S-112625-963","O-112625-963","https://doi.org/10.1016/S0021-5198(19)65282-0","Does electroacupuncture reduce craving for alcohol? A randomized controlled study","Shen Men, Sympathetic Tone, Lung 1, Knee 2, Internal Secretion, Elbow","Shen Men, Sympathetic Tone, Lung 1, Knee 2, Internal Secretion, Elbow","HT 7, LU 1","Sympathetic Tone, Knee 2, Internal Secretion, Elbow","TARA:2442762, TARA:0913913","","","",""
"673","A-112625-673","S-112625-673","O-112625-673","https://doi.org/10.1159/000363442","Does Integrative Medicine Enhance Balance in Aging Adults? -Proof of Concept for Benefit of Electro-acupuncture Therapy in Parkinson's Disease","GV 20, GV 14, Foot Motor Sensory Area, Balance Area, ST 36, LI 4, GB 34, LR 3, KI 3, SP 6, BL 40","GV 20, GV 14, Foot Motor Sensory Area, Balance Area, ST 36, LI 4, GB 34, LR 3, KI 3, SP 6, BL 40","GV 20, GV 14, ST 36, LI 4, GB 34, LR 3, KI 3, SP 6, BL 40","Foot Motor Sensory Area, Balance Area","TARA:3386254, TARA:8452754, TARA:6463344, TARA:0859695, TARA:8758950, TARA:6499349, TARA:4362146, TARA:4385250, TARA:5290080","","","",""
"1280","A-112625-1280","S-112625-1280","O-112625-1280","https://pubmed.ncbi.nlm.nih.gov/10437184.0/","Does psychological testing help to predict the response to acupuncture or massage/relaxation therapy in patients presenting to a general neurology clinic with headache?","DU 20, Taiyang, GB 20, LI 4, GB 41, SJ 5, SP 6, ST 36, KID 3, P 6, BL 2, ST 40, GB 14, Ahshi","DU 20, Taiyang, GB 20, LI 4, GB 41, SJ 5, SP 6, ST 36, KID 3, P 6, BL 2, ST 40, GB 14, Ahshi","GV 20, Taiyang, GB 20, LI 4, GB 41, TE 5, SP 6, ST 36, KI 3, PC 6, BL 2, ST 40, GB 14","Ahshi","TARA:3386254, TARA:9534465, TARA:2324295, TARA:0859695, TARA:3668538, TARA:8393005, TARA:4385250, TARA:6463344, TARA:4362146, TARA:4311153, TARA:8104948, TARA:9531666, TARA:9987270","","","",""
"1725","A-112625-1725","S-112625-1725","O-112625-1725","https://doi.org/10.1089/acm.2011.0404","Does Traditional Chinese Medicine Pattern Affect Acupoint Specific Effect? Analysis of Data from a Multicenter, Randomized, Controlled Trial for Primary Dysmenorrhea","SP 6, GB 39, adjacent nonacupoint","SP 6, GB 39, adjacent nonacupoint","SP 6, GB 39","adjacent nonacupoint","TARA:4385250, TARA:3770332","","","",""
"1140","A-112625-1140","S-112625-1140","O-112625-1140","https://doi.org/10.1097/00007632-198005000-00011","Dry Needling of Muscle Motor Points for Chronic Low-Back Pain A Randomized Clinical Trial With Long-Term Follow-Up","Not specified","Not specified","","","","","","",""
"546","A-112625-546","S-112625-546","O-112625-546","https://doi.org/10.1089/acm.2006.6371","Dry Needling of Trigger Points with and Without Paraspinal Needling in Myofascial Pain Syndromes in Elderly Patients","Not specified","Not specified","","","","","","",""
"558","A-112625-558","S-112625-558","O-112625-558","https://doi.org/10.1136/acupmed-2015-010781","EA versus sham acupuncture and no acupuncture for the control of acute and delayed chemotherapy-induced nausea and vomiting: a pilot study","ST 36, PC 6, LR 3, LI 4, GB 34, LV 3","ST 36, PC 6, LR 3, LI 4, GB 34, LV 3","ST 36, PC 6, LR 3, LI 4, GB 34, LR 3","","TARA:6463344, TARA:4311153, TARA:6499349, TARA:0859695, TARA:8758950, TARA:6499349","","","",""
"969","A-112625-969","S-112625-969","O-112625-969","https://doi.org/10.1111/j.1530-0277.2006.00333.x","Ear Acupuncture for Alcohol Withdrawal in Comparison With Aromatherapy: A Randomized-Controlled Trial","Sympathetic, Shenmen, Kidney, Liver, Lung","Sympathetic, Ear Shenmen, Kidney, Liver, Lung","","Sympathetic, Ear Shenmen, Kidney, Liver, Lung","","","added ""ear""","",""
"191","A-112625-191","S-112625-191","O-112625-191","https://doi.org/10.1007/s11726-011-0533-1","Ear acupuncture for perimenopause syndrome: A multi centered randomized controlled trial","Not specified","Not specified","","","","","","",""
"340","A-112625-340","S-112625-340","O-112625-340","https://doi.org/10.1007/s10072-011-0525-4","Ear acupuncture in the treatment of migraine attacks: a randomized trial on the efficacy of appropriate versus inappropriate acupoints","Not specified","Not specified","","","","","","",""
"1519","A-112625-1519","S-112625-1519","O-112625-1519","uri not found","Ear Acupuncture of Epidemic Parotitis: Analysis of 362 Cases","Not specified (the paper does not provide a detailed list of acupoints with their traditional Chinese medicine nomenclature or specific point numbers)","Not specified (the paper does not provide a detailed list of acupoints with their traditional Chinese medicine nomenclature or specific point numbers)","","","","","","",""
"29","A-112625-29","S-112625-29","O-112625-29","https://doi.org/10.1111/j.1471-0528.2008.02016.x","Ear acupuncture or local anaesthetics as pain relief during postpartum surgical repair: a randomised controlled trial","Shen Men, BL 36, GV 20","Shen Men, BL 36, GV 20","HT 7, BL 36, GV 20","","TARA:2442762, TARA:9927213, TARA:3386254","","","",""
"273","A-112625-273","S-112625-273","O-112625-273","https://pubmed.ncbi.nlm.nih.gov/16579094.0/","Ear Acupuncture Therapy for 37 Cases of Dysmenorrhea due to Endometriosis","Not specified","Not specified","","","","","","",""
"1739","A-112625-1739","S-112625-1739","O-112625-1739","https://doi.org/10.4103/1673-5374.131590","Early filiform needle acupuncture for poststroke depression: a meta-analysis of 17 randomized controlled clinical trials","Not specified","Not specified","","","","","","",""
"239","A-112625-239","S-112625-239","O-112625-239","https://doi.org/10.1097/MD.0000000000000284","Effect and Safety of Deep Needling and Shallow Needling for Functional Constipation A Multicenter, Randomized Controlled Trial","ST 25","ST 25","ST 25","","TARA:5717468","","","",""
"1529","A-112625-1529","S-112625-1529","O-112625-1529","https://pubmed.ncbi.nlm.nih.gov/16817265.0/","Effect of ""Phased Whole Acupuncture Therapy"" on Ability of Daily Life in 63 Cases of Cerebral Infarction induced Hemiplegia","Not specified","Not specified","","","","","","",""
"169","A-112625-169","S-112625-169","O-112625-169","https://doi.org/10.1016/s0254-6272(15)30133-3","Effect of a Traditional Chinese Medicine combined therapy on adolescent idiopathic scoliosis: a randomized controlled trial","Not specified","Not specified","","","","","","",""
"385","A-112625-385","S-112625-385","O-112625-385","https://doi.org/10.1016/j.ctim.2006.09.004","Effect of Acu-TENS on recovery heart rate after treadmill running exercise in subjects with normal health","PC 6","PC 6","PC 6","","TARA:4311153","","","",""
"1262","A-112625-1262","S-112625-1262","O-112625-1262","uri not found","Effect of Acupuncture and Traditional Chinese Herbal Medicine in Treating Endometriosis","Sanjiaojiu (Ex), Zhongji (CV 3), Shangliao (UB 31), Ciliao (UB 32), Zhongliao (UB 33), Xialiao (UB 34), Sanyinjiao (SP 6)","Sanjiaojiu, Zhongji, Shangliao, Ciliao, Zhongliao, Xialiao, Sanyinjiao","CV 3, BL 31, BL 33, BL 34, SP 6","Sanjiaojiu, Ciliao","TARA:0022762, TARA:2465151, TARA:6927551, TARA:1522109, TARA:4385250","","","",""
"360","A-112625-360","S-112625-360","O-112625-360","https://doi.org/10.1136/acupmed-2013-010441","Effect of acupuncture at HT7 on heart rate variability: an exploratory study","HT 7","HT 7","HT 7","","TARA:2442762","","","",""
"1487","A-112625-1487","S-112625-1487","O-112625-1487","uri not found","Effect of Acupuncture at Shenmai (BL 62) and Zhaohai (KI 6) on Polysomnography of Primary Insomnia","BL 62, KI 6","BL 62, KI 6","BL 62, KI 6","","TARA:1628341, TARA:2108622","","","",""
"1211","A-112625-1211","S-112625-1211","O-112625-1211","https://doi.org/10.1016/s0254-6272(10)60026-x","Effect of Acupuncture Combined with Blood-letting by a Three-edged Needle on 50 cases of Bell's Palsy at the Acute Stage","LI 4, SI 18, TE 1, ear apex","LI 4, SI 18, TE 1, ear apex","LI 4, SI 18, TE 1","ear apex","TARA:0859695, TARA:0287877, TARA:3369897","","","",""
"555","A-112625-555","S-112625-555","O-112625-555","https://doi.org/10.1177/1534735415570634","Effect of Acupuncture for Radioactive-Iodine-Induced Anorexia in Thyroid Cancer Patients: A Randomized, Double-Blinded, Sham-Controlled Pilot Study","LI 4, LR 3, ST 36, SP 6, KI 2","LI 4, LR 3, ST 36, SP 6, KI 2","LI 4, LR 3, ST 36, SP 6, KI 2","","TARA:0859695, TARA:6499349, TARA:6463344, TARA:4385250, TARA:3114756","","","",""
"1178","A-112625-1178","S-112625-1178","O-112625-1178","https://doi.org/10.1093/oxfordjournals.eurheartj.a059865","Effect of acupuncture in patients with angina pectoris","P 6, H 5, BL 15, BL 20, ST 36, H 7, LI 4, LI 11, LIV 3","P 6, H 5, BL 15, BL 20, ST 36, H 7, LI 4, LI 11, LIV 3","PC 6, HT 5, BL 15, BL 20, ST 36, HT 7, LI 4, LI 11, LR 3","","TARA:4311153, TARA:1282828, TARA:5797983, TARA:3283628, TARA:6463344, TARA:2442762, TARA:0859695, TARA:8923096, TARA:6499349","","","",""
"828","A-112625-828","S-112625-828","O-112625-828","https://doi.org/10.1142/S0192415X0200020X","Effect of Acupuncture in the Treatment of Seasonal Allergic Rhinitis: A Randomized Controlled Clinical Trial","LI 20, Extra point, GB 20, BL 13, LU 9, BL 20, ST 36, BL 23, CV 6","LI 20, Extra point, GB 20, BL 13, LU 9, BL 20, ST 36, BL 23, CV 6","LI 20, GB 20, BL 13, LU 9, BL 20, ST 36, BL 23, CV 6","Extra point","TARA:6681003, TARA:2324295, TARA:6050541, TARA:8122277, TARA:3283628, TARA:6463344, TARA:0992296, TARA:8833337","","","",""
"887","A-112625-887","S-112625-887","O-112625-887","https://doi.org/10.1089/acm.2009.0684","Effect of Acupuncture on Allergen-Induced Basophil Activation in Patients with Atopic Eczema: A Pilot Trial","LI 11, LI 4, ST 36, SP 10","LI 11, LI 4, ST 36, SP 10","LI 11, LI 4, ST 36, SP 10","","TARA:8923096, TARA:0859695, TARA:6463344, TARA:8433932","","","",""
"1437","A-112625-1437","S-112625-1437","O-112625-1437","https://doi.org/10.1136/aim.2009.002022","Effect of acupuncture on assisted reproduction","PC 6, SP 8, LR 3, GV 20, ST 29, ST 36, SP 6, SP 10, LI 4","PC 6, SP 8, LR 3, GV 20, ST 29, ST 36, SP 6, SP 10, LI 4","PC 6, SP 8, LR 3, GV 20, ST 29, ST 36, SP 6, SP 10, LI 4","","TARA:4311153, TARA:6848518, TARA:6499349, TARA:3386254, TARA:5873796, TARA:6463344, TARA:4385250, TARA:8433932, TARA:0859695","","","",""
"1856","A-112625-1856","S-112625-1856","O-112625-1856","https://doi.org/10.1007/s11255-016-1403-z","Effect of acupuncture on clinical symptoms and laboratory indicators for chronic prostatitis/chronic pelvic pain syndrome: a systematic review and meta-analysis","CV 1 (Guan Yuan), CV 2 (Qugu), CV 3 (Zhongji), CV 4 (Huiyin), BL 23 (Shenshu), BL 32 (Zhongliao), BL 33 (Ciliao), BL 34 (Xialiao), BL 54 (Zhibian), SP 6 (Sanyinjiao), SP 8 (Diji), SP 9 (Yinlingquan), SP 10 (Xue Hai), GB 30 (Huantiao), GB 41 (Zu Lin Qi), LV 3 (Tai Chong), LI 4 (He Gu), LU 7 (Lie Que), SI 3 (Hou Xi), SP 4 (Gong Sun)","","","","","","","",""
"1438","A-112625-1438","S-112625-1438","O-112625-1438","https://doi.org/10.1007/BF02713881","Effect of Acupuncture on Exercise-Induced Asthma","lung, lumbago","lung, lumbago","","lung, lumbago","","","","",""
"1741","A-112625-1741","S-112625-1741","O-112625-1741","https://doi.org/10.1111/j.1365-2133.1987.tb07359.x","Effect of acupuncture on experimentally induced itch","Lu 3, Lu 7, Liv 5, Liv 6","Lu 3, Lu 7, Liv 5, Liv 6","LU 3, LU 7, LR 5, LR 6","","TARA:3888808, TARA:3515622, TARA:0780558, TARA:8267317","","","",""
"1557","A-112625-1557","S-112625-1557","O-112625-1557","https://doi.org/10.1007/s11726-010-0451-7","Effect of Acupuncture on Functional Reconstruction of the Wrist Following Cerebral Apoplexy","LI 15, LI 14, LI 10, TE 5, LU 5, PC 6","LI 15, LI 14, LI 10, TE 5, LU 5, PC 6","LI 15, LI 14, LI 10, TE 5, LU 5, PC 6","","TARA:7829474, TARA:3744150, TARA:0742938, TARA:8393005, TARA:1357729, TARA:4311153","","","",""
"705","A-112625-705","S-112625-705","O-112625-705","https://doi.org/10.1007/BF01296505","Effect of Acupuncture on Gastric Acid Secretion in Healthy Male Volunteers","ST 36, lateral aspect of forearm","ST 36, lateral aspect of forearm","ST 36","lateral aspect of forearm","TARA:6463344","","","",""
"681","A-112625-681","S-112625-681","O-112625-681","https://doi.org/10.1371/journal.pone.0180918","Effect of acupuncture on hot flush and menopause symptoms in breast cancer-A systematic review and meta-analysis","SP 6, LI 11, CV 4, CV 6, CV 12, LI 4, MH 6, GB 34, ST 36, KI 3, BL 65, HC 6, LR 3, HT 6, DU 14, GB 20, BL 13, PC 7, H 6, K 7, LIV 3, LU 7, REN 4, P 7, LIV 8, BL 23, DU 14, DU 20, ST 36, LI 3, HE 7, L 15, L 23, L 32, HT 7, SP 6, SP 9, LR 3, PC 6, GV 20","","","","","","","",""
"1029","A-112625-1029","S-112625-1029","O-112625-1029","https://doi.org/10.1016/s0029-7844(00)01152-2","Effect of Acupuncture on Nausea of Pregnancy: A Randomized, Controlled Trial","ST 36, CV 12, SP 4, PC 6, ST 44, ST 34","ST 36, CV 12, SP 4, PC 6, ST 44, ST 34","ST 36, CV 12, SP 4, PC 6, ST 44, ST 34","","TARA:6463344, TARA:0434959, TARA:7407065, TARA:4311153, TARA:8440155, TARA:8773594","","","",""
"1159","A-112625-1159","S-112625-1159","O-112625-1159","https://doi.org/10.1142/S0192415X00000052","Effect of Acupuncture on Pain Management in Patients Before and After Lumbar Disc Protrusion Surgery -A Randomized Control Study","BL 25, GB 31, BL 26, GB 30, BL 62, BL 23, BL 36, BL 40, GB 34","BL 25, GB 31, BL 26, GB 30, BL 62, BL 23, BL 36, BL 40, GB 34","BL 25, GB 31, BL 26, GB 30, BL 62, BL 23, BL 36, BL 40, GB 34","","TARA:0906448, TARA:5264783, TARA:4384020, TARA:9378285, TARA:1628341, TARA:0992296, TARA:9927213, TARA:5290080, TARA:8758950","","","",""
"1384","A-112625-1384","S-112625-1384","O-112625-1384","https://doi.org/10.1142/s0192415x75000177","Effect of Acupuncture on Pain Threshold and Pain Tolerance Determined by Electrical Stimulation of the Skin: A Controlled Study","Ho Ku, LI 4, Nei Kuan, EH 6","Ho Ku, LI 4, Nei Kuan, EH 6","LI 4, LI 4","Nei Kuan, EH 6","TARA:0859695, TARA:0859695","","","",""
"948","A-112625-948","S-112625-948","O-112625-948","https://doi.org/10.1179/016164109X12537002793805","Effect of acupuncture on selective attention for smoking-related visual cues in smokers","HT 7, LI 10","HT 7, LI 10","HT 7, LI 10","","TARA:2442762, TARA:0742938","","","",""
"1738","A-112625-1738","S-112625-1738","O-112625-1738","https://doi.org/10.1136/acupmed-2011-010064","Effect of acupuncture on symptoms of anxiety in women undergoing in vitro fertilisation: a prospective randomised controlled study","HT 7, PC 6, CV 17, GV 20, Yintang","HT 7, PC 6, CV 17, GV 20, Yintang","HT 7, PC 6, CV 17, GV 20, Yintang","","TARA:2442762, TARA:4311153, TARA:3472408, TARA:3386254, TARA:3135569","","","",""
"1324","A-112625-1324","S-112625-1324","O-112625-1324","uri not found","Effect of Acupuncture on the Hypothalamus-pituitary-adrenal Axis in Patients with Depression","PC 6, LR 3, SP 6","PC 6, LR 3, SP 6","PC 6, LR 3, SP 6","","TARA:4311153, TARA:6499349, TARA:4385250","","","",""
"593","A-112625-593","S-112625-593","O-112625-593","https://doi.org/10.1111/cns.12507","Effect of Acupuncture on the Motor and Nonmotor Symptoms in Parkinson's Disease-A Review of Clinical Studies","DU 15, BL 10, GB 20, GB 12, GB 34, GV 20, EX-HN 3, EX-HN 1, LR 3, SP 6, LI 11, ST 36","","","","","","","",""
"805","A-112625-805","S-112625-805","O-112625-805","https://doi.org/10.1016/j.fertnstert.2005.09.062","Effect of acupuncture on the outcome of in vitro fertilization and intracytoplasmic sperm injection: a randomized, prospective, controlled clinical study","RN 4, RN 6, ST 29, PC 6, SP 10, SP 8, LI 14, SP 6, ST 36, KI 3, LR 3, SJ 9, SJ 12, GB 31, GB 32, GB 34, ear point 55, ear point 58, ear point 22, ear point 33, ear point 17, ear point 14, ear point 8, ear point 53","RN 4, RN 6, ST 29, PC 6, SP 10, SP 8, LI 14, SP 6, ST 36, KI 3, LR 3, SJ 9, SJ 12, GB 31, GB 32, GB 34, ear point 55, ear point 58, ear point 22, ear point 33, ear point 17, ear point 14, ear point 8, ear point 53","CV 4, CV 6, ST 29, PC 6, SP 10, SP 8, LI 14, SP 6, ST 36, KI 3, LR 3, TE 9, TE 12, GB 31, GB 32, GB 34","ear point 55, ear point 58, ear point 22, ear point 33, ear point 17, ear point 14, ear point 8, ear point 53","TARA:9921528, TARA:8833337, TARA:5873796, TARA:4311153, TARA:8433932, TARA:6848518, TARA:3744150, TARA:4385250, TARA:6463344, TARA:4362146, TARA:6499349, TARA:5590422, TARA:8257616, TARA:5264783, TARA:5786369, TARA:8758950","","","",""
"1757","A-112625-1757","S-112625-1757","O-112625-1757","https://doi.org/10.1089/107555303322524517","Effect of Acupuncture or Acupressure on Quality of Life of Patients with Chronic Obstructive Asthma: A Pilot Study","Zhongfu, Dazhui, Dingchuan, Neiguan, Zusanli","Zhongfu, Dazhui, Dingchuan, Neiguan, Zusanli","LU 1, GV 14, Dingchuan, PC 6, ST 36","","TARA:0913913, TARA:8452754, TARA:8009041, TARA:4311153, TARA:6463344","","","",""
"1758","A-112625-1758","S-112625-1758","O-112625-1758","https://doi.org/10.1089/acm.2011.0493","Effect of Acupuncture Therapy for Postponing Wallerian Degeneration of Cerebral Infarction as Shown by Diffusion Tensor Imaging","Du 23, Du 20, EX-HN 3, PC 6, Sp 6","Du 23, Du 20, EX-HN 3, PC 6, Sp 6","GV 23, GV 20, Yintang, PC 6, SP 6","","TARA:7690229, TARA:3386254, TARA:3135569, TARA:4311153, TARA:4385250","","","",""
"536","A-112625-536","S-112625-536","O-112625-536","https://doi.org/10.1016/j.pain.2004.01.018","Effect of acupuncture treatment on chronic neck and shoulder pain in sedentary female workers: a 6-month and 3-year follow-up study","Jingjiaji, ExHN, Jianjing, GB 21, Fengmen, BL 12, Dazhui, GV 14, Jianzhongshu, SI 15, Jianwaishu, SI 14, Hegu, LI 4, Quchi, LI 11, Fengshi, GB 31, Shenmen, Neck, Cervical spine, Shoulder, Shoulder joint, Shoulder-back","Jingjiaji, ExHN, Jianjing, GB 21, Fengmen, BL 12, Dazhui, GV 14, Jianzhongshu, SI 15, Jianwaishu, SI 14, Hegu, LI 4, Quchi, LI 11, Fengshi, GB 31, Ear Shenmen, Neck, Cervical spine, Shoulder, Shoulder joint, Shoulder-back","GB 21, GB 21, BL 12, BL 12, GV 14, GV 14, SI 15, SI 15, SI 14, SI 14, LI 4, LI 4, LI 11, LI 11, GB 31, GB 31","Jingjiaji, ExHN, Ear Shenmen, Neck, Cervical spine, Shoulder, Shoulder joint, Shoulder-back","TARA:5389461, TARA:5389461, TARA:5468609, TARA:5468609, TARA:8452754, TARA:8452754, TARA:2976260, TARA:2976260, TARA:3226024, TARA:3226024, TARA:0859695, TARA:0859695, TARA:8923096, TARA:8923096, TARA:5264783, TARA:5264783","","added ""ear""","",""
"1326","A-112625-1326","S-112625-1326","O-112625-1326","https://doi.org/10.1179/016164106X91951","Effect of acupuncture treatment on vascular dementia","CV 17, CV 12, CV 6, ST 36, SP 10, PC 6, SP 6, GV 26","CV 17, CV 12, CV 6, ST 36, SP 10, PC 6, SP 6, GV 26","CV 17, CV 12, CV 6, ST 36, SP 10, PC 6, SP 6, GV 26","","TARA:3472408, TARA:0434959, TARA:8833337, TARA:6463344, TARA:8433932, TARA:4311153, TARA:4385250, TARA:0829128","","","",""
"853","A-112625-853","S-112625-853","O-112625-853","https://pubmed.ncbi.nlm.nih.gov/14660810.0/","Effect of adding a Chinese herbal preparation to acupuncture for seasonal allergic rhinitis: randomised doubleblind controlled trial","LI 20, Yintang, GB 20, BL 13, LU 9, BL 20, ST 36, BL 23, CV 6","LI 20, Yintang, GB 20, BL 13, LU 9, BL 20, ST 36, BL 23, CV 6","LI 20, Yintang, GB 20, BL 13, LU 9, BL 20, ST 36, BL 23, CV 6","","TARA:6681003, TARA:3135569, TARA:2324295, TARA:6050541, TARA:8122277, TARA:3283628, TARA:6463344, TARA:0992296, TARA:8833337","","","",""
"1174","A-112625-1174","S-112625-1174","O-112625-1174","uri not found","Effect of an Herbal Compound Combined with Acupuncture & Qigong on Angina Pectoris","Not specified","Not specified","","","","","","",""
"393","A-112625-393","S-112625-393","O-112625-393","https://doi.org/10.1136/acupmed-2013-010483","Effect of bidirectional rotation of an acupuncture needle at LI10 on acupuncture needle sensation and experimentally-induced contact heat pain in healthy human volunteers","LI 10, LI 4","LI 10, LI 4","LI 10, LI 4","","TARA:0742938, TARA:0859695","","","",""
"1578","A-112625-1578","S-112625-1578","O-112625-1578","uri not found","Effect of Chengshan Point Injection in Treating Pains Induced by Urinary Calculi","Chengshan","Chengshan","BL 57","","TARA:4589241","","","",""
"1074","A-112625-1074","S-112625-1074","O-112625-1074","https://doi.org/10.1007/s11726-011-0542-0","Effect of Combined Acupuncture and Chinese Herbal Formula on the Motor Function and Activities of Daily Living in Post stroke Patients","Not specified","Not specified","","","","","","",""
"1723","A-112625-1723","S-112625-1723","O-112625-1723","https://doi.org/10.1007/s11726-010-0429-5","Effect of Combined Acupuncture and Medication for Hypertension due to Type 2 Diabetes Mellitus and Plasma Neuropeptide Y","LR 3, GB 20, KI 3, SP 6, LI 11, LR 2, ST 40, ST 36, SP 10","LR 3, GB 20, KI 3, SP 6, LI 11, LR 2, ST 40, ST 36, SP 10","LR 3, GB 20, KI 3, SP 6, LI 11, LR 2, ST 40, ST 36, SP 10","","TARA:6499349, TARA:2324295, TARA:4362146, TARA:4385250, TARA:8923096, TARA:6862058, TARA:9531666, TARA:6463344, TARA:8433932","","","",""
"1737","A-112625-1737","S-112625-1737","O-112625-1737","https://doi.org/10.1007/s11726-012-0581-1","Effect of Combined Acupuncture with Chinese Medicine on Overall Function of Patients with Post stroke Depression 针药并用对脑卒中后抑郁症患者综合功能的影响","GV 20, Ex HN 1, LR 3, ST 36, SP 6","GV 20, Ex HN 1, LR 3, ST 36, SP 6","GV 20, Sishencong, LR 3, ST 36, SP 6","","TARA:3386254, TARA:9610280, TARA:6499349, TARA:6463344, TARA:4385250","","","",""
"408","A-112625-408","S-112625-408","O-112625-408","https://doi.org/10.1016/S0254-6272(15)30149-7","Effect of direct current pulse stimulating acupoints of JiaJi (T10-L3) and Ciliao (BL 32) with Han's Acupoint Nerve Stimulator on labour pain in women: a randomized controlled clinical study","T10 - L 3, BL 32","T10 - L 3, BL 32","BL 32","T10 - L 3","TARA:6742407","","","",""
"914","A-112625-914","S-112625-914","O-112625-914","https://doi.org/10.1136/bjsm.2003.009431","Effect of dry needling of gluteal muscles on straight leg raise: a randomised, placebo controlled, double blind trial","Not specified","Not specified","","","","","","",""
"1312","A-112625-1312","S-112625-1312","O-112625-1312","https://doi.org/10.1007/s11596-014-1317-x","Effect of Electro-acupuncture Stimulation of Ximen (PC4) and Neiguan (PC6) on Remifentanil-induced Breakthrough Pain Following Thoracal Esophagectomy","DU 20, DU 26, HT 7, LI 15, LI 11, SJ 5, LI 4, SP 10, ST 36, LR 3","DU 20, DU 26, HT 7, LI 15, LI 11, SJ 5, LI 4, SP 10, ST 36, LR 3","GV 20, GV 26, HT 7, LI 15, LI 11, TE 5, LI 4, SP 10, ST 36, LR 3","","TARA:3386254, TARA:0829128, TARA:2442762, TARA:7829474, TARA:8923096, TARA:8393005, TARA:0859695, TARA:8433932, TARA:6463344, TARA:6499349","","","",""
"15","A-112625-15","S-112625-15","O-112625-15","https://doi.org/10.12659/MSM.890111","Effect of electroacupuncture at Zusanli (ST36) and Sanyinjiao (SP6) acupoints on adrenocortical function in etomidate anesthesia patients","ST 36, SP 6","ST 36, SP 6","ST 36, SP 6","","TARA:6463344, TARA:4385250","","","",""
"999","A-112625-999","S-112625-999","O-112625-999","https://doi.org/10.1097/WON.0000000000000025","Effect of Electroacupuncture Combined With Tolterodine on Treating Female Mixed Urinary Incontinence","BL 32, BL 35, SP 6, ST 36","BL 32, BL 35, SP 6, ST 36","BL 32, BL 35, SP 6, ST 36","","TARA:6742407, TARA:8458036, TARA:4385250, TARA:6463344","","","",""
"167","A-112625-167","S-112625-167","O-112625-167","https://doi.org/10.1016/s0254-6272(15)30131-x","Effect of electroacupuncture on muscle state and infrared thermogram changes in patients with acute lumbar muscle sprain","SI 3, EX-B2, Ashi","SI 3, EX-B2, Ashi","SI 3, Huatuojiaji","Ashi","TARA:0220496, TARA:3734471","","","",""
"1467","A-112625-1467","S-112625-1467","O-112625-1467","https://doi.org/10.6452/KJMS.200010.0525","Effect of electroacupuncture on shoulder subluxation for stroke patients","GB 21, SJ 14, LI 15, LI 14","GB 21, SJ 14, LI 15, LI 14","GB 21, TE 14, LI 15, LI 14","","TARA:5389461, TARA:5894876, TARA:7829474, TARA:3744150","","","",""
"1150","A-112625-1150","S-112625-1150","O-112625-1150","https://doi.org/10.1089/acu.2010.0764","Effect of Electroacupuncture on the Third Lumbar Transverse Process Syndrome: A Randomized Controlled Trial","BL 23, BL 24, BL 25, BL 31, GB 34, Ah Shi point","BL 23, BL 24, BL 25, BL 31, GB 34, Ah Shi point","BL 23, BL 24, BL 25, BL 31, GB 34","Ah Shi point","TARA:0992296, TARA:7357260, TARA:0906448, TARA:2465151, TARA:8758950","","","",""
"363","A-112625-363","S-112625-363","O-112625-363","https://pubmed.ncbi.nlm.nih.gov/26393991.0/","Effect of Electroacupuncture on Transcutaneous Oxygen Partial Pressure During Hyperbaric Oxygen Therapy in Healthy Individuals","PC 6, PC 4, PC 3, SP 6, SP 8, SP 9","PC 6, PC 4, PC 3, SP 6, SP 8, SP 9","PC 6, PC 4, PC 3, SP 6, SP 8, SP 9","","TARA:4311153, TARA:2645290, TARA:7634323, TARA:4385250, TARA:6848518, TARA:3553465","","","",""
"1734","A-112625-1734","S-112625-1734","O-112625-1734","https://doi.org/10.1089/acm.2016.0361","Effect of Electroacupuncture on Visceral and Hepatic Fat in Women with Abdominal Obesity: A Randomized Controlled Study Based on Magnetic Resonance Imaging","ST 24, ST 25, ST 26, ST 28, SP 14, SP 15, ST 36, ST 40, RN 4, RN 9, GB 34, ST 44, SJ 6","ST 24, ST 25, ST 26, ST 28, SP 14, SP 15, ST 36, ST 40, RN 4, RN 9, GB 34, ST 44, SJ 6","ST 24, ST 25, ST 26, ST 28, SP 14, SP 15, ST 36, ST 40, CV 4, CV 9, GB 34, ST 44, TE 6","","TARA:1211048, TARA:5717468, TARA:8646804, TARA:5017471, TARA:1992799, TARA:4679170, TARA:6463344, TARA:9531666, TARA:9921528, TARA:4534524, TARA:8758950, TARA:8440155, TARA:7510801","","","",""
"1479","A-112625-1479","S-112625-1479","O-112625-1479","https://doi.org/10.1007/s11655-010-0066-3","Effect of Gan-Pi Regulatory Needling in Treating Chloasma","LR 5, SP 6, SP 9, S 36, S 40, LI 4, L 5, CV 12, P 6, CV 17, T4-5, S 25, S 39, CV 6, CV 9, SP 9, LR 3, B 18, B 23, K 3","LR 5, SP 6, SP 9, S 36, S 40, LI 4, L 5, CV 12, P 6, CV 17, T4-5, S 25, S 39, CV 6, CV 9, SP 9, LR 3, B 18, B 23, K 3","LR 5, SP 6, SP 9, ST 36, ST 40, LI 4, LU 5, CV 12, PC 6, CV 17, ST 25, ST 39, CV 6, CV 9, SP 9, LR 3, BL 18, BL 23, KI 3","T4-5","TARA:0780558, TARA:4385250, TARA:3553465, TARA:6463344, TARA:9531666, TARA:0859695, TARA:1357729, TARA:0434959, TARA:4311153, TARA:3472408, TARA:5717468, TARA:6728804, TARA:8833337, TARA:4534524, TARA:3553465, TARA:6499349, TARA:9655874, TARA:0992296, TARA:4362146","","","",""
"1102","A-112625-1102","S-112625-1102","O-112625-1102","https://doi.org/10.1007/s11655-001-0306-7","Effect of General Anaesthesia with Combination of Acupuncture and Enflurane Applied in Radical Operation of Laryngocarcinoma","LI 4, PC 6","LI 4, PC 6","LI 4, PC 6","","TARA:0859695, TARA:4311153","","","",""
"547","A-112625-547","S-112625-547","O-112625-547","https://doi.org/10.1136/aim.23.2.52","Effect of intensive acupuncture on pain-related social and psychological variables for women with chronic neck and shoulder pain -an RCT with six month and three year follow up","Jingjiaji, Jianjing, Fengmen, Dazhui, Jianzhongshu, Jianwaishu, Hegu, Quchi, Fengshi, Shenmen, Neck, Cervical spine, Shoulder, Shoulder joint, Shoulder-back","Jingjiaji, Jianjing, Fengmen, Dazhui, Jianzhongshu, Jianwaishu, Hegu, Quchi, Fengshi, Ear Shenmen, Neck, Cervical spine, Shoulder, Shoulder joint, Shoulder-back","GB 21, BL 12, GV 14, SI 15, SI 14, LI 4, LI 11, GB 31","Jingjiaji, Ear Shenmen, Neck, Cervical spine, Shoulder, Shoulder joint, Shoulder-back","TARA:5389461, TARA:5468609, TARA:8452754, TARA:2976260, TARA:3226024, TARA:0859695, TARA:8923096, TARA:5264783","","added ""ear""","",""
"32","A-112625-32","S-112625-32","O-112625-32","https://doi.org/10.1136/aim.2008.000075","Effect of intraoperative electroacupuncture on postoperative pain, analgesic requirements, nausea and sedation: a randomised controlled trial","CV 2, GV 4, BL 32, BL 23, LI 4, PC 6, LR 3, SP 6","CV 2, GV 4, BL 32, BL 23, LI 4, PC 6, LR 3, SP 6","CV 2, GV 4, BL 32, BL 23, LI 4, PC 6, LR 3, SP 6","","TARA:6969962, TARA:8557069, TARA:6742407, TARA:0992296, TARA:0859695, TARA:4311153, TARA:6499349, TARA:4385250","","","",""
"422","A-112625-422","S-112625-422","O-112625-422","https://doi.org/10.1016/j.ctim.2016.10.009","Effect of LI4 and BL32 acupressure on labor pain and delivery outcome in the first stage of labor in primiparous women: A randomized controlled trial","LI 4, BL 32","LI 4, BL 32","LI 4, BL 32","","TARA:0859695, TARA:6742407","","","",""
"718","A-112625-718","S-112625-718","O-112625-718","https://doi.org/10.1136/acupmed-2016-011208","Effect of minimal acupuncture for infantile colic: a multicentre, three-armed, single-blind, randomised controlled trial (ACU-COL)","LI 4, Sifeng, ST 36","LI 4, Sifeng, ST 36","LI 4, Sifeng, ST 36","","TARA:0859695, TARA:5850983, TARA:6463344","","","",""
"353","A-112625-353","S-112625-353","O-112625-353","https://doi.org/10.1016/j.jams.2016.08.002","Effect of Needling at CV-12 (Zhongwan) on Blood Glucose Levels in Healthy Volunteers: A Pilot Randomized Placebo Controlled Trial","CV 12, CV 4, CV 6, CV 10, ST 24, ST 25, TE 5, SP 6, SP 15, KI 13, ST 36, BL 20, GB 26","CV 12, CV 4, CV 6, CV 10, ST 24, ST 25, TE 5, SP 6, SP 15, KI 13, ST 36, BL 20, GB 26","CV 12, CV 4, CV 6, CV 10, ST 24, ST 25, TE 5, SP 6, SP 15, KI 13, ST 36, BL 20, GB 26","","TARA:0434959, TARA:9921528, TARA:8833337, TARA:1822260, TARA:1211048, TARA:5717468, TARA:8393005, TARA:4385250, TARA:4679170, TARA:5358142, TARA:6463344, TARA:3283628, TARA:8088170","","","",""
"10","A-112625-10","S-112625-10","O-112625-10","https://doi.org/10.1136/acupmed-2013-010498","Effect of perioperative electroacupuncture as an adjunctive therapy on postoperative analgesia with tramadol and ketamine in prostatectomy: a randomised sham-controlled single-blind trial","LI 4, ST 36","LI 4, ST 36","LI 4, ST 36","","TARA:0859695, TARA:6463344","","","",""
"594","A-112625-594","S-112625-594","O-112625-594","https://doi.org/10.1111/jgs.13164","Effect of press needles on swallowing reflex in older adults with cerebrovascular disease: A randomized double-blind controlled trial","ST 36, KI 3","ST 36, KI 3","ST 36, KI 3","","TARA:6463344, TARA:4362146","","","Is EX-HN 3 a synonym for Yintang, an extra acupoint?",""
"970","A-112625-970","S-112625-970","O-112625-970","https://doi.org/10.1186/1472-6882-12-11","Effect of self-administered auricular acupressure on smoking cessation -a pilot study","Lung 2, Shen Men, Autonomic Point, Liver, C. Kidney","Lung 2, Shen Men, Autonomic Point, Liver, C. Kidney","LU 2, HT 7","Autonomic Point, Liver, C. Kidney","TARA:0540755, TARA:2442762","","","",""
"488","A-112625-488","S-112625-488","O-112625-488","https://doi.org/10.1016/s0254-6272(15)30132-1","Effect of soothing-liver and nourishing-heart acupuncture on early selective serotonin reuptake inhibitor treatment onset for depressive disorder and related indicators of neuroimmunology: a randomized controlled clinical trial","LR 3, LR 8, LR 14, CV 17, GV 26, PC 6, HT 7, BL 15","LR 3, LR 8, LR 14, CV 17, GV 26, PC 6, HT 7, BL 15","LR 3, LR 8, LR 14, CV 17, GV 26, PC 6, HT 7, BL 15","","TARA:6499349, TARA:1074531, TARA:7479763, TARA:3472408, TARA:0829128, TARA:4311153, TARA:2442762, TARA:5797983","","","",""
"927","A-112625-927","S-112625-927","O-112625-927","https://doi.org/10.1111/joor.12380","Effect of temporomandibular disorder therapy on otologic signs and symptoms: a systematic review","Not specified","Not specified","","","","","","",""
"1142","A-112625-1142","S-112625-1142","O-112625-1142","https://doi.org/10.1097/00000542-199912000-00012","Effect of the Duration of Electrical Stimulation on the Analgesic Response in Patients with Low Back Pain","Not specified","Not specified","","","","","","",""
"1225","A-112625-1225","S-112625-1225","O-112625-1225","https://doi.org/10.3109/03005364000000063","Effect of traditional Chinese acupuncture on severe tinnitus: a double-blind, placebo-controlled, clinical investigation with open therapeutic control","Not specified","Not specified","","","","","","",""
"1383","A-112625-1383","S-112625-1383","O-112625-1383","https://doi.org/10.1016/0304-3959(81)90192-5","Effect of transcutaneous electrotherapy on CSF β-endorphin content in patients without pain problems","Not specified","Not specified","","","","","","",""
"685","A-112625-685","S-112625-685","O-112625-685","https://doi.org/10.1007/s11655-014-1851-1","Effect of Zhubin (KI9) Acupuncture in Reducing Alcohol Craving in Patients with Alcohol Dependence: A Randomized Placebo-Controlled Trial","KI 9","KI 9","KI 9","","TARA:2687954","","","",""
"130","A-112625-130","S-112625-130","O-112625-130","https://doi.org/10.1007/s00586-007-0379-x","Effect sizes of non-surgical treatments of non-specific low-back pain","Not specified","Not specified","","","","","","",""
"103","A-112625-103","S-112625-103","O-112625-103","https://doi.org/10.1089/acm.2012.0338","Effectiveness and Acceptance of Acupuncture in Patients with Chronic Low Back Pain: Results of a Prospective, Randomized, Controlled Trial","Not specified","Not specified","","","","","","",""
"652","A-112625-652","S-112625-652","O-112625-652","https://doi.org/10.1136/acupmed-2016-011342","Effectiveness and safety of acupuncture combined with Madopar for Parkinson's disease: a systematic review with metaanalysis","Not specified","Not specified","","","","","","",""
"682","A-112625-682","S-112625-682","O-112625-682","https://doi.org/10.1016/j.ctim.2017.08.005","Effectiveness and safety of acupuncture in the treatment of Parkinson's disease: A systematic review and meta-analysis of randomized controlled trials","GB 20, LI 11, GB 34, ST 36, LR 3, GV 20, PC 6, GV 26, LI 4, SP 6, GV 14, BL 10, GB 12, SI 3, BL 62, PD 6, Bafeng","","","","","","","",""
"350","A-112625-350","S-112625-350","O-112625-350","https://doi.org/10.1111/j.1526-4610.2006.00598.x","Effectiveness and Tolerability of Acupuncture Compared With Metoprolol in Migraine Prophylaxis","GB 20, GB 40, GB 41, GB 42, GV 20, LV 3, SJ 3, SJ 5, EX-HN 5","GB 20, GB 40, GB 41, GB 42, GV 20, LV 3, SJ 3, SJ 5, EX-HN 5","GB 20, GB 40, GB 41, GB 42, GV 20, LR 3, TE 3, TE 5, Taiyang","","TARA:2324295, TARA:9254368, TARA:3668538, TARA:0337120, TARA:3386254, TARA:6499349, TARA:5356503, TARA:8393005, TARA:9534465","","","",""
"1736","A-112625-1736","S-112625-1736","O-112625-1736","https://doi.org/10.1089/acm.2012.0429","Effectiveness of Abdominal Acupuncture for Patients with Obesity-Type Polycystic Ovary Syndrome: A Randomized Controlled Trial","CV 4, CV 6, CV 12, CV 13, ST 21, ST 25, ST 28","CV 4, CV 6, CV 12, CV 13, ST 21, ST 25, ST 28","CV 4, CV 6, CV 12, CV 13, ST 21, ST 25, ST 28","","TARA:9921528, TARA:8833337, TARA:0434959, TARA:4525270, TARA:1654197, TARA:5717468, TARA:5017471","","","",""
"645","A-112625-645","S-112625-645","O-112625-645","https://doi.org/10.1142/S0192415X17500859","Effectiveness of Acupuncture and Electroacupuncture for Chronic Neck Pain: A Systematic Review and Meta-Analysis","GB 21, BL 11, EX-B2, SI 9, SI 10, SI 11, SI 12, SI 14, BL 12, TE 14, TE 15, TE 16, TE 17, LR 3, ST 36, LI 4, SP 6, KI 3, BL 10, EX-HN 15, GV 14, GB 20, LI 11, BL 20, ST 40, BL 17, LI 15, SI 15, SI 14, BL 18, ST 36, SI 6, BL 23, KI 3, GB 20, GB 21, SI 3, BL 62, GB 41, TE 5, GB 12, GV 14","","","","","","","",""
"1293","A-112625-1293","S-112625-1293","O-112625-1293","https://doi.org/10.3727/036012984816714703","Effectiveness of Acupuncture and Physiotherapy on Myogenic Headache: A Comparative Study","Shuai-ku, Feng-chih, T'ien-chu, Feng-men, Hsin-yu, Chuan-hsi, two pressure points on the neck","Shuai-ku, Feng-chih, Tien-chu, Feng-men, Hsin-yu, Chuan-hsi, two pressure points on the neck","BL 12","Shuai-ku, Feng-chih, Tien-chu, Hsin-yu, Chuan-hsi, two pressure points on the neck","TARA:5468609","","","",""
"73","A-112625-73","S-112625-73","O-112625-73","https://doi.org/10.7326/0003-4819-141-12-200412210-00006","Effectiveness of Acupuncture as Adjunctive Therapy in Osteoarthritis of the Knee A Randomized, Controlled Trial","Not specified","Not specified","","","","","","",""
"692","A-112625-692","S-112625-692","O-112625-692","https://doi.org/10.1136/acupmed-2014-010705","Effectiveness of acupuncture combined with rehabilitation for treatment of acute or subacute stroke: a systematic review","Not specified","Not specified","","","","","","",""
"661","A-112625-661","S-112625-661","O-112625-661","https://doi.org/10.1155/2017/2504021","Effectiveness of Acupuncture for Early Recovery of Bowel Function in Cancer: A Systematic Review and Meta-Analysis","ST 36, SP 6, LI 4, CV 6, CV 12, PC 6, LR 3, ST 25, ST 37, ST 39, SP 9, TE 6, GB 34, SP 4","","","","","","","",""
"135","A-112625-135","S-112625-135","O-112625-135","https://doi.org/10.1097/01.brs.0000435025.65564.b7","Effectiveness of Acupuncture for Nonspecific Chronic Low Back Pain A Systematic Review and Meta-analysis","Not specified","Not specified","","","","","","",""
"1346","A-112625-1346","S-112625-1346","O-112625-1346","https://doi.org/10.1007/s11655-013-1439-1","Effectiveness of Acupuncture for Palliative Care in Cancer Patients: A Systematic Review","SP 6, SP 9, ST 36, PC 6, LI 4, CV 12, GB 34, ST 25, ST 37, TH 4, BL 13-30, OT 1, MS 8, CV 4, LI 4, LV 3, GB 20, DU 14, HT 6, KI 7, Auricularpoint (Shenmen), MS 4, MS 8","","","","","","","",""
"628","A-112625-628","S-112625-628","O-112625-628","https://doi.org/10.1002/mds.21993","Effectiveness of Acupuncture for Parkinson Disease: a Systematic Review","HN 21, GB 6, GV 21, GB 5, GV 17, GV 16, BL 9, BL 10, GB 19, GB 20, EX-HN 1, GB 13, GV 20, LI 4, SP 6, LR 3, EX 6, LI 11, TE 5, GB 34, ST 36, ST 40, EX 21","","","","","","its a systematic review. take out all points","",""
"268","A-112625-268","S-112625-268","O-112625-268","https://doi.org/10.1155/2015/842180","Effectiveness of Acupuncture for Primary Ovarian Insufficiency: A Systematic Review and Meta-Analysis","BL 18, BL 20, BL 23, LR 14, LR 13, GB 25, CV 6, CV 4, ST 30, BL 18, BL 23, LI 4, SP 10, ST 30, ST 36, SP 6, CV 6, CV 4, SP 6, BL 7, SP 10, LI 4, LR 3, KI 3, BL 23, BL 15, BL 20, BL 20, BL 21, BL 18, BL 23, CV 4, CV 2, SP 10, EX-CA 1, SP 6, ST 25, BL 33, CV 4, CV 3, KI 12, EX-CA 1, BL 23, SP 6, SP 9, BL 18, HT 6, KI 7, BL 19, GV 4, BL 32, SP 8, CV 4, ST 30, EX-CA 1, CV 3, SP 6, ST 36, SP 10, LR 3, KI 3, BL 17, BL 18, BL 19, BL 23, BL 26, BL 32, PC 6, ST 36, CV 4, SP 6, BL 23, BL 19, CV 6, BL 21, EX-CA 1, GV 4, CV 7, CV 3, BL 26, BL 32, ST 40","","","","","","","",""
"1561","A-112625-1561","S-112625-1561","O-112625-1561","https://doi.org/10.1007/s004150170132","Effectiveness of acupuncture for stroke:A systematic review","LI 4, LI 11, GB 34, TE 5, LR 3","","","","","","","",""
"1402","A-112625-1402","S-112625-1402","O-112625-1402","https://doi.org/10.1016/S1701-2163(16)34021-X","Effectiveness of Acupuncture for the Initiation of Labour at Term: A Pilot Randomized Controlled Trial","SP 6, GB 36, Sp 6+, Lid 4+, St 43+, BI 60+, Gb 36+","SP 6, GB 36, Sp 6+, Lid 4+, St 43+, BI 60+, Gb 36+","SP 6, GB 36, SP 6, ST 43, GB 36","Lid 4+, BI 60+","TARA:4385250, TARA:1144697, TARA:4385250, TARA:7661549, TARA:1144697","","","",""
"148","A-112625-148","S-112625-148","O-112625-148","https://doi.org/10.1155/2015/425108","Effectiveness of Acupuncture for Treating Sciatica: A Systematic Review and Meta-Analysis","GB 32, BL 40, GB 34, GB 30, BL 54, BL 36, GB 31, BL 67, BL 57, GB 39, BL 60, GB 41, DU 3, EX-B2, BL 23, BL 25, BL 26, GB 41, BL 37, BL 24, DU 4","","","","","","","",""
"930","A-112625-930","S-112625-930","O-112625-930","https://doi.org/10.1089/acm.2008.0484","Effectiveness of Acupuncture in the Treatment of Temporomandibular Disorders of Muscular Origin: A Systematic Review of the Last Decade","ST 6, ST 7, LI 4, SI 2, SI 3","","","","","","","",""
"1525","A-112625-1525","S-112625-1525","O-112625-1525","https://pubmed.ncbi.nlm.nih.gov/22875561.0/","Effectiveness of Acupuncture in Treatment of Facial Spasm: A Meta analysis","LR 3","LR 3","LR 3","","TARA:6499349","","","",""
"269","A-112625-269","S-112625-269","O-112625-269","https://doi.org/10.1136/acupmed-2016-011163","Effectiveness of acupuncture in women with polycystic ovarian syndrome undergoing in vitro fertilisation or intracytoplasmic sperm injection: a systematic review and meta-analysis","GV 20, LI 4, SP 6, ST 29, ST 36, CV 3, CV 4, Zigong","","","","","","","",""
"1732","A-112625-1732","S-112625-1732","O-112625-1732","https://doi.org/10.1016/j.urology.2014.11.004","Effectiveness of Acupuncture on Chronic ProstatitiseChronic Pelvic Pain Syndrome Category IIIB Patients: A Prospective, Randomized, Nonblinded, Clinical Trial","BL 32, BL 33, UB 28, GB 41, LIV 3, LI 4, SP 6, SP 8","BL 32, BL 33, UB 28, GB 41, LIV 3, LI 4, SP 6, SP 8","BL 32, BL 33, BL 28, GB 41, LR 3, LI 4, SP 6, SP 8","","TARA:6742407, TARA:6927551, TARA:5318530, TARA:3668538, TARA:6499349, TARA:0859695, TARA:4385250, TARA:6848518","","","",""
"688","A-112625-688","S-112625-688","O-112625-688","https://doi.org/10.1016/j.jams.2017.01.002","Effectiveness of Acupuncture Therapy on Stress in a Large Urban College Population","GV 20, HT 7, PC 6, Yintang, Four Gates, CV 17, CV 6, ST 36, Shen Men, Liver, Point 0, Heart","GV 20, HT 7, PC 6, Yintang, Four Gates, CV 17, CV 6, ST 36, Shen Men, Liver, Point 0, Heart","GV 20, HT 7, PC 6, Yintang, CV 17, CV 6, ST 36, HT 7","Four Gates, Liver, Point 0, Heart","TARA:3386254, TARA:2442762, TARA:4311153, TARA:3135569, TARA:3472408, TARA:8833337, TARA:6463344, TARA:2442762","","","",""
"410","A-112625-410","S-112625-410","O-112625-410","https://doi.org/10.1016/j.ctim.2008.01.001","Effectiveness of acupuncture-type interventions versus expectant management to correct breech presentation: A systematic review ଝ","BL 67","","","","","","","",""
"1063","A-112625-1063","S-112625-1063","O-112625-1063","https://doi.org/10.1016/S2095-4964(15)60178-9","Effectiveness of bee venom acupuncture in alleviating post-stroke shoulder pain: a systematic review and meta-analysis","LI 15, TE 14, GB 21, SI 10, LI 11, SI 3, EX UE70","","","","","","","",""
"752","A-112625-752","S-112625-752","O-112625-752","https://doi.org/10.1007/s00590-017-1957-1","Effectiveness of dry needling and high-volume image-guided injection in the management of chronic mid-portion Achilles tendinopathy in adult population: a literature review","Not specified","Not specified","","","","","","",""
"759","A-112625-759","S-112625-759","O-112625-759","https://doi.org/10.1016/j.apmr.2014.12.015","Effectiveness of Dry Needling for Myofascial Trigger Points Associated With Neck and Shoulder Pain: A Systematic Review and Meta-Analysis","Not specified","Not specified","","","","","","",""
"758","A-112625-758","S-112625-758","O-112625-758","https://doi.org/10.2519/jospt.2013.4668","Effectiveness of Dry Needling for Upper-Quarter Myofascial Pain: A Systematic Review and Meta-analysis","Not specified","Not specified","","","","","","",""
"1852","A-112625-1852","S-112625-1852","O-112625-1852","https://doi.org/10.1016/j.jbmt.2021.02.015","Effectiveness of dry needling techniques in patients with knee osteoarthritis: A systematic review and meta-analysis","Not specified","Not specified","","","","","","",""
"1098","A-112625-1098","S-112625-1098","O-112625-1098","https://doi.org/10.1007/s00240-005-0473-7","Effectiveness of electro-acupuncture compared to sedo-analgesics in relieving pain during shockwave lithotripsy","BL 20, BL 21, BL 22, BL 23, BL 52, Shenmen, Kidney, Kladder","BL 20, BL 21, BL 22, BL 23, BL 52, Ear Shenmen, Kidney, Kladder","BL 20, BL 21, BL 22, BL 23, BL 52","Ear Shenmen, Kidney, Kladder","TARA:3283628, TARA:4839095, TARA:3963382, TARA:0992296, TARA:7228895","","added ""ear""","",""
"630","A-112625-630","S-112625-630","O-112625-630","https://doi.org/10.7556/jaoa.2008.108.10.559","Effectiveness of Osteopathy in the Cranial Field and Myofascial Release Versus Acupuncture as Complementary Treatment for Children With Spastic Cerebral Palsy: A Pilot Study","Not specified","Not specified","","","","","","",""
"202","A-112625-202","S-112625-202","O-112625-202","https://doi.org/10.1503/cmaj.121108","Effectiveness of strengthened stimulation during acupuncture for the treatment of Bell palsy: a randomized controlled trial","Yangbai, Dicang, Jiache, Xiaguan, Yifeng, Hegu","Yangbai, Dicang, Jiache, Xiaguan, Yifeng, Hegu","GB 14, ST 4, ST 6, ST 7, TE 17, LI 4","","TARA:9987270, TARA:1429314, TARA:7834226, TARA:2990862, TARA:6615149, TARA:0859695","","","",""
"597","A-112625-597","S-112625-597","O-112625-597","https://doi.org/10.1371/journal.pone.0118498","Effectiveness of Traditional Chinese Medicine as an Adjunct Therapy for Parkinson's Disease: A Systematic Review and Meta-Analysis","Not specified","Not specified","","","","","","",""
"224","A-112625-224","S-112625-224","O-112625-224","https://doi.org/10.2522/ptj.20130255","Effectiveness of Trigger Point Dry Needling for Plantar Heel Pain: A Randomized Controlled Trial","Not specified","Not specified","","","","","","",""
"1722","A-112625-1722","S-112625-1722","O-112625-1722","https://doi.org/10.1186/1472-6882-14-11","Effects and treatment methods of acupuncture and herbal medicine for premenstrual syndrome/ premenstrual dysphoric disorder: systematic review","SP 6, CV 6, DU 20, LI 4, HT 3, REN 3, REN 4, REN 6, PC 6, GB 34, UB 23, BL 17, BL 18, BL 20, BL 23, GV 20, EX-HN 2, EX-HN 3","","","","","","","",""
"693","A-112625-693","S-112625-693","O-112625-693","https://doi.org/10.1186/s12906-017-1924-8","Effects of acupoint-stimulation for the treatment of primary dysmenorrhoea compared with NSAIDs: a systematic review and meta-analysis of 19 RCTs","CV 4, CV 3, CV 6, EX-B8, HT 7, PC 6, LI 4, LI 10, SP 6, LR 3, ST 36, GB 26, SP 15, BL31, BL32, BL33, LI 3, SP 8, CV 4, ST 36, HT 7, CV 8, BL 32, TF 2, CO 18, CO 10, CO 12, SP 6, EX-BB, SP 8, BL 32, SP 10, CV 6, LI 4","","","","","","","",""
"1759","A-112625-1759","S-112625-1759","O-112625-1759","https://pubmed.ncbi.nlm.nih.gov/14687475.0/","Effects of acupoints TENS on heat pain threshold in normal subjects","Not specified","Not specified","","","","","","",""
"1742","A-112625-1742","S-112625-1742","O-112625-1742","https://doi.org/10.1136/acupmed-2014-010720","Effects of acupressure on anxiety: a systematic review and meta-analysis","EX-HN 3, HT 7, Extra 1 point","","","","","","its a review - take out all points","",""
"568","A-112625-568","S-112625-568","O-112625-568","https://doi.org/10.1188/14.ONF.581-592","Effects of Acupuncture and Acupressure on Cancer-Related Fatigue: A Systematic Review","ST 36, SP 6, KI 3","","","","","","","",""
"787","A-112625-787","S-112625-787","O-112625-787","https://doi.org/10.1111/j.1466-7657.2003.00205.x","Effects of acupuncture and care interventions on the outcome of inflammatory symptoms of the breast in lactating women","HT 3, GB 21, SP 6","HT 3, GB 21, SP 6","HT 3, GB 21, SP 6","","TARA:2385378, TARA:5389461, TARA:4385250","","","",""
"1724","A-112625-1724","S-112625-1724","O-112625-1724","https://doi.org/10.1097/GME.0b013e31829374e8","Effects of acupuncture and Chinese herbal medicine (Zhi Mu 14) on hot flushes and quality of life in postmenopausal women: results of a four-arm randomized controlled pilot trial","CV 4, GV 20, GB 20, PC 6, ST 36, SP 6, LI 4, KI 3, BL 20, BL 23, SP 9, CV 6, BL 18, HT 6, KI 6, LR 3","CV 4, GV 20, GB 20, PC 6, ST 36, SP 6, LI 4, KI 3, BL 20, BL 23, SP 9, CV 6, BL 18, HT 6, KI 6, LR 3","CV 4, GV 20, GB 20, PC 6, ST 36, SP 6, LI 4, KI 3, BL 20, BL 23, SP 9, CV 6, BL 18, HT 6, KI 6, LR 3","","TARA:9921528, TARA:3386254, TARA:2324295, TARA:4311153, TARA:6463344, TARA:4385250, TARA:0859695, TARA:4362146, TARA:3283628, TARA:0992296, TARA:3553465, TARA:8833337, TARA:9655874, TARA:6421594, TARA:2108622, TARA:6499349","","","",""
"264","A-112625-264","S-112625-264","O-112625-264","https://doi.org/10.1016/j.fertnstert.2011.11.010","Effects of acupuncture and exercise on insulin sensitivity, adipose tissue characteristics, and markers of coagulation and fibrinolysis in women with polycystic ovary syndrome: secondary analyses of a randomized controlled trial","Not specified","Not specified","","","","","","",""
"1271","A-112625-1271","S-112625-1271","O-112625-1271","https://pubmed.ncbi.nlm.nih.gov/14695986.0/","Effects of acupuncture and moxa treatment in patients with semen abnormalities","B 23, VC 6, VC 5, PC 46, B 52, VC 4, P 9, PC 49, B 22, VC 3, B 13, VG 4, B 20, B 14, B 32, B 21, B 15","B 23, VC 6, VC 5, PC 46, B 52, VC 4, P 9, PC 49, B 22, VC 3, B 13, VG 4, B 20, B 14, B 32, B 21, B 15","BL 23, CV 6, CV 5, BL 52, CV 4, PC 9, BL 22, CV 3, BL 13, GV 4, BL 20, BL 14, BL 32, BL 21, BL 15","PC 46, PC 49","TARA:0992296, TARA:8833337, TARA:1205186, TARA:7228895, TARA:9921528, TARA:5138859, TARA:3963382, TARA:0022762, TARA:6050541, TARA:8557069, TARA:3283628, TARA:9523348, TARA:6742407, TARA:4839095, TARA:5797983","","","",""
"1229","A-112625-1229","S-112625-1229","O-112625-1229","https://pubmed.ncbi.nlm.nih.gov/18246680.0/","Effects of Acupuncture and Moxibustion on Tear film of the Patients with Xerophthalmia","GV 20, BL 1, BL 2, EX HN 5, ST 2, GB 20, LI 4, ST 36, SP 6, KI 3, LR 3, CV 6, TE 5, ST","GV 20, BL 1, BL 2, EX HN 5, ST 2, GB 20, LI 4, ST 36, SP 6, KI 3, LR 3, CV 6, TE 5, ST","GV 20, BL 1, BL 2, Taiyang, ST 2, GB 20, LI 4, ST 36, SP 6, KI 3, LR 3, CV 6, TE 5","ST","TARA:3386254, TARA:1460220, TARA:8104948, TARA:9534465, TARA:6392753, TARA:2324295, TARA:0859695, TARA:6463344, TARA:4385250, TARA:4362146, TARA:6499349, TARA:8833337, TARA:8393005","","","",""
"873","A-112625-873","S-112625-873","O-112625-873","https://doi.org/10.1191/0269215504cr849oa","Effects of acupuncture and placebo TENS in addition to exercise in treatment of rotator cuff tendinitis","GB 21, LI 15, LI 11, LI 4, TE 14, SI 9, SI 10, SI 13, ST 38","GB 21, LI 15, LI 11, LI 4, TE 14, SI 9, SI 10, SI 13, ST 38","GB 21, LI 15, LI 11, LI 4, TE 14, SI 9, SI 10, SI 13, ST 38","","TARA:5389461, TARA:7829474, TARA:8923096, TARA:0859695, TARA:5894876, TARA:2187225, TARA:0683404, TARA:9116386, TARA:3182190","","","",""
"83","A-112625-83","S-112625-83","O-112625-83","https://doi.org/10.1177/0269215507077362","Effects of acupuncture and sham acupuncture in addition to physiotherapy in patients undergoing bilateral total knee arthroplasty--a randomized controlled trial","ST 32, ST 33, GB 31, GB 35, GB 34, ST 36, ST 35, Xiyan, SP 10, ST 34","ST 32, ST 33, GB 31, GB 35, GB 34, ST 36, ST 35, Xiyan, SP 10, ST 34","ST 32, ST 33, GB 31, GB 35, GB 34, ST 36, ST 35, Xiyan, SP 10, ST 34","","TARA:8826565, TARA:7756426, TARA:5264783, TARA:6714942, TARA:8758950, TARA:6463344, TARA:2454652, TARA:0926802, TARA:8433932, TARA:8773594","","","",""
"788","A-112625-788","S-112625-788","O-112625-788","https://doi.org/10.1136/bmj.38397.507014.E0","Effects of acupuncture and stabilising exercises as adjunct to standard treatment in pregnant women with pelvic girdle pain: randomised single blind controlled trial","GV 20, LI 4, BL 26, BL 32, BL 33, BL 54, KI 11, BL 60, EX 21, GB 30, SP 12, ST 36","GV 20, LI 4, BL 26, BL 32, BL 33, BL 54, KI 11, BL 60, GB 30, SP 12, ST 36","GV 20, LI 4, BL 26, BL 32, BL 33, BL 54, KI 11, BL 60, GB 30, SP 12, ST 36","","TARA:3386254, TARA:0859695, TARA:4384020, TARA:6742407, TARA:6927551, TARA:0488267, TARA:9609679, TARA:5047947, TARA:9378285, TARA:4695378, TARA:6463344","","taken out","",""
"1726","A-112625-1726","S-112625-1726","O-112625-1726","https://doi.org/10.1016/0022-3999(84)90052-7","Effects of acupuncture and transcutaneous electrical nerve stimulation on cold-induced pain in normal subjects","PC 7","PC 7","PC 7","","TARA:9020892","","","",""
"838","A-112625-838","S-112625-838","O-112625-838","https://doi.org/10.1089/acm.2006.5283","Effects of Acupuncture as a Treatment for Hyperventilation Syndrome: A Pilot, Randomized Crossover Trial","Colon 4, Liver 3, Stomach 36","Colon 4, Liver 3, Stomach 36","LI 4, LR 3, ST 36","","TARA:0859695, TARA:6499349, TARA:6463344","","","",""
"1550","A-112625-1550","S-112625-1550","O-112625-1550","https://doi.org/10.1016/s0254-6272(10)60002-7","Effects of Acupuncture at 7-9 am and 3-5 pm on Plasma Thromboxane and Prostaglandin in Patients with Ischemic Cerebrovascular Disease","BL 65, PC 6, GB 20, ST 40, ST 36, HT 6, EC 4","BL 65, PC 6, GB 20, ST 40, ST 36, HT 6, EC 4","BL 65, PC 6, GB 20, ST 40, ST 36, HT 6","EC 4","TARA:7430197, TARA:4311153, TARA:2324295, TARA:9531666, TARA:6463344, TARA:6421594","","","",""
"1302","A-112625-1302","S-112625-1302","O-112625-1302","uri not found","Effects of Acupuncture at Feishu(BL 13) and Nonmeridian-nonacupoint on Pulmonary Function","BL 13","BL 13","BL 13","","TARA:6050541","","","",""
"1295","A-112625-1295","S-112625-1295","O-112625-1295","https://doi.org/10.1089/acu.2009.0691","Effects of Acupuncture at Large Intestine 4 (LI 4) on Electrical Tooth Pulp Stimulation: A Randomized Controlled Pilot Study","LI 4","LI 4","LI 4","","TARA:0859695","","","",""
"1729","A-112625-1729","S-112625-1729","O-112625-1729","https://doi.org/10.1007/s00404-012-2674-y","Effects of acupuncture for initiation of labor: a double-blind randomized sham-controlled trial","LI 4, SP 6, BL 67","LI 4, SP 6, BL 67","LI 4, SP 6, BL 67","","TARA:0859695, TARA:4385250, TARA:7218725","","","",""
"650","A-112625-650","S-112625-650","O-112625-650","https://doi.org/10.1371/journal.pone.0186616","Effects of acupuncture for the treatment of endometriosis-related pain: A systematic review and meta-analysis","CV 3, CV 10, CV 6, CV 4, CV 12, LU 7, SP 4, SP 6, BL 32, EX-B 8, BL 18, BL 20, L 23, LR 14, LR 13, GB 25, SP 10, ST 36, GV 20, LI 4, LIV 3, Zigong","","","","","","","",""
"834","A-112625-834","S-112625-834","O-112625-834","https://doi.org/10.1177/014107688207500408","Effects of acupuncture in bronchial asthma: preliminary communication'","Ren 22, EX 17, LU 7, GB 5, GB 6","CV 22, Dingchuan, LU 7, GB 5, GB 6","CV 22, Dingchuan, LU 7, GB 5, GB 6","","TARA:6472655, TARA:8009041, TARA:3515622, TARA:3549064, TARA:0316650","","fixed","",""
"395","A-112625-395","S-112625-395","O-112625-395","https://doi.org/10.1016/j.explore.2011.02.004","Effects of acupuncture in reducing attrition and mortality in HIV-infected men with peripheral neuropathy","Not specified","Not specified","","","","","","",""
"639","A-112625-639","S-112625-639","O-112625-639","https://doi.org/10.1007/s00520-017-3955-6","Effects of acupuncture on cancer-related fatigue: a meta-analysis","SP 6, ST 36, LI 4, KI 3, KI 1, RN 4, RN 6, RN 12","SP 6, ST 36, LI 4, KI 3, KI 1, RN 4, RN 6, RN 12","SP 6, ST 36, LI 4, KI 3, KI 1, CV 4, CV 6, CV 12","","TARA:4385250, TARA:6463344, TARA:0859695, TARA:4362146, TARA:4512048, TARA:9921528, TARA:8833337, TARA:0434959","","","",""
"1321","A-112625-1321","S-112625-1321","O-112625-1321","https://doi.org/10.1007/s11655-013-1323-4","Effects of Acupuncture on Chinese Medicine Syndromes of Vascular Dementia","GV 20, EX-HN 1, GV 24, CV 17, CV 12, CV 6, SP 10, ST 36, PC 6, GB 39, ST 40, EX-HN 11, LR 3, ST 44, ST 25, CV 4","GV 20, EX-HN 1, GV 24, CV 17, CV 12, CV 6, SP 10, ST 36, PC 6, GB 39, ST 40, EX-HN 11, LR 3, ST 44, ST 25, CV 4","GV 20, Sishencong, GV 24, CV 17, CV 12, CV 6, SP 10, ST 36, PC 6, GB 39, ST 40, LR 3, ST 44, ST 25, CV 4","EX-HN 11","TARA:3386254, TARA:9610280, TARA:7679931, TARA:3472408, TARA:0434959, TARA:8833337, TARA:8433932, TARA:6463344, TARA:4311153, TARA:3770332, TARA:9531666, TARA:6499349, TARA:8440155, TARA:5717468, TARA:9921528","","","",""
"1206","A-112625-1206","S-112625-1206","O-112625-1206","https://doi.org/10.1097/GME.0000000000000260","Effects of Acupuncture on Climacteric Vasomotor Symptoms, Quality of Life, and Urinary Excretion of Neuropeptides among Postmenopausal Women","UB 15, UB 23, UB 32, GV 20, H 7, P 6, LIV 3, SP 6, SP 9","UB 15, UB 23, UB 32, GV 20, H 7, P 6, LIV 3, SP 6, SP 9","BL 15, BL 23, BL 32, GV 20, HT 7, PC 6, LR 3, SP 6, SP 9","","TARA:5797983, TARA:0992296, TARA:6742407, TARA:3386254, TARA:2442762, TARA:4311153, TARA:6499349, TARA:4385250, TARA:3553465","","","",""
"637","A-112625-637","S-112625-637","O-112625-637","https://doi.org/10.1089/acm.2016.0355","Effects of Acupuncture on Gait of Patients with Multiple Sclerosis","ST 34, BL 40, BL 57","ST 34, BL 40, BL 57","ST 34, BL 40, BL 57","","TARA:8773594, TARA:5290080, TARA:4589241","","","",""
"461","A-112625-461","S-112625-461","O-112625-461","https://pubmed.ncbi.nlm.nih.gov/15510807.0/","Effects of Acupuncture on Hemorheology, Blood Lipid Content and Nail Fold Microcirculation in Multiple Infarct Dementia Patients","GV 20, GV 24, GB 13, HT 7, LU 7, KI 6, GB 39, SP 6, ST 36, GB 20, GV 16, GV 14, LI 4, LI 11, SI 5, LR 3, ST 40","GV 20, GV 24, GB 13, HT 7, LU 7, KI 6, GB 39, SP 6, ST 36, GB 20, GV 16, GV 14, LI 4, LI 11, SI 5, LR 3, ST 40","GV 20, GV 24, GB 13, HT 7, LU 7, KI 6, GB 39, SP 6, ST 36, GB 20, GV 16, GV 14, LI 4, LI 11, SI 5, LR 3, ST 40","","TARA:3386254, TARA:7679931, TARA:4994509, TARA:2442762, TARA:3515622, TARA:2108622, TARA:3770332, TARA:4385250, TARA:6463344, TARA:2324295, TARA:3361967, TARA:8452754, TARA:0859695, TARA:8923096, TARA:0669306, TARA:6499349, TARA:9531666","","","",""
"1207","A-112625-1207","S-112625-1207","O-112625-1207","https://doi.org/10.1097/gme.0b013e3181bfac3b","Effects of acupuncture on hot flashes in perimenopausal and postmenopausal women-a multicenter randomized clinical trial","ST 36, SP 6, L 14, PC 6, HT 7, HTS, CV 4","ST 36, SP 6, L 14, PC 6, HT 7, HTS, CV 4","ST 36, SP 6, PC 6, HT 7, CV 4","L 14, HTS","TARA:6463344, TARA:4385250, TARA:4311153, TARA:2442762, TARA:9921528","","","",""
"579","A-112625-579","S-112625-579","O-112625-579","https://doi.org/10.1155/2014/217397","Effects of Acupuncture on Leucopenia, Neutropenia, NK, and B Cells in Cancer Patients: A Randomized Pilot Study","LV 3, ST 36, SP 3, GB 39, LI 4, PC 5, TB 5, LU 7, SI 6, ST 32, CV 6","LV 3, ST 36, SP 3, GB 39, LI 4, PC 5, TB 5, LU 7, SI 6, ST 32, CV 6","LR 3, ST 36, SP 3, GB 39, LI 4, PC 5, TE 5, LU 7, SI 6, ST 32, CV 6","","TARA:6499349, TARA:6463344, TARA:3003448, TARA:3770332, TARA:0859695, TARA:6477399, TARA:8393005, TARA:3515622, TARA:4125415, TARA:8826565, TARA:8833337","","","",""
"189","A-112625-189","S-112625-189","O-112625-189","https://doi.org/10.1097/GME.0000000000000260","Effects of acupuncture on menopause-related symptoms and quality of life in women on natural menopause: a meta-analysis of randomized controlled trials","Not specified","Not specified","","","","","","",""
"187","A-112625-187","S-112625-187","O-112625-187","https://doi.org/10.1097/NCC.0000000000000278","Effects of Acupuncture on Menopause-Related Symptoms in Breast Cancer Survivors A Meta-analysis of Randomized Controlled Trials","CV 4, CV 6, CV 12, LI 4, MH 6, GB 34, ST 36, KI 4, BL 65, HC 6, KI 3, SP 6, LR 3, DU 14, GB 20, BL 13, PC 7, H 6, K 7, ST 36, SP 6, Ear Shen men, Ear sympathetic point, UB 15, UB 23, UB 32, CV 20, H 7, P 6, LIV 3, SP 6, SP 9, LIV 3, GB 20, LU 7, KI 3, SP 6, REN 4, P 7, LIV 8, BL 15, BL 23, BL 32, HT 7, SP 6, SP 9, LR 3, PC 6, GV 20","CV 4, CV 6, CV 12, LI 4, MH 6, GB 34, ST 36, KI 4, BL 65, HC 6, KI 3, SP 6, LR 3, DU 14, GB 20, BL 13, PC 7, H 6, K 7, ST 36, SP 6, Ear Shen men, Ear sympathetic point, UB 15, UB 23, UB 32, CV 20, H 7, P 6, LIV 3, SP 6, SP 9, LIV 3, GB 20, LU 7, KI 3, SP 6, REN 4, P 7, LIV 8, BL 15, BL 23, BL 32, HT 7, SP 6, SP 9, LR 3, PC 6, GV 20","CV 4, CV 6, CV 12, LI 4, GB 34, ST 36, KI 4, BL 65, PC 6, KI 3, SP 6, LR 3, GV 14, GB 20, BL 13, PC 7, HT 6, KI 7, ST 36, SP 6, BL 15, BL 23, BL 32, CV 20, HT 7, PC 6, LR 3, SP 6, SP 9, LR 3, GB 20, LU 7, KI 3, SP 6, CV 4, PC 7, LR 8, BL 15, BL 23, BL 32, HT 7, SP 6, SP 9, LR 3, PC 6, GV 20","MH 6, Ear Shen men, Ear sympathetic point","TARA:9921528, TARA:8833337, TARA:0434959, TARA:0859695, TARA:8758950, TARA:6463344, TARA:0341289, TARA:7430197, TARA:4311153, TARA:4362146, TARA:4385250, TARA:6499349, TARA:8452754, TARA:2324295, TARA:6050541, TARA:9020892, TARA:6421594, TARA:9881298, TARA:6463344, TARA:4385250, TARA:5797983, TARA:0992296, TARA:6742407, TARA:0726105, TARA:2442762, TARA:4311153, TARA:6499349, TARA:4385250, TARA:3553465, TARA:6499349, TARA:2324295, TARA:3515622, TARA:4362146, TARA:4385250, TARA:9921528, TARA:9020892, TARA:1074531, TARA:5797983, TARA:0992296, TARA:6742407, TARA:2442762, TARA:4385250, TARA:3553465, TARA:6499349, TARA:4311153, TARA:3386254","","","",""
"1655","A-112625-1655","S-112625-1655","O-112625-1655","https://doi.org/10.5606/tftrd.2024.14372","Effects of acupuncture on oxidative stress mechanisms, pain, and quality of life in fibromyalgia: A prospective study from Türkiye","CV 6, GV 20, EX-HN 3, PC 6, H 7, LI 4, CV 17, LIV 3, ST 36, SP 6, SI 3, GB 34","CV 6, GV 20, EX-HN 3, PC 6, H 7, LI 4, CV 17, LIV 3, ST 36, SP 6, SI 3, GB 34","CV 6, GV 20, Yintang, PC 6, HT 7, LI 4, CV 17, LR 3, ST 36, SP 6, SI 3, GB 34","","TARA:8833337, TARA:3386254, TARA:3135569, TARA:4311153, TARA:2442762, TARA:0859695, TARA:3472408, TARA:6499349, TARA:6463344, TARA:4385250, TARA:0220496, TARA:8758950","","","",""
"815","A-112625-815","S-112625-815","O-112625-815","https://doi.org/10.1136/bmj.39471.430451.BE","Effects of acupuncture on rates of pregnancy and live birth among women undergoing in vitro fertilisation: systematic review and meta-analysis","Not specified","Not specified","","","","","","",""
"390","A-112625-390","S-112625-390","O-112625-390","https://doi.org/10.1371/journal.pone.0113731","Effects of Acupuncture on Sensory Perception: A Systematic Review and Meta-Analysis","LI 4, LI 11, LI 15, LI 14, ST 36, SP 6, EX-UE 2, TH 5, GB 20, ST 6, ST 7, LI 20, EX-HN 3, EX-HN 5","","","","","","","",""
"1589","A-112625-1589","S-112625-1589","O-112625-1589","https://doi.org/10.1006/pmed.1996.0125","Effects of Acupuncture on Smoking Cessation or Reduction for Motivated Smokers'","Shenmen, Mouth, Lung, Trachea, Hunger, Endocrine, Knees, Lumbar vertebra, Neck, Shoulder, Buttock","Ear Shenmen, Mouth, Lung, Trachea, Hunger, Endocrine, Knees, Lumbar vertebra, Neck, Shoulder, Buttock","","Ear Shenmen, Mouth, Lung, Trachea, Hunger, Endocrine, Knees, Lumbar vertebra, Neck, Shoulder, Buttock","","","added ""ear""","",""
"382","A-112625-382","S-112625-382","O-112625-382","https://doi.org/10.1089/acm.2008.0173","Effects of Acupuncture on Symptoms and Muscle Function in Delayed Onset Muscle Soreness","GB 34, LU 3, LU 5, LI 11, SP 10, Ashi, Sham 1, Sham 2, Sham 3, Sham 4, Sham 5","GB 34, LU 3, LU 5, LI 11, SP 10, Ashi, Sham 1, Sham 2, Sham 3, Sham 4, Sham 5","GB 34, LU 3, LU 5, LI 11, SP 10","Ashi, Sham 1, Sham 2, Sham 3, Sham 4, Sham 5","TARA:8758950, TARA:3888808, TARA:1357729, TARA:8923096, TARA:8433932","","","",""
"801","A-112625-801","S-112625-801","O-112625-801","https://doi.org/10.1136/acupmed-2012-010198","Effects of acupuncture on the outcome of in vitro fertilisation and intracytoplasmic sperm injection in women with polycystic ovarian syndrome","SP 6, LR 3, LI 4, CV 4, GV 20, ST 36, SP 10, PC 6, ST 29, Ovary and Uterus auricular points, Shenmen auricular point","SP 6, LR 3, LI 4, CV 4, GV 20, ST 36, SP 10, PC 6, ST 29, Ovary and Uterus auricular points, Ear Shenmen","SP 6, LR 3, LI 4, CV 4, GV 20, ST 36, SP 10, PC 6, ST 29","Ovary and Uterus auricular points, Ear Shenmen","TARA:4385250, TARA:6499349, TARA:0859695, TARA:9921528, TARA:3386254, TARA:6463344, TARA:8433932, TARA:4311153, TARA:5873796","","added ""ear""","",""
"793","A-112625-793","S-112625-793","O-112625-793","https://doi.org/10.1089/acm.2011.0158","Effects of Acupuncture on the Outcomes of In Vitro Fertilization: A Systematic Review and Meta-Analysis","CV 4, KI 3, SP 6","","","","","","","",""
"664","A-112625-664","S-112625-664","O-112625-664","https://doi.org/10.3389/fneur.2018.00030","effects of acupuncture on the Recovery Outcomes of Stroke Survivors with Shoulder Pain: a Systematic Review","Jianyu, Jianqian, Jiaoliao, Jiantong, Jianzhen, Quchi, Hegu","","","","","","","",""
"915","A-112625-915","S-112625-915","O-112625-915","https://doi.org/10.1142/S0192415X09006989","Effects of Acupuncture Stimulation on Recovery Ability of Male Elite Basketball Athletes","PC 6, ST 36","PC 6, ST 36","PC 6, ST 36","","TARA:4311153, TARA:6463344","","","",""
"619","A-112625-619","S-112625-619","O-112625-619","https://doi.org/10.1186/1749-8546-5-11","Effects of acupuncture to treat fibromyalgia: A preliminary randomised controlled trial","Sternocleidomastoideus, Trapezius, Pectoralis major, Quadratus lumborum, Erector spinae, Gluteus medius, Hamstrings","Sternocleidomastoideus, Trapezius, Pectoralis major, Quadratus lumborum, Erector spinae, Gluteus medius, Hamstrings","","Sternocleidomastoideus, Trapezius, Pectoralis major, Quadratus lumborum, Erector spinae, Gluteus medius, Hamstrings","","","","",""
"1081","A-112625-1081","S-112625-1081","O-112625-1081","https://doi.org/10.1161/01.str.29.10.2100","Effects of Acupuncture Treatment on Daily Life Activities and Quality of Life A Controlled, Prospective, and Randomized Study of Acute Stroke Patients","LI 4, LI 11, ST 38, Ex mob, Sj 5, DU 20","LI 4, LI 11, ST 38, Ex mob, Sj 5, DU 20","LI 4, LI 11, ST 38, TE 5, GV 20","Ex mob","TARA:0859695, TARA:8923096, TARA:3182190, TARA:8393005, TARA:3386254","","","",""
"1088","A-112625-1088","S-112625-1088","O-112625-1088","https://doi.org/10.1177/1545968304271568","Effects of Acupuncture Treatment on Poststroke Motor Recovery and Physical Function: A Pilot Study","Du 20, Du 19, Du 21, UB 7, GB 20, Du14, Ren 6, Ren12, St 25, LI 15, LI 11, SJ 5, LI 4, Lu 7, GB 31, St 36, GB 34, Sp 6, St 40, St 41, Liv 3, Ba Feng, Ren 23, Ht 5, St 4, SI 18, St 6, UB 6, Gb 37","Du 20, Du 19, Du 21, UB 7, GB 20, Du14, Ren 6, Ren12, St 25, LI 15, LI 11, SJ 5, LI 4, Lu 7, GB 31, St 36, GB 34, Sp 6, St 40, St 41, Liv 3, Ba Feng, Ren 23, Ht 5, St 4, SI 18, St 6, UB 6, Gb 37","GV 20, GV 19, GV 21, BL 7, GB 20, GV 14, CV 6, CV 12, ST 25, LI 15, LI 11, TE 5, LI 4, LU 7, GB 31, ST 36, GB 34, SP 6, ST 40, ST 41, LR 3, Bafeng, CV 23, HT 5, ST 4, SI 18, ST 6, BL 6, GB 37","","TARA:3386254, TARA:5455543, TARA:4510130, TARA:9927492, TARA:2324295, TARA:8452754, TARA:8833337, TARA:0434959, TARA:5717468, TARA:7829474, TARA:8923096, TARA:8393005, TARA:0859695, TARA:3515622, TARA:5264783, TARA:6463344, TARA:8758950, TARA:4385250, TARA:9531666, TARA:6019290, TARA:6499349, TARA:6659923, TARA:5804897, TARA:1282828, TARA:1429314, TARA:0287877, TARA:7834226, TARA:1565977, TARA:6320058","","","",""
"862","A-112625-862","S-112625-862","O-112625-862","https://pubmed.ncbi.nlm.nih.gov/15921471.0/","Effects of Acupuncture Versus Ultrasound in Patients With Impingement Syndrome: Randomized Clinical Trial","LI 4, LI 14, LI 15, LU 1, TE 14","LI 4, LI 14, LI 15, LU 1, TE 14","LI 4, LI 14, LI 15, LU 1, TE 14","","TARA:0859695, TARA:3744150, TARA:7829474, TARA:0913913, TARA:5894876","","","",""
"1192","A-112625-1192","S-112625-1192","O-112625-1192","https://doi.org/10.1080/13697130601165059","Effects of acupuncture, applied relaxation, estrogens and placebo on hot flushes in postmenopausal women: an analysis of two prospective, parallel, randomized studies","BL 23, BL 32","BL 23, BL 32","BL 23, BL 32","","TARA:0992296, TARA:6742407","","","",""
"545","A-112625-545","S-112625-545","O-112625-545","https://doi.org/10.1054/math.2000.0357","Effects of acupuncture, cervical manipulation and NSAID therapy on dizziness and impaired head repositioning of suspected cervical origin: a pilot study","Not specified","Not specified","","","","","","",""
"1730","A-112625-1730","S-112625-1730","O-112625-1730","https://doi.org/10.1186/1472-6882-13-308","Effects of an integrative treatment, therapeutic acupuncture and conventional treatment in alleviating psychological distress in primary care patients -a pragmatic randomized controlled trial","Gv 20, Cv 6, Pc 6, Ht 7, Co 4, Lr 3, Sp 6, St 36","Gv 20, Cv 6, Pc 6, Ht 7, Co 4, Lr 3, Sp 6, St 36","GV 20, CV 6, PC 6, HT 7, LI 4, LR 3, SP 6, ST 36","","TARA:3386254, TARA:8833337, TARA:4311153, TARA:2442762, TARA:0859695, TARA:6499349, TARA:4385250, TARA:6463344","","","",""
"368","A-112625-368","S-112625-368","O-112625-368","https://doi.org/10.1089/acm.2006.12.813","Effects of Contralateral Electroacupuncture on Brain Function: A Double-Blind, Randomized, Pilot Clinical Trial","ST 36","ST 36","ST 36","","TARA:6463344","","","",""
"1733","A-112625-1733","S-112625-1733","O-112625-1733","https://doi.org/10.1016/j.math.2016.07.009","Effects of dry needling to the symptomatic versus control shoulder in patients with unilateral subacromial pain syndrome *","Not specified","Not specified","","","","","","",""
"1183","A-112625-1183","S-112625-1183","O-112625-1183","https://doi.org/10.1016/j.jcm.2008.07.003","Effects of electrical stimulation of acupuncture points on blood pressure","LI 4, LI 11","LI 4, LI 11","LI 4, LI 11","","TARA:0859695, TARA:8923096","","","",""
"407","A-112625-407","S-112625-407","O-112625-407","https://doi.org/10.1007/s00404-014-3427-x","Effects of electro-acupuncture on labor pain management","EX-B 2, SP 6","EX-B 2, SP 6","Huatuojiaji, SP 6","","TARA:3734471, TARA:4385250","","","",""
"500","A-112625-500","S-112625-500","O-112625-500","https://doi.org/10.1007/s11655-013-1594-4","Effects of Electro-Acupuncture on Personality Traits in Depression: A Randomized Controlled Study","DU 20, EX-HN 3, EX-HN 1, PC 6, HT 7, SP 6","DU 20, EX-HN 3, EX-HN 1, PC 6, HT 7, SP 6","GV 20, Yintang, Sishencong, PC 6, HT 7, SP 6","","TARA:3386254, TARA:3135569, TARA:9610280, TARA:4311153, TARA:2442762, TARA:4385250","","","",""
"1194","A-112625-1194","S-112625-1194","O-112625-1194","https://doi.org/10.1016/s0965229902000547","Effects of electro-acupuncture on psychological distress in postmenopausal women","BL 15, BL 23, BL 32, SP 6, SP 9, LR 3, HT 3, PC 6, GV 20","BL 15, BL 23, BL 32, SP 6, SP 9, LR 3, HT 3, PC 6, GV 20","BL 15, BL 23, BL 32, SP 6, SP 9, LR 3, HT 3, PC 6, GV 20","","TARA:5797983, TARA:0992296, TARA:6742407, TARA:4385250, TARA:3553465, TARA:6499349, TARA:2385378, TARA:4311153, TARA:3386254","","","",""
"457","A-112625-457","S-112625-457","O-112625-457","https://doi.org/10.1016/j.jad.2006.07.012","Effects of electroacupuncture and fluoxetine on the density of GTP-binding-proteins in platelet membrane in patients with major depressive disorder","Yintang, Baihui","Yintang, Baihui","Yintang, GV 20","","TARA:3135569, TARA:3386254","","","",""
"711","A-112625-711","S-112625-711","O-112625-711","https://doi.org/10.1038/sj.ijo.0802997","Effects of electroacupuncture in reducing weight and waist circumference in obese women: a randomized crossover trial","REN 6, REN 9, ST 28, K 14, ST 26, ST 40, SP 6","REN 6, REN 9, ST 28, K 14, ST 26, ST 40, SP 6","CV 6, CV 9, ST 28, KI 14, ST 26, ST 40, SP 6","","TARA:8833337, TARA:4534524, TARA:5017471, TARA:7443484, TARA:8646804, TARA:9531666, TARA:4385250","","","",""
"1728","A-112625-1728","S-112625-1728","O-112625-1728","https://doi.org/10.1089/acm.2011.0637","Effects of Electroacupuncture on Depression and the Production of Glial Cell Line-Derived Neurotrophic Factor Compared with Fluoxetine: A Randomized Controlled Pilot Study","DU 20, ST 36, LR 3, SP 6, PC 6, HT 7","DU 20, ST 36, LR 3, SP 6, PC 6, HT 7","GV 20, ST 36, LR 3, SP 6, PC 6, HT 7","","TARA:3386254, TARA:6463344, TARA:6499349, TARA:4385250, TARA:4311153, TARA:2442762","","","",""
"1106","A-112625-1106","S-112625-1106","O-112625-1106","https://doi.org/10.1136/aim.20.2-3.56","Effects of Electroacupuncture on Intraoperative and Postoperative Analgesic Requirement","Not specified","Not specified","","","","","","",""
"1756","A-112625-1756","S-112625-1756","O-112625-1756","https://doi.org/10.1136/acupmed-2011-010082","Effects of electroacupuncture on stress-related symptoms in medical students: a randomised controlled pilot study","ST 36, PC 6, GB 14, Shenmen, GV 20, Shishencong points","ST 36, PC 6, GB 14, Ear Shenmen, GV 20, Shishencong points","ST 36, PC 6, GB 14, GV 20","Ear Shenmen, Shishencong points","TARA:6463344, TARA:4311153, TARA:9987270, TARA:3386254","","added ""ear""","",""
"1731","A-112625-1731","S-112625-1731","O-112625-1731","https://doi.org/10.1136/acupmed-2013-010408","Effects of electroacupuncture on stress-related symptoms in medical students: a randomised placebo-controlled study","ST 36, PC 6, GB 14, Shenmen, Heart point, GV 20, Sishencong points","ST 36, PC 6, GB 14, Ear Shenmen, Heart point, GV 20, Sishencong points","ST 36, PC 6, GB 14, GV 20","Ear Shenmen, Heart point, Sishencong points","TARA:6463344, TARA:4311153, TARA:9987270, TARA:3386254","","added ""ear""; looks like duplicate to the one before","",""
"391","A-112625-391","S-112625-391","O-112625-391","https://doi.org/10.1016/j.pain.2006.01.012","Effects of intensity of electroacupuncture upon experimental pain in healthy human volunteers: A randomized, double-blind, placebo-controlled study","LI 10, TH 5, GB 34, ST 38","LI 10, TH 5, GB 34, ST 38","LI 10, TE 5, GB 34, ST 38","","TARA:0742938, TARA:8393005, TARA:8758950, TARA:3182190","","","",""
"304","A-112625-304","S-112625-304","O-112625-304","https://doi.org/10.1371/journal.pone.0099538","Effects of Long-Term Acupuncture Treatment on Resting-State Brain Activity in Migraine Patients: A Randomized Controlled Trial on Active Acupoints and Inactive Acupoints","SJ 5, GB 20, GB 34, GB 40, SJ 22, PC 7, GB 37, SP 3","SJ 5, GB 20, GB 34, GB 40, SJ 22, PC 7, GB 37, SP 3","TE 5, GB 20, GB 34, GB 40, TE 22, PC 7, GB 37, SP 3","","TARA:8393005, TARA:2324295, TARA:8758950, TARA:9254368, TARA:1763744, TARA:9020892, TARA:6320058, TARA:3003448","","","",""
"1172","A-112625-1172","S-112625-1172","O-112625-1172","https://pubmed.ncbi.nlm.nih.gov/14719303.0/","Effects of Magnetic Needle Acupuncture on Blood Pressure and Plasma ET 1 Level in the Patient of Hypertension","LI 11, ST 40, LR 3, KI 1, HT 7, GB 20, ST 36","LI 11, ST 40, LR 3, KI 1, HT 7, GB 20, ST 36","LI 11, ST 40, LR 3, KI 1, HT 7, GB 20, ST 36","","TARA:8923096, TARA:9531666, TARA:6499349, TARA:4512048, TARA:2442762, TARA:2324295, TARA:6463344","","","",""
"1420","A-112625-1420","S-112625-1420","O-112625-1420","https://doi.org/10.1136/aim.26.3.171","Effects of minimal acupuncture in children with infantile colica prospective, quasi-rando mised single blind controlled trial","LI 4","LI 4","LI 4","","TARA:0859695","","","",""
"153","A-112625-153","S-112625-153","O-112625-153","https://doi.org/10.1016/j.pain.2013.03.013","Effects of motion style acupuncture treatment in acute low back pain patients with severe disability: A multicenter, randomized, controlled, comparative effectiveness trial","GV 16, LR 2, LI 11","GV 16, LR 2, LI 11","GV 16, LR 2, LI 11","","TARA:3361967, TARA:6862058, TARA:8923096","","","",""
"670","A-112625-670","S-112625-670","O-112625-670","https://doi.org/10.1089/acm.2014.0199","Effects of Music in Combination with Vibration in Acupuncture Points on the Treatment of Fibromyalgia","IG 4, F 3, Yintang, Ren 15, Ren 4","IG 4, F 3, Yintang, Ren 15, Ren 4","Yintang, CV 15, CV 4","IG 4, F 3","TARA:3135569, TARA:7624267, TARA:9921528","","","",""
"1406","A-112625-1406","S-112625-1406","O-112625-1406","https://doi.org/10.2340/165019771997243250","Effects of Repeated Sensory Stimulation Sessions (Electro Acupuncture) on Skin Temperature in Chronic Pain Patients","Not specified","Not specified","","","","","","",""
"405","A-112625-405","S-112625-405","O-112625-405","https://doi.org/10.1016/j.ctim.2010.09.001","Effects of Sanyinjiao (SP6) with electroacupuncture on labour pain in women during labour","SP 6, LI 4","SP 6, LI 4","SP 6, LI 4","","TARA:4385250, TARA:0859695","","","",""
"378","A-112625-378","S-112625-378","O-112625-378","https://doi.org/10.1186/1749-8546-3-14","Effects of tender point acupuncture on delayed onset muscle soreness (DOMS) -a pragmatic trial","Not specified","Not specified","","","","","","",""
"1270","A-112625-1270","S-112625-1270","O-112625-1270","https://pubmed.ncbi.nlm.nih.gov/16334720.0/","Effects of the Combined Therapy of Acupuncture with Herbal Drugs on Male Immune Infertility A Clinical Report of 50 Cases","BL 18, BL 23, LR 3, KI 3, BL 15, BL 17, HT 7, SP 10","BL 18, BL 23, LR 3, KI 3, BL 15, BL 17, HT 7, SP 10","BL 18, BL 23, LR 3, KI 3, BL 15, BL 17, HT 7, SP 10","","TARA:9655874, TARA:0992296, TARA:6499349, TARA:4362146, TARA:5797983, TARA:1124682, TARA:2442762, TARA:8433932","","","",""
"1547","A-112625-1547","S-112625-1547","O-112625-1547","https://pubmed.ncbi.nlm.nih.gov/16447664.0/","Effects of the Lifting Manipulation of Scalp Acupuncture for Raising Myodynamia of the Affected Limbs in Hemiplegic Patients Due to Cerebral Thrombosis","GB 6","GB 6","GB 6","","TARA:0316650","","","",""
"193","A-112625-193","S-112625-193","O-112625-193","https://doi.org/10.3109/13697137.2014.937687","Effects of Traditional Chinese Medicine on symptom clusters during the menopausal transition","UB 23, R 4, HT 6, Sp 6, KI 7, Ki3, St 36, Li 4, Pc 6, Ht 7, Ht 8, CV 4, Ki 3, LR 3, CV 3, EX-HN3","UB 23, R 4, HT 6, Sp 6, KI 7, Ki3, St 36, Li 4, Pc 6, Ht 7, Ht 8, CV 4, Ki 3, LR 3, CV 3, EX-HN3","BL 23, HT 6, SP 6, KI 7, KI 3, ST 36, LI 4, PC 6, HT 7, HT 8, CV 4, KI 3, LR 3, CV 3, Yintang","R 4","TARA:0992296, TARA:6421594, TARA:4385250, TARA:9881298, TARA:4362146, TARA:6463344, TARA:0859695, TARA:4311153, TARA:2442762, TARA:6707910, TARA:9921528, TARA:4362146, TARA:6499349, TARA:0022762, TARA:3135569","","","",""
"641","A-112625-641","S-112625-641","O-112625-641","https://doi.org/10.1089/acm.2016.0111","Effects of Transcutaneous Electrical Acupoint Stimulation on Motor Functions and Self-Care Ability in Children with Cerebral Palsy","LI 10, SJ 5","LI 10, SJ 5","LI 10, TE 5","","TARA:0742938, TARA:8393005","","","",""
"1851","A-112625-1851","S-112625-1851","O-112625-1851","https://doi.org/10.1089/acm.2014.0284","Effects of Transcutaneous Electrical Acupoint Stimulation on Patients with Stable Chronic Obstructive Pulmonary Disease: A Prospective, Single-Blind, Randomized, Placebo-Controlled Study","EX-B-1, BL-13, BL-23, ST-36","EX-B-1, BL-13, BL-23, ST-36","Dingchuan, BL 13, BL 23, ST 36","","TARA:8009041, TARA:6050541, TARA:0992296, TARA:6463344","","","",""
"934","A-112625-934","S-112625-934","O-112625-934","https://doi.org/10.1016/j.jams.2012.01.013","Effects of Trigger Point Acupuncture Treatment on Temporomandibular Disorders: A Preliminary Randomized Clinical Trial","Not specified","Not specified","","","","","","",""
"1168","A-112625-1168","S-112625-1168","O-112625-1168","uri not found","Effects of Various Stimulation Methods on Bone Mineral Density in Patients with Primary Osteoporosis","ST 36, CV 4, BL 20, BL 23, KI 3, SP 6","ST 36, CV 4, BL 20, BL 23, KI 3, SP 6","ST 36, CV 4, BL 20, BL 23, KI 3, SP 6","","TARA:6463344, TARA:9921528, TARA:3283628, TARA:0992296, TARA:4362146, TARA:4385250","","","",""
"530","A-112625-530","S-112625-530","O-112625-530","https://doi.org/10.1016/J.PAIN.2006.07.002","Efficacy and safety of acupuncture for chronic uncomplicated neck pain: A randomised controlled study q","GB 20, GB 21, LR 3, LI 4, GB 34, BL 10, GV 14, SI 3, BL 62, GB 39, GV 20, SP 6","GB 20, GB 21, LR 3, LI 4, GB 34, BL 10, GV 14, SI 3, BL 62, GB 39, GV 20, SP 6","GB 20, GB 21, LR 3, LI 4, GB 34, BL 10, GV 14, SI 3, BL 62, GB 39, GV 20, SP 6","","TARA:2324295, TARA:5389461, TARA:6499349, TARA:0859695, TARA:8758950, TARA:0242146, TARA:8452754, TARA:0220496, TARA:1628341, TARA:3770332, TARA:3386254, TARA:4385250","","","",""
"627","A-112625-627","S-112625-627","O-112625-627","https://doi.org/10.1089/acm.2007.0011","Efficacy and Safety of Acupuncture for Idiopathic Parkinson's Disease: A Systematic Review","GB 20, DU 16, EX HN1, BL 9, BL 10, DU 17, DU 21, GB 5, GB 6, GB 19, GB 34, LI 4, MS 6","","","","","","","",""
"503","A-112625-503","S-112625-503","O-112625-503","https://doi.org/10.1038/pr.2015.91","Efficacy and safety of acupuncture in children: an overview of systematic reviews","Not specified","Not specified","","","","","","",""
"204","A-112625-204","S-112625-204","O-112625-204","https://pubmed.ncbi.nlm.nih.gov/15498373.0/","Efficacy of acupuncture and moxibustion in treating Bell' s palsy : a multicenter randomized controlled trial in China","ST 4, ST 6, LI 4, GB 14, ST 7, SJ 17","ST 4, ST 6, LI 4, GB 14, ST 7, SJ 17","ST 4, ST 6, LI 4, GB 14, ST 7, TE 17","","TARA:1429314, TARA:7834226, TARA:0859695, TARA:9987270, TARA:2990862, TARA:6615149","","","",""
"1735","A-112625-1735","S-112625-1735","O-112625-1735","https://doi.org/10.1089/acm.2008.0272","Efficacy of Acupuncture as a Treatment for Chronic Shoulder Pain","Not specified","Not specified","","","","","","",""
"208","A-112625-208","S-112625-208","O-112625-208","https://doi.org/10.1001/archotol.126.4.489","Efficacy of Acupuncture as a Treatment for Tinnitus A Systematic Review","Not specified","Not specified","","","","","","",""
"1727","A-112625-1727","S-112625-1727","O-112625-1727","https://doi.org/10.1111/j.1526-4637.2012.01376.x","Efficacy of Acupuncture for Acute Migraine Attack: A Multicenter Single Blinded, Randomized Controlled Trialp me_1376 623..630","DU 20, DU 24, ST 8, GB 8, GB 20, SJ 5, GB 34, LI 4, ST 44, BL 60, SI 3, LR 3, GB 40, PC 6","DU 20, DU 24, ST 8, GB 8, GB 20, SJ 5, GB 34, LI 4, ST 44, BL 60, SI 3, LR 3, GB 40, PC 6","GV 20, GV 24, ST 8, GB 8, GB 20, TE 5, GB 34, LI 4, ST 44, BL 60, SI 3, LR 3, GB 40, PC 6","","TARA:3386254, TARA:7679931, TARA:9946635, TARA:5363236, TARA:2324295, TARA:8393005, TARA:8758950, TARA:0859695, TARA:8440155, TARA:5047947, TARA:0220496, TARA:6499349, TARA:9254368, TARA:4311153","","","",""
"203","A-112625-203","S-112625-203","O-112625-203","https://doi.org/10.1371/journal.pone.0121880","Efficacy of Acupuncture for Bell's Palsy: A Systematic Review and Meta-Analysis of Randomized Controlled Trials","Not specified","Not specified","","","","","","",""
"240","A-112625-240","S-112625-240","O-112625-240","https://doi.org/10.1142/S0192415X13500493","Efficacy of Acupuncture for Chronic Constipation: A Systematic Review","DU 20, EX-HN 1, BL 23, ST 25, SP 15, RN 12, RN 6, RN 4, ST 37, BL 32, BL 34, BL 25, BL 13, BL 20, BL 18, BL 22, ST 36, LI 4, SJ 6, GB 19, SP 6, LR 3","","","","","","","",""
"991","A-112625-991","S-112625-991","O-112625-991","https://doi.org/10.1186/1477-7517-2-4","Efficacy of acupuncture for cocaine dependence: a systematic
review & meta-analysis","Not specified","Not specified","","","","","","",""
"332","A-112625-332","S-112625-332","O-112625-332","https://doi.org/10.1016/j.pain.2011.04.006","Efficacy of acupuncture for migraine prophylaxis: A single-blinded, double-dummy, randomized controlled trial","DU 20, DU 24, GB 13, GB 8, GB 20, SJ 5, GB 34, LI 4, ST 44, BL 60, SI 3, LR 3, GB 40, PC 6","DU 20, DU 24, GB 13, GB 8, GB 20, SJ 5, GB 34, LI 4, ST 44, BL 60, SI 3, LR 3, GB 40, PC 6","GV 20, GV 24, GB 13, GB 8, GB 20, TE 5, GB 34, LI 4, ST 44, BL 60, SI 3, LR 3, GB 40, PC 6","","TARA:3386254, TARA:7679931, TARA:4994509, TARA:5363236, TARA:2324295, TARA:8393005, TARA:8758950, TARA:0859695, TARA:8440155, TARA:5047947, TARA:0220496, TARA:6499349, TARA:9254368, TARA:4311153","","","",""
"1748","A-112625-1748","S-112625-1748","O-112625-1748","https://doi.org/10.1155/2014/313549","Efficacy of Acupuncture for Psychological Symptoms Associated with Opioid Addiction: A Systematic Review and Meta-Analysis","Neiguan PC 6, Zusanli ST 36, Sanyinjiao SP 6, Shenmen HT 7, Sympathetic, Shenmen, Kidney, Lung, Liver","","","","","","review paper","",""
"1284","A-112625-1284","S-112625-1284","O-112625-1284","https://doi.org/10.1016/S1474-4422(06)70382-9","Efficacy of acupuncture for the prophylaxis of migraine: a multicentre randomised controlled clinical trial","Not specified","Not specified","","","","","","",""
"625","A-112625-625","S-112625-625","O-112625-625","https://doi.org/10.2174/1874312900903010025","Efficacy of Acupuncture for the Treatment of Fibromyalgia: Systematic Review and Meta-Analysis of Randomized Trials","Not specified","Not specified","","","","","","",""
"851","A-112625-851","S-112625-851","O-112625-851","https://doi.org/10.1183/09031936.02.00078702","Efficacy of acupuncture in asthma: systematic review and metaanalysis of published data from 11 randomised controlled trials","Not specified","Not specified","","","","","","",""
"821","A-112625-821","S-112625-821","O-112625-821","https://doi.org/10.1186/s13052-015-0155-1","Efficacy of acupuncture in children with asthma: a systematic review","LIV 2, LU 7, REN 17, REN 22, LI 4, PC 6, SP 6, SP 10, ST 36, ST 40, K 3, K 7, DU 14, DU 20, Dingchuan, BL 13, CV 17, LU 7, Lung 1, Lung 5, Lung 7, Lung 9, Lung 11, LI 4, LI 6, LI 19, LI 20, BL 13, BL 17, BL 18, BL 20, BL 21, BL 23, ST 13, ST 25, ST 36, ST 40, ST 44, SP 3, SP 6, SP 9, SP 10, HT 3, HT 5, HT 7, SI 3, KID 3, KID 6, KID 8, KID 27, PC 6,TH 5, TH 15,GB 3, GB 34, GB 40, GB 41, LIV 2, LIV 3, LIV 8, LIV 13,Yintang, Dingchuan, CV 4, CV 6, CV 9, CV 17, CV 21, GV 4, GV 13, EX-HN 1, LU 5, LU 7, UB 13, UB 17, CV 17, Dingchuan (EX-HN 17), L6, K3,Auricular lung point","","","","","","","",""
"618","A-112625-618","S-112625-618","O-112625-618","https://doi.org/10.1093/rheumatology/kep439","Efficacy of acupuncture in fibromyalgia syndrome-a systematic review with a meta-analysis of controlled clinical trials","Not specified","Not specified","","","","","","",""
"679","A-112625-679","S-112625-679","O-112625-679","https://doi.org/10.1155/2015/208690","Efficacy of Acupuncture in Itch: A Systematic Review and Meta-Analysis of Clinical Randomized Controlled Trials","LI 11","","","","","","","",""
"440","A-112625-440","S-112625-440","O-112625-440","https://doi.org/10.1016/j.ctim.2009.12.001","Efficacy of acupuncture in management of premenstrual syndrome: A systematic review","SP 6, CV 6","","","","","","","",""
"1779","A-112625-1779","S-112625-1779","O-112625-1779","https://doi.org/10.1111/j.1540-8167.2010.01878.x","Efficacy of Acupuncture in Preventing Atrial Fibrillation Recurrences After Electrical Cardioversion","PC 6, HT 7, BL 15","PC 6, HT 7, BL 15","PC 6, HT 7, BL 15","","TARA:4311153, TARA:2442762, TARA:5797983","","","",""
"557","A-112625-557","S-112625-557","O-112625-557","https://doi.org/10.1016/j.ygyno.2014.10.025","Efficacy of acupuncture in prevention of delayed chemotherapy induced nausea and vomiting in gynecologic cancer patients","P 6, ST 36, ST 44, CV 12","P 6, ST 36, ST 44, CV 12","PC 6, ST 36, ST 44, CV 12","","TARA:4311153, TARA:6463344, TARA:8440155, TARA:0434959","","","",""
"1037","A-112625-1037","S-112625-1037","O-112625-1037","https://doi.org/10.1016/j.athoracsur.2009.04.106","Efficacy of Acupuncture in Prevention of Postoperative Nausea in Cardiac Surgery Patients","Not specified","Not specified","","","","","","",""
"474","A-112625-474","S-112625-474","O-112625-474","https://doi.org/10.1155/2014/850367","Efficacy of Acupuncture in Reducing Preoperative Anxiety: A Meta-Analysis","Yin-Tang, relaxation auricular point","Yin-Tang, relaxation auricular point","Yintang","relaxation auricular point","TARA:3135569","","","",""
"880","A-112625-880","S-112625-880","O-112625-880","https://doi.org/10.1111/ced.12732","Efficacy of acupuncture in the management of atopic dermatitis: a systematic review","LI 11","","","","","","","",""
"600","A-112625-600","S-112625-600","O-112625-600","https://doi.org/10.1016/S0254-6272(15)30037-6","Efficacy of acupuncture on fibromyalgia syndrome: a Meta-analysis","Not specified","Not specified","","","","","","",""
"1122","A-112625-1122","S-112625-1122","O-112625-1122","https://doi.org/10.1056/NEJM197508212930803","Efficacy of acupuncture on osteoarthritic pain: A controlled, double-blind study","Not specified","Not specified","","","","","","",""
"236","A-112625-236","S-112625-236","O-112625-236","https://doi.org/10.1016/j.ctim.2015.07.007","Efficacy of acupuncture treatment for functional dyspepsia: A systematic review and meta-analysis","CV 12, ST 25, PC 6, ST 36, LI 14, LR 3, SP 4","","","","","","","",""
"734","A-112625-734","S-112625-734","O-112625-734","https://doi.org/10.1016/j.jams.2013.10.003","Efficacy of Acupuncture versus Local Methylprednisolone Acetate Injection in De Quervain's Tenosynovitis: A Randomized Controlled Trial","LI 5, LU 7, LU 9, Ahshi points","LI 5, LU 7, LU 9, Ahshi points","LI 5, LU 7, LU 9","Ahshi points","TARA:5677319, TARA:3515622, TARA:8122277","","","",""
"1480","A-112625-1480","S-112625-1480","O-112625-1480","https://doi.org/10.1136/aim.2010.003004","Efficacy of ah shi point acupuncture on acne vulgaris","ST 2, ST 6, ST 36, L 120, LI 4, L 111, PC 6, HT 8, SPS, SP 6, SP 10, LR 3, GB 14, GV 23, GV 14, BL 12, BL 13, BL 40, KI 2, TES, GB 31, LR 2","ST 2, ST 6, ST 36, L 120, LI 4, L 111, PC 6, HT 8, SPS, SP 6, SP 10, LR 3, GB 14, GV 23, GV 14, BL 12, BL 13, BL 40, KI 2, TES, GB 31, LR 2","ST 2, ST 6, ST 36, LI 4, PC 6, HT 8, SP 6, SP 10, LR 3, GB 14, GV 23, GV 14, BL 12, BL 13, BL 40, KI 2, GB 31, LR 2","L 120, L 111, SPS, TES","TARA:6392753, TARA:7834226, TARA:6463344, TARA:0859695, TARA:4311153, TARA:6707910, TARA:4385250, TARA:8433932, TARA:6499349, TARA:9987270, TARA:7690229, TARA:8452754, TARA:5468609, TARA:6050541, TARA:5290080, TARA:3114756, TARA:5264783, TARA:6862058","","","",""
"772","A-112625-772","S-112625-772","O-112625-772","https://doi.org/10.1155/2014/934670","Efficacy of Auricular Therapy for Pain Management: A Systematic Review and Meta-Analysis","Shenmen, Subcortex, Kidney, Hip, Occipital, Lumbar-sacrum vertebra, Stomach, Cardia, Endocrine","","","","","","review paper","",""
"944","A-112625-944","S-112625-944","O-112625-944","https://doi.org/10.1016/s1079-2104(05)80121-0","Efficacy of Chinese acupuncture on postoperative oral surgery pain","LI 4, St 6, St 7, SJ 17","LI 4, St 6, St 7, SJ 17","LI 4, ST 6, ST 7, TE 17","","TARA:0859695, TARA:7834226, TARA:2990862, TARA:6615149","","","",""
"640","A-112625-640","S-112625-640","O-112625-640","https://doi.org/10.1089/acm.2016.0250","Efficacy of Combined Treatment with Acupuncture and Bee Venom Acupuncture as an Adjunctive Treatment for Parkinson's Disease","GB20, LI11, GB34, ST36, LR3","GB20, LI11, GB34, ST36, LR3","GB 20, LI 11, GB 34, ST 36, LR 3","","TARA:2324295, TARA:8923096, TARA:8758950, TARA:6463344, TARA:6499349","","","",""
"223","A-112625-223","S-112625-223","O-112625-223","https://doi.org/10.1142/S0192415X12500863","Efficacy of Electro-Acupuncture in Chronic Plantar Fasciitis: A Randomized Controlled Trial","Not specified","Not specified","","","","","","",""
"137","A-112625-137","S-112625-137","O-112625-137","https://doi.org/10.1016/0304-3959(86)90057-6","Efficacy of Electroacupuncture and TENS in the Rehabilitation of Chronic Low Back Pain Patients","LI 4","LI 4","LI 4","","TARA:0859695","","","",""
"1052","A-112625-1052","S-112625-1052","O-112625-1052","https://doi.org/10.1142/S0192415X13500651","Efficacy of Integrated Rehabilitation Techniques of Traditional Chinese Medicine for Ischemic Stroke: A Randomized Controlled Trial","LI 15, LI 11, LI 4, SP 10, GB 34, GB 30, GB 40, LR 3","LI 15, LI 11, LI 4, SP 10, GB 34, GB 30, GB 40, LR 3","LI 15, LI 11, LI 4, SP 10, GB 34, GB 30, GB 40, LR 3","","TARA:7829474, TARA:8923096, TARA:0859695, TARA:8433932, TARA:8758950, TARA:9378285, TARA:9254368, TARA:6499349","","","",""
"160","A-112625-160","S-112625-160","O-112625-160","https://doi.org/10.1034/j.1600-0579.2003.00202.x","Efficacy of Percutaneous Electrical Nerve Stimulation for the Treatment of Chronic Low Back Pain in Older Adults","Not specified","Not specified","","","","","","",""
"74","A-112625-74","S-112625-74","O-112625-74","https://doi.org/10.1111/j.1532-5415.2007.01314.x","Efficacy of Periosteal Stimulation Therapy for the Treatment of Osteoarthritis-Associated Chronic Knee Pain: An Initial Controlled Clinical Trial","Not specified","Not specified","","","","","","",""
"249","A-112625-249","S-112625-249","O-112625-249","https://doi.org/10.1089/acm.2008.0373","Efficacy of Traditional Chinese Medicine for the Management of Constipation: A Systematic Review","ST 25, KI 18, KI 16, KI 15, KI 8, KI 4, KI 3, KI 1","","","","","","","",""
"1770","A-112625-1770","S-112625-1770","O-112625-1770","https://doi.org/10.1089/acm.2013.0120","Efficacy of Yamamoto New Scalp Acupuncture Versus Traditional Chinese Acupuncture for Migraine Treatment","LI 4, ST 8, ST 36, BL 2, GB 14, TB 5, GB 8, tai yang, SI 3, BL 10, BL 60, GB 20, LIV 3, KID 1, DU 20, si shen cong, LU 7, SP 6, LIV 2, ST 36, REN 6, M 1, M 2, M 3, Y psilon","LI 4, ST 8, ST 36, BL 2, GB 14, TB 5, GB 8, tai yang, SI 3, BL 10, BL 60, GB 20, LIV 3, KID 1, DU 20, si shen cong, LU 7, SP 6, LIV 2, ST 36, REN 6, M 1, M 2, M 3, Y psilon","LI 4, ST 8, ST 36, BL 2, GB 14, TE 5, GB 8, Taiyang, SI 3, BL 10, BL 60, GB 20, LR 3, KI 1, GV 20, Sishencong, LU 7, SP 6, LR 2, ST 36, CV 6","M 1, M 2, M 3, Y psilon","TARA:0859695, TARA:9946635, TARA:6463344, TARA:8104948, TARA:9987270, TARA:8393005, TARA:5363236, TARA:9534465, TARA:0220496, TARA:0242146, TARA:5047947, TARA:2324295, TARA:6499349, TARA:4512048, TARA:3386254, TARA:9610280, TARA:3515622, TARA:4385250, TARA:6862058, TARA:6463344, TARA:8833337","","","",""
"1366","A-112625-1366","S-112625-1366","O-112625-1366","uri not found","Efficiency of Acupuncture in Patients with Fibromyalgia","Not specified","Not specified","","","","","","",""
"1781","A-112625-1781","S-112625-1781","O-112625-1781","https://doi.org/10.1142/S0192415X10008159","Electrical Acupoint Stimulation Changes Body Composition and the Meridian Systems in Postmenopausal Women with Obesity","ST 36, SP 6","ST 36, SP 6","ST 36, SP 6","","TARA:6463344, TARA:4385250","","","",""
"1780","A-112625-1780","S-112625-1780","O-112625-1780","https://doi.org/10.1177/0269215513494875","Electrical acupoint stimulation of the affected arm in acute stroke: a placebo-controlled randomized clinical trial","GB 20, LI 15, LI 11, LI 10, LI 4","GB 20, LI 15, LI 11, LI 10, LI 4","GB 20, LI 15, LI 11, LI 10, LI 4","","TARA:2324295, TARA:7829474, TARA:8923096, TARA:0742938, TARA:0859695","","","",""
"2","A-112625-2","S-112625-2","O-112625-2","https://doi.org/10.4103/2277-9175.133206","Electrical stimulation of acupuncture points for analgesia during bone marrow aspiration and biopsy: A randomized double-blind placebo-controlled trial","LI 4, LI 11","LI 4, LI 11","LI 4, LI 11","","TARA:0859695, TARA:8923096","","","",""
"544","A-112625-544","S-112625-544","O-112625-544","https://doi.org/10.1213/01.ANE.0000082246.67897.0B","Electrical Stimulation of Auricular Acupuncture Points Is More Effective Than Conventional Manual Auricular Acupuncture in Chronic Cervical Pain: A Pilot Study","Cervical spine, Shen men, Cushion","Cervical spine, Shen men, Cushion","HT 7","Cervical spine, Cushion","TARA:2442762","","","",""
"797","A-112625-797","S-112625-797","O-112625-797","https://doi.org/10.1093/humrep/deg277","Electro acupuncture as a peroperative analgesic method and its effects on implantation rate and neuropeptide Y concentrations in follicular ¯uid","ST 36, GV 20, ST 29, TE 5, LI 4","ST 36, GV 20, ST 29, TE 5, LI 4","ST 36, GV 20, ST 29, TE 5, LI 4","","TARA:6463344, TARA:3386254, TARA:5873796, TARA:8393005, TARA:0859695","","","",""
"1486","A-112625-1486","S-112625-1486","O-112625-1486","uri not found","Electro Acupuncture in Treating 45 Patients with Sleep Disorders of Depression","GV 20, EX HN 3, PC 6, HT 7, SP 6, ST 36, LR 3, SP 9, BL 15, K 13","GV 20, EX HN 3, PC 6, HT 7, SP 6, ST 36, LR 3, SP 9, BL 15, K 13","GV 20, Yintang, PC 6, HT 7, SP 6, ST 36, LR 3, SP 9, BL 15, KI 13","","TARA:3386254, TARA:3135569, TARA:4311153, TARA:2442762, TARA:4385250, TARA:6463344, TARA:6499349, TARA:3553465, TARA:5797983, TARA:5358142","","","",""
"1000","A-112625-1000","S-112625-1000","O-112625-1000","https://pubmed.ncbi.nlm.nih.gov/15889513.0/","Electro acupuncture Treatment for the Upper Segment Ureterolithiasis Under B Ultrasonography","BL 23, GV 4, KI 6, BL 60, ST 28, SP 6","BL 23, GV 4, KI 6, BL 60, ST 28, SP 6","BL 23, GV 4, KI 6, BL 60, ST 28, SP 6","","TARA:0992296, TARA:8557069, TARA:2108622, TARA:5047947, TARA:5017471, TARA:4385250","","","",""
"1031","A-112625-1031","S-112625-1031","O-112625-1031","https://doi.org/10.1111/j.1365-2044.1990.tb14744.x","Electro-acupuncture and postoperative emesis","P 6","P 6","PC 6","","TARA:4311153","","","",""
"371","A-112625-371","S-112625-371","O-112625-371","https://doi.org/10.1097/00000539-200207000-00017","Electro-Acupuncture at the Zusanli, Yanglingquan, and Kunlun Points Does Not Reduce Anesthetic Requirement","Zusanli, Yanglingquan, Kunlun","Zusanli, Yanglingquan, Kunlun","ST 36, GB 34, BL 60","","TARA:6463344, TARA:8758950, TARA:5047947","","","",""
"9","A-112625-9","S-112625-9","O-112625-9","https://doi.org/10.1142/S0192415X14500682","Electro-Acupuncture Decreases Postoperative Pain and Improves Recovery in Patients Undergoing a Supratentorial Craniotomy","LI 4, SJ 5, BL 63, LR 3, ST 36, GB 40","LI 4, SJ 5, BL 63, LR 3, ST 36, GB 40","LI 4, TE 5, BL 63, LR 3, ST 36, GB 40","","TARA:0859695, TARA:8393005, TARA:8435800, TARA:6499349, TARA:6463344, TARA:9254368","","","",""
"406","A-112625-406","S-112625-406","O-112625-406","https://doi.org/10.1093/ecam/nel053","Electro-Acupuncture in Relieving Labor Pain","LI 4, SP 6","LI 4, SP 6","LI 4, SP 6","","TARA:0859695, TARA:4385250","","","",""
"1335","A-112625-1335","S-112625-1335","O-112625-1335","uri not found","Electro-Acupuncture of Paravertebral Points in Treating Cervical Spondylosis","Ashi, GB 21, SI 11, SJ 14, LI 11, SJ 5, LI 4, BL 23, BL 18","Ashi, GB 21, SI 11, SJ 14, LI 11, SJ 5, LI 4, BL 23, BL 18","GB 21, SI 11, TE 14, LI 11, TE 5, LI 4, BL 23, BL 18","Ashi","TARA:5389461, TARA:4122792, TARA:5894876, TARA:8923096, TARA:8393005, TARA:0859695, TARA:0992296, TARA:9655874","","","",""
"1161","A-112625-1161","S-112625-1161","O-112625-1161","uri not found","Electro-Acupuncture of Paravertebral Points in Treating L3 Transverse Process Syndrome","L, paravertebral acupoints, L, paravertebral acupoints, BL 23, BL 40, L, tender point","L, paravertebral acupoints, L, paravertebral acupoints, BL 23, BL 40, L, tender point","BL 23, BL 40","L, paravertebral acupoints, L, paravertebral acupoints, L, tender point","TARA:0992296, TARA:5290080","","","",""
"1751","A-112625-1751","S-112625-1751","O-112625-1751","https://doi.org/10.1016/j.jams.2011.11.001","Electro-acupuncture Stimulation at Acupoints Reduced the Severity of Hypotension During Anesthesia in Patients Undergoing Liver Transplantation *","PC 5, PC 6","PC 5, PC 6","PC 5, PC 6","","TARA:6477399, TARA:4311153","","","",""
"250","A-112625-250","S-112625-250","O-112625-250","https://doi.org/10.3748/wjg.v16.i1.104","Electro-acupuncture to prevent prolonged postoperative ileus: A randomized clinical trial","SJ 6, GB 34, ST 36, ST 37","SJ 6, GB 34, ST 36, ST 37","TE 6, GB 34, ST 36, ST 37","","TARA:7510801, TARA:8758950, TARA:6463344, TARA:5918799","","","",""
"809","A-112625-809","S-112625-809","O-112625-809","https://doi.org/10.1093/humrep/deh665","Electro-acupuncture versus conventional analgesia: a comparison of pain levels during oocyte aspiration and patients' experiences of well-being after surgery","KI 11, ST 29, LI 10, LI 4, ST 36, GV 20","KI 11, ST 29, LI 10, LI 4, ST 36, GV 20","KI 11, ST 29, LI 10, LI 4, ST 36, GV 20","","TARA:9609679, TARA:5873796, TARA:0742938, TARA:0859695, TARA:6463344, TARA:3386254","","","",""
"477","A-112625-477","S-112625-477","O-112625-477","https://doi.org/10.1177/0269215508096172","Electro-acupuncture versus sham electro-acupuncture for auditory hallucinations in patients with schizophrenia: a randomized controlled trial","SI 19, GB 2, TE 17, PC 7, PC 6, SP 6","SI 19, GB 2, TE 17, PC 7, PC 6, SP 6","SI 19, GB 2, TE 17, PC 7, PC 6, SP 6","","TARA:1772472, TARA:2849795, TARA:6615149, TARA:9020892, TARA:4311153, TARA:4385250","","","",""
"1320","A-112625-1320","S-112625-1320","O-112625-1320","https://doi.org/10.1016/j.jad.2006.07.012","Electro-acupuncture vs. amitriptyline in the treatment of depressive states","Not specified","Not specified","","","","","","",""
"1884","A-112625-1884","S-112625-1884","O-112625-1884","https://doi.org/10.1136/acupmed-2012-010254","Electroacupuncture alleviates intraoperative immunosuppression in patients undergoing supratentorial craniotomy","LI 4, TE 5, BL 63, LR 3, ST 36, GB 40, BL 10, GB 20, BL 2, EX-HN 4","LI 4, TE 5, BL 63, LR 3, ST 36, GB 40, BL 10, GB 20, BL 2, EX-HN 4","LI 4, TE 5, BL 63, LR 3, ST 36, GB 40, BL 10, GB 20, BL 2, Yuyao","","TARA:0859695, TARA:8393005, TARA:8435800, TARA:6499349, TARA:6463344, TARA:9254368, TARA:0242146, TARA:2324295, TARA:8104948, TARA:6946713","","","",""
"30","A-112625-30","S-112625-30","O-112625-30","https://doi.org/10.1111/j.1572-0241.2003.07231.x","Electroacupuncture Analgesia for Colonoscopy: A Prospective, Randomized, Placebo-Controlled Study","LI 4, S 36, SP 6, SP 9, Auricle Shenmen","LI 4, S 36, SP 6, SP 9, Ear Shenmen","LI 4, ST 36, SP 6, SP 9","Ear Shenmen","TARA:0859695, TARA:6463344, TARA:4385250, TARA:3553465","","changed to ""ear""","",""
"23","A-112625-23","S-112625-23","O-112625-23","https://doi.org/10.1136/aim.15.1.10","Electroacupuncture Analgesia in Major Abdominal and Pelvic Surgery: A Randomised Study","Not specified","Not specified","","","","","","",""
"302","A-112625-302","S-112625-302","O-112625-302","https://doi.org/10.1186/s12906-015-0664-x","Electroacupuncture analgesia is associated with increased serum brain-derived neurotrophic factor in chronic tension-type headache: a randomized, sham controlled, crossover trial","Not specified","Not specified","","","","","","",""
"1107","A-112625-1107","S-112625-1107","O-112625-1107","https://doi.org/10.1093/bja/62.3.258","Electroacupuncture and postoperative pain","BL 32, SP 6, Sanjiniao","BL 32, SP 6, Sanjiniao","BL 32, SP 6","Sanjiniao","TARA:6742407, TARA:4385250","","","",""
"1783","A-112625-1783","S-112625-1783","O-112625-1783","https://doi.org/10.1155/2013/969824","Electroacupuncture and Rosiglitazone Combined Therapy as a Means of Treating Insulin Resistance and Type 2 Diabetes Mellitus: A Randomized Controlled Trial","ST 36","ST 36","ST 36","","TARA:6463344","","","",""
"660","A-112625-660","S-112625-660","O-112625-660","https://doi.org/10.1136/bmjopen-2017-017153","Electroacupuncture as an adjunctive therapy for motor dysfunction in acute stroke survivors: a systematic review and meta-analyses","Not specified","Not specified","","","","","","",""
"320","A-112625-320","S-112625-320","O-112625-320","https://doi.org/10.1016/S0254-6272(09)60030-3","Electroacupuncture at Qiuxu (GB 40) for Treatment of Migraine - A Clinical Multicentral Random Controlled Study","GB 40, ST 25, GB 41, GB 43, GB 44, TE 3, TE 5","GB 40, ST 25, GB 41, GB 43, GB 44, TE 3, TE 5","GB 40, ST 25, GB 41, GB 43, GB 44, TE 3, TE 5","","TARA:9254368, TARA:5717468, TARA:3668538, TARA:8885103, TARA:6845331, TARA:5356503, TARA:8393005","","","",""
"242","A-112625-242","S-112625-242","O-112625-242","https://doi.org/10.1136/acupmed-2013-010490","Electroacupuncture at ST36 accelerates the recovery of gastrointestinal motility after colorectal surgery: a randomised controlled trial","ST 36","ST 36","ST 36","","TARA:6463344","","","",""
"1141","A-112625-1141","S-112625-1141","O-112625-1141","https://pubmed.ncbi.nlm.nih.gov/2973008.0/","Electroacupuncture compared with paracetamol for acute low back pain","Not specified","Not specified","","","","","","",""
"1859","A-112625-1859","S-112625-1859","O-112625-1859","https://doi.org/10.1142/S0192415X15500883","Electroacupuncture for Acute Ischemic Stroke: A Meta-Analysis of Randomized Controlled Trials","LI 4, LI 11, ST 38, TE 5, GV 20, ST 36, ST 40, GB 34, GB 20, GB 31, LI 15, BL 23, LR 3, ST 31, BL 57, GB 40, SP 6, SP 9, LI 10, LI 14, ST 32, ST 34, ST 41, SJ 4, KI 3, MS 6, MS 7, GB 21, HT 1, LU 5, PC 6, PC 7, LU 3, SP 10, GB 30, LI 17, DU 26, KI 1, BL 40","LI 4, LI 11, ST 38, TE 5, GV 20, ST 36, ST 40, GB 34, GB 20, GB 31, LI 15, BL 23, LR 3, ST 31, BL 57, GB 40, SP 6, SP 9, LI 10, LI 14, ST 32, ST 34, ST 41, SJ 4, KI 3, MS 6, MS 7, GB 21, HT 1, LU 5, PC 6, PC 7, LU 3, SP 10, GB 30, LI 17, DU 26, KI 1, BL 40","LI 4, LI 11, ST 38, TE 5, GV 20, ST 36, ST 40, GB 34, GB 20, GB 31, LI 15, BL 23, LR 3, ST 31, BL 57, GB 40, SP 6, SP 9, LI 10, LI 14, ST 32, ST 34, ST 41, TE 4, KI 3, GB 21, HT 1, LU 5, PC 6, PC 7, LU 3, SP 10, GB 30, LI 17, GV 26, KI 1, BL 40","MS 6, MS 7","TARA:0859695, TARA:8923096, TARA:3182190, TARA:8393005, TARA:3386254, TARA:6463344, TARA:9531666, TARA:8758950, TARA:2324295, TARA:5264783, TARA:7829474, TARA:0992296, TARA:6499349, TARA:9294655, TARA:4589241, TARA:9254368, TARA:4385250, TARA:3553465, TARA:0742938, TARA:3744150, TARA:8826565, TARA:8773594, TARA:6019290, TARA:1594912, TARA:4362146, TARA:5389461, TARA:0420802, TARA:1357729, TARA:4311153, TARA:9020892, TARA:3888808, TARA:8433932, TARA:9378285, TARA:2260412, TARA:0829128, TARA:4512048, TARA:5290080","","","",""
"1033","A-112625-1033","S-112625-1033","O-112625-1033","https://doi.org/10.1001/jama.284.21.2755","Electroacupuncture for Control of Myeloablative Chemotherapy-Induced Emesis A Randomized Controlled Trial","PC 6, ST 36, LU 7, GB 34","PC 6, ST 36, LU 7, GB 34","PC 6, ST 36, LU 7, GB 34","","TARA:4311153, TARA:6463344, TARA:3515622, TARA:8758950","","","",""
"561","A-112625-561","S-112625-561","O-112625-561","https://doi.org/10.1002/cncr.28917","Electroacupuncture for Fatigue, Sleep, and Psychological Distress in Breast Cancer Patients With Aromatase Inhibitor-Related Arthralgia: A Randomized Trial","Not specified","Not specified","","","","","","",""
"285","A-112625-285","S-112625-285","O-112625-285","https://doi.org/10.1371/journal.pone.0059449","Electroacupuncture for Moderate and Severe Benign Prostatic Hyperplasia: A Randomized Controlled Trial","BL 33","BL 33","BL 33","","TARA:6927551","","","",""
"1577","A-112625-1577","S-112625-1577","O-112625-1577","https://doi.org/10.1089/acu.2012.0876","Electroacupuncture for Nausea, Vomiting, and Myelosuppression in Women Receiving Adjuvant Chemotherapy for Early Breast Cancer: A Randomized Controlled Pilot Trial","Not specified","Not specified","","","","","","",""
"636","A-112625-636","S-112625-636","O-112625-636","https://doi.org/10.1016/j.apmr.2017.03.023","Electroacupuncture for Poststroke Spasticity: A Systematic Review and Meta-Analysis","Not specified","Not specified","","","","","","",""
"905","A-112625-905","S-112625-905","O-112625-905","https://doi.org/10.1093/sleep/32.8.1039","Electroacupuncture for Primary Insomnia: A Randomized Controlled Trial","EX-HN 3, GV 20, Shenmen, EX-HN 1, Anmian","EX-HN 3, GV 20, Ear Shenmen, EX-HN 1, Anmian","Yintang, GV 20, Sishencong, Anmian","Ear Shenmen","TARA:3135569, TARA:3386254, TARA:9610280, TARA:3480360","","added ""ear""","",""
"614","A-112625-614","S-112625-614","O-112625-614","https://doi.org/10.5665/SLEEP.1056","Electroacupuncture for Residual Insomnia Associated with Major Depressive Disorder: A Randomized Controlled Trial","EX-HN 3, GV 20, Shenmen, EX-HN 1, Anmian, LI 14, HE 3, HE 7, LU 3, GB 39","EX-HN 3, GV 20, Ear Shenmen, EX-HN 1, Anmian, LI 14, HE 3, HE 7, LU 3, GB 39","Yintang, GV 20, Sishencong, Anmian, LI 14, HT 3, HT 7, LU 3, GB 39","Ear Shenmen","TARA:3135569, TARA:3386254, TARA:9610280, TARA:3480360, TARA:3744150, TARA:2385378, TARA:2442762, TARA:3888808, TARA:3770332","","added ""ear""","",""
"323","A-112625-323","S-112625-323","O-112625-323","https://doi.org/10.1111/j.1526-4610.2004.04077.x","Electroacupuncture for Tension-type Headache on Distal Acupoints Only: A Randomized, Controlled, Crossover Trial","ST 36, LI 4","ST 36, LI 4","ST 36, LI 4","","TARA:6463344, TARA:0859695","","","",""
"1274","A-112625-1274","S-112625-1274","O-112625-1274","https://doi.org/10.1007/s11726-011-0522-4","Electroacupuncture for Treating Prostatic Hyperplasia: A Randomized Controlled Trial","CV 2","CV 2","CV 2","","TARA:6969962","","","",""
"632","A-112625-632","S-112625-632","O-112625-632","https://doi.org/10.1136/bmj.305.6864.1249","Electroacupuncture in fibromyalgia: results of a controlled trial","Not specified","Not specified","","","","","","",""
"1395","A-112625-1395","S-112625-1395","O-112625-1395","https://doi.org/10.1089/jwh.2005.14.434","Electroacupuncture in Obese Women: A Randomized, Controlled Pilot Study","Not specified","Not specified","","","","","","",""
"18","A-112625-18","S-112625-18","O-112625-18","https://doi.org/10.1007/s11605-011-1446-5","Electroacupuncture in Reduction of Discomfort Associated with Barostat-Induced Rectal Distension-A Randomized Controlled Study","LI 4, PC 6, ST 36","LI 4, PC 6, ST 36","LI 4, PC 6, ST 36","","TARA:0859695, TARA:4311153, TARA:6463344","","","",""
"1753","A-112625-1753","S-112625-1753","O-112625-1753","https://doi.org/10.1007/s11726-013-0653-x","Electroacupuncture in Treating Depression: A Randomized Controlled Study","EX HN 1, GV 20","EX HN 1, GV 20","Sishencong, GV 20","","TARA:9610280, TARA:3386254","","","",""
"657","A-112625-657","S-112625-657","O-112625-657","https://doi.org/10.1155/2017/1791258","Electroacupuncture is Beneficial for Primary Dysmenorrhea: The Evidence from Meta-Analysis of Randomized Controlled Trials","SP 6, GB 39, ST 34, ST 36, BL 32","SP 6, GB 39, ST 34, ST 36, BL 32","SP 6, GB 39, ST 34, ST 36, BL 32","","TARA:4385250, TARA:3770332, TARA:8773594, TARA:6463344, TARA:6742407","","","",""
"1073","A-112625-1073","S-112625-1073","O-112625-1073","https://doi.org/10.1682/jrrd.2007.11.0181","Electroacupuncture may help motor recovery in chronic stroke survivors: A pilot study","LI 4, SI 3, TW 5, LI 11, LI 10, LI 15","LI 4, SI 3, TW 5, LI 11, LI 10, LI 15","LI 4, SI 3, TE 5, LI 11, LI 10, LI 15","","TARA:0859695, TARA:0220496, TARA:8393005, TARA:8923096, TARA:0742938, TARA:7829474","","","",""
"1015","A-112625-1015","S-112625-1015","O-112625-1015","https://doi.org/10.1007/s11655-013-1425-7","Electroacupuncture on PC6 Prevents Opioid-Induced Nausea and Vomiting after Laparoscopic Surgery","PC 6, SP 4, ST 36","PC 6, SP 4, ST 36","PC 6, SP 4, ST 36","","TARA:4311153, TARA:7407065, TARA:6463344","","","",""
"451","A-112625-451","S-112625-451","O-112625-451","https://doi.org/10.1016/s0254-6272(09)60027-3","Electroacupuncture on the Head Points for Improving Gnosia in Patients with Vascular Dementia","EX-HN 1, GV 20, GV 24, GB 20","EX-HN 1, GV 20, GV 24, GB 20","Sishencong, GV 20, GV 24, GB 20","","TARA:9610280, TARA:3386254, TARA:7679931, TARA:2324295","","","",""
"684","A-112625-684","S-112625-684","O-112625-684","https://doi.org/10.1371/journal.pone.0178838","Electroacupuncture prevents endothelial dysfunction induced by ischemia-reperfusion injury via a cyclooxygenase-2-dependent mechanism: A randomized controlled crossover trial","PC 5, PC 6, ST 36, ST 37","PC 5, PC 6, ST 36, ST 37","PC 5, PC 6, ST 36, ST 37","","TARA:6477399, TARA:4311153, TARA:6463344, TARA:5918799","","","",""
"1028","A-112625-1028","S-112625-1028","O-112625-1028","https://doi.org/10.1097/00000542-200202000-00013","Electroacupuncture Prophylaxis of Postoperative Nausea and Vomiting following Pediatric Tonsillectomy with or without Adenoidectomy","P 6, P 2","P 6, P 2","PC 6, PC 2","","TARA:4311153, TARA:4819578","","","",""
"1755","A-112625-1755","S-112625-1755","O-112625-1755","https://doi.org/10.1053/j.gastro.2012.10.050","Electroacupuncture Reduces Duration of Postoperative Ileus After Laparoscopic Surgery for Colorectal Cancer","ST 36, SP 6, LI 4, TE 6","ST 36, SP 6, LI 4, TE 6","ST 36, SP 6, LI 4, TE 6","","TARA:6463344, TARA:4385250, TARA:0859695, TARA:7510801","","","",""
"14","A-112625-14","S-112625-14","O-112625-14","https://doi.org/10.1136/acupmed-2011-010095","Electroacupuncture reduces the dose of midazolam monitored by the bispectral index in critically ill patients with mechanical ventilation: an exploratory study","GV 24, EX-HN 3","GV 24, EX-HN 3","GV 24, Yintang","","TARA:7679931, TARA:3135569","","","",""
"1436","A-112625-1436","S-112625-1436","O-112625-1436","https://doi.org/10.1016/S1028-4559(09)60276-X","Electroacupuncture reduces uterine artery blood flow impedence in infertile women","LR 3, SP 6, ST 28, EX CA 1, RN 6, RN 4","LR 3, SP 6, ST 28, EX CA 1, RN 6, RN 4","LR 3, SP 6, ST 28, Zigongxue, CV 6, CV 4","","TARA:6499349, TARA:4385250, TARA:5017471, TARA:4254258, TARA:8833337, TARA:9921528","","","",""
"81","A-112625-81","S-112625-81","O-112625-81","https://doi.org/10.1186/1472-6882-2-3","Electroacupuncture versus Diclofenac in symptomatic treatment of Osteoarthritis of the knee: a randomized controlled trial","ST 35, Extra, Liv 8","ST 35, Extra, Liv 8","ST 35, LR 8","Extra","TARA:2454652, TARA:1074531","","","",""
"367","A-112625-367","S-112625-367","O-112625-367","https://doi.org/10.1016/j.ctcp.2007.12.005","Electrodermal activity as a possible physiological marker for acupuncture","LU 7, KD 6","LU 7, KD 6","LU 7, KI 6","","TARA:3515622, TARA:2108622","","","",""
"397","A-112625-397","S-112625-397","O-112625-397","https://doi.org/10.1016/j.jams.2014.02.005","Electromyographic and Strength Analyses of Activation Patterns of the Wrist Flexor Muscles after Acupuncture","HT 3, HT 4, BL 60","HT 3, HT 4, BL 60","HT 3, HT 4, BL 60","","TARA:2385378, TARA:2718726, TARA:5047947","","","",""
"1301","A-112625-1301","S-112625-1301","O-112625-1301","https://pubmed.ncbi.nlm.nih.gov/17711042.0/","Electromyographic evaluation of the masseter and temporal muscles activity in volunteers submitted to acupuncture","S 4, S 6, S 7, T 119, GV 26, VC 24, L 120, GB 34, L 3, S 36, L 14, TI 3","S 4, S 6, S 7, T 119, GV 26, VC 24, L 120, GB 34, L 3, S 36, L 14, TI 3","ST 4, ST 6, ST 7, GV 26, CV 24, GB 34, LU 3, ST 36","T 119, L 120, L 14, TI 3","TARA:1429314, TARA:7834226, TARA:2990862, TARA:0829128, TARA:8876563, TARA:8758950, TARA:3888808, TARA:6463344","","","",""
"855","A-112625-855","S-112625-855","O-112625-855","https://doi.org/10.1002/14651858.CD012225","Electrotherapy modalities for rotator cuff disease (Review)","Not specified","Not specified","","","","","","",""
"1405","A-112625-1405","S-112625-1405","O-112625-1405","https://doi.org/10.1016/S1082-3174(11)80075-9","Electrotherapy of Chronic Musculoskeletal Pain: Comparison of Electroacupuncture and Acupuncture Like Transcutaneous Electrical Nerve Stimulation","Not specified","Not specified","","","","","","",""
"1087","A-112625-1087","S-112625-1087","O-112625-1087","https://doi.org/10.1007/s00415-008-0790-1","Evaluating the efficacy of acupuncture
in defined aspects of stroke recovery
A randomised, placebo controlled single blind study","LI 10, SJ 5, GB 31, GB 34, GB 20, ST 36","LI 10, SJ 5, GB 31, GB 34, GB 20, ST 36","LI 10, TE 5, GB 31, GB 34, GB 20, ST 36","","TARA:0742938, TARA:8393005, TARA:5264783, TARA:8758950, TARA:2324295, TARA:6463344","","","",""
"1754","A-112625-1754","S-112625-1754","O-112625-1754","https://doi.org/10.1186/s12906-016-1026-z","Evaluating validity of various acupuncture device types: a random sequence clinical trial","ST 36","ST 36","ST 36","","TARA:6463344","","","",""
"1514","A-112625-1514","S-112625-1514","O-112625-1514","https://pubmed.ncbi.nlm.nih.gov/9497660.0/","Evaluation of acupuncture and occlusal splint therapy in the treatment of temporomandibular joint disorders","LI 11, LI 14, TW 5, GB 34, TW 21, ST 6, ST 7, HT 3, HT 7","LI 11, LI 14, TW 5, GB 34, TW 21, ST 6, ST 7, HT 3, HT 7","LI 11, LI 14, TE 5, GB 34, TE 21, ST 6, ST 7, HT 3, HT 7","","TARA:8923096, TARA:3744150, TARA:8393005, TARA:8758950, TARA:3361879, TARA:7834226, TARA:2990862, TARA:2385378, TARA:2442762","","","",""
"1752","A-112625-1752","S-112625-1752","O-112625-1752","https://doi.org/10.1001/archotol.125.5.567","Evaluation of Acupuncture for Pain Control After Oral Surgery A Placebo-Controlled Trial","LI 4, St 6, St 7, SJ 17","LI 4, St 6, St 7, SJ 17","LI 4, ST 6, ST 7, TE 17","","TARA:0859695, TARA:7834226, TARA:2990862, TARA:6615149","","","",""
"634","A-112625-634","S-112625-634","O-112625-634","https://doi.org/10.1002/mds.20503","Evaluation of Acupuncture in the Treatment of Parkinson's Disease: A Double-Blind Pilot Study","K 3, K 10, Bl 60, L 3, St 41, St 36, Gb 34, bafeng points, MH 6, LI 4, GV 20","K 3, K 10, Bl 60, L 3, St 41, St 36, Gb 34, bafeng points, MH 6, LI 4, GV 20","KI 3, KI 10, BL 60, LU 3, ST 41, ST 36, GB 34, LI 4, GV 20","bafeng points, MH 6","TARA:4362146, TARA:8716769, TARA:5047947, TARA:3888808, TARA:6019290, TARA:6463344, TARA:8758950, TARA:0859695, TARA:3386254","","","",""
"259","A-112625-259","S-112625-259","O-112625-259","https://doi.org/10.1089/acm.2008.0369","Evaluation of Manual Acupuncture at Classical and Nondefined Points for Treatment of Functional Dyspepsia: A Randomized-Controlled Trial","CV 12, LI 4, LR 3, ST 36, PC 6, SP 4","CV 12, LI 4, LR 3, ST 36, PC 6, SP 4","CV 12, LI 4, LR 3, ST 36, PC 6, SP 4","","TARA:0434959, TARA:0859695, TARA:6499349, TARA:6463344, TARA:4311153, TARA:7407065","","","",""
"388","A-112625-388","S-112625-388","O-112625-388","https://doi.org/10.1142/S0192415X0700476X","Evaluation of Scalp and Auricular Acupuncture on EEG, HRV, and PRV","Sishencong, Shenmen","Sishencong, Ear Shenmen","Sishencong","Ear Shenmen","TARA:9610280","","added ""ear""","",""
"644","A-112625-644","S-112625-644","O-112625-644","https://doi.org/10.1016/j.apmr.2017.06.008","Evidence for Dry Needling in the Management of Myofascial Trigger Points Associated With Low Back Pain: A Systematic Review and Meta-Analysis","Not specified","Not specified","","","","","","",""
"1760","A-112625-1760","S-112625-1760","O-112625-1760","https://doi.org/10.1177/0333102414523847","Evidence for the use of dry needling and physiotherapy in the management of cervicogenic or tension-type headache: A systematic review","Not specified","Not specified","","","","","","",""
"520","A-112625-520","S-112625-520","O-112625-520","https://doi.org/10.1097/PHM.0000000000000266","Evidence for the Use of Ischemic Compression and Dry Needling in the Management of Trigger Points of the Upper Trapezius in Patients with Neck Pain A Systematic Review","Not specified","Not specified","","","","","","",""
"59","A-112625-59","S-112625-59","O-112625-59","https://doi.org/10.1136/aim.25.1-2.29","Evidence from RCTs on optimal acupuncture treatment for knee osteoarthritis--an exploratory review","ST 35, EX 32, ST 36, SP 9, GB 34, BL 60, GB 39, SP 6, KI 3, ST 34, SP 10, EX 31, BL 40, LI 4, ST 43, LR 8, Xiyan, GB 33, KI 10, LR 3, BL 57, ST 40","","","","","","its a review - take out all points","",""
"1143","A-112625-1143","S-112625-1143","O-112625-1143","https://doi.org/10.1097/AJP.0b013e3182274018","Exercise and Auricular Acupuncture for Chronic Low-back Pain A Feasibility Randomized-c ontrolled Trial","Not specified","Not specified","","","","","","",""
"1831","A-112625-1831","S-112625-1831","O-112625-1831","https://doi.org/10.1371/journal.pone.0205405","Exercises and Dry Needling for Subacromial Pain Syndrome: A Randomized Parallel-Group Trial","Not specified","Not specified","","","","","","",""
"214","A-112625-214","S-112625-214","O-112625-214","https://doi.org/10.1093/ecam/nep047","Exploring the Evidence Base for Acupuncture in the Treatment of Ménière's Syndrome-A Systematic Review","Du 20","","","","","","","",""
"1439","A-112625-1439","S-112625-1439","O-112625-1439","https://doi.org/10.1007/s11726-010-0098-4","External Application of Chinese Medicine following Tapping Using a Plum blossom Needle for Allergic Rhinitis","Feishu BL 13, Gaohuang BL 43, Dazhui GV 14, Pishu BL 20, Shenshu BL 23","BL 13, BL 43, GV 14, BL 20, BL 23","BL 13, BL 43, GV 14, BL 20, BL 23","","TARA:6050541, TARA:5367032, TARA:8452754, TARA:3283628, TARA:0992296","","","",""
"1054","A-112625-1054","S-112625-1054","O-112625-1054","https://doi.org/10.1155/2015/871327","Eye Acupuncture Treatment for Stroke: A Systematic Review and Meta-Analysis","Not specified","Not specified","","","","","","",""
"1775","A-112625-1775","S-112625-1775","O-112625-1775","https://doi.org/10.1089/acm.2011.0914","Factors Associated with Conflicting Findings on Acupuncture for Tension-Type Headache: Qualitative and Quantitative Analyses","GB 20, LI 4, LR 3, GB 8, GB 14, GB 21, GB 41, UB 2, UB 10, UB 60, LU 7, TW 5, ST 8, ST 36, ST 44, DU 20, Extra1, SJ 5, ST 40, GB 60, LR 2, SP 6, KI 3, GV 20, LIV 3, BL 10","","","","","","remove points - it is a review article","",""
"647","A-112625-647","S-112625-647","O-112625-647","https://doi.org/10.1371/journal.pone.0187723","Factors related to acupuncture response in patients with chronic severe functional constipation: Secondary analysis of a randomized controlled trial","Not specified","Not specified","","","","","","",""
"1394","A-112625-1394","S-112625-1394","O-112625-1394","https://doi.org/10.1007/BF03339737","Failure of acupuncture in the treatment of obesity: A pilot study","BL 14, BL 15, BL 20, CV 14, CV 17, GV 20, HT 9, SP 1, TF 4","BL 14, BL 15, BL 20, CV 14, CV 17, GV 20, HT 9, SP 1, TF 4","BL 14, BL 15, BL 20, CV 14, CV 17, GV 20, HT 9, SP 1","TF 4","TARA:9523348, TARA:5797983, TARA:3283628, TARA:4823591, TARA:3472408, TARA:3386254, TARA:8651539, TARA:8929565","","","",""
"1764","A-112625-1764","S-112625-1764","O-112625-1764","https://doi.org/10.1016/0304-3959(77)90064-1","Failure of Acupuncture to Produce Localized Changes in Subjective Cold Pain Ratings","ST 36, SP 6, SP 9, LI 4, PC 6","ST 36, SP 6, SP 9, LI 4, PC 6","ST 36, SP 6, SP 9, LI 4, PC 6","","TARA:6463344, TARA:4385250, TARA:3553465, TARA:0859695, TARA:4311153","","","",""
"741","A-112625-741","S-112625-741","O-112625-741","https://doi.org/10.1186/1472-6882-11-93","Feeding, stooling and sleeping patterns in infants with colic -a randomized controlled trial of minimal acupuncture","LI 4","LI 4","LI 4","","TARA:0859695","","","",""
"1768","A-112625-1768","S-112625-1768","O-112625-1768","https://doi.org/10.1016/S2005-2901(10)60018-0","Fifteen-day Acupuncture Treatment Relieves Diabetic Peripheral Neuropathy","LI 4, ST 40, LI 11, ST 36, SP 6","LI 4, ST 40, LI 11, ST 36, SP 6","LI 4, ST 40, LI 11, ST 36, SP 6","","TARA:0859695, TARA:9531666, TARA:8923096, TARA:6463344, TARA:4385250","","","",""
"1484","A-112625-1484","S-112625-1484","O-112625-1484","https://pubmed.ncbi.nlm.nih.gov/18246682.0/","Fifty Cases of Chloasma Treated by Acupuncture plus Intensive Pulse Light Irradiation","SP 10, SP 6, ST 36, LI 11, BL 13, BL 18","SP 10, SP 6, ST 36, LI 11, BL 13, BL 18","SP 10, SP 6, ST 36, LI 11, BL 13, BL 18","","TARA:8433932, TARA:4385250, TARA:6463344, TARA:8923096, TARA:6050541, TARA:9655874","","","",""
"246","A-112625-246","S-112625-246","O-112625-246","https://doi.org/10.1016/s0254-6272(08)60006-0","Forty cases of gastrointestinal neurosis treated by acupunture","CV 12, ST 36, LR 3, HT 7, GB 34, PC 6, CV 6, SP 6, KI 3, CV 17, ST 40, SP 4, BL 20, BL 21, SP 1, LR 13","CV 12, ST 36, LR 3, HT 7, GB 34, PC 6, CV 6, SP 6, KI 3, CV 17, ST 40, SP 4, BL 20, BL 21, SP 1, LR 13","CV 12, ST 36, LR 3, HT 7, GB 34, PC 6, CV 6, SP 6, KI 3, CV 17, ST 40, SP 4, BL 20, BL 21, SP 1, LR 13","","TARA:0434959, TARA:6463344, TARA:6499349, TARA:2442762, TARA:8758950, TARA:4311153, TARA:8833337, TARA:4385250, TARA:4362146, TARA:3472408, TARA:9531666, TARA:7407065, TARA:3283628, TARA:4839095, TARA:8929565, TARA:0794971","","","",""
"1564","A-112625-1564","S-112625-1564","O-112625-1564","https://pubmed.ncbi.nlm.nih.gov/11360530.0/","Forty five Cases of Apoplexy Treated by
Electroacupuncture at the Points of Yin Meridians","Not specified","Not specified","","","","","","",""
"1530","A-112625-1530","S-112625-1530","O-112625-1530","https://pubmed.ncbi.nlm.nih.gov/18246677.0/","Forty six Cases of Acute Cerebral Infarction Treated with the Combined Use of Acupuncture and Drugs","GV 20, GB 7, GV 26, CV 23, PC 6, LI 11, LI 4, SP 10, ST 36, ST 40, SP 6, LR 3, EX-UE9, GB 30, ST 31, ST 32, GB 31, GB 34, GB 40","GV 20, GB 7, GV 26, CV 23, PC 6, LI 11, LI 4, SP 10, ST 36, ST 40, SP 6, LR 3, EX-UE9, GB 30, ST 31, ST 32, GB 31, GB 34, GB 40","GV 20, GB 7, GV 26, CV 23, PC 6, LI 11, LI 4, SP 10, ST 36, ST 40, SP 6, LR 3, Baxie, GB 30, ST 31, ST 32, GB 31, GB 34, GB 40","","TARA:3386254, TARA:0478496, TARA:0829128, TARA:5804897, TARA:4311153, TARA:8923096, TARA:0859695, TARA:8433932, TARA:6463344, TARA:9531666, TARA:4385250, TARA:6499349, TARA:2491709, TARA:9378285, TARA:9294655, TARA:8826565, TARA:5264783, TARA:8758950, TARA:9254368","","","",""
"539","A-112625-539","S-112625-539","O-112625-539","https://pubmed.ncbi.nlm.nih.gov/16334714.0/","Forty six Cases ofthe Nerve Root Involved Cervical Spondylopathy Treated by Needling the Sitian Points","SJ 16, SI 17, SI 16, LI 17, LU 7, SI 15, SI 14, LI 5, SJ 4, SI 5, GV 14, GV 23, C3 C7 Jiaji","SJ 16, SI 17, SI 16, LI 17, LU 7, SI 15, SI 14, LI 5, SJ 4, SI 5, GV 14, GV 23, C3 C7 Jiaji","TE 16, SI 17, SI 16, LI 17, LU 7, SI 15, SI 14, LI 5, TE 4, SI 5, GV 14, GV 23","C3 C7 Jiaji","TARA:9834019, TARA:3389422, TARA:5246417, TARA:2260412, TARA:3515622, TARA:2976260, TARA:3226024, TARA:5677319, TARA:1594912, TARA:0669306, TARA:8452754, TARA:7690229","","","",""
"1187","A-112625-1187","S-112625-1187","O-112625-1187","https://doi.org/10.1016/s0254-6272(09)60002-9","Forty-six Cases of Vertebrobasilar Insufficiency Treated by Acupuncture plus Intravenous Infusion of Ligustrazine","GV 20","GV 20","GV 20","","TARA:3386254","","","",""
"1362","A-112625-1362","S-112625-1362","O-112625-1362","https://doi.org/10.1016/s0254-6272(08)60040-0","Forty-two Cases of Greater Occipital Neuralgia Treated by Acupuncture plus Acupoint-Injection","GB 20, GB 12, BL 10, ST 8, BL 4, GV 16, GV 24","GB 20, GB 12, BL 10, ST 8, BL 4, GV 16, GV 24","GB 20, GB 12, BL 10, ST 8, BL 4, GV 16, GV 24","","TARA:2324295, TARA:1031890, TARA:0242146, TARA:9946635, TARA:0598260, TARA:3361967, TARA:7679931","","","",""
"686","A-112625-686","S-112625-686","O-112625-686","https://doi.org/10.1155/2015/492150","Fourier-Domain Optical Coherence Tomography for Monitoring the Lower Tear Meniscus in Dry Eye after Acupuncture Treatment","BL 1, BL 2, GB 14, SJ 23, EXTRA 1, ST 2, LI 4, LR 3, GB 37, SP 6, GB 20","BL 1, BL 2, GB 14, SJ 23, Taiyang, ST 2, LI 4, LR 3, GB 37, SP 6, GB 20","BL 1, BL 2, GB 14, TE 23, Taiyang, ST 2, LI 4, LR 3, GB 37, SP 6, GB 20","","TARA:1460220, TARA:8104948, TARA:9987270, TARA:6752232, TARA:9534465, TARA:6392753, TARA:0859695, TARA:6499349, TARA:6320058, TARA:4385250, TARA:2324295","","fixed","",""
"1181","A-112625-1181","S-112625-1181","O-112625-1181","https://pubmed.ncbi.nlm.nih.gov/1511917.0/","Frequent Ventricular Extrasystole Treated by Needling Neiguan (PC 6) plus Oral Administration of Mexiletine — A Report of 30 Cases","PC 6","PC 6","PC 6","","TARA:4311153","","","",""
"549","A-112625-549","S-112625-549","O-112625-549","https://doi.org/10.1089/acm.2006.6125","Fu's Subcutaneous Needling: Possible Clinical Evidence of the Subcutaneous Connective Tissue in Acupuncture","Not specified","Not specified","","","","","","",""
"105","A-112625-105","S-112625-105","O-112625-105","https://doi.org/10.1089/acu.2013.1015","Function of Auricular Point Acupressure in Inducing Changes in Inflammatory Cytokines During Chronic Low Back Pain: A Pilot Study","Not specified","Not specified","","","","","","",""
"1522","A-112625-1522","S-112625-1522","O-112625-1522","https://doi.org/10.1089/acu.2009.0694","Functional MRI and Acupuncture (Large Intestine 4 Acupoint) in Patients With Myofascial Pain of the Jaw Muscles: A Pilot Randomized Trial","LI 4","LI 4","LI 4","","TARA:0859695","","","",""
"235","A-112625-235","S-112625-235","O-112625-235","https://doi.org/10.1111/nmo.12793","Functional neuroimaging studies in functional dyspepsia patients: a systematic review","ST 36","","","","","","","",""
"1250","A-112625-1250","S-112625-1250","O-112625-1250","https://doi.org/10.1136/gut.2005.074518","G Acupuncture treatment in irritable bowel ZONLINE syndrome","LV 3, ST 36, SP 6, CV 12, ST 21, ST 25, HT 7, DU 20","LV 3, ST 36, SP 6, CV 12, ST 21, ST 25, HT 7, DU 20","LR 3, ST 36, SP 6, CV 12, ST 21, ST 25, HT 7, GV 20","","TARA:6499349, TARA:6463344, TARA:4385250, TARA:0434959, TARA:1654197, TARA:5717468, TARA:2442762, TARA:3386254","","","",""
"120","A-112625-120","S-112625-120","O-112625-120","https://doi.org/10.1001/archinte.167.17.1892","German Acupuncture Trials (GERAC) for Chronic Low Back Pain Randomized, Multicenter, Blinded, Parallel-Group Trial With 3 Groups","Not specified","Not specified","","","","","","",""
"867","A-112625-867","S-112625-867","O-112625-867","https://doi.org/10.1016/j.pain.2010.06.036","German Randomized Acupuncture Trial for chronic shoulder pain (GRASP) -A pragmatic, controlled, patient-blinded, multi-centre trial in an outpatient care environment","Lung 1, Lung 2, Large Intestine 4, Large Intestine 11, Large Intestine 14, Large Intestine 15, Sanjiao 5, Sanjiao 13, Sanjiao 14, Small Intestine 3, Small Intestine 9, Stomach 38, Gallbladder 34, Bladder 58","Lung 1, Lung 2, Large Intestine 4, Large Intestine 11, Large Intestine 14, Large Intestine 15, Sanjiao 5, Sanjiao 13, Sanjiao 14, Small Intestine 3, Small Intestine 9, Stomach 38, Gallbladder 34, Bladder 58","LU 1, LU 2, LI 4, LI 11, LI 14, LI 15, TE 5, TE 13, TE 14, SI 3, SI 9, ST 38, GB 34, BL 58","","TARA:0913913, TARA:0540755, TARA:0859695, TARA:8923096, TARA:3744150, TARA:7829474, TARA:8393005, TARA:3682571, TARA:5894876, TARA:0220496, TARA:2187225, TARA:3182190, TARA:8758950, TARA:5362994","","","",""
"1022","A-112625-1022","S-112625-1022","O-112625-1022","https://doi.org/10.1371/journal.pone.0014766","Getting the Grip on Nonspecific Treatment Effects: Emesis in Patients Randomized to Acupuncture or Sham Compared to Patients Receiving Standard Care","PC 6","PC 6","PC 6","","TARA:4311153","","","",""
"901","A-112625-901","S-112625-901","O-112625-901","https://doi.org/10.1089/acu.2013.0989","Group Auricular Acupuncture for PTSD Related Insomnia in Veterans: A Randomized Trial","Not specified","Not specified","","","","","","",""
"1877","A-112625-1877","S-112625-1877","O-112625-1877","https://doi.org/10.1371/journal.pone.0104729","Habituation to Experimentally Induced Electrical Pain during Voluntary-Breathing Controlled Electrical Stimulation (BreEStim)","Not specified","Not specified","","","","","","",""
"1451","A-112625-1451","S-112625-1451","O-112625-1451","https://doi.org/10.1136/aim.14.1.6","Hay Fever Treatment in General Practice: A Randomised Controlled Trial Comparing Standardised Western Acupuncture with","LI 20, LI 4, anterior knee points","LI 20, LI 4, anterior knee points","LI 20, LI 4","anterior knee points","TARA:6681003, TARA:0859695","","","",""
"1476","A-112625-1476","S-112625-1476","O-112625-1476","https://pubmed.ncbi.nlm.nih.gov/17078448.0/","He Ne Laser Auricular Irradiation Plus Body Acupuncture for Treatment of Acne Vulgaris in 36 Cases","LI 4, LI 11, ST 36, LR 3, CV 12, ST 25, GV 23, EX HN 5, GB 14, SP 9, SP 10, SP 6","LI 4, LI 11, ST 36, LR 3, CV 12, ST 25, GV 23, EX HN 5, GB 14, SP 9, SP 10, SP 6","LI 4, LI 11, ST 36, LR 3, CV 12, ST 25, GV 23, Taiyang, GB 14, SP 9, SP 10, SP 6","","TARA:0859695, TARA:8923096, TARA:6463344, TARA:6499349, TARA:0434959, TARA:5717468, TARA:7690229, TARA:9534465, TARA:9987270, TARA:3553465, TARA:8433932, TARA:4385250","","","",""
"852","A-112625-852","S-112625-852","O-112625-852","https://doi.org/10.1186/1756-0500-1-37","Health-related quality of life in a trial of acupuncture, sham acupuncture and conventional treatment for chronic sinusitis","Not specified","Not specified","","","","","","",""
"96","A-112625-96","S-112625-96","O-112625-96","https://doi.org/10.1089/acm.2010.0779","Hegu Acupuncture for Chronic Low-Back Pain: A Randomized Controlled Trial","Du 3, Bladder 23, low back ashi point, Bladder 40, Kidney 3","Du 3, Bladder 23, low back ashi point, Bladder 40, Kidney 3","GV 3, BL 23, BL 40, KI 3","low back ashi point","TARA:8807122, TARA:0992296, TARA:5290080, TARA:4362146","","","",""
"987","A-112625-987","S-112625-987","O-112625-987","https://doi.org/10.1136/bmj.291.6508.1538","Helping people to stop smoking: randomised comparison of groups being treated with acupuncture and nicotine gum with control group","GB 21, GB 12","GB 21, GB 12","GB 21, GB 12","","TARA:5389461, TARA:1031890","","","",""
"1473","A-112625-1473","S-112625-1473","O-112625-1473","https://doi.org/10.1300/J094v12n02_04","Hemiparetic Shoulder Pain Syndrome Treated with Deep Dry Needling During Early Rehabilitation: A Prospective, Open Label, Randomized Investigation","Not specified","Not specified","","","","","","",""
"225","A-112625-225","S-112625-225","O-112625-225","https://doi.org/10.11622/smedj.2016143","How effective is acupuncture for reducing pain due to How effective is acupuncture for reducing pain due to plantar fasciitis? plantar fasciitis?","PC 7, LI 4","PC 7, LI 4","PC 7, LI 4","","TARA:9020892, TARA:0859695","","","",""
"384","A-112625-384","S-112625-384","O-112625-384","https://doi.org/10.1016/0304-3959(90)91071-P","Hypalgesic efficacy of acupuncture on experimental pain in man. Comparison of laser acupuncture and needle acupuncture","L.I. 4, Extra. Jianqian","L.I. 4, Extra. Jianqian","LI 4","Extra. Jianqian","TARA:0859695","","","",""
"176","A-112625-176","S-112625-176","O-112625-176","https://doi.org/10.1155/2013/808971","Hypothalamus-Related Resting Brain Network Underlying Short-Term Acupuncture Treatment in Primary Hypertension","GV 20, GV 23, EX-HN 1, ST 9, LI 11, PC 6, LI 4, ST 36, SP 6, LR 3","GV 20, GV 23, EX-HN 1, ST 9, LI 11, PC 6, LI 4, ST 36, SP 6, LR 3","GV 20, GV 23, Sishencong, ST 9, LI 11, PC 6, LI 4, ST 36, SP 6, LR 3","","TARA:3386254, TARA:7690229, TARA:9610280, TARA:6890771, TARA:8923096, TARA:4311153, TARA:0859695, TARA:6463344, TARA:4385250, TARA:6499349","","","",""
"1227","A-112625-1227","S-112625-1227","O-112625-1227","https://pubmed.ncbi.nlm.nih.gov/1914952.0/","Idiopathic Subjective Tinnitus Treated by Biofeedback, Acupuncture and Drug Therapy","Not specified","Not specified","","","","","","",""
"436","A-112625-436","S-112625-436","O-112625-436","https://doi.org/10.1111/j.1526-4637.2010.01017.x","Immediate Analgesia Effect of Single Point Acupuncture in Primary Dysmenorrhea: A Randomized Controlled Trial","SP 6, GB 39","SP 6, GB 39","SP 6, GB 39","","TARA:4385250, TARA:3770332","","","",""
"435","A-112625-435","S-112625-435","O-112625-435","https://doi.org/10.1089/acm.2009.0326","Immediate Effect of Acupuncture at Sanyinjiao (SP6) and Xuanzhong (GB39) on Uterine Arterial Blood Flow in Primary Dysmenorrhea","SP 6, GB 39","SP 6, GB 39","SP 6, GB 39","","TARA:4385250, TARA:3770332","","","",""
"907","A-112625-907","S-112625-907","O-112625-907","https://doi.org/10.1136/aim.2009.001867","Immediate effect of acupuncture on the sleep pattern of patients with obstructive sleep apnoea","LU 6, LU 7, LI 4, LI 20, GV 20, CV 23, ST 36, ST 40, SP 6, KI 6, Shanglianquan","LU 6, LU 7, LI 4, LI 20, GV 20, CV 23, ST 36, ST 40, SP 6, KI 6, Shanglianquan","LU 6, LU 7, LI 4, LI 20, GV 20, CV 23, ST 36, ST 40, SP 6, KI 6, Shanglianquan","","TARA:3496812, TARA:3515622, TARA:0859695, TARA:6681003, TARA:3386254, TARA:5804897, TARA:6463344, TARA:9531666, TARA:4385250, TARA:2108622, TARA:2358051","","","",""
"687","A-112625-687","S-112625-687","O-112625-687","https://doi.org/10.1016/j.jams.2017.06.003","Immediate Effect of Needling at CV-12 (Zhongwan) Acupuncture Point on Blood Glucose Level in Patients with Type 2 Diabetes Mellitus: A Pilot Randomized Placebo-Controlled Trial","CV 12, CV 4, CV 6, CV 10, ST 24, ST 25, TE 5, SP 15, KI 13, ST 36, GB 26, BL 20","CV 12, CV 4, CV 6, CV 10, ST 24, ST 25, TE 5, SP 15, KI 13, ST 36, GB 26, BL 20","CV 12, CV 4, CV 6, CV 10, ST 24, ST 25, TE 5, SP 15, KI 13, ST 36, GB 26, BL 20","","TARA:0434959, TARA:9921528, TARA:8833337, TARA:1822260, TARA:1211048, TARA:5717468, TARA:8393005, TARA:4679170, TARA:5358142, TARA:6463344, TARA:8088170, TARA:3283628","","","",""
"383","A-112625-383","S-112625-383","O-112625-383","https://doi.org/10.1007/s00421-010-1510-y","Immediate effects of acupuncture on strength performance: a randomized, controlled crossover trial","ST 36, SP 6, CV 6, Ear Shenmen","ST 36, SP 6, CV 6, Ear Shenmen","ST 36, SP 6, CV 6","Ear Shenmen","TARA:6463344, TARA:4385250, TARA:8833337","","it already says ear shenmen","",""
"535","A-112625-535","S-112625-535","O-112625-535","https://doi.org/10.1016/s0304-3959(02)00062-3","Immediate effects of dry needling and acupuncture at distant points in chronic neck pain: results of a randomized, double-blind, sham-controlled crossover trial","SI 3, KI 27, EX 28, LU 7, BL 60, CV 21, CV 22, GV 20, GV 14, LI 4, Ear 'cervical spine', Ear 'stellate ganglion'","SI 3, KI 27, LU 7, BL 60, CV 21, CV 22, GV 20, GV 14, LI 4, Ear 'cervical spine', Ear 'stellate ganglion'","SI 3, KI 27, LU 7, BL 60, CV 21, CV 22, GV 20, GV 14, LI 4","Ear 'cervical spine', Ear 'stellate ganglion'","TARA:0220496, TARA:4459765, TARA:3515622, TARA:5047947, TARA:1450183, TARA:6472655, TARA:3386254, TARA:8452754, TARA:0859695","","Ear 'cervical spine', Ear 'stellate ganglion' are correct ear points and should stay in TARA. shou;d have a mapping point","",""
"49","A-112625-49","S-112625-49","O-112625-49","https://doi.org/10.1136/acupmed-2013-010489","Immediate effects of electroacupuncture and manual acupuncture on pain, mobility and muscle strength in patients with knee osteoarthritis: a randomised controlled trial","LI 4, LR 3, ST 36, ST 35, Xiyan, SP 10","LI 4, LR 3, ST 36, ST 35, Xiyan, SP 10","LI 4, LR 3, ST 36, ST 35, Xiyan, SP 10","","TARA:0859695, TARA:6499349, TARA:6463344, TARA:2454652, TARA:0926802, TARA:8433932","","","",""
"1523","A-112625-1523","S-112625-1523","O-112625-1523","https://doi.org/10.1038/sj.bdj.2009.959","Immediate effects of microsystem acupuncture in patients with oromyofacial pain and craniomandibular disorders (CMD): a double-blind, placebo-controlled trial","Upper jaw retromolar, Lower jaw retromolar, Upper jaw vestibulum, Lower jaw vestibulum, Large intestine 4, Small intestine 3, 2, Auricle, Sternum, Adler Langer points, Others","Upper jaw retromolar, Lower jaw retromolar, Upper jaw vestibulum, Lower jaw vestibulum, Large intestine 4, Small intestine 3, 2, Auricle, Sternum, Adler Langer points, Others","LI 4, SI 3","Upper jaw retromolar, Lower jaw retromolar, Upper jaw vestibulum, Lower jaw vestibulum, 2, Auricle, Sternum, Adler Langer points, Others","TARA:0859695, TARA:0220496","","","",""
"847","A-112625-847","S-112625-847","O-112625-847","https://doi.org/10.1089/acm.2000.6.519","Immunomodulatory Effects of Acupuncture in the Treatment of Allergic Asthma: A Randomized Controlled Study","BL 13, BL 17, LI 4, LU 7, LU 5, LU 6, ST 36, ST 40, KI 3, KI 7, SP 6, SP 9, CV 6, CV 12, HT 7, TE 3, TE 19, GB 8, GB 34, BL 38, BL 55, ST 4, ST 6, ST 32, TE 14, TE 23, SI 5","BL 13, BL 17, LI 4, LU 7, LU 5, LU 6, ST 36, ST 40, KI 3, KI 7, SP 6, SP 9, CV 6, CV 12, HT 7, TE 3, TE 19, GB 8, GB 34, BL 38, BL 55, ST 4, ST 6, ST 32, TE 14, TE 23, SI 5","BL 13, BL 17, LI 4, LU 7, LU 5, LU 6, ST 36, ST 40, KI 3, KI 7, SP 6, SP 9, CV 6, CV 12, HT 7, TE 3, TE 19, GB 8, GB 34, BL 38, BL 55, ST 4, ST 6, ST 32, TE 14, TE 23, SI 5","","TARA:6050541, TARA:1124682, TARA:0859695, TARA:3515622, TARA:1357729, TARA:3496812, TARA:6463344, TARA:9531666, TARA:4362146, TARA:9881298, TARA:4385250, TARA:3553465, TARA:8833337, TARA:0434959, TARA:2442762, TARA:5356503, TARA:8876235, TARA:5363236, TARA:8758950, TARA:3339722, TARA:4648540, TARA:1429314, TARA:7834226, TARA:8826565, TARA:5894876, TARA:6752232, TARA:0669306","","","",""
"1288","A-112625-1288","S-112625-1288","O-112625-1288","https://doi.org/10.1163/156856900750232605","Impact of acupuncture as add on therapy to pharmacological treatment of migraine: A pilot study","GB 20, GB 14, GV 20, LI 4, ST 44, ST 8, Taiyang, PC 6, SP 6","GB 20, GB 14, GV 20, LI 4, ST 44, ST 8, Taiyang, PC 6, SP 6","GB 20, GB 14, GV 20, LI 4, ST 44, ST 8, Taiyang, PC 6, SP 6","","TARA:2324295, TARA:9987270, TARA:3386254, TARA:0859695, TARA:8440155, TARA:9946635, TARA:9534465, TARA:4311153, TARA:4385250","","","",""
"1594","A-112625-1594","S-112625-1594","O-112625-1594","uri not found","Impact of Acupuncture on the Brain Function of Heroin Addicts","EX HN 1, PC 6, LI 4, ST 36, SP 6, PC 8","EX HN 1, PC 6, LI 4, ST 36, SP 6, PC 8","Sishencong, PC 6, LI 4, ST 36, SP 6, PC 8","","TARA:9610280, TARA:4311153, TARA:0859695, TARA:6463344, TARA:4385250, TARA:5212832","","","",""
"279","A-112625-279","S-112625-279","O-112625-279","https://doi.org/10.1152/ajpendo.00495.2010","Impact of electro-acupuncture and physical exercise on hyperandrogenism and oligo/amenorrhea in women with polycystic ovary syndrome: a randomized controlled trial","CV 3, CV 6, ST 29, SP 6, SP 9, LI 4, PC 6","CV 3, CV 6, ST 29, SP 6, SP 9, LI 4, PC 6","CV 3, CV 6, ST 29, SP 6, SP 9, LI 4, PC 6","","TARA:0022762, TARA:8833337, TARA:5873796, TARA:4385250, TARA:3553465, TARA:0859695, TARA:4311153","","","",""
"91","A-112625-91","S-112625-91","O-112625-91","https://doi.org/10.1186/1472-6882-12-209","Impact of electroacupuncture on quality of life for patients with Relapsing-Remitting Multiple Sclerosis under treatment with immunomodulators: A randomized study","ST 36, SP 6, LI 4, LI 11, EX-HN 3","ST 36, SP 6, LI 4, LI 11, EX-HN 3","ST 36, SP 6, LI 4, LI 11, Yintang","","TARA:6463344, TARA:4385250, TARA:0859695, TARA:8923096, TARA:3135569","","","",""
"1864","A-112625-1864","S-112625-1864","O-112625-1864","https://doi.org/10.1136/aim.2009.002220","Implementation of acupuncture and acupressure under surgical procedures in children: a pilot study","P 6","P 6","PC 6","","TARA:4311153","","","",""
"1154","A-112625-1154","S-112625-1154","O-112625-1154","https://doi.org/10.1111/j.1399-6576.1994.tb03839.x","Importance of modes of acupuncture in the treatment of chronic nociceptive low back pain","Not specified","Not specified","","","","","","",""
"1379","A-112625-1379","S-112625-1379","O-112625-1379","https://doi.org/10.4065/81.6.749","Improvement in Fibromyalgia Symptoms With Acupuncture: Results of a Randomized Controlled Trial","LI 4, ST 36, LR 2, SP 6, P 6, HT 7","LI 4, ST 36, LR 2, SP 6, P 6, HT 7","LI 4, ST 36, LR 2, SP 6, PC 6, HT 7","","TARA:0859695, TARA:6463344, TARA:6862058, TARA:4385250, TARA:4311153, TARA:2442762","","","",""
"1259","A-112625-1259","S-112625-1259","O-112625-1259","uri not found","Improvement of Gastric Movement in Patients with Functional Dyspepsia Treated with Acupuncture","ST 36, RN 12, PC 6","ST 36, RN 12, PC 6","ST 36, CV 12, PC 6","","TARA:6463344, TARA:0434959, TARA:4311153","","","",""
"812","A-112625-812","S-112625-812","O-112625-812","https://pubmed.ncbi.nlm.nih.gov/17515023.0/","In vitro fertilization and acupuncture: Clinical efficacy and mechanistic basis","Not specified","Not specified","","","","","","",""
"858","A-112625-858","S-112625-858","O-112625-858","https://doi.org/10.1016/j.jmpt.2014.11.007","Inclusion of trigger point dry needling in a multimodal physical therapy program for postoperative shoulder pain: A randomized clinical trial","Not specified","Not specified","","","","","","",""
"1513","A-112625-1513","S-112625-1513","O-112625-1513","https://doi.org/10.1016/0304-3959(91)90092-C","Increased postoperative pain and consumption of analgesics following acupuncture","Not specified","Not specified","","","","","","",""
"265","A-112625-265","S-112625-265","O-112625-265","https://doi.org/10.1089/acm.2016.0208","Individualized Acupuncture for Symptom Relief in Functional Dyspepsia: A Randomized Controlled Trial","LI 4, ST 36, LR 3, SP 4, CV 12, GB 21, SI 14, PC 6, EX-HN 5, ST 34, ah-shi points","LI 4, ST 36, LR 3, SP 4, CV 12, GB 21, SI 14, PC 6, EX-HN 5, ST 34, ah-shi points","LI 4, ST 36, LR 3, SP 4, CV 12, GB 21, SI 14, PC 6, Taiyang, ST 34","ah-shi points","TARA:0859695, TARA:6463344, TARA:6499349, TARA:7407065, TARA:0434959, TARA:5389461, TARA:3226024, TARA:4311153, TARA:9534465, TARA:8773594","","","",""
"1400","A-112625-1400","S-112625-1400","O-112625-1400","https://pubmed.ncbi.nlm.nih.gov/4032390.0/","Induction of Cervical Dilatation in Preparation for First Trimester Abortion and Its Influence on HCG","LI 4, SP 6","LI 4, SP 6","LI 4, SP 6","","TARA:0859695, TARA:4385250","","","",""
"1019","A-112625-1019","S-112625-1019","O-112625-1019","https://doi.org/10.1007/BF03008646","Ineffectiveness of acupuncture and droperidol in preventing vomiting following strabismus repair in children","P 6","P 6","PC 6","","TARA:4311153","","","",""
"1746","A-112625-1746","S-112625-1746","O-112625-1746","https://doi.org/10.3389/fneur.2025.1633823","Infl uence of Acupuncture Treatment on Cerebral Activity in Functional Dyspepsia Patients and Its Relationship With Effi cacy","ST 34, ST 36, ST 40, ST 42","ST 34, ST 36, ST 40, ST 42","ST 34, ST 36, ST 40, ST 42","","TARA:8773594, TARA:6463344, TARA:9531666, TARA:7178938","","","",""
"1267","A-112625-1267","S-112625-1267","O-112625-1267","uri not found","Influence of Acupuncture on Cytokines in Chronic Pelvic Pain Syndrome","CV 4, CV 3, CV 1, SP 9, SP 10","CV 4, CV 3, CV 1, SP 9, SP 10","CV 4, CV 3, CV 1, SP 9, SP 10","","TARA:9921528, TARA:0022762, TARA:8693603, TARA:3553465, TARA:8433932","","","",""
"701","A-112625-701","S-112625-701","O-112625-701","https://doi.org/10.1046/j.1469-0705.2001.00221.x","Influence of acupuncture on Doppler ultrasound in pregnant women","SP 6, LI 4","SP 6, LI 4","SP 6, LI 4","","TARA:4385250, TARA:0859695","","","",""
"1750","A-112625-1750","S-112625-1750","O-112625-1750","https://doi.org/10.1007/s11726-012-0568-y","Influence of Acupuncture on Remodeling of Swallowing Functions for Patients with Pseudobulbar Palsy after Cerebral Infarction 针刺对脑梗死后假性延髓麻痹患者吞咽功能重塑的影响","GB 20, Ex HN 14, Extra, Extra, Extra, Extra, CV 23, Ex HN 12, Ex HN 13, SP 6, LR 3, ST 40, LI 4","GB 20, Ex HN 14, Extra, Extra, Extra, Extra, CV 23, Ex HN 12, Ex HN 13, SP 6, LR 3, ST 40, LI 4","GB 20, Yiming, CV 23, Jinjing, Yuye, SP 6, LR 3, ST 40, LI 4","Extra, Extra, Extra, Extra","TARA:2324295, TARA:7596288, TARA:5804897, TARA:3641900, TARA:7471145, TARA:4385250, TARA:6499349, TARA:9531666, TARA:0859695","","","",""
"794","A-112625-794","S-112625-794","O-112625-794","https://doi.org/10.1136/acupmed-2012-010269","Influence of acupuncture on the outcomes of in vitro fertilisation when embryo implantation has failed: a prospective randomised controlled clinical trial","BL 18, BL 22, BL 23, BL 52, CV 3, CV 4, CV 5, CV 7, GV 4, PC 6, KI 3, KI 6, KI 7, KI 10, LR 3, SP 4, SP 6, SP 10, ST 40, LU 7, Zigong","BL 18, BL 22, BL 23, BL 52, CV 3, CV 4, CV 5, CV 7, GV 4, PC 6, KI 3, KI 6, KI 7, KI 10, LR 3, SP 4, SP 6, SP 10, ST 40, LU 7, Zigong","BL 18, BL 22, BL 23, BL 52, CV 3, CV 4, CV 5, CV 7, GV 4, PC 6, KI 3, KI 6, KI 7, KI 10, LR 3, SP 4, SP 6, SP 10, ST 40, LU 7, CV 19","","TARA:9655874, TARA:3963382, TARA:0992296, TARA:7228895, TARA:0022762, TARA:9921528, TARA:1205186, TARA:0411625, TARA:8557069, TARA:4311153, TARA:4362146, TARA:2108622, TARA:9881298, TARA:8716769, TARA:6499349, TARA:7407065, TARA:4385250, TARA:8433932, TARA:9531666, TARA:3515622, TARA:5928999","","","",""
"799","A-112625-799","S-112625-799","O-112625-799","https://doi.org/10.1016/s0015-0282(01)03273-3","Influence of acupuncture on the pregnancy rate in patients who undergo assisted reproduction therapy","Cx 6, Sp 8, Liv 3, Gv 20, S 29, S 36, Sp 6, Sp 10, Li 4, ear point 55, ear point 58, ear point 22, ear point 34","Cx 6, Sp 8, Liv 3, Gv 20, S 29, S 36, Sp 6, Sp 10, Li 4, ear point 55, ear point 58, ear point 22, ear point 34","SP 8, LR 3, GV 20, ST 29, ST 36, SP 6, SP 10, LI 4","Cx 6, ear point 55, ear point 58, ear point 22, ear point 34","TARA:6848518, TARA:6499349, TARA:3386254, TARA:5873796, TARA:6463344, TARA:4385250, TARA:8433932, TARA:0859695","","","",""
"1747","A-112625-1747","S-112625-1747","O-112625-1747","https://doi.org/10.1111/jmwh.12262","Influence of Acupuncture on the Third Stage of Labor: A Randomized Controlled Trial","Ren Mai 6","Ren Mai 6","","Ren Mai 6","","","","",""
"881","A-112625-881","S-112625-881","O-112625-881","https://doi.org/10.1111/j.1398-9995.2009.02284.x","Influence of acupuncture on type I hypersensitivity itch and the wheal and flare response in adults with atopic eczema -a blinded, randomized, placebo-controlled, crossover trial","LI 11, SP 10","LI 11, SP 10","LI 11, SP 10","","TARA:8923096, TARA:8433932","","","",""
"1166","A-112625-1166","S-112625-1166","O-112625-1166","https://doi.org/10.1007/s11726-010-0454-4","Influence of Acupuncture plus LONG's Manual Manipulations on Functional Improvement in Lumbar Intervertebral Disc Protrusion","GV 4, GV 3, BL 24, BL 25, BL 54, BL 40","GV 4, GV 3, BL 24, BL 25, BL 54, BL 40","GV 4, GV 3, BL 24, BL 25, BL 54, BL 40","","TARA:8557069, TARA:8807122, TARA:7357260, TARA:0906448, TARA:0488267, TARA:5290080","","","",""
"808","A-112625-808","S-112625-808","O-112625-808","https://doi.org/10.1016/j.fertnstert.2005.12.015","Influence of acupuncture stimulation on pregnancy rates for women undergoing embryo transfer","Not specified","Not specified","","","","","","",""
"392","A-112625-392","S-112625-392","O-112625-392","https://doi.org/10.1136/acupmed-2013-010422","Influence of different durations of electroacupuncture stimulation on skin blood flow and muscle blood volume","Not specified","Not specified","","","","","","",""
"1533","A-112625-1533","S-112625-1533","O-112625-1533","uri not found","Influence of Electric Scalp Acupuncture
on Blood Apolipoprotein in Patients of Stroke:
A Prospective Randomized Trial on 183 Patients","Jianyu LI 15, Binao LI 14, Shousanli LI 10, Hegu LI 4, Biguan ST 31, Zusanli ST 36, Kunlun BL 60, Waiguan SJ 5, Yanglingquan GB 34, Juegu GB 39","LI 15, LI 14, LI 10, LI 4, ST 31, ST 36, BL 60, SJ 5, GB 34, GB 39","LI 15, LI 14, LI 10, LI 4, ST 31, ST 36, BL 60, TE 5, GB 34, GB 39","","TARA:7829474, TARA:3744150, TARA:0742938, TARA:0859695, TARA:9294655, TARA:6463344, TARA:5047947, TARA:8393005, TARA:8758950, TARA:3770332","","","",""
"506","A-112625-506","S-112625-506","O-112625-506","https://doi.org/10.1016/s0254-6272(09)60080-7","Influence of Electroacupuncture on the Side Effects of Fkuoxetine on Depression Patients","GV 20, GV 24, EX-HN 3, LR 3, LR 14, ST 40, LR 2, ST 36, SP 3, KI 3, BL 18, GV 14, SP 6, PC 6, CV 15, ST 25, ST 37","GV 20, GV 24, EX-HN 3, LR 3, LR 14, ST 40, LR 2, ST 36, SP 3, KI 3, BL 18, GV 14, SP 6, PC 6, CV 15, ST 25, ST 37","GV 20, GV 24, Yintang, LR 3, LR 14, ST 40, LR 2, ST 36, SP 3, KI 3, BL 18, GV 14, SP 6, PC 6, CV 15, ST 25, ST 37","","TARA:3386254, TARA:7679931, TARA:3135569, TARA:6499349, TARA:7479763, TARA:9531666, TARA:6862058, TARA:6463344, TARA:3003448, TARA:4362146, TARA:9655874, TARA:8452754, TARA:4385250, TARA:4311153, TARA:7624267, TARA:5717468, TARA:5918799","","","",""
"553","A-112625-553","S-112625-553","O-112625-553","https://doi.org/10.1007/s10549-016-3765-4","Informing hot flash treatment decisions for breast cancer survivors: a systematic review of randomized trials comparing active interventions","Not specified","Not specified","","","","","","",""
"899","A-112625-899","S-112625-899","O-112625-899","https://doi.org/10.1016/s0254-6272(08)60004-7","Insomnia Due to Deficiency of Both the Heart and Spleen Treated by Acupuncture Moxibustion and Chinese Tuina","HT 7, SP 6, SP 9, BL 15, BL 14, BL 20, EX HN 3, GV 24, BL 2, EX HN 5, BL 1, BL 18, BL 21, GB 20, GB 21, CV 12, CV 4, ST 36","HT 7, SP 6, SP 9, BL 15, BL 14, BL 20, EX HN 3, GV 24, BL 2, EX HN 5, BL 1, BL 18, BL 21, GB 20, GB 21, CV 12, CV 4, ST 36","HT 7, SP 6, SP 9, BL 15, BL 14, BL 20, Yintang, GV 24, BL 2, Taiyang, BL 1, BL 18, BL 21, GB 20, GB 21, CV 12, CV 4, ST 36","","TARA:2442762, TARA:4385250, TARA:3553465, TARA:5797983, TARA:9523348, TARA:3283628, TARA:3135569, TARA:7679931, TARA:8104948, TARA:9534465, TARA:1460220, TARA:9655874, TARA:4839095, TARA:2324295, TARA:5389461, TARA:0434959, TARA:9921528, TARA:6463344","","","",""
"1253","A-112625-1253","S-112625-1253","O-112625-1253","https://doi.org/10.1089/10755530260127952","Integrat ing Patient Preferen ces in Clinical Trials: A Pilot Study of Acupunc ture Versus Midazolam for Gastroscopy","CV 6, CV 12, CV 22, ST 36, Ear Stomach, Ear Spasmolysis, Ear Tai Jang","CV 6, CV 12, CV 22, ST 36, Ear Stomach, Ear Spasmolysis, Ear Tai Jang","CV 6, CV 12, CV 22, ST 36","Ear Stomach, Ear Spasmolysis, Ear Tai Jang","TARA:8833337, TARA:0434959, TARA:6472655, TARA:6463344","","","",""
"38","A-112625-38","S-112625-38","O-112625-38","https://doi.org/10.1097/RHU.0b013e3182a21848","Integrating acupuncture with exercise-based physical therapy for knee osteoarthritis: a randomized controlled trial","GB 34, SP 9, ST 36, ST 35, Xiyan, UB 60, GB 39, SP 6, KI 3","GB 34, SP 9, ST 36, ST 35, Xiyan, UB 60, GB 39, SP 6, KI 3","GB 34, SP 9, ST 36, ST 35, Xiyan, BL 60, GB 39, SP 6, KI 3","","TARA:8758950, TARA:3553465, TARA:6463344, TARA:2454652, TARA:0926802, TARA:5047947, TARA:3770332, TARA:4385250, TARA:4362146","","","",""
"776","A-112625-776","S-112625-776","O-112625-776","https://doi.org/10.1002/14651858.CD001139.pub4","Interventions for preventing and treating low-back and pelvic pain during pregnancy","Not specified","Not specified","","","","","","",""
"777","A-112625-777","S-112625-777","O-112625-777","https://doi.org/10.1002/14651858.CD010607.PUB2","Interventions for treating hyperemesis gravidarum: a Cochrane systematic review and meta-analysis","Not specified","Not specified","","","","","","",""
"908","A-112625-908","S-112625-908","O-112625-908","https://doi.org/10.1142/S0192415X09007624","Intradermal Acupuncture on Shen-Men and Nei-Kuan Acupoints Improves Insomnia in Stroke Patients by Reducing the Sympathetic Nervous Activity: A Randomized Clinical Trial","He 7, EH 6","He 7, EH 6","HT 7","EH 6","TARA:2442762","","","",""
"906","A-112625-906","S-112625-906","O-112625-906","https://doi.org/10.1142/S0192415X04002399","Intradermal Acupuncture on Shen-Men and Nei-Kuan Acupoints in Patients With Insomnia After Stroke","He 7, EH 6","He 7, EH 6","HT 7","EH 6","TARA:2442762","","","",""
"1","A-112625-1","S-112625-1","O-112625-1","https://doi.org/10.1002/lary.25252","Intraoperative Acupuncture for Posttonsillectomy Pain: A Randomized, Double-Blind, Placebo-Controlled Trial","LI 4, ST 36, P 6, SJ 5, KI 6, HT 7, master cerebral, cingulate gyrus, tonsil","LI 4, ST 36, P 6, SJ 5, KI 6, HT 7, master cerebral, cingulate gyrus, tonsil","LI 4, ST 36, PC 6, TE 5, KI 6, HT 7","master cerebral, cingulate gyrus, tonsil","TARA:0859695, TARA:6463344, TARA:4311153, TARA:8393005, TARA:2108622, TARA:2442762","","","",""
"8","A-112625-8","S-112625-8","O-112625-8","https://doi.org/10.1136/acupmed-2014-010749","Intraoperative and postoperative anaesthetic and analgesic effect of multipoint transcutaneous electrical acupuncture stimulation combined with sufentanil anaesthesia in patients undergoing supratentorial craniotomy","LI 4, TE 5, BL 63, LR 3, ST 36, GB 40, GB 20, BL 10, BL 2, EX-HN 4","LI 4, TE 5, BL 63, LR 3, ST 36, GB 40, GB 20, BL 10, BL 2, EX-HN 4","LI 4, TE 5, BL 63, LR 3, ST 36, GB 40, GB 20, BL 10, BL 2, Yuyao","","TARA:0859695, TARA:8393005, TARA:8435800, TARA:6499349, TARA:6463344, TARA:9254368, TARA:2324295, TARA:0242146, TARA:8104948, TARA:6946713","","","",""
"1505","A-112625-1505","S-112625-1505","O-112625-1505","https://doi.org/10.5772/53970","Introduction to Floating Acupuncture: Clinical Study on the Treatment of Lateral Epicondylitis","Not specified","Not specified","","","","","","",""
"394","A-112625-394","S-112625-394","O-112625-394","https://doi.org/10.1136/acupmed-2014-010617","Investigation into the effects of using two or four acupuncture needles with bidirectional rotation on experimentally-induced contact heat pain in healthy subjects","LI 4, LI 11, LI 10, TE 5","LI 4, LI 11, LI 10, TE 5","LI 4, LI 11, LI 10, TE 5","","TARA:0859695, TARA:8923096, TARA:0742938, TARA:8393005","","","",""
"729","A-112625-729","S-112625-729","O-112625-729","https://doi.org/10.1016/S0304-3959(99)00304-8","Is acupuncture effective for the treatment of chronic pain? A systematic review","Not specified","Not specified","","","","","","",""
"1834","A-112625-1834","S-112625-1834","O-112625-1834","https://pubmed.ncbi.nlm.nih.gov/10086765.0/","Is Acupuncture Effective in the Treatment of Fibromyalgia?","Not specified","Not specified","","","","","","",""
"263","A-112625-263","S-112625-263","O-112625-263","https://doi.org/10.2147/JPR.S55580","Is acupuncture effective in the treatment of pain in endometriosis?","BL 32, ST 29, ST 36, SP 6, CV 3, LR 3, LR 8, SP 9, SP 10, KI 10, CV 4, CV 6, GB 43, PC 6, EX 1, LU 7","","","","","","its a review - take out all points","",""
"613","A-112625-613","S-112625-613","O-112625-613","https://doi.org/10.1016/j.jns.2014.04.016","Is acupuncture efficacious therapy in Parkinson's disease?","GB 34, ST 36, LR 3, LI 4, LI 11, SI 3, BL 60, BL 62, L 3, LI 15, LI 20, LR 1, LR 2, LR 8, LU 5, LU 9, GB 20, HT 7, MH 6, MS 4, MS 6, MS 8, MS 9, MS 14, ST 7, ST 25, ST 41, ST 42, KI 3, KI 7, KI 10, KI 1, KI 17, SP 2, SP 3, SP 6, TB 5, GV 20, GV 26, CV 12, TE 5, TE 6","GB 34, ST 36, LR 3, LI 4, LI 11, SI 3, BL 60, BL 62, L 3, LI 15, LI 20, LR 1, LR 2, LR 8, LU 5, LU 9, GB 20, HT 7, MH 6, MS 4, MS 6, MS 8, MS 9, MS 14, ST 7, ST 25, ST 41, ST 42, KI 3, KI 7, KI 10, KI 1, KI 17, SP 2, SP 3, SP 6, TB 5, GV 20, GV 26, CV 12, TE 5, TE 6","GB 34, ST 36, LR 3, LI 4, LI 11, SI 3, BL 60, BL 62, LU 3, LI 15, LI 20, LR 1, LR 2, LR 8, LU 5, LU 9, GB 20, HT 7, ST 7, ST 25, ST 41, ST 42, KI 3, KI 7, KI 10, KI 1, KI 17, SP 2, SP 3, SP 6, TE 5, GV 20, GV 26, CV 12, TE 5, TE 6","MH 6, MS 4, MS 6, MS 8, MS 9, MS 14","TARA:8758950, TARA:6463344, TARA:6499349, TARA:0859695, TARA:8923096, TARA:0220496, TARA:5047947, TARA:1628341, TARA:3888808, TARA:7829474, TARA:6681003, TARA:2131658, TARA:6862058, TARA:1074531, TARA:1357729, TARA:8122277, TARA:2324295, TARA:2442762, TARA:2990862, TARA:5717468, TARA:6019290, TARA:7178938, TARA:4362146, TARA:9881298, TARA:8716769, TARA:4512048, TARA:5318555, TARA:6894093, TARA:3003448, TARA:4385250, TARA:8393005, TARA:3386254, TARA:0829128, TARA:0434959, TARA:8393005, TARA:7510801","","","",""
"272","A-112625-272","S-112625-272","O-112625-272","https://doi.org/10.1016/j.ejogrb.2010.06.023","Is acupuncture in addition to conventional medicine effective as pain treatment for endometriosis? A randomised controlled cross-over trial","BL 32, ST 29, ST 36, REN 3, SP 6, LI 3, LI 8, SP 9, SP 10, KI 10, SI 9, GB 31, LU 1, ST 8","BL 32, ST 29, ST 36, REN 3, SP 6, LI 3, LI 8, SP 9, SP 10, KI 10, SI 9, GB 31, LU 1, ST 8","BL 32, ST 29, ST 36, CV 3, SP 6, LI 3, LI 8, SP 9, SP 10, KI 10, SI 9, GB 31, LU 1, ST 8","","TARA:6742407, TARA:5873796, TARA:6463344, TARA:0022762, TARA:4385250, TARA:7867167, TARA:8455793, TARA:3553465, TARA:8433932, TARA:8716769, TARA:2187225, TARA:5264783, TARA:0913913, TARA:9946635","","","",""
"926","A-112625-926","S-112625-926","O-112625-926","https://doi.org/10.4103/0259-1162.177182","Is acupuncturing effective in controlling the gag reflex during dental procedures? A review of literature","PC 6, CV 24, Shenmen, stomach, throat","","","","","","review paper so removed points","",""
"649","A-112625-649","S-112625-649","O-112625-649","https://doi.org/10.1136/acupmed-2017-011401","Is laser acupuncture an effective complementary therapy for obesity management? A systematic review of clinical trials","ST 25, ST 36, ST 40, ST 44, LI 4, LI 11, SP 6, PC 6, CV 4, CV 9, CV 12, LI 4, LI 11, ST 28, ST 40, SP 15, CV 9, SP 6, ST 40, CV 8, ST 25, SP 15, LI 4, LI 11","","","","","","","",""
"359","A-112625-359","S-112625-359","O-112625-359","https://doi.org/10.1155/2015/152086","Is Skin-Touch Sham Needle Not Placebo? A Double-Blind Crossover Study on Pain Alleviation","LI 4","LI 4","LI 4","","TARA:0859695","","","",""
"1773","A-112625-1773","S-112625-1773","O-112625-1773","https://doi.org/10.1089/acm.2010.0325","Is the Diurnal Profile of Salivary Cortisol Concentration a Useful Marker for Measuring Reported Stress in Acupuncture Research? A Randomized Controlled Pilot Study","DU 20, DU 24, EX HN3, LI 4, PC 6, ST 36, LR 3, LR 2, PC 5, ST 25, RN 12, GB 34, ST 40","DU 20, DU 24, EX HN3, LI 4, PC 6, ST 36, LR 3, LR 2, PC 5, ST 25, RN 12, GB 34, ST 40","GV 20, GV 24, Yintang, LI 4, PC 6, ST 36, LR 3, LR 2, PC 5, ST 25, CV 12, GB 34, ST 40","","TARA:3386254, TARA:7679931, TARA:3135569, TARA:0859695, TARA:4311153, TARA:6463344, TARA:6499349, TARA:6862058, TARA:6477399, TARA:5717468, TARA:0434959, TARA:8758950, TARA:9531666","","","",""
"571","A-112625-571","S-112625-571","O-112625-571","https://doi.org/10.1136/aim.2011.004044","Is there a role for acupuncture in the symptom management of patients receiving palliative care for cancer? A pilot study of 20 patients comparing acupuncture with nurse-led supportive care","Not specified","Not specified","","","","","","",""
"1361","A-112625-1361","S-112625-1361","O-112625-1361","https://pubmed.ncbi.nlm.nih.gov/14719299.0/","Juvenile Myasthenia Laryngis Treated by Acupuncture and TCM Medication","Not specified","Not specified","","","","","","",""
"1777","A-112625-1777","S-112625-1777","O-112625-1777","https://doi.org/10.1046/j.1365-2281.2000.00280.x","Lack of effect of acupuncture upon signs and symptoms of delayed onset muscle soreness","P 2, Co 11, Lu 5, Co 4, distal third of the belly of biceps brachii (musculotendinous junction)","P 2, Co 11, Lu 5, Co 4, distal third of the belly of biceps brachii (musculotendinous junction)","PC 2, LI 11, LU 5, LI 4","distal third of the belly of biceps brachii (musculotendinous junction)","TARA:4819578, TARA:8923096, TARA:1357729, TARA:0859695","","","",""
"495","A-112625-495","S-112625-495","O-112625-495","https://doi.org/10.1136/aim.23.3.103","Laser acupuncture for mild to moderate depression in a primary care setting -a randomised controlled trial","LR 14, CV 15, CV 14, HT 7, LR 8, KI 10, LI 4, SP 6, GV 20","LR 14, CV 15, CV 14, HT 7, LR 8, KI 10, LI 4, SP 6, GV 20","LR 14, CV 15, CV 14, HT 7, LR 8, KI 10, LI 4, SP 6, GV 20","","TARA:7479763, TARA:7624267, TARA:4823591, TARA:2442762, TARA:1074531, TARA:8716769, TARA:0859695, TARA:4385250, TARA:3386254","","","",""
"723","A-112625-723","S-112625-723","O-112625-723","https://doi.org/10.1016/j.jams.2014.06.015","Laser Acupuncture for Treating Musculoskeletal Pain: A Systematic Review with Meta-analysis","Not specified","Not specified","","","","","","",""
"925","A-112625-925","S-112625-925","O-112625-925","https://doi.org/10.1016/0304-3959(90)91078-W","Laser treatment applied to acupuncture points in lateral humeral epicondylalgia. A double-blind study","LI 10, LI 11, LI 12, Lu 5, SJ 5","LI 10, LI 11, LI 12, Lu 5, SJ 5","LI 10, LI 11, LI 12, LU 5, TE 5","","TARA:0742938, TARA:8923096, TARA:9554328, TARA:1357729, TARA:8393005","","","",""
"122","A-112625-122","S-112625-122","O-112625-122","https://doi.org/10.1097/00007632-200107010-00005","Lessons from a Trial of Acupuncture and Massage for Low Back Pain Patient Expectations and Treatment Effects","Not specified","Not specified","","","","","","",""
"1762","A-112625-1762","S-112625-1762","O-112625-1762","https://doi.org/10.1155/2017/7916031","Lifestyle-Related Factors in the Self-Management of Chemotherapy-Induced Peripheral Neuropathy in Colorectal Cancer: A Systematic Review","Not specified","Not specified","","","","","","",""
"662","A-112625-662","S-112625-662","O-112625-662","https://doi.org/10.1097/aap.0000000000000740","Literature Review and Meta-Analysis of Transcutaneous Electrical Nerve Stimulation in Treating Chronic Back Pain","Not specified","Not specified","","","","","","",""
"770","A-112625-770","S-112625-770","O-112625-770","https://doi.org/10.1002/ejp.671","Local and distant acupuncture points stimulation for chronic musculoskeletal pain: A systematic review on the comparative effects","LI 4, LI 11, SI 15, GB 21, SI 14, TE 5, KI 3, GV 14, BL 40","","","","","","","",""
"1569","A-112625-1569","S-112625-1569","O-112625-1569","https://doi.org/10.1038/clpt.1991.106","Local anesthesia blocks the antiemetic
action of P6 acupuncture","P 6","P 6","PC 6","","TARA:4311153","","","",""
"362","A-112625-362","S-112625-362","O-112625-362","https://doi.org/10.1186/1476-5918-8-2","Local increase in trapezius muscle oxygenation during and after acupuncture","GB 21","GB 21","GB 21","","TARA:5389461","","","",""
"99","A-112625-99","S-112625-99","O-112625-99","https://doi.org/10.1016/j.jmpt.2004.12.004","Long-term follow-up of a randomized clinical trial assessing the efficacy of medication, acupuncture, and spinal manipulation for chronic mechanical spinal pain syndromes","Not specified","Not specified","","","","","","",""
"573","A-112625-573","S-112625-573","O-112625-573","https://doi.org/10.1080/13697130801958709","Long-term follow-up of acupuncture and hormone therapy on hot flushes in women with breast cancer: a prospective, randomized, controlled multicenter trial","Not specified","Not specified","","","","","","",""
"1774","A-112625-1774","S-112625-1774","O-112625-1774","https://pubmed.ncbi.nlm.nih.gov/22966246.0/","Longitudinal Anti-Müllerian Hormone in Women with Polycystic Ovary Syndrome: An Acupuncture Randomized Clinical Trial","BL 23, BL 28, SP 6, SP 9, PC 6, TE 5, GV 20","BL 23, BL 28, SP 6, SP 9, PC 6, TE 5, GV 20","BL 23, BL 28, SP 6, SP 9, PC 6, TE 5, GV 20","","TARA:0992296, TARA:5318530, TARA:4385250, TARA:3553465, TARA:4311153, TARA:8393005, TARA:3386254","","","",""
"1740","A-112625-1740","S-112625-1740","O-112625-1740","https://doi.org/https://doi.org/10.1089/acm.2014.5017.abstra","Longitudinal Study of Well-Being, Burnout and Emotional Intelligence in Family Medicine Residents","GV 20, GB 20, GV 14","GV 20, GB 20, GV 14","GV 20, GB 20, GV 14","","TARA:3386254, TARA:2324295, TARA:8452754","","","",""
"276","A-112625-276","S-112625-276","O-112625-276","https://doi.org/10.1152/ajpregu.00197.2009","Low-frequency electroacupuncture and physical exercise decrease high muscle sympathetic nerve activity in polycystic ovary syndrome","CV 3, CV 6, ST 29, SP 6, SP 9, LI 4, PC 6","CV 3, CV 6, ST 29, SP 6, SP 9, LI 4, PC 6","CV 3, CV 6, ST 29, SP 6, SP 9, LI 4, PC 6","","TARA:0022762, TARA:8833337, TARA:5873796, TARA:4385250, TARA:3553465, TARA:0859695, TARA:4311153","","","",""
"318","A-112625-318","S-112625-318","O-112625-318","https://doi.org/10.1142/S0192415X10008111","Manage Migraine with Acupuncture: A Review of Acupuncture Protocols in Randomized Controlled Trials","GB 20, EX-HN 5, GB 5, GV 14, GV 20, ST 8, LR 3, CV 12, LU 7, SP 6","","","","","","","",""
"929","A-112625-929","S-112625-929","O-112625-929","https://doi.org/10.1111/jopr.12957","Management of gag reflex for patients undergoing dental treatment (Review)","P 6","","","","","","","",""
"291","A-112625-291","S-112625-291","O-112625-291","https://doi.org/10.1016/j.maturitas.2009.10.017","Managing hot flushes in men after prostate cancer-A systematic review","Not specified","Not specified","","","","","","",""
"725","A-112625-725","S-112625-725","O-112625-725","https://doi.org/10.1016/j.apmr.2004.11.044","Manual Acupuncture for Analgesia During Electromyography: A Pilot Study","LI 4, LR 3","LI 4, LR 3","LI 4, LR 3","","TARA:0859695, TARA:6499349","","","",""
"769","A-112625-769","S-112625-769","O-112625-769","https://doi.org/10.1136/acupmed-2016-011176","Manual acupuncture for myofascial pain syndrome: a systematic review and meta-analysis","GB 20, GB 21, LI 4, LR 3, MTrP, TE 14, SI 3, BL 40, GB 34","","","","","","","",""
"584","A-112625-584","S-112625-584","O-112625-584","https://doi.org/10.1089/acm.2007.0793","Manual Acupuncture Improved Quality of Life in Cancer Patients with Radiation-Induced Xerostomia","ST 6, LI 4, ST 36, SP 6","ST 6, LI 4, ST 36, SP 6","ST 6, LI 4, ST 36, SP 6","","TARA:7834226, TARA:0859695, TARA:6463344, TARA:4385250","","","",""
"1433","A-112625-1433","S-112625-1433","O-112625-1433","https://doi.org/10.1016/s0885-3924(00)00185-8","Manual Acupuncture Reduces Hyperemesis Gravidarum: A Placebo-Controlled, Randomized, Single-Blind, Crossover Study","PC 6","PC 6","PC 6","","TARA:4311153","","","",""
"651","A-112625-651","S-112625-651","O-112625-651","https://doi.org/10.1016/j.gtc.2017.08.015","Massage Acupuncture, Moxibustion, and Other Forms of Complementary and Alter native Medicine in Inflammatory Bowel Disease","Not specified","Not specified","","","","","","",""
"818","A-112625-818","S-112625-818","O-112625-818","https://doi.org/10.3109/00016489.2014.973533","Measurable impact of acupuncture on mucosal swelling of inferior turbinates: a prospective, randomized, controlled study","Ic 20, Ex 1, Ic 4","LI 4, LI 20, Yintang","LI 4, LI 20, Yintang","","TARA:0859695, TARA:6681003, TARA:3135569","","fixed","",""
"267","A-112625-267","S-112625-267","O-112625-267","uri not found","Mechanism study on acupuncture for non-insulin resistant polycystic ovary syndrome","EX B 3, SP 6","EX B 3, SP 6","Weiwanxiashu, SP 6","","TARA:4242691, TARA:4385250","","","",""
"648","A-112625-648","S-112625-648","O-112625-648","https://doi.org/10.3390/ijms18112270","Mechanisms of Acupuncture Therapy in Ischemic Stroke Rehabilitation: A Literature Review of Basic Studies","Baihui GV 20, Zusanli ST 36, Quchi LI 11, Shuigou GV 26, Dazhui GV 14, Hegu LI 4, Tanzhong CV 17, Zhongwan CV 12, Qihai CV 6, Xuehai SP 10, Fengfu GV 16, Shenting GV 24, Renzhong GV 26, Chengjiang CV 24, Chize LU 5, Sanyinjiao SP 6","","","","","","","",""
"819","A-112625-819","S-112625-819","O-112625-819","https://doi.org/10.1155/2015/975632","Mediators, Receptors, and Signalling Pathways in the Anti-Inflammatory and Antihyperalgesic Effects of Acupuncture","SP 9, ST 36, BL 60, GB 34, GV 26, SP 6, GB 30, SI 3, TE 8, LI 3, LI 6, GV 2, GV 6, BL 40","SP 9, ST 36, BL 60, GB 34, GV 26, SP 6, GB 30, SI 3, TE 8, LI 3, LI 6, GV 2, GV 6, BL 40","SP 9, ST 36, BL 60, GB 34, GV 26, SP 6, GB 30, SI 3, TE 8, LI 3, LI 6, GV 2, GV 6, BL 40","","TARA:3553465, TARA:6463344, TARA:5047947, TARA:8758950, TARA:0829128, TARA:4385250, TARA:9378285, TARA:0220496, TARA:1698911, TARA:7867167, TARA:9876402, TARA:2678362, TARA:5902217, TARA:5290080","","","",""
"1749","A-112625-1749","S-112625-1749","O-112625-1749","https://doi.org/10.1016/s0254-6272(12)60024-7","Meta analysis of the curative effect of acupuncture on post-stroke depression","Not specified","Not specified","","","","","","",""
"206","A-112625-206","S-112625-206","O-112625-206","https://doi.org/10.1186/1472-6882-13-311","Meta-analysis of acupuncture for relieving non-organic dyspeptic symptoms suggestive of diabetic gastroparesis","ST 36, LI 4, CV 12, PC 6, ST 25, BL 21, BL 20, LR 13, BL 23, LR 14, GB 25, CV 17, CV 13, CV 4, CV 10, CV 8, CV 6","ST 36, LI 4, CV 12, PC 6, ST 25, BL 21, BL 20, LR 13, BL 23, LR 14, GB 25, CV 17, CV 13, CV 4, CV 10, CV 8, CV 6","ST 36, LI 4, CV 12, PC 6, ST 25, BL 21, BL 20, LR 13, BL 23, LR 14, GB 25, CV 17, CV 13, CV 4, CV 10, CV 8, CV 6","","TARA:6463344, TARA:0859695, TARA:0434959, TARA:4311153, TARA:5717468, TARA:4839095, TARA:3283628, TARA:0794971, TARA:0992296, TARA:7479763, TARA:1882219, TARA:3472408, TARA:4525270, TARA:9921528, TARA:1822260, TARA:9392275, TARA:8833337","","","",""
"583","A-112625-583","S-112625-583","O-112625-583","https://doi.org/10.1177/1534735413510024","Meta-Analysis of Randomized Controlled Trials of Acupuncture for Cancer-Related Fatigue","Not specified","Not specified","","","","","","",""
"1772","A-112625-1772","S-112625-1772","O-112625-1772","https://doi.org/10.1089/acm.2010.0156","Meta-Analysis of Scalp Acupuncture for Acute Hypertensive Intracerebral Hemorrhage","Not specified","Not specified","","","","","","",""
"973","A-112625-973","S-112625-973","O-112625-973","https://doi.org/10.1177/0897190013489574","Methadone Maintenance Treatment Versus Methadone Maintenance Treatment Plus Auricular Acupuncture: Impacts on Patient Satisfaction and Coping Mechanism","shen men, sympathetic, kidney, liver, lung","shen men, sympathetic, kidney, liver, lung","HT 7","sympathetic, kidney, liver, lung","TARA:2442762","","","",""
"381","A-112625-381","S-112625-381","O-112625-381","https://doi.org/10.1088/0967-3334/28/10/N01","Microcirculatory characteristics of acupuncture points obtained by laser Doppler flowmetry","LI 4, BL 64, LI 5, LI 3, BL 65","LI 4, BL 64, LI 5, LI 3, BL 65","LI 4, BL 64, LI 5, LI 3, BL 65","","TARA:0859695, TARA:0471803, TARA:5677319, TARA:7867167, TARA:7430197","","","",""
"1287","A-112625-1287","S-112625-1287","O-112625-1287","uri not found","Migraine Treated by Acupuncture","RN 17, LI 4, LR 3, DU 24, GB 13, HT 7, EX HN 5, GB 20","RN 17, LI 4, LR 3, DU 24, GB 13, HT 7, EX HN 5, GB 20","CV 17, LI 4, LR 3, GV 24, GB 13, HT 7, Taiyang, GB 20","","TARA:3472408, TARA:0859695, TARA:6499349, TARA:7679931, TARA:4994509, TARA:2442762, TARA:9534465, TARA:2324295","","","",""
"295","A-112625-295","S-112625-295","O-112625-295","https://doi.org/10.2164/jandrol.111.013235","Minireview Acupuncture for Chronic Nonbacterial Prostatitis/Chronic Pelvic Pain Syndrome: A Systematic Review","CV 1, CV 2, CV 3, CV 4, CV 6, BL 22, BL 23, BL 28, BL 32, BL 34, BL 35, BL 54, ST 28, SP 6, SP 9, KI 3","","","","","","","",""
"700","A-112625-700","S-112625-700","O-112625-700","https://doi.org/10.1016/j.apmr.2004.11.047","Modulation of the Sleep State-Dependent P50 Midlatency Auditory-Evoked Potential by Electric Stimulation of Acupuncture Points","PC 6, HT 3, LR 3, GB 34, LI 11, SI 3","PC 6, HT 3, LR 3, GB 34, LI 11, SI 3","PC 6, HT 3, LR 3, GB 34, LI 11, SI 3","","TARA:4311153, TARA:2385378, TARA:6499349, TARA:8758950, TARA:8923096, TARA:0220496","","","",""
"1030","A-112625-1030","S-112625-1030","O-112625-1030","https://doi.org/10.1097/01.anes.0000290617.98058.d9","Monitoring of Neuromuscular Blockade at the P6 Acupuncture Point Reduces the Incidence of Postoperative Nausea and Vomiting","P 6","P 6","PC 6","","TARA:4311153","","","",""
"691","A-112625-691","S-112625-691","O-112625-691","https://doi.org/10.1016/j.maturitas.2017.03.314","Moxibustion for the treatment of osteoarthritis: An updated systematic review and meta-analysis","ST 35, EX-LE 4, Ashi points, SP 9, ST 36, EX-LE 2, GB 3, KI 3, GB 39, SP 10, GV 14, BL 23","","","","","","","",""
"1380","A-112625-1380","S-112625-1380","O-112625-1380","https://pubmed.ncbi.nlm.nih.gov/17710799.0/","Moxibustion in Combination with Psychological Approaches in 310 Cases","Not specified","Not specified","","","","","","",""
"308","A-112625-308","S-112625-308","O-112625-308","https://doi.org/10.1046/j.1468-2982.1990.1003131.x","Muscle tenderness in tension headache treated with acupuncture or physiotherapy","GB 20, GB 21, LI 4, GB 14, Tai Yang, Yin Tang","GB 20, GB 21, LI 4, GB 14, Tai Yang, Yin Tang","GB 20, GB 21, LI 4, GB 14, Taiyang, Yintang","","TARA:2324295, TARA:5389461, TARA:0859695, TARA:9987270, TARA:9534465, TARA:3135569","","","",""
"722","A-112625-722","S-112625-722","O-112625-722","https://doi.org/10.1016/j.math.2010.05.010","Myofascial trigger point needling for whiplash associated pain e A feasibility study","Not specified","Not specified","","","","","","",""
"1153","A-112625-1153","S-112625-1153","O-112625-1153","https://doi.org/10.1371/journal.pone.0000919","Naturopathic Care for Chronic Low Back Pain: A Randomized Trial","GV 3, GV 4, BL 23, BL 25, BL 40","GV 3, GV 4, BL 23, BL 25, BL 40","GV 3, GV 4, BL 23, BL 25, BL 40","","TARA:8807122, TARA:8557069, TARA:0992296, TARA:0906448, TARA:5290080","","","",""
"864","A-112625-864","S-112625-864","O-112625-864","https://doi.org/10.1002/art.24675","Naturopathic Treatment of Rotator Cuff Tendinitis Among Canadian Postal Workers: A Randomized Controlled Trial","LI 15, SJ 14, SI 19, SI 10, SI 11, SI 12, SI 13, BL 41, BL 42, BL 43, BL 44, BL 45, BL 46","LI 15, SJ 14, SI 19, SI 10, SI 11, SI 12, SI 13, BL 41, BL 42, BL 43, BL 44, BL 45, BL 46","LI 15, TE 14, SI 19, SI 10, SI 11, SI 12, SI 13, BL 41, BL 42, BL 43, BL 44, BL 45, BL 46","","TARA:7829474, TARA:5894876, TARA:1772472, TARA:0683404, TARA:4122792, TARA:5888779, TARA:9116386, TARA:7423288, TARA:1068174, TARA:5367032, TARA:7646636, TARA:8937265, TARA:0607588","","","",""
"523","A-112625-523","S-112625-523","O-112625-523","https://doi.org/10.1097/AJP.0b013e3181e375c9","Neck Pain Treatment With Acupuncture: Does the Number of Needles Matter?","SI 3, TE 5, BL 62, GB 20, GV 14","SI 3, TE 5, BL 62, GB 20, GV 14","SI 3, TE 5, BL 62, GB 20, GV 14","","TARA:0220496, TARA:8393005, TARA:1628341, TARA:2324295, TARA:8452754","","","",""
"1116","A-112625-1116","S-112625-1116","O-112625-1116","https://pubmed.ncbi.nlm.nih.gov/22588814.0/","Needle acupuncture for osteoarthritis of the knee A systematic review and updated meta analysis","Not specified","Not specified","","","","","","",""
"1083","A-112625-1083","S-112625-1083","O-112625-1083","https://doi.org/10.1016/j.apmr.2003.06.012","Needle Acupuncture in Chronic Poststroke Leg Spasticity","GB 34, GB 39, LR 3, LI 4, ST 36, LI 10, SP 6, LU 9, GV 20","GB 34, GB 39, LR 3, LI 4, ST 36, LI 10, SP 6, LU 9, GV 20","GB 34, GB 39, LR 3, LI 4, ST 36, LI 10, SP 6, LU 9, GV 20","","TARA:8758950, TARA:3770332, TARA:6499349, TARA:0859695, TARA:6463344, TARA:0742938, TARA:4385250, TARA:8122277, TARA:3386254","","","",""
"346","A-112625-346","S-112625-346","O-112625-346","https://doi.org/10.1046/j.1468-2982.2001.00198.x","Needle acupuncture in tension-type headache: a randomized, placebo-controlled study","GB 20, LI 4, LR 3, GB 8, GB 14, GB 21, GB 41, UB 2, UB 10, UB 60, LU 7, TW 5, ST 8, ST 36, ST 44, DU 20, Extra 1","GB 20, LI 4, LR 3, GB 8, GB 14, GB 21, GB 41, UB 2, UB 10, UB 60, LU 7, TW 5, ST 8, ST 36, ST 44, DU 20, Yintang","GB 20, LI 4, LR 3, GB 8, GB 14, GB 21, GB 41, BL 2, BL 10, BL 60, LU 7, TE 5, ST 8, ST 36, ST 44, GV 20, Yintang","","TARA:2324295, TARA:0859695, TARA:6499349, TARA:5363236, TARA:9987270, TARA:5389461, TARA:3668538, TARA:8104948, TARA:0242146, TARA:5047947, TARA:3515622, TARA:8393005, TARA:9946635, TARA:6463344, TARA:8440155, TARA:3386254, TARA:3135569","","done","",""
"50","A-112625-50","S-112625-50","O-112625-50","https://doi.org/10.3892/etm.2014.1516","Needle-knife therapy improves the clinical symptoms of knee osteoarthritis by inhibiting the expression of inflammatory cytokines","Neixiyan, Waixiyan, Xuanzhong, Xuehai, Dubi, Taixi","Neixiyan, Waixiyan, Xuanzhong, Xuehai, Dubi, Taixi","Medial Xiyan, GB 39, SP 10, ST 35, KI 3","Waixiyan","TARA:8759132, TARA:3770332, TARA:8433932, TARA:2454652, TARA:4362146","","","",""
"1175","A-112625-1175","S-112625-1175","O-112625-1175","https://pubmed.ncbi.nlm.nih.gov/16447669.0/","Needling Neiguan (P6) for Treatment of Low Pulse Pressure Syndrome —A Report of 31 Cases","P 6","P 6","PC 6","","TARA:4311153","","","",""
"460","A-112625-460","S-112625-460","O-112625-460","https://doi.org/10.1142/S0192415X04002363","Needling of the Extra 1 Point Decreases BIS Values and Preoperative Anxiety","EX-HN 3","yintang","Yintang","","TARA:3135569","","fixed","",""
"1545","A-112625-1545","S-112625-1545","O-112625-1545","uri not found","Needling Paravertebral Points in Treatment of Post-Stroke Thalamic Pain","Huatuo Jiaji points","Huatuo Jiaji points","","Huatuo Jiaji points","","","","",""
"727","A-112625-727","S-112625-727","O-112625-727","https://doi.org/10.1053/apmr.2001.24023","Needling Therapies in the Management of Myofascial Trigger Point Pain: A Systematic Review","Not specified","Not specified","","","","","","",""
"1571","A-112625-1571","S-112625-1571","O-112625-1571","uri not found","Neiguan, the P6 anti-emetic acupuncture point: effect on nalbuphine emetic sequelae","Not specified","Not specified","","","","","","",""
"952","A-112625-952","S-112625-952","O-112625-952","https://doi.org/10.1007/s00213-013-3015-y","Neural substrates of acupuncture in the modulation of cravings induced by smoking-related visual cues: an FMRI study","HT 7","HT 7","HT 7","","TARA:2442762","","","",""
"707","A-112625-707","S-112625-707","O-112625-707","https://doi.org/10.1006/nimg.2002.1145","Neuronal Specificity of Acupuncture Response: A fMRI Study with Electroacupuncture","GB 34, GB 37, GB 43","GB 34, GB 37, GB 43","GB 34, GB 37, GB 43","","TARA:8758950, TARA:6320058, TARA:8885103","","","",""
"840","A-112625-840","S-112625-840","O-112625-840","https://doi.org/10.1136/aim.20.2-3.66","No Effect Of Chinese Acupuncture On Isocapnic Hyperventilation With Cold Air In Asthmatics, Measured With Impulse Oscillometry","LU 5, LU 6, LU 7, PC 6, CV 17, BL 13, Dingchuan, GV 20, ST 36, ST 40, KI 3","LU 5, LU 6, LU 7, PC 6, CV 17, BL 13, Dingchuan, GV 20, ST 36, ST 40, KI 3","LU 5, LU 6, LU 7, PC 6, CV 17, BL 13, Dingchuan, GV 20, ST 36, ST 40, KI 3","","TARA:1357729, TARA:3496812, TARA:3515622, TARA:4311153, TARA:3472408, TARA:6050541, TARA:8009041, TARA:3386254, TARA:6463344, TARA:9531666, TARA:4362146","","","",""
"1766","A-112625-1766","S-112625-1766","O-112625-1766","https://doi.org/10.1016/j.ctim.2010.12.002","Non penetrating sham needle, is it an adequate sham control in acupuncture research? ଝ","LI 4, CV 12, ST 36","LI 4, CV 12, ST 36","LI 4, CV 12, ST 36","","TARA:0859695, TARA:0434959, TARA:6463344","","","",""
"1291","A-112625-1291","S-112625-1291","O-112625-1291","https://doi.org/10.1007/s100720300062","Non-pharmacological approaches to chronic headaches: transcutaneous
electrical nerve stimulation, lasertherapy and acupuncture in
transformed migraine treatment","LR 3, SP 6, LI 4, GB 20, GV 20, EX-HN 5, GB 14, BL 10, GB 21, ST 36, CV 12, HT 7","LR 3, SP 6, LI 4, GB 20, GV 20, EX-HN 5, GB 14, BL 10, GB 21, ST 36, CV 12, HT 7","LR 3, SP 6, LI 4, GB 20, GV 20, Taiyang, GB 14, BL 10, GB 21, ST 36, CV 12, HT 7","","TARA:6499349, TARA:4385250, TARA:0859695, TARA:2324295, TARA:3386254, TARA:9534465, TARA:9987270, TARA:0242146, TARA:5389461, TARA:6463344, TARA:0434959, TARA:2442762","","","",""
"60","A-112625-60","S-112625-60","O-112625-60","https://doi.org/10.1054/ctim.2001.0442","Non-specific effects of traditional Chinese acupuncture in osteoarthritis of the hip","GB 30, GB 31, BL 37, ST 40, BL 54, GB 34, Ah-Shi-points","GB 30, GB 31, BL 37, ST 40, BL 54, GB 34, Ah-Shi-points","GB 30, GB 31, BL 37, ST 40, BL 54, GB 34","Ah-Shi-points","TARA:9378285, TARA:5264783, TARA:2678584, TARA:9531666, TARA:0488267, TARA:8758950","","","",""
"995","A-112625-995","S-112625-995","O-112625-995","https://doi.org/10.1016/j.ajog.2016.01.156","Nonantimuscarinic treatment for overactive bladder: a systematic review","Not specified","Not specified","","","","","","",""
"92","A-112625-92","S-112625-92","O-112625-92","https://doi.org/10.7326/M16-2459","Nonpharmacologic Therapies for Low Back Pain: A Systematic Review for an American College of Physicians Clinical Practice Guideline","Not specified","Not specified","","","","","","",""
"735","A-112625-735","S-112625-735","O-112625-735","https://doi.org/10.1155/2013/219817","Objectifying Acupuncture Effects by Lung Function and Numeric Rating Scale in Patients Undergoing Heart Surgery","LI 4, GV 20, EX 1, BL 60, GB 8, SI 6, ST 8, SP 10, ST 34, ST 44, PC 6, LR 2, KI 3","LI 4, GV 20, Yintang, BL 60, GB 8, SI 6, ST 8, SP 10, ST 34, ST 44, PC 6, LR 2, KI 3","LI 4, GV 20, Yintang, BL 60, GB 8, SI 6, ST 8, SP 10, ST 34, ST 44, PC 6, LR 2, KI 3","","TARA:0859695, TARA:3386254, TARA:3135569, TARA:5047947, TARA:5363236, TARA:4125415, TARA:9946635, TARA:8433932, TARA:8773594, TARA:8440155, TARA:4311153, TARA:6862058, TARA:4362146","","fixed","",""
"1389","A-112625-1389","S-112625-1389","O-112625-1389","uri not found","Observation and Mechanism Exploration of Acupuncture on Body Weight Reduction","Not specified","Not specified","","","","","","",""
"1392","A-112625-1392","S-112625-1392","O-112625-1392","https://doi.org/10.1142/S0192415X09007466","Observation of Sympathomimetic Effect of Ear Acupuncture Stimulation for Body Weight Reduction","Hunger, Stomach, Lung, Sanjiao, Eye, Frontalis, Clavicle, Finger, Shenmen","Hunger, Stomach, Lung, Sanjiao, Eye, Frontalis, Clavicle, Finger","","Hunger, Stomach, Lung, Sanjiao, Eye, Frontalis, Clavicle, Finger","","","shenmen removed because not used in paper","",""
"1243","A-112625-1243","S-112625-1243","O-112625-1243","https://pubmed.ncbi.nlm.nih.gov/10681867.0/","Observation of the efficacy of acupuncture and moxibustion in 62 cases of chronic colitis","St 25, Ren 4","St 25, Ren 4","ST 25, CV 4","","TARA:5717468, TARA:9921528","","","",""
"1249","A-112625-1249","S-112625-1249","O-112625-1249","uri not found","Observation of the Therapeutic Effect of Acupuncture on 58 Cases of Functional Dyspepsia","ST 36, RN 12, PC 6, ST 25, ST 34, ST 37, ST 39","ST 36, RN 12, PC 6, ST 25, ST 34, ST 37, ST 39","ST 36, CV 12, PC 6, ST 25, ST 34, ST 37, ST 39","","TARA:6463344, TARA:0434959, TARA:4311153, TARA:5717468, TARA:8773594, TARA:5918799, TARA:6728804","","","",""
"1745","A-112625-1745","S-112625-1745","O-112625-1745","https://doi.org/10.1007/s11726-011-0468-6","Observation of Therapeutic Effects of Needle Warming Moxibustion for Chronic Diarrhea 温针灸治疗慢性腹泻疗效观察","ST 36, ST 25","ST 36, ST 25","ST 36, ST 25","","TARA:6463344, TARA:5717468","","","",""
"1565","A-112625-1565","S-112625-1565","O-112625-1565","https://pubmed.ncbi.nlm.nih.gov/14719302.0/","Observation on Acupuncture Treatment of Ischemic Apoplexy by Nourishing the Kidney and Regulating the Du Channel","BL 23, GV 16, GV 8, KI 3, GV 4, GV 14, TE 5, LI 4, ST 40, GB 37, LI 15, LI 11, LI 10, GB 30, GB 34, ST 36, ST 41, BL 60","BL 23, GV 16, GV 8, KI 3, GV 4, GV 14, TE 5, LI 4, ST 40, GB 37, LI 15, LI 11, LI 10, GB 30, GB 34, ST 36, ST 41, BL 60","BL 23, GV 16, GV 8, KI 3, GV 4, GV 14, TE 5, LI 4, ST 40, GB 37, LI 15, LI 11, LI 10, GB 30, GB 34, ST 36, ST 41, BL 60","","TARA:0992296, TARA:3361967, TARA:8093645, TARA:4362146, TARA:8557069, TARA:8452754, TARA:8393005, TARA:0859695, TARA:9531666, TARA:6320058, TARA:7829474, TARA:8923096, TARA:0742938, TARA:9378285, TARA:8758950, TARA:6463344, TARA:6019290, TARA:5047947","","","",""
"517","A-112625-517","S-112625-517","O-112625-517","https://doi.org/10.1007/s11726-011-0541-1","Observation on Efficacy of Acupuncture for Hyperplasia of Mammary Glands","Not specified","Not specified","","","","","","",""
"1475","A-112625-1475","S-112625-1475","O-112625-1475","https://doi.org/10.1007/s11726-011-0498-0","Observation on the Effect of Cutaneous Acupuncture for Erysipelas with Hard Swollen Skin","Not specified","Not specified","","","","","","",""
"1388","A-112625-1388","S-112625-1388","O-112625-1388","https://pubmed.ncbi.nlm.nih.gov/12400423.0/","Observation on the Therapeutic Effects of Acupuncture for 60 Cases of Simple Obesity","ST 25, ST 24, ST 26, CV 10, GV 5, LI 11, TE 6, SP 10, ST 32, ST 34, ST 36, ST 40, SP 9, SP 6","ST 25, ST 24, ST 26, CV 10, GV 5, LI 11, TE 6, SP 10, ST 32, ST 34, ST 36, ST 40, SP 9, SP 6","ST 25, ST 24, ST 26, CV 10, GV 5, LI 11, TE 6, SP 10, ST 32, ST 34, ST 36, ST 40, SP 9, SP 6","","TARA:5717468, TARA:1211048, TARA:8646804, TARA:1822260, TARA:1697302, TARA:8923096, TARA:7510801, TARA:8433932, TARA:8826565, TARA:8773594, TARA:6463344, TARA:9531666, TARA:3553465, TARA:4385250","","","",""
"1428","A-112625-1428","S-112625-1428","O-112625-1428","https://pubmed.ncbi.nlm.nih.gov/20088416.0/","Observation on therapeutic effect of acupuncture on hyperemesis gravidarum","BL 11, ST 37, PC 6, SP 4, RN 12, ST 36, BL 20, BL 21, BL 18, LR 3, ST 40, SP 9, KI 6","BL 11, ST 37, PC 6, SP 4, RN 12, ST 36, BL 20, BL 21, BL 18, LR 3, ST 40, SP 9, KI 6","BL 11, ST 37, PC 6, SP 4, CV 12, ST 36, BL 20, BL 21, BL 18, LR 3, ST 40, SP 9, KI 6","","TARA:1985889, TARA:5918799, TARA:4311153, TARA:7407065, TARA:0434959, TARA:6463344, TARA:3283628, TARA:4839095, TARA:9655874, TARA:6499349, TARA:9531666, TARA:3553465, TARA:2108622","","","",""
"1177","A-112625-1177","S-112625-1177","O-112625-1177","uri not found","Observation on therapeutic effect of magnetic acupuncture treatment of simple obesity complicated with hyperlipidemia","ST 40, PC 6","ST 40, PC 6","ST 40, PC 6","","TARA:9531666, TARA:4311153","","","",""
"1765","A-112625-1765","S-112625-1765","O-112625-1765","https://doi.org/10.1007/s11726-012-0561-5","Observation on Therapeutic Effects of Abdominal Acupuncture plus Body Acupuncture for Moderate Depression","CV 12, CV 10, CV 6, CV 4, GB 20, GV 29, PC 6, LR 3, HT 5, BL 15, SP 6, KI 3, BL 20, ST 36, BL 18, BL 23, ST 24, ST 26, Shangfengshidian (Extra)","CV 12, CV 10, CV 6, CV 4, GB 20, GV 29, PC 6, LR 3, HT 5, BL 15, SP 6, KI 3, BL 20, ST 36, BL 18, BL 23, ST 24, ST 26, Shangfengshidian","CV 12, CV 10, CV 6, CV 4, GB 20, PC 6, LR 3, HT 5, BL 15, SP 6, KI 3, BL 20, ST 36, BL 18, BL 23, ST 24, ST 26","GV 29, Shangfengshidian","TARA:0434959, TARA:1822260, TARA:8833337, TARA:9921528, TARA:2324295, TARA:4311153, TARA:6499349, TARA:1282828, TARA:5797983, TARA:4385250, TARA:4362146, TARA:3283628, TARA:6463344, TARA:9655874, TARA:0992296, TARA:1211048, TARA:8646804","","","",""
"1654","A-112625-1654","S-112625-1654","O-112625-1654","https://doi.org/10.1007/s11726-009-0228-z","Observation on Therapeutic Effects of Acupuncture and Tuina in Treatment of Sprains and Strains of Minor Joints at Four Extremities","Not specified","Not specified","","","","","","",""
"1210","A-112625-1210","S-112625-1210","O-112625-1210","https://pubmed.ncbi.nlm.nih.gov/10437209.0/","Observation on therapeutic effects of blood-letting puncture with cupping in acute trigeminal neuralgia","Not specified","Not specified","","","","","","",""
"1306","A-112625-1306","S-112625-1306","O-112625-1306","https://pubmed.ncbi.nlm.nih.gov/17036488.0/","Observation on therapeutic effects of scalp acupuncture analgesia on labor","Not specified","Not specified","","","","","","",""
"1377","A-112625-1377","S-112625-1377","O-112625-1377","https://pubmed.ncbi.nlm.nih.gov/17393617.0/","Observation on Treatment of Dizziness Mainly by Acupuncture","Jiaji C1 C4, Taiyang EX HN 5, Touwei ST 8, Sizhukong TE 23, Shuaigu GB 8, Fengchi GB 20, Taichong LR 3, Taixi KI 3, Sanyinjiao SP 6, Geshu BL 17","Jiaji C1 C4, Taiyang, Touwei, Sizhukong, Shuaigu, Fengchi, Taichong, Taixi, Sanyinjiao, Geshu","Taiyang, ST 8, TE 23, GB 8, GB 20, LR 3, KI 3, SP 6, BL 17","Jiaji C1 C4","TARA:9534465, TARA:9946635, TARA:6752232, TARA:5363236, TARA:2324295, TARA:6499349, TARA:4362146, TARA:4385250, TARA:1124682","","","",""
"1502","A-112625-1502","S-112625-1502","O-112625-1502","https://pubmed.ncbi.nlm.nih.gov/2761282.0/","Observations on clinical therapeutic effect in treating soft tissue injuries by acupuncture, with pain threshold and electromyography as parameters","UB 57, UB 40, UB 23, Ren 6, UB 25, SJ 5, LI 11, LI 14, P 2, LI 16, GB 21, LI 15, LI 9, SI 12","UB 57, UB 40, UB 23, Ren 6, UB 25, SJ 5, LI 11, LI 14, P 2, LI 16, GB 21, LI 15, LI 9, SI 12","BL 57, BL 40, BL 23, CV 6, BL 25, TE 5, LI 11, LI 14, PC 2, LI 16, GB 21, LI 15, LI 9, SI 12","","TARA:4589241, TARA:5290080, TARA:0992296, TARA:8833337, TARA:0906448, TARA:8393005, TARA:8923096, TARA:3744150, TARA:4819578, TARA:1252750, TARA:5389461, TARA:7829474, TARA:0670229, TARA:5888779","","","",""
"1328","A-112625-1328","S-112625-1328","O-112625-1328","uri not found","Observations on the Therapeutic Effects of Acupuncture on Vascular Dementia","HT 7, KI 3, BL 58, SP 3, ST 40, LR 3, GV 20, GB 13, GB 20, GV 14, CV 17, CV 4","HT 7, KI 3, BL 58, SP 3, ST 40, LR 3, GV 20, GB 13, GB 20, GV 14, CV 17, CV 4","HT 7, KI 3, BL 58, SP 3, ST 40, LR 3, GV 20, GB 13, GB 20, GV 14, CV 17, CV 4","","TARA:2442762, TARA:4362146, TARA:5362994, TARA:3003448, TARA:9531666, TARA:6499349, TARA:3386254, TARA:4994509, TARA:2324295, TARA:8452754, TARA:3472408, TARA:9921528","","","",""
"309","A-112625-309","S-112625-309","O-112625-309","https://doi.org/10.1046/j.1468-2982.1990.1003123.x","Oculomotor Disturbances in Patients with Tension Headache Treated with Acupuncture or Physiotherapy","GB 20, GB 21, LI 4","GB 20, GB 21, LI 4","GB 20, GB 21, LI 4","","TARA:2324295, TARA:5389461, TARA:0859695","","","",""
"1016","A-112625-1016","S-112625-1016","O-112625-1016","https://doi.org/10.1136/acupmed-2013-010340","Ondansetron combined with ST36 (Zusanli) acupuncture point injection for postoperative vomiting","ST 36","ST 36","ST 36","","TARA:6463344","","","",""
"1421","A-112625-1421","S-112625-1421","O-112625-1421","https://doi.org/10.1007/s00508-005-0501-1","Oral acupuncture in the therapy of craniomandibular dysfunction syndrome -a randomized controlled trial (RCT)","Maxilla retromolar, Mandible retromolar, Maxilla vestibulum, Mandible vestibulum, LI 4, SI 2, SI 3, Ear, Sternum","Maxilla retromolar, Mandible retromolar, Maxilla vestibulum, Mandible vestibulum, LI 4, SI 2, SI 3, Ear, Sternum","LI 4, SI 2, SI 3","Maxilla retromolar, Mandible retromolar, Maxilla vestibulum, Mandible vestibulum, Ear, Sternum","TARA:0859695, TARA:2777371, TARA:0220496","","","",""
"936","A-112625-936","S-112625-936","O-112625-936","https://doi.org/10.1159/000355435","Overview of Systematic Reviews and Meta-Analyses of Acupuncture for Stroke","Not specified","Not specified","","","","","","",""
"282","A-112625-282","S-112625-282","O-112625-282","https://doi.org/10.1136/acupmed-2014-010592","Overview of the relevant literature on the possible role of acupuncture in treating male sexual dysfunction","CV 4, CV 6, ST 30, BL 23, ST 36, SP 6, KI 3, KI 6","CV 4, CV 6, ST 30, BL 23, ST 36, SP 6, KI 3, KI 6","CV 4, CV 6, ST 30, BL 23, ST 36, SP 6, KI 3, KI 6","","TARA:9921528, TARA:8833337, TARA:9591551, TARA:0992296, TARA:6463344, TARA:4385250, TARA:4362146, TARA:2108622","","","",""
"1574","A-112625-1574","S-112625-1574","O-112625-1574","uri not found","P6 Acupuncture Point Stimulation as an Anti-Emetic Therapy: A Review of the Research Literature","P 6","","","","","","","",""
"389","A-112625-389","S-112625-389","O-112625-389","https://doi.org/10.1186/1472-6882-14-324","Pain and sensory detection threshold response to acupuncture is modulated by coping strategy and acupuncture sensation","ST 36, GB 39","ST 36, GB 39","ST 36, GB 39","","TARA:6463344, TARA:3770332","","","",""
"1266","A-112625-1266","S-112625-1266","O-112625-1266","https://doi.org/10.1016/j.jpag.2007.07.008","Pain in Adolescents and Young Women: Results of a Randomized Sham-Controlled Trial","Not specified","Not specified","","","","","","",""
"751","A-112625-751","S-112625-751","O-112625-751","https://doi.org/10.1590/bjpt-rbf.2014.0066","Pain intensity and cervical range of motion in women with myofascial pain treated with acupuncture and electroacupuncture: a double-blinded, randomized clinical trial","GB 21, GB 20, LI 4, LV 3","GB 21, GB 20, LI 4, LV 3","GB 21, GB 20, LI 4, LR 3","","TARA:5389461, TARA:2324295, TARA:0859695, TARA:6499349","","","",""
"48","A-112625-48","S-112625-48","O-112625-48","https://doi.org/10.1186/1472-6882-14-312","Pain management with acupuncture in osteoarthritis: a systematic review and meta-analysis","ST 34, ST 36, Xiyan, GB 34, SP 9","","","","","","","",""
"31","A-112625-31","S-112625-31","O-112625-31","https://doi.org/10.1016/s1472-6483(10)62025-1","Pain relief during oocyte retrieval — exploring the role of different frequencies of electro-acupuncture","ST 29, LI 4, SP 6, GV 20","ST 29, LI 4, SP 6, GV 20","ST 29, LI 4, SP 6, GV 20","","TARA:5873796, TARA:0859695, TARA:4385250, TARA:3386254","","","",""
"28","A-112625-28","S-112625-28","O-112625-28","https://doi.org/10.1093/humrep/deh229","Pain relief during oocyte retrieval with a new short duration electro-acupuncture techniqueÐan alternative to conventional analgesic methods","Two points in lower abdomen, LI 4, SP 6, GV 20","Two points in lower abdomen, LI 4, SP 6, GV 20","LI 4, SP 6, GV 20","Two points in lower abdomen","TARA:0859695, TARA:4385250, TARA:3386254","","","",""
"1424","A-112625-1424","S-112625-1424","O-112625-1424","https://pubmed.ncbi.nlm.nih.gov/9656896.0/","Pain Threshold Responses to Two Different Modes of Sensory Stimulation in Patients With Orofacial Muscular Pain: Psychologic Considerations","Not specified","Not specified","","","","","","",""
"1743","A-112625-1743","S-112625-1743","O-112625-1743","https://doi.org/10.1089/acm.2014.0186","Paradigms Manual and Electrical Needle Stimulation in Acupuncture Research: Pitfalls and Challenges of Heterogeneity","Not specified","Not specified","","","","","","",""
"498","A-112625-498","S-112625-498","O-112625-498","https://doi.org/10.1097/00000542-200406000-00011","Parental Auricular Acupuncture as an Adjunct for Parental Presence during Induction of Anesthesia","Not specified","Not specified","","","","","","",""
"631","A-112625-631","S-112625-631","O-112625-631","https://doi.org/10.1177/000992280404300406","Parental Perceptions of the Therapeutic Effect from Osteopathic Manipulation or Acupuncture in Children with Spastic Cerebral Palsy","Not specified","Not specified","","","","","","",""
"1830","A-112625-1830","S-112625-1830","O-112625-1830","https://doi.org/10.1002/cncr.28352","Patient-Reported Outcomes in Women With Breast Cancer Enrolled in a Dual-Center, Double-Blind, Randomized Controlled Trial Assessing the Effect of Acupuncture in Reducing Aromatase Inhibitor-Induced Musculoskeletal Symptoms","CV 4, CV 6, CV 12, LI 4, MH 6, GB 34, ST 36, KI 3, BL 65","CV 4, CV 6, CV 12, LI 4, MH 6, GB 34, ST 36, KI 3, BL 65","CV 4, CV 6, CV 12, LI 4, GB 34, ST 36, KI 3, BL 65","MH 6","TARA:9921528, TARA:8833337, TARA:0434959, TARA:0859695, TARA:8758950, TARA:6463344, TARA:4362146, TARA:7430197","","","",""
"117","A-112625-117","S-112625-117","O-112625-117","https://doi.org/10.1001/jama.281.9.818","Percutaneous Electrical Nerve Stimulation for Low Back Pain A Randomized Crossover Study","Not specified","Not specified","","","","","","",""
"1045","A-112625-1045","S-112625-1045","O-112625-1045","https://doi.org/10.1136/aim.2010.002915","Perioperative acupuncture and postoperative acupressure can prevent postoperative vomiting following paediatric tonsillectomy or adenoidectomy: a pragmatic randomised controlled trial","PC 6","PC 6","PC 6","","TARA:4311153","","","",""
"939","A-112625-939","S-112625-939","O-112625-939","https://doi.org/10.1213/01.ane.0000253233.51490.dd","Perioperative Auricular Electroacupuncture Has No Effect on Pain and Analgesic Consumption After Third Molar Tooth Extraction","tooth, shen men, mouth","tooth, shen men, mouth","HT 7","tooth, mouth","TARA:2442762","","","",""
"1387","A-112625-1387","S-112625-1387","O-112625-1387","https://pubmed.ncbi.nlm.nih.gov/14687469.0/","PET imaging of brain function while puncturing the acupoint ST36","ST 36","ST 36","ST 36","","TARA:6463344","","","",""
"1771","A-112625-1771","S-112625-1771","O-112625-1771","https://doi.org/10.1371/journal.pone.0104582","Phantom Acupuncture: Dissociating Somatosensory and Cognitive/Affective Components of Acupuncture Stimulation with a Novel Form of Placebo Acupuncture","PC 6","PC 6","PC 6","","TARA:4311153","","","",""
"510","A-112625-510","S-112625-510","O-112625-510","https://doi.org/10.1155/2016/4683121","Pharmacopuncture in Korea: A Systematic Review and Meta-Analysis of Randomized Controlled Trials","Not specified","Not specified","","","","","","",""
"1767","A-112625-1767","S-112625-1767","O-112625-1767","https://doi.org/10.1097/BOR.0000000000000160","Physical therapies in the management of osteoarthritis: current state of the evidence","Not specified","Not specified","","","","","","",""
"54","A-112625-54","S-112625-54","O-112625-54","https://doi.org/10.1016/j.ctim.2006.04.003","Physician and treatment characteristics in a randomised multicentre trial of acupuncture in patients with osteoarthritis of the knee","ST 34, ST 35, ST 36, SP 9, SP 10, BL 40, KID 10, GB 33, GB 34, LI 8, Heding, Xiyan, SP 4, SP 5, SP 6, SI 6, BL 20, BL 57, BL 58, BL 60, BL 62, KI 3, LR 3, LI 4, GB 31, BL 23, BL 11","ST 34, ST 35, ST 36, SP 9, SP 10, BL 40, KID 10, GB 33, GB 34, LI 8, Heding, Xiyan, SP 4, SP 5, SP 6, SI 6, BL 20, BL 57, BL 58, BL 60, BL 62, KI 3, LR 3, LI 4, GB 31, BL 23, BL 11","ST 34, ST 35, ST 36, SP 9, SP 10, BL 40, KI 10, GB 33, GB 34, LI 8, Heding, Xiyan, SP 4, SP 5, SP 6, SI 6, BL 20, BL 57, BL 58, BL 60, BL 62, KI 3, LR 3, LI 4, GB 31, BL 23, BL 11","","TARA:8773594, TARA:2454652, TARA:6463344, TARA:3553465, TARA:8433932, TARA:5290080, TARA:8716769, TARA:3201959, TARA:8758950, TARA:8455793, TARA:3748376, TARA:0926802, TARA:7407065, TARA:7831710, TARA:4385250, TARA:4125415, TARA:3283628, TARA:4589241, TARA:5362994, TARA:5047947, TARA:1628341, TARA:4362146, TARA:6499349, TARA:0859695, TARA:5264783, TARA:0992296, TARA:1985889","","","",""
"724","A-112625-724","S-112625-724","O-112625-724","https://doi.org/10.1016/j.jpain.2009.08.010","Physician Characteristics and Variation in Treatment Outcomes: Are Better Qualified and Experienced Physicians More Successful in Treating Patients With Chronic Pain With Acupuncture?","Not specified","Not specified","","","","","","",""
"1386","A-112625-1386","S-112625-1386","O-112625-1386","https://doi.org/10.1109/IEMBS.2004.1404015","Physiologic Responses to Acupuncture Point Stimulation: A Pilot Study to Evaluate Methods and Instrumentation","ST 36","ST 36","ST 36","","TARA:6463344","","","",""
"379","A-112625-379","S-112625-379","O-112625-379","https://doi.org/10.1136/acupmed-2012-010280","Physiological changes associated with de qi during electroacupuncture to LI4 and LI11: a randomised, placebo-controlled trial","LI 4, LI 11","LI 4, LI 11","LI 4, LI 11","","TARA:0859695, TARA:8923096","","","",""
"586","A-112625-586","S-112625-586","O-112625-586","https://doi.org/10.1007/s11764-007-0034-x","Pilot study of acupuncture for the treatment of joint symptoms related to adjuvant aromatase inhibitor therapy in postmenopausal breast cancer patients","SJ 5, GB 41, GB 34, LI 4, ST 41, KD 3, shen men, kidney, liver, upper lung, sympathetic, LI 15, SJ 14, SI 10, SJ 4, LI 5, SI 5, SI 3, ba xie, LI 3, Du 3, Du 8, UB 23, GB 30, GB 39, SP 9, SP 10, ST 34","SJ 5, GB 41, GB 34, LI 4, ST 41, KD 3, shen men, kidney, liver, upper lung, sympathetic, LI 15, SJ 14, SI 10, SJ 4, LI 5, SI 5, SI 3, ba xie, LI 3, Du 3, Du 8, UB 23, GB 30, GB 39, SP 9, SP 10, ST 34","TE 5, GB 41, GB 34, LI 4, ST 41, KI 3, HT 7, LI 15, TE 14, SI 10, TE 4, LI 5, SI 5, SI 3, Baxie, LI 3, GV 3, GV 8, BL 23, GB 30, GB 39, SP 9, SP 10, ST 34","kidney, liver, upper lung, sympathetic","TARA:8393005, TARA:3668538, TARA:8758950, TARA:0859695, TARA:6019290, TARA:4362146, TARA:2442762, TARA:7829474, TARA:5894876, TARA:0683404, TARA:1594912, TARA:5677319, TARA:0669306, TARA:0220496, TARA:2491709, TARA:7867167, TARA:8807122, TARA:8093645, TARA:0992296, TARA:9378285, TARA:3770332, TARA:3553465, TARA:8433932, TARA:8773594","","","",""
"1837","A-112625-1837","S-112625-1837","O-112625-1837","https://pubmed.ncbi.nlm.nih.gov/19476729.0/","Pilot, Randomized, Modified, Double Blind, Placebo Controlled Trial of Acupuncture for Cancer Related Fatigue","Ki 3, Sp 6, LI 4, St 36, Ren 6/CV 6","Ki 3, Sp 6, LI 4, St 36, Ren 6/CV 6","KI 3, SP 6, LI 4, ST 36","Ren 6/CV 6","TARA:4362146, TARA:4385250, TARA:0859695, TARA:6463344","","","",""
"709","A-112625-709","S-112625-709","O-112625-709","https://doi.org/10.1136/acupmed-2014-010530","Plasma nesfatin-1 level in obese patients after acupuncture: a randomised controlled trial","CV 12, ST 25, CV 4, ST 36, SP 6, ST 40, SP 9","CV 12, ST 25, CV 4, ST 36, SP 6, ST 40, SP 9","CV 12, ST 25, CV 4, ST 36, SP 6, ST 40, SP 9","","TARA:0434959, TARA:5717468, TARA:9921528, TARA:6463344, TARA:4385250, TARA:9531666, TARA:3553465","","","",""
"1832","A-112625-1832","S-112625-1832","O-112625-1832","https://doi.org/10.1136/acupmed-2014-010689","Postoperative analgesia after low-frequency electroacupuncture as adjunctive treatment in inguinal hernia surgery with abdominal wall mesh reconstruction","SP 6, ST 36, LI 4, PC 6, BL 60, KI 3, Thalamus 26a, Shen-Men 55, Lung 101","SP 6, ST 36, LI 4, PC 6, BL 60, KI 3, Thalamus 26a, Shen-Men 55, Lung 101","SP 6, ST 36, LI 4, PC 6, BL 60, KI 3","Thalamus 26a, Shen-Men 55, Lung 101","TARA:4385250, TARA:6463344, TARA:0859695, TARA:4311153, TARA:5047947, TARA:4362146","","","",""
"1787","A-112625-1787","S-112625-1787","O-112625-1787","https://doi.org/10.1046/j.1365-2044.1998.00516.x","Postoperative nausea and vomiting in arthroscopic day-case surgery: a comparison between desflurane and isoflurane","L 11, Li 1","L 11, Li 1","LU 11, LI 1","","TARA:0831517, TARA:6314936","","","",""
"7","A-112625-7","S-112625-7","O-112625-7","https://doi.org/10.1016/j.pmn.2009.08.001","Postoperative Pain: Acupuncture versus Percutaneous Electrical Nerve Stimulation","SP 6, SP 8","SP 6, SP 8","SP 6, SP 8","","TARA:4385250, TARA:6848518","","","",""
"41","A-112625-41","S-112625-41","O-112625-41","https://doi.org/10.1016/j.pain.2011.11.007","Practice, practitioner, or placebo? A multifactorial, mixed-methods randomized controlled trial of acupuncture","Not specified","Not specified","","","","","","",""
"162","A-112625-162","S-112625-162","O-112625-162","https://doi.org/10.1093/aje/kwj224","Pragmatic Randomized Trial Evaluating the Clinical and Economic Effectiveness of Acupuncture for Chronic Low Back Pain","Not specified","Not specified","","","","","","",""
"1761","A-112625-1761","S-112625-1761","O-112625-1761","https://doi.org/10.1097/ajp.0b013e31827eb511","Predicting Prognostic Factors in a Randomized Controlled Trial of Acupuncture Versus Topiramate Treatment in Patients With Chronic Migraine","Not specified","Not specified","","","","","","",""
"1599","A-112625-1599","S-112625-1599","O-112625-1599","https://pubmed.ncbi.nlm.nih.gov/3788644.0/","Predictive value of MMPI scales on smoking cessation programs outcomes","Not specified","Not specified","","","","","","",""
"1113","A-112625-1113","S-112625-1113","O-112625-1113","https://pubmed.ncbi.nlm.nih.gov/4617772.0/","Preliminary Clinical Study of Acupuncture in Rheumatoid Arthritis","Not specified","Not specified","","","","","","",""
"1426","A-112625-1426","S-112625-1426","O-112625-1426","https://doi.org/10.1016/j.jad.2004.05.009","Preliminary communication Acupuncture: a promising treatment for depression during pregnancy","Not specified","Not specified","","","","","","",""
"22","A-112625-22","S-112625-22","O-112625-22","https://doi.org/10.1097/00000542-200108000-00015","Preoperative Intradermal Acupuncture Reduces Postoperative Pain, Nausea and Vomiting, Analgesic Requirement, and Sympathoadrenal Responses","BL 18, BL 19, BL 20, BL 21, BL 22, BL 23, BL 24, BL 25, BL 26","BL 18, BL 19, BL 20, BL 21, BL 22, BL 23, BL 24, BL 25, BL 26","BL 18, BL 19, BL 20, BL 21, BL 22, BL 23, BL 24, BL 25, BL 26","","TARA:9655874, TARA:6145687, TARA:3283628, TARA:4839095, TARA:3963382, TARA:0992296, TARA:7357260, TARA:0906448, TARA:4384020","","","",""
"372","A-112625-372","S-112625-372","O-112625-372","https://doi.org/10.1213/01.ANE.0000048713.41657.D3","Pressure Applied on the Extra 1 Acupuncture Point Reduces Bispectral Index Values and Stress in Volunteers","EX-HN 3 (Yintang)","Yintang","Yintang","","TARA:3135569","","fixed","",""
"336","A-112625-336","S-112625-336","O-112625-336","https://doi.org/10.1016/S0304-3959(00)00315-8","Pressure pain threshold and needle acupuncture in chronic tension-type headache ± a double-blind placebo-controlled study","GB 20, LI 4, LR 3, GB 8, GB 14, GB 21, GB 41, UB 2, UB 10, UB 60, LU 7, TW 5, ST 8, ST 36, ST 44, DU 20, Extra 1","GB 20, LI 4, LR 3, GB 8, GB 14, GB 21, GB 41, UB 2, UB 10, UB 60, LU 7, TW 5, ST 8, ST 36, ST 44, DU 20, Yintang","GB 20, LI 4, LR 3, GB 8, GB 14, GB 21, GB 41, BL 2, BL 10, BL 60, LU 7, TE 5, ST 8, ST 36, ST 44, GV 20, Yintang","","TARA:2324295, TARA:0859695, TARA:6499349, TARA:5363236, TARA:9987270, TARA:5389461, TARA:3668538, TARA:8104948, TARA:0242146, TARA:5047947, TARA:3515622, TARA:8393005, TARA:9946635, TARA:6463344, TARA:8440155, TARA:3386254, TARA:3135569","","done","",""
"833","A-112625-833","S-112625-833","O-112625-833","https://doi.org/10.1016/j.ctim.2004.10.004","Preventive and curative effects of acupuncture on the common cold: a multicentre randomized controlled trial in Japan","Y point","Y point","","Y point","","","","",""
"216","A-112625-216","S-112625-216","O-112625-216","https://doi.org/10.1016/j.ajo.2015.04.033","Prospective Evaluation of Acupuncture as Treatment for Glaucoma","UB 2, GB 37, Liv 3, LI 4, St 36, St 38, Sp 6, UB 60","UB 2, GB 37, Liv 3, LI 4, St 36, St 38, Sp 6, UB 60","BL 2, GB 37, LR 3, LI 4, ST 36, ST 38, SP 6, BL 60","","TARA:8104948, TARA:6320058, TARA:6499349, TARA:0859695, TARA:6463344, TARA:3182190, TARA:4385250, TARA:5047947","","","",""
"1582","A-112625-1582","S-112625-1582","O-112625-1582","https://doi.org/10.1159/000049773","Prospective Randomized Trial Using Laser Acupuncture versus Desmopressin in the Treatment of Nocturnal Enuresis","LG 4","LG 4","","LG 4","","","","",""
"1070","A-112625-1070","S-112625-1070","O-112625-1070","https://doi.org/10.1089/acm.2012.0578","Prospective, Randomized Controlled Trial of Physiotherapy and Acupuncture on Motor Function and Daily Activities in Patients with Ischemic Stroke","GV 20, LI 15, SI 9, LI 11, TE 5, LI 4, GB 34, BL 60, GB 39, GB 30, GB 31, PC 6, SP 5, LR 3, SP 9, SP 6, KI 10, PC 7, SI 3, HT 1, LU 5, PC 3","GV 20, LI 15, SI 9, LI 11, TE 5, LI 4, GB 34, BL 60, GB 39, GB 30, GB 31, PC 6, SP 5, LR 3, SP 9, SP 6, KI 10, PC 7, SI 3, HT 1, LU 5, PC 3","GV 20, LI 15, SI 9, LI 11, TE 5, LI 4, GB 34, BL 60, GB 39, GB 30, GB 31, PC 6, SP 5, LR 3, SP 9, SP 6, KI 10, PC 7, SI 3, HT 1, LU 5, PC 3","","TARA:3386254, TARA:7829474, TARA:2187225, TARA:8923096, TARA:8393005, TARA:0859695, TARA:8758950, TARA:5047947, TARA:3770332, TARA:9378285, TARA:5264783, TARA:4311153, TARA:7831710, TARA:6499349, TARA:3553465, TARA:4385250, TARA:8716769, TARA:9020892, TARA:0220496, TARA:0420802, TARA:1357729, TARA:7634323","","","",""
"580","A-112625-580","S-112625-580","O-112625-580","https://doi.org/10.1080/01674820600724797","Psychological well-being improves in women with breast cancer after treatment with applied relaxation or electro-acupuncture for vasomotor symptom","BL 23, BL 32","BL 23, BL 32","BL 23, BL 32","","TARA:0992296, TARA:6742407","","","",""
"1466","A-112625-1466","S-112625-1466","O-112625-1466","uri not found","Qici Method with Long Needles Treating 39 Patients with Scapulocostal Syndrome","SJ 15, BL 44, BL 46","SJ 15, BL 44, BL 46","TE 15, BL 44, BL 46","","TARA:5828993, TARA:7646636, TARA:0607588","","","",""
"1769","A-112625-1769","S-112625-1769","O-112625-1769","https://doi.org/10.1186/1472-6882-14-151","Quality of reporting on randomized controlled trials of acupuncture for stroke rehabilitation","Not specified","Not specified","","","","","","",""
"292","A-112625-292","S-112625-292","O-112625-292","https://doi.org/10.1016/j.fertnstert.2004.12.056","Quantitative evaluation of spermatozoa ultrastructure after acupuncture treatment for idiopathic male infertility","Ren 4, UB 23, UB 32, LR 3, KI 3, St 36, Sp 10, Sp 6, St 29, DU 20","Ren 4, UB 23, UB 32, LR 3, KI 3, St 36, Sp 10, Sp 6, St 29, DU 20","CV 4, BL 23, BL 32, LR 3, KI 3, ST 36, SP 10, SP 6, ST 29, GV 20","","TARA:9921528, TARA:0992296, TARA:6742407, TARA:6499349, TARA:4362146, TARA:6463344, TARA:8433932, TARA:4385250, TARA:5873796, TARA:3386254","","","",""
"1782","A-112625-1782","S-112625-1782","O-112625-1782","https://doi.org/10.1007/s11726-012-0569-x","Quantity effect Relationship of Electroacupuncture for Urge Incontinence: A Multicenter Randomized Controlled Trial 电针治疗急迫性尿失禁量效关系的多中心随机对照试验","ST 28, KI 12, BL 32, BL 36, CV 3, BL 29","ST 28, KI 12, BL 32, BL 36, CV 3, BL 29","ST 28, KI 12, BL 32, BL 36, CV 3, BL 29","","TARA:5017471, TARA:9217640, TARA:6742407, TARA:9927213, TARA:0022762, TARA:3079460","","","",""
"875","A-112625-875","S-112625-875","O-112625-875","https://doi.org/10.1016/S0304-3959(99)00107-4","Randomised clinical trial comparing the effects of acupuncture and a newly designed placebo needle in rotator cuff tendinitis","TE 15, SI 12, SI 14, B 44, SI 11, SI 9, TE 14, LI 15, Jianquan, Taijian, LI 14, LI 11, SI 6, SI 3, TE 3, G 34, S 38, L 2, H 1, P 2","TE 15, SI 12, SI 14, B 44, SI 11, SI 9, TE 14, LI 15, Jianquan, Taijian, LI 14, LI 11, SI 6, SI 3, TE 3, G 34, S 38, L 2, H 1, P 2","TE 15, SI 12, SI 14, BL 44, SI 11, SI 9, TE 14, LI 15, LI 14, LI 11, SI 6, SI 3, TE 3, GB 34, ST 38, LU 2, HT 1, PC 2","Jianquan, Taijian","TARA:5828993, TARA:5888779, TARA:3226024, TARA:7646636, TARA:4122792, TARA:2187225, TARA:5894876, TARA:7829474, TARA:3744150, TARA:8923096, TARA:4125415, TARA:0220496, TARA:5356503, TARA:8758950, TARA:3182190, TARA:0540755, TARA:0420802, TARA:4819578","","","",""
"1778","A-112625-1778","S-112625-1778","O-112625-1778","https://doi.org/10.1111/and.12541","Randomised clinical trial of comparing effects of acupuncture and varicocelectomy on sperm parameters in infertile varicocele patients","CV 3, CV 4, CV 6, BL 23, BL 32, ST 29","CV 3, CV 4, CV 6, BL 23, BL 32, ST 29","CV 3, CV 4, CV 6, BL 23, BL 32, ST 29","","TARA:0022762, TARA:9921528, TARA:8833337, TARA:0992296, TARA:6742407, TARA:5873796","","","",""
"1397","A-112625-1397","S-112625-1397","O-112625-1397","https://doi.org/10.1136/acupmed-2013-010435","Randomised Clinical Trial of Five Ear Acupuncture Points for the Treatment of Overweight People","Shen-men, Spleen, Stomach, Hunger, Endocrine","Shen-men, Spleen, Stomach, Hunger, Endocrine","HT 7","Spleen, Stomach, Hunger, Endocrine","TARA:2442762","","","",""
"1776","A-112625-1776","S-112625-1776","O-112625-1776","https://doi.org/10.1111/j.1365-2036.2011.04979.x","Randomised clinical trial: an assessment of acupuncture on specific meridian or specific acupoint vs. sham acupuncture for treating functional dyspepsia","ST 42, ST 40, ST 36, ST 34, ST 38, ST 35, ST 33, ST 32, BL 21, CV 12, GB 40, GB 37, GB 36, GB 34","ST 42, ST 40, ST 36, ST 34, ST 38, ST 35, ST 33, ST 32, BL 21, CV 12, GB 40, GB 37, GB 36, GB 34","ST 42, ST 40, ST 36, ST 34, ST 38, ST 35, ST 33, ST 32, BL 21, CV 12, GB 40, GB 37, GB 36, GB 34","","TARA:7178938, TARA:9531666, TARA:6463344, TARA:8773594, TARA:3182190, TARA:2454652, TARA:7756426, TARA:8826565, TARA:4839095, TARA:0434959, TARA:9254368, TARA:6320058, TARA:1144697, TARA:8758950","","","",""
"505","A-112625-505","S-112625-505","O-112625-505","https://doi.org/10.1136/acupmed-2013-010470","Randomised clinical trials on acupuncture in the Korean literature: bibliometric analysis and methodological quality","Not specified","Not specified","","","","","","",""
"1572","A-112625-1572","S-112625-1572","O-112625-1572","uri not found","Randomised comparison of the antiemetic effects of metoclopramide and electro-acupuncture in cancer chemotherapy","P 6","P 6","PC 6","","TARA:4311153","","","",""
"623","A-112625-623","S-112625-623","O-112625-623","https://doi.org/10.1136/jnnp.2003.021485","Randomised control trial of tongue acupuncture versus sham acupuncture in improving functional outcome in cerebral. palsy","Xian Zuo, Xian You, Di Men","Xian Zuo, Xian You, Di Men","","Xian Zuo, Xian You, Di Men","","","","",""
"1155","A-112625-1155","S-112625-1155","O-112625-1155","https://doi.org/10.1136/aim.20.4.175","Randomised Controlled Trial Comparing the Effectiveness of Electroacupuncture and TENS for Low Back Pain: A Preliminary Study for a Pragmatic Trial","BL 23, BL 26","BL 23, BL 26","BL 23, BL 26","","TARA:0992296, TARA:4384020","","","",""
"156","A-112625-156","S-112625-156","O-112625-156","https://doi.org/10.1136/bmj.38878.907361.7C","Randomised controlled trial of a short course of traditional acupuncture compared with usual care for persistent non-specific low back pain","Not specified","Not specified","","","","","","",""
"548","A-112625-548","S-112625-548","O-112625-548","https://doi.org/10.1136/bmj.322.7302.1574","Randomised trial of acupuncture compared with conventional massage and ""sham"" laser acupuncture for treatment of chronic neck pain","SI 3, UB 10, UB 60, Liv 3, GB 20, GB 34, TE 5, Cervical spine","SI 3, UB 10, UB 60, Liv 3, GB 20, GB 34, TE 5, Cervical spine","SI 3, BL 10, BL 60, LR 3, GB 20, GB 34, TE 5","Cervical spine","TARA:0220496, TARA:0242146, TARA:5047947, TARA:6499349, TARA:2324295, TARA:8758950, TARA:8393005","","","",""
"876","A-112625-876","S-112625-876","O-112625-876","https://doi.org/10.1016/j.pain.2004.08.030","Randomised trial of long term effect of acupuncture for shoulder pain","Jianyu LI 15, Jianliao TE 14, Yanglingquan GB 34, Zhongping Extra point","Jianyu, Jianliao, Yanglingquan, Zhongping","LI 15, TE 14, GB 34","Zhongping","TARA:7829474, TARA:5894876, TARA:8758950","","","",""
"534","A-112625-534","S-112625-534","O-112625-534","https://doi.org/10.1016/j.ctim.2006.05.003","Randomised trial of trigger point acupuncture compared with other acupuncture for treatment of chronic neck pain","GB 20, GB 21, BL 10, BL 11, S 12, S 13, TE 5, LI 4, SI 3","GB 20, GB 21, BL 10, BL 11, S 12, S 13, TE 5, LI 4, SI 3","GB 20, GB 21, BL 10, BL 11, ST 12, ST 13, TE 5, LI 4, SI 3","","TARA:2324295, TARA:5389461, TARA:0242146, TARA:1985889, TARA:2031703, TARA:1904200, TARA:8393005, TARA:0859695, TARA:0220496","","","",""
"11","A-112625-11","S-112625-11","O-112625-11","https://doi.org/10.1136/aim.2010.003251","Randomised, controlled study of preoperative eletroacupuncture for postoperative pain control after cardiac surgery","LI 4, LI 11, LR 3, ST 36, PC 6, TE 5","LI 4, LI 11, LR 3, ST 36, PC 6, TE 5","LI 4, LI 11, LR 3, ST 36, PC 6, TE 5","","TARA:0859695, TARA:8923096, TARA:6499349, TARA:6463344, TARA:4311153, TARA:8393005","","","",""
"233","A-112625-233","S-112625-233","O-112625-233","https://doi.org/10.1097/MD.0000000000001968","Randomized Clinical Trial Comparing Efficacy of Simo Decoction and Acupuncture or Chewing Gum Alone on Postoperative Ileus in Patients With Hepatocellular Carcinoma After Hepatectomy","tsusanli acupoint","tsusanli acupoint","","tsusanli acupoint","","","","",""
"1316","A-112625-1316","S-112625-1316","O-112625-1316","https://doi.org/10.1016/j.eujim.2011.09.003","Randomized Clinical Trial Comparing the Effects of Electro acupuncture and Maprotiline in Treating Depression","Baihui, Yintang, GB 34, SP 6, PC 6, KI 3","Baihui, Yintang, GB 34, SP 6, PC 6, KI 3","GV 20, Yintang, GB 34, SP 6, PC 6, KI 3","","TARA:3386254, TARA:3135569, TARA:8758950, TARA:4385250, TARA:4311153, TARA:4362146","","","",""
"719","A-112625-719","S-112625-719","O-112625-719","https://doi.org/10.11607/ofph.23.4.12","Randomized Clinical Trial of Acupuncture for Myofascial Pain of the Jaw Muscles","LI 4","LI 4","LI 4","","TARA:0859695","","","",""
"1449","A-112625-1449","S-112625-1449","O-112625-1449","https://doi.org/10.1159/000210216","Randomized Clinical Trials of Acupuncture for Asthma a Systematic Review","Not specified","Not specified","","","","","","",""
"1790","A-112625-1790","S-112625-1790","O-112625-1790","https://doi.org/10.1093/ecam/nem130","Randomized Clinical Trials on Acupuncture in Korean Literature: A Systematic Review","Not specified","Not specified","","","","","","",""
"1815","A-112625-1815","S-112625-1815","O-112625-1815","https://doi.org/10.1016/j.jclinepi.2014.04.004","Randomized cohort trial was shown to be feasible for evaluating treatments in low back pain","Not specified","Not specified","","","","","","",""
"1829","A-112625-1829","S-112625-1829","O-112625-1829","https://doi.org/10.1016/j.jtcvs.2008.07.053","Randomized controlled trial of a special acupuncture technique for pain after thoracotomy","BL 12, BL 13, BL 14, BL 15, BL 16, BL 17, BL 18, BL 19, Wei Guan Xia Shu, ST 36, Shenmen","BL 12, BL 13, BL 14, BL 15, BL 16, BL 17, BL 18, BL 19, Wei Guan Xia Shu, ST 36, Ear Shenmen","BL 12, BL 13, BL 14, BL 15, BL 16, BL 17, BL 18, BL 19, ST 36","Wei Guan Xia Shu, Ear Shenmen","TARA:5468609, TARA:6050541, TARA:9523348, TARA:5797983, TARA:1104010, TARA:1124682, TARA:9655874, TARA:6145687, TARA:6463344","","added ""ear""","",""
"940","A-112625-940","S-112625-940","O-112625-940","https://doi.org/10.1002/cncr.26550","Randomized Controlled Trial of Acupuncture for Prevention of Radiation-Induced Xerostomia Among Patients With Nasopharyngeal Carcinoma","Ren 24, LU 7, KI 6, Shenmen, Point Zero, Salivary Gland 2, Larynx","Ren 24, LU 7, KI 6, Ear Shenmen, Point Zero, Salivary Gland 2, Larynx","CV 24, LU 7, KI 6","Ear Shenmen, Point Zero, Salivary Gland 2, Larynx","TARA:8876563, TARA:3515622, TARA:2108622","","added ""ear""","",""
"1828","A-112625-1828","S-112625-1828","O-112625-1828","https://doi.org/10.1089/acm.2007.0768","Randomized Controlled Trial of Acupuncture Versus Sham Acupuncture in Autism Spectrum Disorder","Run Ze', Guan Zhu', Tian Men', Di You'","Run Ze', Guan Zhu', Tian Men', Di You'","","Run Ze', Guan Zhu', Tian Men', Di You'","","","","",""
"1824","A-112625-1824","S-112625-1824","O-112625-1824","https://pubmed.ncbi.nlm.nih.gov/20806998.0/","Randomized Controlled Trial of Electro Acupuncture for Autism Spectrum Disorder","EX HN 1, EX NH 3, PC 6, HT 7, LR 3, AT 3, TF 4, SP 6","EX HN 1, EX NH 3, PC 6, HT 7, LR 3, AT 3, TF 4, SP 6","Sishencong, PC 6, HT 7, LR 3, SP 6","EX NH 3, AT 3, TF 4","TARA:9610280, TARA:4311153, TARA:2442762, TARA:6499349, TARA:4385250","","","",""
"1233","A-112625-1233","S-112625-1233","O-112625-1233","https://doi.org/10.1001/archophthalmol.2010.306","Randomized Controlled Trial of Patching vs Acupuncture for Anisometropic Amblyopia in Children Aged 7 to 12 Years","GV 20, EX-HN 5, BL 2, LI 4, BL 59","GV 20, EX-HN 5, BL 2, LI 4, BL 59","GV 20, Taiyang, BL 2, LI 4, BL 59","","TARA:3386254, TARA:9534465, TARA:8104948, TARA:0859695, TARA:4995021","","","Same as Taiyang extra point",""
"621","A-112625-621","S-112625-621","O-112625-621","https://doi.org/10.1089/acm.2007.0756","Randomized Controlled Trial of Traditional Chinese Medicine (Acupuncture and Tuina) in Cerebral Palsy: Part 1-Any Increase in Seizure in Integrated Acupuncture and Rehabilitation Group Versus Rehabilitation Group?","Not specified","Not specified","","","","","","",""
"813","A-112625-813","S-112625-813","O-112625-813","https://doi.org/10.1016/j.fertnstert.2010.05.024","Randomized controlled trial: effects of acupuncture on pregnancy rates in women undergoing in vitro fertilization","CV 6, SP 8, LIV 3, ST 29, DU 20, ST 36, SP 6, SP 10, LI 4, shenmen, sympathetic, uterus, endocrine, knee, heel, allergic area, mouth","CV 6, SP 8, LIV 3, ST 29, DU 20, ST 36, SP 6, SP 10, LI 4, ear shenmen, sympathetic, uterus, endocrine, knee, heel, allergic area, mouth","CV 6, SP 8, LR 3, ST 29, GV 20, ST 36, SP 6, SP 10, LI 4","ear shenmen, sympathetic, uterus, endocrine, knee, heel, allergic area, mouth","TARA:8833337, TARA:6848518, TARA:6499349, TARA:5873796, TARA:3386254, TARA:6463344, TARA:4385250, TARA:8433932, TARA:0859695","","added ""ear""","",""
"245","A-112625-245","S-112625-245","O-112625-245","https://doi.org/10.3748/wjg.v20.i31.11000","Randomized controlled trial: Moxibustion and acupuncture for the treatment of Crohn's disease","ST 36, ST 37, SP 4, SP 6, KI 3, LR 3","ST 36, ST 37, SP 4, SP 6, KI 3, LR 3","ST 36, ST 37, SP 4, SP 6, KI 3, LR 3","","TARA:6463344, TARA:5918799, TARA:7407065, TARA:4385250, TARA:4362146, TARA:6499349","","","",""
"551","A-112625-551","S-112625-551","O-112625-551","https://doi.org/10.1089/acm.2008.0135","Randomized Controlled Trials of Acupuncture for Neck Pain: Systematic Review and Meta-Analysis","Not specified","Not specified","","","","","","",""
"513","A-112625-513","S-112625-513","O-112625-513","https://doi.org/10.1155/2014/194047","Randomized Controlled Trials on Complementary and Traditional Medicine in the Korean Literature","Not specified","Not specified","","","","","","",""
"444","A-112625-444","S-112625-444","O-112625-444","https://doi.org/10.1097/MLR.0000000000000237","Randomized Effectiveness Trial of a Brief Course of Acupuncture for Posttraumatic Stress Disorder","Urinary Bladder 13, Urinary Bladder 14, Urinary Bladder 15, Urinary Bladder 18, Urinary Bladder 20, Urinary Bladder 23,
Liver 3,
Large Intestine 4,
Heart 5, Heart 7,
Pericardium 6,
Kidney 3, Kidney 9,
Ren 4, Ren 15,
Du 24,
Ear Shenmen,
Yintang","Urinary Bladder 13, Urinary Bladder 14, Urinary Bladder 15, Urinary Bladder 18, Urinary Bladder 20, Urinary Bladder 23, Liver 3, Large Intestine 4, Heart 5, Heart 7, Pericardium 6, Kidney 3, Kidney 9, Ren 4, Ren 15, Du 24, Ear Shenmen, Yintang","BL 13, BL 14, BL 15, BL 18, BL 20, BL 23, LR 3, LI 4, HT 5, HT 7, PC 6, KI 3, KI 9, CV 4, CV 15, GV 24, Yintang","Ear Shenmen","TARA:6050541, TARA:9523348, TARA:5797983, TARA:9655874, TARA:3283628, TARA:0992296, TARA:6499349, TARA:0859695, TARA:1282828, TARA:2442762, TARA:4311153, TARA:4362146, TARA:2687954, TARA:9921528, TARA:7624267, TARA:7679931, TARA:3135569","","says ear shenmen already","",""
"780","A-112625-780","S-112625-780","O-112625-780","https://doi.org/10.1016/j.jad.2012.04.008","Randomized non-invasive sham-controlled pilot trial of electroacupuncture for postpartum depression","DU 20, EX-HN 3, EX-HN 1, GB 15, GB 8, EX-HN 5, ST 8, SP 6, LR 3, HE 7, PC 6","DU 20, EX-HN 3, EX-HN 1, GB 15, GB 8, EX-HN 5, ST 8, SP 6, LR 3, HE 7, PC 6","GV 20, Yintang, Sishencong, GB 15, GB 8, Taiyang, ST 8, SP 6, LR 3, HT 7, PC 6","","TARA:3386254, TARA:3135569, TARA:9610280, TARA:6739423, TARA:5363236, TARA:9534465, TARA:9946635, TARA:4385250, TARA:6499349, TARA:2442762, TARA:4311153","","","",""
"110","A-112625-110","S-112625-110","O-112625-110","https://doi.org/10.1001/archinte.161.8.1081","Randomized Trial Comparing Traditional Chinese Medical Acupuncture, Therapeutic Massage, and Self-care Education for Chronic Low Back Pain","Not specified","Not specified","","","","","","",""
"1258","A-112625-1258","S-112625-1258","O-112625-1258","uri not found","Randomized Trial Of Acupuncture Compared With Prokinetic Drugs And Sham Acupuncture For Chronic Idiopathic Dyspepsia","ST 36, PC 6, Ren 12","ST 36, PC 6, Ren 12","ST 36, PC 6, CV 12","","TARA:6463344, TARA:4311153, TARA:0434959","","","",""
"977","A-112625-977","S-112625-977","O-112625-977","https://doi.org/10.1001/archinte.158.20.2251","Randomized Trial of Acupuncture for Nicotine Withdrawal Symptoms","Lung","Lung","","Lung","","","Add ""Auricular lung point"" to list","",""
"180","A-112625-180","S-112625-180","O-112625-180","https://doi.org/10.1161/CIRCULATIONAHA.106.661140","Randomized Trial of Acupuncture to Lower Blood Pressure","Pl 1, Pl 2, Pl 3","Pl 1, Pl 2, Pl 3","","Pl 1, Pl 2, Pl 3","","","","",""
"859","A-112625-859","S-112625-859","O-112625-859","https://doi.org/10.1016/j.jams.2013.02.002","Randomized Trial of Trigger Point Acupuncture Treatment for Chronic Shoulder Pain: A Preliminary Study","Not specified","Not specified","","","","","","",""
"325","A-112625-325","S-112625-325","O-112625-325","https://doi.org/10.1016/j.jclinepi.2006.06.014","Randomized trial vs. observational study of acupuncture for migraine found that patient characteristics differed but outcomes were similar","Not specified","Not specified","","","","","","",""
"1826","A-112625-1826","S-112625-1826","O-112625-1826","https://doi.org/10.1016/j.ctim.2010.08.002","Randomized-controlled study of treating attention deficit hyperactivity disorder of preschool children with combined electro-acupuncture and behavior therapy ଝ","GV 24, GB 13, EX-HN 3, EX-HN 5, EX-HN 1, GV 20, BL 18, BL 23, KI 3, BL 20, LR 3","GV 24, GB 13, EX-HN 3, EX-HN 5, EX-HN 1, GV 20, BL 18, BL 23, KI 3, BL 20, LR 3","GV 24, GB 13, Yintang, Taiyang, Sishencong, GV 20, BL 18, BL 23, KI 3, BL 20, LR 3","","TARA:7679931, TARA:4994509, TARA:3135569, TARA:9534465, TARA:9610280, TARA:3386254, TARA:9655874, TARA:0992296, TARA:4362146, TARA:3283628, TARA:6499349","","","",""
"738","A-112625-738","S-112625-738","O-112625-738","https://doi.org/10.1200/JCO.2009.23.4708","Randomized, Blinded, Sham-Controlled Trial of Acupuncture for the Management of Aromatase Inhibitor-Associated Joint Symptoms in Women With Early-Stage Breast Cancer","Not specified","Not specified","","","","","","",""
"572","A-112625-572","S-112625-572","O-112625-572","https://doi.org/10.1200/JCO.2007.12.0774","Randomized, Controlled Trial of Acupuncture for the Treatment of Hot Flashes in Breast Cancer Patients","DU 14, GB 20, BL 13, PC 7, H 6, K 7, ST 36, SP 6, Ear shen men, Ear sympathetic point","DU 14, GB 20, BL 13, PC 7, H 6, K 7, ST 36, SP 6, Ear shen men, Ear sympathetic point","GV 14, GB 20, BL 13, PC 7, HT 6, KI 7, ST 36, SP 6","Ear shen men, Ear sympathetic point","TARA:8452754, TARA:2324295, TARA:6050541, TARA:9020892, TARA:6421594, TARA:9881298, TARA:6463344, TARA:4385250","","","",""
"560","A-112625-560","S-112625-560","O-112625-560","https://doi.org/10.1002/cncr.28973","Randomized, Placebo-Controlled Trial of K1 Acupoint Acustimulation to Prevent Cisplatin-Induced or Oxaliplatin-Induced Nausea","K 1","K 1","KI 1","","TARA:4512048","","","",""
"1539","A-112625-1539","S-112625-1539","O-112625-1539","https://doi.org/10.1177/136140969200600401","Real Versus Sham Acupuncture in the Treatment of Paralysis in Acute Stroke Patients: A CT Scan Lesion Site Study","LI 4, LI 11, LI 15, St 31, St 36, Shenmen","LI 4, LI 11, LI 15, St 31, St 36, Ear Shenmen","LI 4, LI 11, LI 15, ST 31, ST 36","Ear Shenmen","TARA:0859695, TARA:8923096, TARA:7829474, TARA:9294655, TARA:6463344","","added ""ear""","",""
"1549","A-112625-1549","S-112625-1549","O-112625-1549","uri not found","REATMENT OF ISCHEMIC APOPLECTIC HEMIPLEGIA","Not specified","Not specified","","","","","","",""
"1865","A-112625-1865","S-112625-1865","O-112625-1865","https://doi.org/10.1007/s10549-010-1283-3","Reducing vasomotor symptoms with acupuncture in breast cancer patients treated with adjuvant tamoxifen: a randomized controlled trial","Li 4, Ht 6, LR 3, St 36, Sp 6, Ki 7","Li 4, Ht 6, LR 3, St 36, Sp 6, Ki 7","LI 4, HT 6, LR 3, ST 36, SP 6, KI 7","","TARA:0859695, TARA:6421594, TARA:6499349, TARA:6463344, TARA:4385250, TARA:9881298","","","",""
"168","A-112625-168","S-112625-168","O-112625-168","https://doi.org/10.1186/1749-8546-5-15","Reduction of chronic non-specific low back pain: A randomised controlled clinical trial on acupuncture and baclofen","BL 23, BL 25, BL 28, BL 32, BL 60, GB 30, GB 34","BL 23, BL 25, BL 28, BL 32, BL 60, GB 30, GB 34","BL 23, BL 25, BL 28, BL 32, BL 60, GB 30, GB 34","","TARA:0992296, TARA:0906448, TARA:5318530, TARA:6742407, TARA:5047947, TARA:9378285, TARA:8758950","","","",""
"1071","A-112625-1071","S-112625-1071","O-112625-1071","https://doi.org/10.1089/acm.2011.0047","Rehabilitation of Stroke Patients Using Yamamoto New Scalp Acupuncture: A Pilot Study","Not specified","Not specified","","","","","","",""
"1860","A-112625-1860","S-112625-1860","O-112625-1860","https://doi.org/10.1080/08869634.1992.11677929","Rehabilitative medicine adverse events of acupuncture and occlusal splint therapy in the treatment of craniomandibular disorders","EX 2, LI 4","LI 4, ST 36","LI 4, ST 36","","TARA:0859695, TARA:6463344","find paper in drive and correct the DOI link","removed, and added ST 36","",""
"531","A-112625-531","S-112625-531","O-112625-531","https://doi.org/10.1016/s0965-2299(02)00082-1","Relief of chronic neck and shoulder pain by manual acupuncture to tender points-a sham-controlled randomized trial","BL 10, GB 20, GB 12, GL 21, BL 43","BL 10, GB 20, GB 12, GL 21, BL 43","BL 10, GB 20, GB 12, BL 43","GL 21","TARA:0242146, TARA:2324295, TARA:1031890, TARA:5367032","","","",""
"1465","A-112625-1465","S-112625-1465","O-112625-1465","https://doi.org/10.1089/acu.2011.0824","Relief of Chronic Shoulder and Neck Pain by Electro Acupuncture and Transcutaneous Electrical Nervous Stimulation: A Randomized Crossover Trial","Not specified","Not specified","","","","","","",""
"128","A-112625-128","S-112625-128","O-112625-128","https://doi.org/10.1136/aim.24.3.103","Relief of low back pain immediately after acupuncture treatment -a randomised, placebo controlled trial","Not specified","Not specified","","","","","","",""
"872","A-112625-872","S-112625-872","O-112625-872","https://doi.org/10.1016/j.apmr.2008.12.020","Remote Influences of Acupuncture on the Pain Intensity and the Amplitude Changes of Endplate Noise in the Myofascial Trigger Point of the Upper Trapezius Muscle","TE 5, LI 11","TE 5, LI 11","TE 5, LI 11","","TARA:8393005, TARA:8923096","","","",""
"1344","A-112625-1344","S-112625-1344","O-112625-1344","https://doi.org/10.1097/PHM.0b013e3182328875","Remote Therapeutic Effectiveness of Acupuncture in Treating Myofascial Trigger Point of the Upper Trapezius Muscle","TE 5, LI 11","TE 5, LI 11","TE 5, LI 11","","TARA:8393005, TARA:8923096","","","",""
"1827","A-112625-1827","S-112625-1827","O-112625-1827","https://doi.org/10.1371/journal.pone.0113172","Reporting Quality of Systematic Reviews/Meta-Analyses of Acupuncture","Not specified","Not specified","","","","","","",""
"1444","A-112625-1444","S-112625-1444","O-112625-1444","https://doi.org/10.1136/aim.2009.000471","Research into acupuncture for respiratory disease in Japan: a systematic review","ST 9","","","","","","","",""
"746","A-112625-746","S-112625-746","O-112625-746","https://doi.org/10.1093/ecam/nep085","Review Randomized Clinical Trials of Constitutional Acupuncture: A Systematic Review","LR 3, GB 34, ST 36, LU 8, LR 4, KI 10, LR 8","","","","","","","",""
"205","A-112625-205","S-112625-205","O-112625-205","https://doi.org/10.1136/acupmed-2013-010495","Role of acupuncture in the management of diabetic painful neuropathy (DPN): a pilot RCT","LR 3, KI 3, SP 6, SP 10, ST 36","LR 3, KI 3, SP 6, SP 10, ST 36","LR 3, KI 3, SP 6, SP 10, ST 36","","TARA:6499349, TARA:4362146, TARA:4385250, TARA:8433932, TARA:6463344","","","",""
"902","A-112625-902","S-112625-902","O-112625-902","https://doi.org/10.1016/j.ctcp.2007.01.001","Role of acupuncture in the treatment of insomnia: A comprehensive review","SP 6, HT 7, BL 23, BL 21, ST 36, EX-HN3, GB 20, GV 20, Shenmen, Heart, Kidney, Liver, Spleen, Occiput, Subcortex, GV 20, HT 7, BL 62, KI 6, ST 36, KI3, GB 20, LR 3, MS1, MS2, MS3, MS5, BL20, BL15, HT7, ST36 KI3, PC7, LR3, LR2, GB44, GB20, CV1 2, ST40, ST 45, SP1, DU 20, Extra 6, Sishencon g, Baihui","","","","","","it's a systematic review. take out all points","",""
"1285","A-112625-1285","S-112625-1285","O-112625-1285","https://doi.org/10.1586/14737175.7.9.1121","Role of acupuncture in the treatment of migraine","Not specified","Not specified","","","","","","",""
"341","A-112625-341","S-112625-341","O-112625-341","https://doi.org/10.1111/j.1468-2982.2004.00803.x","Role of the needling per se in acupuncture as prophylaxis for menstrually related migraine: a randomized placebo-controlled study","GB 8, GB 20, LI 4, LR 3, SP 6, GB 14, Taiyang, BL 10","GB 8, GB 20, LI 4, LR 3, SP 6, GB 14, Taiyang, BL 10","GB 8, GB 20, LI 4, LR 3, SP 6, GB 14, Taiyang, BL 10","","TARA:5363236, TARA:2324295, TARA:0859695, TARA:6499349, TARA:4385250, TARA:9987270, TARA:9534465, TARA:0242146","","","",""
"1800","A-112625-1800","S-112625-1800","O-112625-1800","https://doi.org/10.1155/2012/480950","Scalp Acupuncture for Acute Ischemic Stroke: A Meta-Analysis of Randomized Controlled Trials","Not specified","Not specified","","","","","","",""
"599","A-112625-599","S-112625-599","O-112625-599","https://doi.org/10.1007/s11655-013-1431-9","Scalp Acupuncture for Parkinson's Disease: A Systematic Review of Randomized Controlled Trials","Not specified","Not specified","","","","","","",""
"476","A-112625-476","S-112625-476","O-112625-476","https://doi.org/10.1016/j.explore.2015.04.004","Schizophrenia and depression: A systematic review of the effectiveness and the working mechanisms behind acupuncture","Not specified","Not specified","","","","","","",""
"464","A-112625-464","S-112625-464","O-112625-464","https://doi.org/10.1016/j.jcrs.2006.06.027","Sedative effect of acupuncture during cataract surgery Prospective randomized double-blind study","Not specified","Not specified","","","","","","",""
"1077","A-112625-1077","S-112625-1077","O-112625-1077","https://doi.org/10.2147/CIA.S53814","Selection of acupoints for managing upper-extremity spasticity in chronic stroke patients","Neiguan PC 6, Shaohai HT 3, Zeqian EX UE A 32, Shounizhu EX UE","Neiguan, Shaohai, Zeqian, EX UE A 32, Shounizhu","PC 6, HT 3","Zeqian, EX UE A 32, Shounizhu","TARA:4311153, TARA:2385378","","","",""
"1038","A-112625-1038","S-112625-1038","O-112625-1038","https://doi.org/10.1136/aim.14.2.68","Semi Permanent Acupuncture Needles in the Prevention of Post Operative Nausea and Vomiting","PC 6","PC 6","PC 6","","TARA:4311153","","","",""
"763","A-112625-763","S-112625-763","O-112625-763","https://doi.org/10.1080/165019702760279233","Sensory stimulation (acupuncture) for the treatment of idiopathic anterior knee pain","ST 34, ST 36, ST 38, SP 9, SP 10, GB 34","ST 34, ST 36, ST 38, SP 9, SP 10, GB 34","ST 34, ST 36, ST 38, SP 9, SP 10, GB 34","","TARA:8773594, TARA:6463344, TARA:3182190, TARA:3553465, TARA:8433932, TARA:8758950","","","",""
"1078","A-112625-1078","S-112625-1078","O-112625-1078","https://doi.org/10.1161/01.str.25.6.1176","Sensory stimulation promotes normalization of postural control after stroke","Not specified","Not specified","","","","","","",""
"266","A-112625-266","S-112625-266","O-112625-266","https://doi.org/10.1111/aogs.12571","Serum anti-Mullerian hormone and ovarian morphology assessed by magnetic resonance imaging in response to acupuncture and exercise in women with polycystic ovary syndrome: secondary analyses of a randomized controlled trial","Not specified","Not specified","","","","","","",""
"87","A-112625-87","S-112625-87","O-112625-87","https://doi.org/10.1093/rheumatology/kem119","Severe knee osteoarthritis: a randomized controlled trial of acupuncture, physiotherapy (supervised exercise) and standard management for patients awaiting knee replacement","Not specified","Not specified","","","","","","",""
"1825","A-112625-1825","S-112625-1825","O-112625-1825","https://doi.org/10.1016/s0254-6272(13)60100-4","Short and long-term efficacy of combining Fuzhengliqi mixture with acupuncture in treatment of functional constipation","ST 25, ST 37, ST 36, BL 25, TE 6","ST 25, ST 37, ST 36, BL 25, TE 6","ST 25, ST 37, ST 36, BL 25, TE 6","","TARA:5717468, TARA:5918799, TARA:6463344, TARA:0906448, TARA:7510801","","","",""
"1462","A-112625-1462","S-112625-1462","O-112625-1462","https://doi.org/10.1378/chest.121.5.1396","Short-term Acupuncture Therapy Is of No Benefit in Patients With Moderate Persistent Asthma","Not specified","Not specified","","","","","","",""
"69","A-112625-69","S-112625-69","O-112625-69","https://doi.org/10.1186/1471-2474-8-51","Short-term efficacy of physical interventions in osteoarthritic knee pain. A systematic review and meta-analysis of randomised placebo-controlled trials","Not specified","Not specified","","","","","","",""
"1044","A-112625-1044","S-112625-1044","O-112625-1044","https://doi.org/10.1089/107555303771952190","Single Needle Acupuncture Alleviates Gag Reflex During Transesophageal Echocardiography: A Blinded, Randomized, Controlled Pilot Trial","CV 24","CV 24","CV 24","","TARA:8876563","","","",""
"765","A-112625-765","S-112625-765","O-112625-765","https://doi.org/10.1136/acupmed-2014-010722","Single-blinded, randomised preliminary study evaluating the effects of 2 Hz electroacupuncture for postoperative pain in patients with total knee arthroplasty","ST 36, GB 34","ST 36, GB 34","ST 36, GB 34","","TARA:6463344, TARA:8758950","","","",""
"870","A-112625-870","S-112625-870","O-112625-870","https://doi.org/10.1093/rheumatology/ken040","Single-point acupuncture and physiotherapy for the treatment of painful shoulder: a multicentre randomized controlled trial","ST 38","ST 38","ST 38","","TARA:3182190","","","",""
"473","A-112625-473","S-112625-473","O-112625-473","https://doi.org/10.1186/1472-6882-14-210","Six-month effects of integrative treatment, therapeutic acupuncture and conventional treatment in alleviating psychological distress in primary care patients -follow up from an open, pragmatic randomized controlled trial","Not specified","Not specified","","","","","","",""
"904","A-112625-904","S-112625-904","O-112625-904","https://doi.org/10.1155/2013/969032","Sleep Ameliorating Effects of Acupuncture in a Psychiatric Population","SP 10, BL 39, BL 40, SP 9, GB 34, ST 36, ST 40, SP 6, KI 3, KI 5, KI 6, LR 3, LR 1, SP 4, BL 60, BL 62, ST 44, ST 45, GB 41, GB 44, GB 45, BL 67, Eye of the knee","SP 10, BL 39, BL 40, SP 9, GB 34, ST 36, ST 40, SP 6, KI 3, KI 5, KI 6, LR 3, LR 1, SP 4, BL 60, BL 62, ST 44, ST 45, GB 41, GB 44, GB 45, BL 67, Eye of the knee","SP 10, BL 39, BL 40, SP 9, GB 34, ST 36, ST 40, SP 6, KI 3, KI 5, KI 6, LR 3, LR 1, SP 4, BL 60, BL 62, ST 44, ST 45, GB 41, GB 44, BL 67","GB 45, Eye of the knee","TARA:8433932, TARA:2186848, TARA:5290080, TARA:3553465, TARA:8758950, TARA:6463344, TARA:9531666, TARA:4385250, TARA:4362146, TARA:5122409, TARA:2108622, TARA:6499349, TARA:2131658, TARA:7407065, TARA:5047947, TARA:1628341, TARA:8440155, TARA:2260472, TARA:3668538, TARA:6845331, TARA:7218725","","","",""
"984","A-112625-984","S-112625-984","O-112625-984","https://doi.org/10.1006/pmed.1996.9997","Smoking Cessation Rates 4 Years after Treatment by Nicotine Gum and Acupuncture","Bitong, Shuaigou","Bitong, Shuaigou","Bitong","Shuaigou","TARA:8343475","","","",""
"1590","A-112625-1590","S-112625-1590","O-112625-1590","https://doi.org/10.1016/0005-7967(83)90011-6","Smoking Cessation With Behaviour Therapy or Acupuncture: A Controlled Study","Gall bladder, Lung, Shuai Gu, Tong zi Liao","Gall bladder, Lung, Shuai Gu, Tong zi Liao","GB 8, GB 1","Gall bladder, Lung","TARA:5363236, TARA:5541141","","","",""
"306","A-112625-306","S-112625-306","O-112625-306","https://doi.org/10.3727/036012912X13831831256375","Somatic Acupuncture Versus Ear Acupuncture in Migraine Therapy: A Randomized, Controlled, Blind Study","LR 3, ear acupuncture","LR 3, ear acupuncture","LR 3","ear acupuncture","TARA:6499349","","","",""
"658","A-112625-658","S-112625-658","O-112625-658","https://doi.org/10.1097/MD.0000000000009309","Space-time acupuncture for intractable cough after lupus nephropathy A case report and literature review","SP 4, PC 6, LU 7, KI 6, GB 41, TE 5, BL 62, SI 3, ST 41, ST 36, SP 6, KI 3, ST 40","","","","","","","",""
"1355","A-112625-1355","S-112625-1355","O-112625-1355","uri not found","Special Topic Study Clinical Observation of Acupuncture in Treating Pseudobulbar Palsy","CV 23, GV 15, BL 10, Zhiqiang","CV 23, GV 15, BL 10, Zhiqiang","CV 23, GV 15, BL 10","Zhiqiang","TARA:5804897, TARA:4427404, TARA:0242146","","","",""
"1665","A-112625-1665","S-112625-1665","O-112625-1665","uri not found","Special Topic Study Clinical Observation on Acupuncture for Migraine","GV 20, LI 4, LR 3, GB 41, ST 40, SP 9, SP 10, ST 36","GV 20, LI 4, LR 3, GB 41, ST 40, SP 9, SP 10, ST 36","GV 20, LI 4, LR 3, GB 41, ST 40, SP 9, SP 10, ST 36","","TARA:3386254, TARA:0859695, TARA:6499349, TARA:3668538, TARA:9531666, TARA:3553465, TARA:8433932, TARA:6463344","","","",""
"768","A-112625-768","S-112625-768","O-112625-768","https://doi.org/10.1016/j.pain.2013.05.008","Specifying the nonspecific components of acupuncture analgesia","ST 44, LI 4, ST 7, ST 6, TE 17","ST 44, LI 4, ST 7, ST 6, TE 17","ST 44, LI 4, ST 7, ST 6, TE 17","","TARA:8440155, TARA:0859695, TARA:2990862, TARA:7834226, TARA:6615149","","","",""
"1076","A-112625-1076","S-112625-1076","O-112625-1076","https://doi.org/10.1016/s0254-6272(08)60022-9","Stage-oriented Comprehensive Acupuncture Treatment plus Rehabilitation Training for Apoplectic Hemiplegia","CV 4, PC 6, GV 26, SP 6, HT 1, BL 40, LU 5, LI 4, GB 40, KI 1, LI 15, LI 11, LU 10, ST 32, GB 34, ST 36, ST 41, LR 3, GB 20, GV 14, BL 23, BL 25, GV 3, PC 7, Extra, LU 5, PC 2, Extra, ST 32, ST 34, SP 10, SP 9, SP 6, BL 57, SP 1","CV 4, PC 6, GV 26, SP 6, HT 1, BL 40, LU 5, LI 4, GB 40, KI 1, LI 15, LI 11, LU 10, ST 32, GB 34, ST 36, ST 41, LR 3, GB 20, GV 14, BL 23, BL 25, GV 3, PC 7, Extra, LU 5, PC 2, Extra, ST 32, ST 34, SP 10, SP 9, SP 6, BL 57, SP 1","CV 4, PC 6, GV 26, SP 6, HT 1, BL 40, LU 5, LI 4, GB 40, KI 1, LI 15, LI 11, LU 10, ST 32, GB 34, ST 36, ST 41, LR 3, GB 20, GV 14, BL 23, BL 25, GV 3, PC 7, LU 5, PC 2, ST 32, ST 34, SP 10, SP 9, SP 6, BL 57, SP 1","Extra, Extra","TARA:9921528, TARA:4311153, TARA:0829128, TARA:4385250, TARA:0420802, TARA:5290080, TARA:1357729, TARA:0859695, TARA:9254368, TARA:4512048, TARA:7829474, TARA:8923096, TARA:2459635, TARA:8826565, TARA:8758950, TARA:6463344, TARA:6019290, TARA:6499349, TARA:2324295, TARA:8452754, TARA:0992296, TARA:0906448, TARA:8807122, TARA:9020892, TARA:1357729, TARA:4819578, TARA:8826565, TARA:8773594, TARA:8433932, TARA:3553465, TARA:4385250, TARA:4589241, TARA:8929565","","","",""
"146","A-112625-146","S-112625-146","O-112625-146","https://doi.org/10.1155/2013/125937","Standardized versus Individualized Acupuncture for Chronic Low Back Pain: A Randomized Controlled Trial","Bl 23, Bl 24, Bl 25, Bl 40, Bl 60, Gb 34, K 3","Bl 23, Bl 24, Bl 25, Bl 40, Bl 60, Gb 34, K 3","BL 23, BL 24, BL 25, BL 40, BL 60, GB 34, KI 3","","TARA:0992296, TARA:7357260, TARA:0906448, TARA:5290080, TARA:5047947, TARA:8758950, TARA:4362146","","","",""
"616","A-112625-616","S-112625-616","O-112625-616","https://doi.org/10.1016/j.apmr.2010.09.023","Stimulation of Acupoint ST-34 Acutely Improves Gait Performance in Geriatric Patients During Rehabilitation: A Randomized Controlled Trial","ST 34","ST 34","ST 34","","TARA:8773594","","","",""
"1021","A-112625-1021","S-112625-1021","O-112625-1021","https://doi.org/10.1002/14651858.CD003281.pub2","Stimulation of the wrist acupuncture point P6 for preventing postoperative nausea and vomiting","P 6, H 7, CV 13, P 2","P 6, H 7, CV 13, P 2","PC 6, HT 7, CV 13, PC 2","","TARA:4311153, TARA:2442762, TARA:4525270, TARA:4819578","","","",""
"1014","A-112625-1014","S-112625-1014","O-112625-1014","https://doi.org/10.1002/14651858.CD003281.pub4","Stimulation of the wrist acupuncture point PC6 for preventing postoperative nausea and vomiting","PC 6","PC 6","PC 6","","TARA:4311153","","","",""
"183","A-112625-183","S-112625-183","O-112625-183","https://doi.org/10.1161/01.HYP.0000241090.28070.4c","Stop Hypertension With the Acupuncture Research Program (SHARP) Results of a Randomized, Controlled Clinical Trial","GB 20, LI 11, SP 06, LR 03, ST 36, Heart, Jiang Ya Gou, Darwin’s tubercle, posterior ear lobe","GB 20, LI 11, SP 6, LR 3, ST 36, Heart, Jiang Ya Gou, Darwin’s tubercle, posterior ear lobe","GB 20, LI 11, SP 6, LR 3, ST 36","Heart, Jiang Ya Gou, Darwin’s tubercle, posterior ear lobe","TARA:2324295, TARA:8923096, TARA:4385250, TARA:6499349, TARA:6463344","","","",""
"1840","A-112625-1840","S-112625-1840","O-112625-1840","https://pubmed.ncbi.nlm.nih.gov/9594291.0/","Studies of needling depth in acupuncture treatment","Not specified","Not specified","","","","","","",""
"1425","A-112625-1425","S-112625-1425","O-112625-1425","https://doi.org/10.1007/s11726-008-0027-y","Study on Clinical Efficacy of Needling Danzhong(CV 17) in Treating Postpartum Hypogalactia","CV 17","CV 17","CV 17","","TARA:3472408","","","",""
"824","A-112625-824","S-112625-824","O-112625-824","https://pubmed.ncbi.nlm.nih.gov/12125480.0/","Study on Cytokines IL 2, IL 6, IL 10 in Patients of Chronic Allergic Rhinitis Treated with Acupuncture","LI 4, ST 36, EX HN 3, LI 20","LI 4, ST 36, EX HN 3, LI 20","LI 4, ST 36, Yintang, LI 20","","TARA:0859695, TARA:6463344, TARA:3135569, TARA:6681003","","","",""
"1303","A-112625-1303","S-112625-1303","O-112625-1303","https://doi.org/10.1007/s11655-007-0010-3","Study on the Regulatory Effect of Electro acupuncture on Hegu Point (LI4) in Cerebral Response with Functional Magnetic Resonance Imaging'","LI 4","LI 4","LI 4","","TARA:0859695","","","",""
"1323","A-112625-1323","S-112625-1323","O-112625-1323","uri not found","Study on the Treatment of Subcortical Arteriosclerotic Encephalopathy by Acupuncture Combined with Medicine","GV 20, GV 14, CV 17, CV 4, HT 7, KI 3, BLS 58, SP 3, ST 40, GB 20, GB 13, LI 11, LR 3, SP 6, PC 6, BL 18, BL 20, BL 23, BL 17","GV 20, GV 14, CV 17, CV 4, HT 7, KI 3, BLS 58, SP 3, ST 40, GB 20, GB 13, LI 11, LR 3, SP 6, PC 6, BL 18, BL 20, BL 23, BL 17","GV 20, GV 14, CV 17, CV 4, HT 7, KI 3, SP 3, ST 40, GB 20, GB 13, LI 11, LR 3, SP 6, PC 6, BL 18, BL 20, BL 23, BL 17","BLS 58","TARA:3386254, TARA:8452754, TARA:3472408, TARA:9921528, TARA:2442762, TARA:4362146, TARA:3003448, TARA:9531666, TARA:2324295, TARA:4994509, TARA:8923096, TARA:6499349, TARA:4385250, TARA:4311153, TARA:9655874, TARA:3283628, TARA:0992296, TARA:1124682","","","",""
"874","A-112625-874","S-112625-874","O-112625-874","https://doi.org/10.1093/fampra/cmq119","Subacromial corticosteroid injection or acupuncture with home exercises when treating patients with subacromial impingement in primary care-a randomized clinical trial","Not specified","Not specified","","","","","","",""
"1822","A-112625-1822","S-112625-1822","O-112625-1822","https://doi.org/10.1097/00006842-197910000-00004","Subject Expectancy and the Reduction of Cold Pressor Pain with Acupuncture and Placebo Acupuncture","Ho-ku, Waikuan","Ho-ku, Waikuan","LI 4","Waikuan","TARA:0859695","","","",""
"321","A-112625-321","S-112625-321","O-112625-321","https://doi.org/10.1097/AJP.0b013e318208c8fe","Subjective Well-being in Patients With Chronic Tension-type Headache: Effect of Acupuncture, Physical Training, and Relaxation Training","GB 20, GB 14, LI 4, ST 44, PC 6, PC 7, SP 6, GB 34, ST 8, EX 2, EX 1","GB 20, GB 14, LI 4, ST 44, PC 6, PC 7, SP 6, GB 34, ST 8","GB 20, GB 14, LI 4, ST 44, PC 6, PC 7, SP 6, GB 34, ST 8","","TARA:2324295, TARA:9987270, TARA:0859695, TARA:8440155, TARA:4311153, TARA:9020892, TARA:4385250, TARA:8758950, TARA:9946635","","taken out","",""
"1429","A-112625-1429","S-112625-1429","O-112625-1429","https://doi.org/10.1159/000077192","Success of Acupuncture and Acupressure of the Pc 6 Acupoint in the Treatment of Hyperemesis Gravidarum","Pc 6, St 36, Ren 13, DuMai 20","Pc 6, St 36, Ren 13, DuMai 20","PC 6, ST 36, CV 13","DuMai 20","TARA:4311153, TARA:6463344, TARA:4525270","","","",""
"100","A-112625-100","S-112625-100","O-112625-100","https://pubmed.ncbi.nlm.nih.gov/6218776.0/","Superficial acupuncture in the relief of chronic low back pain A placebo controlled randomised trial","Not specified","Not specified","","","","","","",""
"750","A-112625-750","S-112625-750","O-112625-750","https://doi.org/10.1136/aim.21.3.80","Superficial Dry Needling and Active Stretching in the Treatment of Myofascial Pain -A Randomised Controlled Trial","Not specified","Not specified","","","","","","",""
"44","A-112625-44","S-112625-44","O-112625-44","https://doi.org/10.1136/acupmed-2012-010128","Supervised exercise plus acupuncture for moderate to severe knee osteoarthritis: a small randomised controlled trial","SP 9, SP 10, ST 34, ST 36, LI 3, GB 34, LI 8","SP 9, SP 10, ST 34, ST 36, LI 3, GB 34, LI 8","SP 9, SP 10, ST 34, ST 36, LI 3, GB 34, LI 8","","TARA:3553465, TARA:8433932, TARA:8773594, TARA:6463344, TARA:7867167, TARA:8758950, TARA:8455793","","","",""
"1254","A-112625-1254","S-112625-1254","O-112625-1254","uri not found","Swift Needling of Zusanli and Changqiang in Treating Infantile Diarrhea","ST 36, DU 1, DU 27, DU 25, RN 24","ST 36, DU 1, DU 27, DU 25, RN 24","ST 36, GV 1, GV 27, GV 25, CV 24","","TARA:6463344, TARA:3865403, TARA:6574583, TARA:6924908, TARA:8876563","","","",""
"377","A-112625-377","S-112625-377","O-112625-377","https://doi.org/10.1016/j.ctim.2010.11.001","Sympathomodulatory effects of Saam acupuncture on heart rate variability in night-shift-working nurses","GB 43, BL 66, GB 44, LI 1","GB 43, BL 66, GB 44, LI 1","GB 43, BL 66, GB 44, LI 1","","TARA:8885103, TARA:7734076, TARA:6845331, TARA:6314936","","","",""
"1350","A-112625-1350","S-112625-1350","O-112625-1350","https://doi.org/10.1016/j.jpainsymman.2006.09.016","Symptom Management with Massage and Acupuncture in Postoperative Cancer Patients: A Randomized Controlled Trial","LI 4, SP 6, auricular points, P 6, ST 36, LV 3, LI 4, Yin Tang","LI 4, SP 6, auricular points, P 6, ST 36, LV 3, LI 4, Yin Tang","LI 4, SP 6, PC 6, ST 36, LR 3, LI 4, Yintang","auricular points","TARA:0859695, TARA:4385250, TARA:4311153, TARA:6463344, TARA:6499349, TARA:0859695, TARA:3135569","","","",""
"562","A-112625-562","S-112625-562","O-112625-562","https://doi.org/10.1200/jco.2012.43.5818","Systematic Review of Acupuncture in Cancer Care: A Synthesis of the Evidence","Not specified","Not specified","","","","","","",""
"556","A-112625-556","S-112625-556","O-112625-556","https://doi.org/10.1002/cncr.29630","Systematic Review of Acupuncture to Control Hot Flashes in Cancer Patients","LI 4, H 6, LV 3, ST 36, SP 6, K 7, GV 14, GV 20, GB 20, LU 9, CV 6, P 7, H 7, B 23, B 13, B 15, SP 9, Shenmen, Sympathetic","","","","","","review paper removed points","",""
"441","A-112625-441","S-112625-441","O-112625-441","https://doi.org/10.1080/00016340802443798","Systematic review of clinical trials of acupuncture-related therapies for primary dysmenorrhea","SP 6, SP 8, SP 10, LI 4, BL 20, BL 18, RN 8, RN 4, RN 3, ST 25, GV 20","","","","","","","",""
"1819","A-112625-1819","S-112625-1819","O-112625-1819","https://doi.org/10.1093/ecco-jcc/jju007","Systematic Review of Complementary and Alternative Medicine Treatments in Inflammatory Bowel Diseases","Not specified","Not specified","","","","","","",""
"1823","A-112625-1823","S-112625-1823","O-112625-1823","https://doi.org/10.7861/clinmedicine.6-4-381","Systematic review of systematic reviews of acupuncture","P 6","","","","","","","",""
"665","A-112625-665","S-112625-665","O-112625-665","https://doi.org/10.1016/j.arth.2018.01.070","Systematic Review of Three Electrical Stimulation Techniques for Rehabilitation After Total Knee Arthroplasty","ST 36, GB 34, SP 10, ST 34, ST 35, EX-LE 4","","","","","","","",""
"694","A-112625-694","S-112625-694","O-112625-694","https://doi.org/10.1155/2017/6421852","Systematic Review on Acupuncture for Treatment of Dysphagia after Stroke","Not specified","Not specified","","","","","","",""
"1315","A-112625-1315","S-112625-1315","O-112625-1315","https://doi.org/10.1017/s1092852900016400","Systematic Reviews of Clinical Trials of Acupuncture as Treatment The Well Rounded Brain for Depression: How Systematic and Accurate Are They?","DU 20, Yintang","","","","","","","",""
"748","A-112625-748","S-112625-748","O-112625-748","https://doi.org/10.1186/1472-6882-1-3","Systematic reviews of complementary therapies -an annotated bibliography. Part 1: Acupuncture","P 6","","","","","","","",""
"154","A-112625-154","S-112625-154","O-112625-154","https://doi.org/10.1016/s0304-3959(00)00234-7","Teasing apart quality and validity in systematic reviews: an example from acupuncture trials in chronic neck and back pain","Not specified","Not specified","","","","","","",""
"1818","A-112625-1818","S-112625-1818","O-112625-1818","https://doi.org/10.1080/00913847.2015.1004296","Tendon needling for treatment of tendinopathy: A systematic review","Not specified","Not specified","","","","","","",""
"1125","A-112625-1125","S-112625-1125","O-112625-1125","https://pubmed.ncbi.nlm.nih.gov/10729968.0/","TENS, Electroacupuncture and Ice Massage: Comparison of Treatment for Osteoarthritis of the Knee","SP 9, GB 34","SP 9, GB 34","SP 9, GB 34","","TARA:3553465, TARA:8758950","","","",""
"1511","A-112625-1511","S-112625-1511","O-112625-1511","https://doi.org/10.1016/s0965-2299(98)80017-4","Tension headache and signs and symptoms of craniomandibular disorders treated with acupuncture or physiotherapy","GB 20, GB 21, LI 4","GB 20, GB 21, LI 4","GB 20, GB 21, LI 4","","TARA:2324295, TARA:5389461, TARA:0859695","","","",""
"537","A-112625-537","S-112625-537","O-112625-537","https://doi.org/10.1016/j.ctim.2008.02.006","Tension neck syndrome treated by acupuncture combined with physiotherapy: A comparative clinical trial (pilot study)","Not specified","Not specified","","","","","","",""
"344","A-112625-344","S-112625-344","O-112625-344","https://doi.org/10.1046/j.1468-2982.2001.218238.x","The `dry-needle technique': intramuscular stimulation in tension-type headache","Not specified","Not specified","","","","","","",""
"1200","A-112625-1200","S-112625-1200","O-112625-1200","https://doi.org/10.1097/gme.0b013e31818c02ad","The Acupuncture on Hot Flushes Among Menopausal Women (ACUFLASH) study, a randomized controlled trial","Not specified","Not specified","","","","","","",""
"1204","A-112625-1204","S-112625-1204","O-112625-1204","https://doi.org/10.1136/aim.2009.000612","The acupuncture treatment for postmenopausal hot flushes (Acuflash) study: traditional Chinese medicine diagnoses and acupuncture points used, and their relation to the treatment response","SP 6, HT 6, KI 7, KI 6, CV 4, LU 7, LI 4, LR 3","SP 6, HT 6, KI 7, KI 6, CV 4, LU 7, LI 4, LR 3","SP 6, HT 6, KI 7, KI 6, CV 4, LU 7, LI 4, LR 3","","TARA:4385250, TARA:6421594, TARA:9881298, TARA:2108622, TARA:9921528, TARA:3515622, TARA:0859695, TARA:6499349","","","",""
"1136","A-112625-1136","S-112625-1136","O-112625-1136","https://doi.org/10.1142/s0192415x80000141","The Acupuncture Treatment of Low Back Pain: A Randomized Controlled Study","Not specified","Not specified","","","","","","",""
"1339","A-112625-1339","S-112625-1339","O-112625-1339","https://doi.org/10.1142/s0192415x81000433","The Acupuncture Treatment of Neck Pain: A Randomized Controlled Study","Not specified","Not specified","","","","","","",""
"1186","A-112625-1186","S-112625-1186","O-112625-1186","https://doi.org/10.1089/acm.2009.0427","The Acute Effect of Acupuncture on Endothelial Dysfunction in Patients with Hypertension: A Pilot, Randomized, Double Blind, Placebo Con trolled Crossover Trial","ST 36, PC 6, ST 36, PC 6","ST 36, PC 6, ST 36, PC 6","ST 36, PC 6, ST 36, PC 6","","TARA:6463344, TARA:4311153, TARA:6463344, TARA:4311153","","","",""
"1503","A-112625-1503","S-112625-1503","O-112625-1503","https://doi.org/10.1093/rheumatology/33.12.1162","The analgesic effect of acupuncture in chronic tennis elbow pain","Not specified","Not specified","","","","","","",""
"1816","A-112625-1816","S-112625-1816","O-112625-1816","https://doi.org/10.1142/S0192415X01000228","The Analgesic Efficacy of Bee Venom Acupuncture for Knee Osteoarthritis: A Comparative Study with Needle Acupuncture","SP 10, ST 34, ST 36, GB 34, LR 3, EX-LE 2, EX-LE 5","SP 10, ST 34, ST 36, GB 34, LR 3, EX-LE 2, EX-LE 5","SP 10, ST 34, ST 36, GB 34, LR 3, Heding, Xiyan","","TARA:8433932, TARA:8773594, TARA:6463344, TARA:8758950, TARA:6499349, TARA:3748376, TARA:0926802","","","",""
"458","A-112625-458","S-112625-458","O-112625-458","https://doi.org/10.1016/s0165-0327(99)00061-0","The benefit from whole body acupuncture in major depression *","U.B. 15, U.B. 17, U.B. 18, H 7, P 6, St 40, Sp 5, Sp 6, Lu 1","U.B. 15, U.B. 17, U.B. 18, H 7, P 6, St 40, Sp 5, Sp 6, Lu 1","BL 15, BL 17, BL 18, HT 7, PC 6, ST 40, SP 5, SP 6, LU 1","","TARA:5797983, TARA:1124682, TARA:9655874, TARA:2442762, TARA:4311153, TARA:9531666, TARA:7831710, TARA:4385250, TARA:0913913","","","",""
"450","A-112625-450","S-112625-450","O-112625-450","https://doi.org/10.1016/j.jad.2015.01.048","The benefit of combined acupuncture and antidepressant medication for depression: A systematic review and meta-analysis","GV 20, EX-HN 3, HT 7, SP 6, LI 4, PC 6, GV 14, EX-HN 1, GV 24, GV 16, GB 20","","","","","","","",""
"454","A-112625-454","S-112625-454","O-112625-454","https://pubmed.ncbi.nlm.nih.gov/16447661.0/","The Brain Resuscitation Acupuncture Method for Treatment of Post Wind Stroke Mental Depression","Neiguan PC 6, Renzhong GV 26, Sanyinjiao SP 6, Baihui GV 20, Shenmen HT 7, Jiquan HT 1, Weizhong BL 40, Chize LU 5","Neiguan, Renzhong, Sanyinjiao, Baihui, Shenmen, Jiquan, Weizhong, Chize","PC 6, GV 26, SP 6, GV 20, HT 7, HT 1, BL 40, LU 5","","TARA:4311153, TARA:0829128, TARA:4385250, TARA:3386254, TARA:2442762, TARA:0420802, TARA:5290080, TARA:1357729","","says HT 7 already","",""
"764","A-112625-764","S-112625-764","O-112625-764","https://doi.org/10.1016/j.ptsp.2015.06.003","The clinical impact of platelet-rich plasma on tendinopathy compared to placebo or dry needling injections: A meta-analysis","Not specified","Not specified","","","","","","",""
"1814","A-112625-1814","S-112625-1814","O-112625-1814","https://doi.org/10.1136/acupmed-2012-010195","The combined effect of acupuncture and Tanacetum parthenium on quality of life in women with headache: randomised study","GB 8, GB 14, GV 20, HT 7, LR 2, LI 4","GB 8, GB 14, GV 20, HT 7, LR 2, LI 4","GB 8, GB 14, GV 20, HT 7, LR 2, LI 4","","TARA:5363236, TARA:9987270, TARA:3386254, TARA:2442762, TARA:6862058, TARA:0859695","","","",""
"396","A-112625-396","S-112625-396","O-112625-396","https://doi.org/10.1089/acm.2007.7024","The Combined Effect of Relaxation Response and Acupuncture on Quality of Life in Patients with HIV: A Pilot Study","Not specified","Not specified","","","","","","",""
"1205","A-112625-1205","S-112625-1205","O-112625-1205","https://doi.org/10.1016/s0254-6272(08)60001-1","The Combined Use of Acupuncture and Chinese Medicines for Treatment of Menopausal Syndrome -A Clinical Report of 63 Cases","SP6, ST36, BL18, BL20, BL23, CV4, GV20, KI3, LR3, KI6, PC6, BL15, CV6, GV4, Anmian, HT7, LI4, LR2, GB20","SP6, ST36, BL18, BL20, BL23, CV4, GV20, KI3, LR3, KI6, PC6, BL15, CV6, GV4, Anmian, HT7, LI4, LR2, GB20","SP 6, ST 36, BL 18, BL 20, BL 23, CV 4, GV 20, KI 3, LR 3, KI 6, PC 6, BL 15, CV 6, GV 4, Anmian, HT 7, LI 4, LR 2, GB 20","","TARA:4385250, TARA:6463344, TARA:9655874, TARA:3283628, TARA:0992296, TARA:9921528, TARA:3386254, TARA:4362146, TARA:6499349, TARA:2108622, TARA:4311153, TARA:5797983, TARA:8833337, TARA:8557069, TARA:3480360, TARA:2442762, TARA:0859695, TARA:6862058, TARA:2324295","","","",""
"1294","A-112625-1294","S-112625-1294","O-112625-1294","https://pubmed.ncbi.nlm.nih.gov/16208302.0/","The effect of acupuncture and moxibustion on physical performance by sedentary subjects submitted to ergospirometric test on the treadmill","K 3, VC 4, B 123, B 147, VG 4, B 113, B 114, B 115, B 137, B 138, BI 39","K 3, VC 4, B 123, B 147, VG 4, B 113, B 114, B 115, B 137, B 138, BI 39","KI 3, CV 4, GV 4","B 123, B 147, B 113, B 114, B 115, B 137, B 138, BI 39","TARA:4362146, TARA:9921528, TARA:8557069","","","",""
"1372","A-112625-1372","S-112625-1372","O-112625-1372","https://doi.org/10.1053/seiz.1999.0278","The effect of acupuncture in chronic intractable epilepsy","LR 3, LI 4, GV 20, S 1, S 2, S 3","LR 3, LI 4, GV 20, S 1, S 2, S 3","LR 3, LI 4, GV 20, ST 1, ST 2, ST 3","","TARA:6499349, TARA:0859695, TARA:3386254, TARA:4157768, TARA:6392753, TARA:5884251","","","",""
"88","A-112625-88","S-112625-88","O-112625-88","https://doi.org/10.1080/00016359850136058","The effect of acupuncture in the treatment of patients with primary Sjo Ègren's syndrome A controlled study","ST 6, ST 7, TE 23, BL 2, CV 23, CV 24, GV 20, GV 26, Biantao, Quianzheng, ST 36, LI 4, KI 3","ST 6, ST 7, TE 23, BL 2, CV 23, CV 24, GV 20, GV 26, Biantao, Quianzheng, ST 36, LI 4, KI 3","ST 6, ST 7, TE 23, BL 2, CV 23, CV 24, GV 20, GV 26, ST 36, LI 4, KI 3","Biantao, Quianzheng","TARA:7834226, TARA:2990862, TARA:6752232, TARA:8104948, TARA:5804897, TARA:8876563, TARA:3386254, TARA:0829128, TARA:6463344, TARA:0859695, TARA:4362146","","","",""
"844","A-112625-844","S-112625-844","O-112625-844","https://doi.org/10.1142/S0192415X04001813","The Effect of Acupuncture on Allergic Rhinitis: A Randomized Controlled Clinical Trial","LI 4, LI 20, Liv 3, Lu 7, St 36, Yintang","LI 4, LI 20, Liv 3, Lu 7, St 36, Yintang","LI 4, LI 20, LR 3, LU 7, ST 36, Yintang","","TARA:0859695, TARA:6681003, TARA:6499349, TARA:3515622, TARA:6463344, TARA:3135569","","","",""
"1193","A-112625-1193","S-112625-1193","O-112625-1193","https://pubmed.ncbi.nlm.nih.gov/11977530.0/","The Effect of Acupuncture on Bone Mineral Density in Postmenopausal Women","BL 23, CV 4, KI 3","BL 23, CV 4, KI 3","BL 23, CV 4, KI 3","","TARA:0992296, TARA:9921528, TARA:4362146","","","",""
"1363","A-112625-1363","S-112625-1363","O-112625-1363","uri not found","The Effect of Acupuncture on Improving the Quality of Life of Cerebral Palsy Patients","MS 6, MS 14, MS 9, MS 8, EX HN 1, MS 10, MS 11, MS 13","MS 6, MS 14, MS 9, MS 8, EX HN 1, MS 10, MS 11, MS 13","Sishencong","MS 6, MS 14, MS 9, MS 8, MS 10, MS 11, MS 13","TARA:9610280","","","",""
"1512","A-112625-1512","S-112625-1512","O-112625-1512","https://doi.org/10.1016/S0966-6532(98)00049-3","The effect of acupuncture on pain and swelling after day case molar teeth extraction under general anaesthesia","Colon 4, Stomach 6","Colon 4, Stomach 6","LI 4, ST 6","","TARA:0859695, TARA:7834226","","","",""
"56","A-112625-56","S-112625-56","O-112625-56","https://doi.org/10.1093/rheumatology/38.9.864","The effect of acupuncture on patients with rheumatoid arthritis: a randomized, placebo-controlled cross-over study","Li 3","Li 3","LI 3","","TARA:7867167","","","",""
"1053","A-112625-1053","S-112625-1053","O-112625-1053","https://pubmed.ncbi.nlm.nih.gov/17955657.0/","The Effect of Acupuncture on Plasma Endothelin Content in Cerebral Infarction Patients","LI 4, LI 11, TE 5, ST 36, ST 34, ST 41, GB 20, LR 3","LI 4, LI 11, TE 5, ST 36, ST 34, ST 41, GB 20, LR 3","LI 4, LI 11, TE 5, ST 36, ST 34, ST 41, GB 20, LR 3","","TARA:0859695, TARA:8923096, TARA:8393005, TARA:6463344, TARA:8773594, TARA:6019290, TARA:2324295, TARA:6499349","","","",""
"271","A-112625-271","S-112625-271","O-112625-271","https://doi.org/10.1089/acm.2010.0380","The Effect of Acupuncture on Psychosocial Outcomes for Women Experiencing Infertility: A Pilot Randomized Controlled Trial","PC 6, PC 5, HT 5, HT 7","PC 6, PC 5, HT 5, HT 7","PC 6, PC 5, HT 5, HT 7","","TARA:4311153, TARA:6477399, TARA:1282828, TARA:2442762","","","",""
"1809","A-112625-1809","S-112625-1809","O-112625-1809","https://doi.org/10.1016/0030-4220(92)90124-9","The effect of acupuncture on salivary flow rates in patients with xerostomia","Not specified","Not specified","","","","","","",""
"1596","A-112625-1596","S-112625-1596","O-112625-1596","https://pubmed.ncbi.nlm.nih.gov/12596615.0/","The Effect of Acupuncture on the Acute Withdrawal Symptoms from Rapid Opiate Detoxification","L 14, PC 6, ST 36, HT 7, LR 3, DU 14, DU 20","L 14, PC 6, ST 36, HT 7, LR 3, DU 14, DU 20","PC 6, ST 36, HT 7, LR 3, GV 14, GV 20","L 14","TARA:4311153, TARA:6463344, TARA:2442762, TARA:6499349, TARA:8452754, TARA:3386254","","","",""
"1799","A-112625-1799","S-112625-1799","O-112625-1799","https://doi.org/10.1142/S0192415X02000363","The Effect of Acupuncture on the Coronary Arteries as Evaluated by Coronary Angiography: A Preliminary Report","EH 6","EH 6","","EH 6","","","","",""
"1446","A-112625-1446","S-112625-1446","O-112625-1446","https://doi.org/10.1046/j.1365-2044.1998.00535.x","The effect of acupuncture on the incidence of postextubation laryngospasm in children","L 11, Li 1","L 11, Li 1","LU 11, LI 1","","TARA:0831517, TARA:6314936","","","",""
"72","A-112625-72","S-112625-72","O-112625-72","https://doi.org/10.1136/aim.22.1.14","The effect of acupuncture on the symptoms of knee osteoarthritis--an open randomised controlled study","LI 4, SP 10, Xiyan, SP 9, GB 34, ST 36, LR 3, BL 40, BL 51","LI 4, SP 10, Xiyan, SP 9, GB 34, ST 36, LR 3, BL 40, BL 51","LI 4, SP 10, Xiyan, SP 9, GB 34, ST 36, LR 3, BL 40, BL 51","","TARA:0859695, TARA:8433932, TARA:0926802, TARA:3553465, TARA:8758950, TARA:6463344, TARA:6499349, TARA:5290080, TARA:4667633","","","",""
"445","A-112625-445","S-112625-445","O-112625-445","https://doi.org/10.1016/j.jams.2012.12.006","The Effect of Acupuncture on Working Memory and Anxiety *","EX-HN 1, GV 24, EX-HN 3, HT 7, PC 6, KD 3","EX-HN 1, GV 24, EX-HN 3, HT 7, PC 6, KD 3","Sishencong, GV 24, Yintang, HT 7, PC 6, KI 3","","TARA:9610280, TARA:7679931, TARA:3135569, TARA:2442762, TARA:4311153, TARA:4362146","","","",""
"1510","A-112625-1510","S-112625-1510","O-112625-1510","uri not found","The effect of acupuncture versus ultrasound on pain level, grip strength and disability in individuals with lateral epicondylitis: A pilot study","LI 4, TWS, LI 10, LI 14, LI 12","LI 4, TWS, LI 10, LI 14, LI 12","LI 4, LI 10, LI 14, LI 12","TWS","TARA:0859695, TARA:0742938, TARA:3744150, TARA:9554328","","","",""
"1398","A-112625-1398","S-112625-1398","O-112625-1398","https://doi.org/10.1089/jwh.2008.1005","The Effect of Auricular Acupuncture in Obese Women: A Randomized Controlled Trial","hunger point, shenmen point, stomach point, endocrine point","hunger point, ear shenmen, stomach point, endocrine point","","hunger point, ear shenmen, stomach point, endocrine point","","","added ""ear""","",""
"20","A-112625-20","S-112625-20","O-112625-20","https://doi.org/10.1046/j.1365-2044.2002.02832.x","The effect of auricular acupuncture on anaesthesia with desflurane","TF 4, AT 3, AH 9, CO 4","TF 4, AT 3, AH 9, CO 4","LI 4","TF 4, AT 3, AH 9","TARA:0859695","","","",""
"19","A-112625-19","S-112625-19","O-112625-19","https://doi.org/10.1097/AJP.0b013e3181fd516c","The Effect of Auricular Acupuncture on Fentanyl Requirement During Hip Arthroplasty A Randomized Controlled Trial","MA-AH 4, MA-TF 1, MA-IC 1","MA-AH 4, MA-TF 1, MA-IC 1","","MA-AH 4, MA-TF 1, MA-IC 1","","","","",""
"1385","A-112625-1385","S-112625-1385","O-112625-1385","https://doi.org/10.1142/S0192415X99000045","The Effect of Auricular Acupuncture on Olfactory Acuity","Lung Point","Lung Point","","Lung Point","","","","",""
"968","A-112625-968","S-112625-968","O-112625-968","https://doi.org/10.1080/01612840290052631","The effect of auricular acupuncture on psychophysiological measures of cocaine craving","Not specified","Not specified","","","","","","",""
"370","A-112625-370","S-112625-370","O-112625-370","https://doi.org/10.1111/j.1526-4637.2010.01051.x","The Effect of Brief Electrical and Manual Acupuncture Stimulation on Mechanical Experimental Pain","LI 4, LI 11","LI 4, LI 11","LI 4, LI 11","","TARA:0859695, TARA:8923096","","","",""
"762","A-112625-762","S-112625-762","O-112625-762","https://doi.org/10.1016/j.jbmt.2013.11.009","The effect of dry needling for myofascial trigger points in the neck and shoulders: A systematic review and meta-analysis","Not specified","Not specified","","","","","","",""
"732","A-112625-732","S-112625-732","O-112625-732","https://doi.org/10.1007/s10067-012-2112-3","The effect of dry needling in the treatment of myofascial pain syndrome: a randomized double-blinded placebo-controlled trial","Not specified","Not specified","","","","","","",""
"1554","A-112625-1554","S-112625-1554","O-112625-1554","https://pubmed.ncbi.nlm.nih.gov/12014128.0/","The Effect of Electro-Acupuncture on Motor Function Recovery in Patients with Acute Cerebral Infarction: A Randomly Controlled Trial","Not specified","Not specified","","","","","","",""
"1092","A-112625-1092","S-112625-1092","O-112625-1092","https://doi.org/10.1016/j.apmr.2006.10.034","The Effect of Electro-Acupuncture on Spasticity of the Wrist Joint in Chronic Stroke Survivors","LI 4, SI 3, TW 5, LI 11, LI 10, LI 15","LI 4, SI 3, TW 5, LI 11, LI 10, LI 15","LI 4, SI 3, TE 5, LI 11, LI 10, LI 15","","TARA:0859695, TARA:0220496, TARA:8393005, TARA:8923096, TARA:0742938, TARA:7829474","","","",""
"726","A-112625-726","S-112625-726","O-112625-726","https://doi.org/10.1016/j.ejpain.2007.10.003","The effect of electroacupuncture on opioid-like medication consumption by chronic pain patients: A pilot randomized controlled clinical trial","LI 10, LI 4, ST 36, ST 40","LI 10, LI 4, ST 36, ST 40","LI 10, LI 4, ST 36, ST 40","","TARA:0742938, TARA:0859695, TARA:6463344, TARA:9531666","","","",""
"21","A-112625-21","S-112625-21","O-112625-21","https://doi.org/10.1016/S0304-3959(02)00261-0","The effect of high and low frequency electroacupuncture in pain after lower abdominal surgery","ST 36","ST 36","ST 36","","TARA:6463344","","","",""
"161","A-112625-161","S-112625-161","O-112625-161","https://doi.org/10.1097/00000539-200102000-00038","The Effect of Montage on the Analgesic Response to Percutaneous Neuromodulation Therapy","Not specified","Not specified","","","","","","",""
"1108","A-112625-1108","S-112625-1108","O-112625-1108","https://doi.org/10.1046/j.1365-2044.1999.01030.x","The effect of pre-emptive acupuncture treatment on analgesic requirements after day-case knee arthroscopy","SP 9, SP 10, ST 34, ST 36","SP 9, SP 10, ST 34, ST 36","SP 9, SP 10, ST 34, ST 36","","TARA:3553465, TARA:8433932, TARA:8773594, TARA:6463344","","","",""
"1002","A-112625-1002","S-112625-1002","O-112625-1002","https://doi.org/10.1089/107555303322524508","The Effect of Prophylactic Acupuncture Treatment in Women with Recurrent Cystitis: Kidney Patients Fare Better","BL 23, KI 3, CV 3, SP 6, BL 28, ST 36, SP 9, LR 3","BL 23, KI 3, CV 3, SP 6, BL 28, ST 36, SP 9, LR 3","BL 23, KI 3, CV 3, SP 6, BL 28, ST 36, SP 9, LR 3","","TARA:0992296, TARA:4362146, TARA:0022762, TARA:4385250, TARA:5318530, TARA:6463344, TARA:3553465, TARA:6499349","","","",""
"380","A-112625-380","S-112625-380","O-112625-380","https://doi.org/10.1016/j.apmr.2004.10.037","The Effect of Real and Sham Acupuncture on Thermal Sensation and Thermal Pain Thresholds","TE 5, LI 11","TE 5, LI 11","TE 5, LI 11","","TARA:8393005, TARA:8923096","","","",""
"1025","A-112625-1025","S-112625-1025","O-112625-1025","https://doi.org/10.1136/aim.16.1.10","The Effect of Timing of PC.6 Acupuncture on Post Operative Vomiting Following Major Gynaecological Surgery","P 6","P 6","PC 6","","TARA:4311153","","","",""
"502","A-112625-502","S-112625-502","O-112625-502","https://doi.org/10.1097/MD.0000000000000933","The Effectiveness and Safety of Acupuncture for Patients With Alzheimer Disease A Systematic Review and Meta-Analysis of Randomized Controlled Trials","GV 20, ST 36, SP 10, EX 1, KI 3, GV 14, CV 17, CV 12, CV 6, TE 5, GB 39, PC 6, BL 23, GV 29, SP 6, KI 4","","","","","","review - take out points","",""
"883","A-112625-883","S-112625-883","O-112625-883","https://doi.org/10.1155/2016/5191729","The Effectiveness and Safety of Acupuncture for Patients with Chronic Urticaria: A Systematic Review","SP 10, ST 36, LI 11, SP 6, LI 4, BL 20, BL 18, GV 11","","","","","","","",""
"1804","A-112625-1804","S-112625-1804","O-112625-1804","https://doi.org/10.1007/s00520-014-2161-z","The effectiveness and safety of moxibustion for treating cancer-related fatigue: a systematic review and meta-analyses","Not specified","Not specified","","","","","","",""
"492","A-112625-492","S-112625-492","O-112625-492","https://doi.org/10.1136/aim.23.2.70","The effectiveness of acupuncture for depression -a systematic review of randomised controlled trials","Not specified","Not specified","","","","","","",""
"1806","A-112625-1806","S-112625-1806","O-112625-1806","https://doi.org/10.1136/acupmed-2012-010183","The effectiveness of acupuncture for plantar heel pain: a systematic review","PC 7, LI 4, KI 3, BL 60, SP 6, GB 39, ST 7, BL 61","","","","","","","",""
"247","A-112625-247","S-112625-247","O-112625-247","https://doi.org/10.1016/j.ctim.2014.05.002","The effectiveness of acupuncture in postoperative gastroparesis syndrome -A systematic review and meta-analysis","ST 36, CV 12, PC 6, SP 6, ST 40, SP 9, LV 3, ST 37, SP 10","","","","","","","",""
"1024","A-112625-1024","S-112625-1024","O-112625-1024","https://doi.org/10.1371/journal.pone.0082474","The Effectiveness of Acupuncture in Prevention and Treatment of Postoperative Nausea and Vomiting -A Systematic Review and Meta-Analysis","PC 6, K-K 9, K-D 2, BL 10, BL 11, BL 18, BL 19, BL 20, BL 21, BL 22, BL 23, BL 24, BL 25, BL 26, SP 4, SP 6, ST 34, ST 36, ST 44, GB 34, LI 4, LI 10, CV 12, LV 3, SP 9, ST 40","","","","","","","",""
"1156","A-112625-1156","S-112625-1156","O-112625-1156","https://doi.org/10.1097/00007632-199906010-00011","The Effectiveness of Acupuncture in the Management of Acute and Chronic Low Back Pain
A Systematic Review Within the Framework of the Cochrane
Collaboration Back Review Group","Not specified","Not specified","","","","","","",""
"129","A-112625-129","S-112625-129","O-112625-129","https://doi.org/10.1186/1749-799X-7-36","The effectiveness of acupuncture in treating chronic non-specific low back pain: a systematic review of the literature","Not specified","Not specified","","","","","","",""
"1801","A-112625-1801","S-112625-1801","O-112625-1801","https://doi.org/10.1186/2046-4053-1-46","The effectiveness of acupuncture research across components of the trauma spectrum response (tsr): a systematic review of reviews","Not specified","Not specified","","","","","","",""
"928","A-112625-928","S-112625-928","O-112625-928","https://doi.org/10.1136/acupmed-2015-010759","The effectiveness of acupuncture versus clonazepam in patients with burning mouth syndrome","ST 8, GB 2, TE 21, SI 19, SI 18, LI 4, GV 20","ST 8, GB 2, TE 21, SI 19, SI 18, LI 4, GV 20","ST 8, GB 2, TE 21, SI 19, SI 18, LI 4, GV 20","","TARA:9946635, TARA:2849795, TARA:3361879, TARA:1772472, TARA:0287877, TARA:0859695, TARA:3386254","","","",""
"237","A-112625-237","S-112625-237","O-112625-237","https://doi.org/10.1155/2015/670963","The Effectiveness of Electroacupuncture for Functional Constipation: A Randomized, Controlled, Clinical Trial","ST 25, SP 14, ST 37","ST 25, SP 14, ST 37","ST 25, SP 14, ST 37","","TARA:5717468, TARA:1992799, TARA:5918799","","","",""
"158","A-112625-158","S-112625-158","O-112625-158","https://doi.org/10.1089/acm.2004.10.803","The Effectiveness of Electroacupuncture Versus Electrical Heat Acupuncture in the Management of Chronic Low-Back Pain","BL 25, BL 26, GB 30, ST 36, BL 40","BL 25, BL 26, GB 30, ST 36, BL 40","BL 25, BL 26, GB 30, ST 36, BL 40","","TARA:0906448, TARA:4384020, TARA:9378285, TARA:6463344, TARA:5290080","","","",""
"743","A-112625-743","S-112625-743","O-112625-743","https://doi.org/10.1016/j.apnr.2005.01.003","The effectiveness of hand acupuncture and moxibustion in decreasing pain and bcoldnessQ in Korea women who have had hysterectomy: a pilot study","A 1, A 4, A 6, A 8, A 12, A 16, A 33, F 19, F 6, B 1, B 4, B 5, B 6, B 7, B 14, B 19, B 24","A 1, A 4, A 6, A 8, A 12, A 16, A 33, F 19, F 6, B 1, B 4, B 5, B 6, B 7, B 14, B 19, B 24","BL 1, BL 4, BL 5, BL 6, BL 7, BL 14, BL 19, BL 24","A 1, A 4, A 6, A 8, A 12, A 16, A 33, F 19, F 6","TARA:1460220, TARA:0598260, TARA:7280334, TARA:1565977, TARA:9927492, TARA:9523348, TARA:6145687, TARA:7357260","","","",""
"753","A-112625-753","S-112625-753","O-112625-753","https://doi.org/10.2519/jospt.2017.7096","The Effectiveness of Trigger Point Dry Needling for Musculoskeletal Conditions by Physical Therapists: A Systematic Review and Meta-analysis","Not specified","Not specified","","","","","","",""
"756","A-112625-756","S-112625-756","O-112625-756","https://doi.org/10.1016/j.surg.2014.08.062","The effects of acupuncture after thyroid surgery: A randomized, controlled trial","LI 4, PC 6","LI 4, PC 6","LI 4, PC 6","","TARA:0859695, TARA:4311153","","","",""
"416","A-112625-416","S-112625-416","O-112625-416","https://doi.org/10.1111/j.1479-828X.2006.00674.x","The effects of acupuncture during labour on nulliparous women:A randomised controlled trial","LI 4","LI 4","LI 4","","TARA:0859695","","","",""
"1176","A-112625-1176","S-112625-1176","O-112625-1176","https://pubmed.ncbi.nlm.nih.gov/15119162.0/","The Effects of Acupuncture in Treatment of Coronary Heart Diseases","BL 15, CV 14, Xinping, BL 14, CV 17, PC 6","BL 15, CV 14, Xinping, BL 14, CV 17, PC 6","BL 15, CV 14, BL 14, CV 17, PC 6","Xinping","TARA:5797983, TARA:4823591, TARA:9523348, TARA:3472408, TARA:4311153","","","",""
"507","A-112625-507","S-112625-507","O-112625-507","https://doi.org/10.1155/2015/839470","The Effects of Acupuncture on Cerebral and Muscular Microcirculation: A Systematic Review of Near-Infrared Spectroscopy Studies","Not specified","Not specified","","","","","","",""
"1813","A-112625-1813","S-112625-1813","O-112625-1813","https://doi.org/10.2106/JBJS.15.00620","The Effects of Acupuncture on Chronic Knee Pain Due to Osteoarthritis A Meta-Analysis","Not specified","Not specified","","","","","","",""
"803","A-112625-803","S-112625-803","O-112625-803","https://doi.org/10.1093/humupd/dmt026","The effects of acupuncture on rates of clinical pregnancy among women undergoing in vitro fertilization: a systematic review and meta-analysis","Not specified","Not specified","","","","","","",""
"322","A-112625-322","S-112625-322","O-112625-322","https://doi.org/10.1016/0304-3959(85)90074-0","The Effects of Acupuncture versus Placebo in the Treatment of Headache","Not specified","Not specified","","","","","","",""
"591","A-112625-591","S-112625-591","O-112625-591","https://pubmed.ncbi.nlm.nih.gov/28371571.0/","The effects of acupuncture versus sham acupuncture in the treatment of fibromyalgia: a randomized controlled clinical trial","Not specified","Not specified","","","","","","",""
"47","A-112625-47","S-112625-47","O-112625-47","https://doi.org/10.1016/j.jmpt.2012.12.003","The effects of collateral meridian therapy for knee osteoarthritis pain management: a pilot study","Not specified","Not specified","","","","","","",""
"58","A-112625-58","S-112625-58","O-112625-58","https://doi.org/10.1089/107555303322524490","The Effects of Electro-Acupuncture and Transcutaneous Electrical Nerve Stimulation on Patients with Painful Osteoarthritic Knees: A Randomized Controlled Trial with Follow-Up Evaluation","ST 35, EX LE 4","ST 35, EX LE 4","ST 35, Medial Xiyan","","TARA:2454652, TARA:8759132","","","",""
"710","A-112625-710","S-112625-710","O-112625-710","https://doi.org/10.1038/ijo.2009.41","The effects of triple therapy (acupuncture, diet and exercise) on body weight: a randomized, clinical trial","ear points of hunger, Shenmen, Finglong","ear points of hunger, Ear Shenmen, Finglong","","ear points of hunger, Ear Shenmen, Finglong","","","added ""ear""","",""
"585","A-112625-585","S-112625-585","O-112625-585","https://doi.org/10.1007/s10549-009-0533-8","The efficacy of acupoint stimulation for the management of therapy-related adverse events in patients with breast cancer: a systematic review","P 6, ST 36, SP 6, L 14, CV 2, CV 3, CV 12, LI 15, TE 14, LU 5, TE 5, LI 4, ST 6, SP 9, SJ 5, SJ 14, REN 2, REN 3, REN 12, TB 5, GB 41, GB 34, KD 3, SI 10, SJ 4, LI 5, SI 5, SI 3, LI 3, Du 3, Du 8, UB 23, GB 30, GB 39, SP 10, ST 34, BL 62, LR 14, KI 3, HT 7, TE 6, LI 11, GV 20, GB 6, SJ 6, PC 2, PC 3, LE 14, MP 19, DI 14, BL 17, LU 2, RE 6, RE 17, BL 23, BL 18","","","","","","","",""
"1588","A-112625-1588","S-112625-1588","O-112625-1588","https://pubmed.ncbi.nlm.nih.gov/6942317.0/","The efficacy of acupuncture as an aid to stopping smoking","Lung point, Hunger point, Hoku (large intestine 4)","Lung point, Hunger point, large intestine 4","LI 4","Lung point, Hunger point","TARA:0859695","","","",""
"124","A-112625-124","S-112625-124","O-112625-124","https://doi.org/10.1155/2015/192808","The Efficacy of Acupuncture for the Treatment of Sciatica: A Systematic Review and Meta-Analysis","GB 34, GB 30","","","","","","","",""
"894","A-112625-894","S-112625-894","O-112625-894","https://doi.org/10.1155/2017/9614810","The Efficacy of Acupuncture for Treating Depression-Related Insomnia Compared with a Control Group: A Systematic Review and Meta-Analysis","GV 20, EX-HN 3, Ear Shenmen, EX-HN 1, GV 24, GV 14, DU 11, CV 9, P 6, K 3, H 7, CV 12, ST 36, EX-HN 22, GV 29, GV 26, LI 4, LIV 3, SP 6, B 62, K 6, ST 40, SP 9, SP 10, PC 6, TF 4, G 19, SAS, SDS, PSQI, GB 34","","","","","","says ear shenmen already","",""
"1007","A-112625-1007","S-112625-1007","O-112625-1007","https://pubmed.ncbi.nlm.nih.gov/17914688.0/","The Efficacy of Acupuncture in Extracorporeal Shock Wave Lithotripsy","ST 36, UB 60","ST 36, UB 60","ST 36, BL 60","","TARA:6463344, TARA:5047947","","","",""
"369","A-112625-369","S-112625-369","O-112625-369","https://doi.org/10.1016/j.pain.2012.05.026","The efficacy of acupuncture in human pain models: A randomized, controlled, double-blinded study","LI 4, HT 7, LI 11, GB 34, LR 3, GV 16, SP 10","LI 4, HT 7, LI 11, GB 34, LR 3, GV 16, SP 10","LI 4, HT 7, LI 11, GB 34, LR 3, GV 16, SP 10","","TARA:0859695, TARA:2442762, TARA:8923096, TARA:8758950, TARA:6499349, TARA:3361967, TARA:8433932","","","",""
"1524","A-112625-1524","S-112625-1524","O-112625-1524","https://doi.org/10.1016/j.jdent.2006.09.004","The efficacy of acupuncture in the treatment of temporomandibular joint myofascial pain: A randomised controlled trial","ST 7","ST 7","ST 7","","TARA:2990862","","","",""
"1417","A-112625-1417","S-112625-1417","O-112625-1417","https://pubmed.ncbi.nlm.nih.gov/9656906.0/","The Efficacy of Dry Needling and Procaine in the Treatment of Myofascial Pain in the Jaw Muscles","Not specified","Not specified","","","","","","",""
"1812","A-112625-1812","S-112625-1812","O-112625-1812","https://doi.org/10.1089/acu.2012.0904","The Feasibility and Effects of Acupuncture on Quality of Life Scores During Chemotherapy in Ovarian Cancer: Results from a Pilot, Randomized Sham-Controlled Trial","Not specified","Not specified","","","","","","",""
"1448","A-112625-1448","S-112625-1448","O-112625-1448","https://doi.org/10.1016/j.explore.2006.10.003","The Impact of Acupuncture and craniosacral therapy interventions on clinical outcomes in adults with asthma","GV 14, Diang Chuan, BL 13, BL 43, GB 21, CV 22, CV 17,
PC 6, Sp 4, Li 3, Lu 5, Lu 7, St 40, St 36","GV 14, Diang Chuan, BL 13, BL 43, GB 21, CV 22, CV 17, PC 6, Sp 4, Li 3, Lu 5, Lu 7, St 40, St 36","GV 14, BL 13, BL 43, GB 21, CV 22, CV 17, PC 6, SP 4, LI 3, LU 5, LU 7, ST 40, ST 36","Diang Chuan","TARA:8452754, TARA:6050541, TARA:5367032, TARA:5389461, TARA:6472655, TARA:3472408, TARA:4311153, TARA:7407065, TARA:7867167, TARA:1357729, TARA:3515622, TARA:9531666, TARA:6463344","","","",""
"810","A-112625-810","S-112625-810","O-112625-810","https://doi.org/10.1016/j.fertnstert.2008.01.018","The impact of acupuncture on in vitro fertilization outcome","Not specified","Not specified","","","","","","",""
"595","A-112625-595","S-112625-595","O-112625-595","https://doi.org/10.1089/neu.2014.3866","The Impact of Acupuncture on Neurological Recovery in Spinal Cord Injury: A Systematic Review and Meta-Analysis","SI 3, BL 62, AT 3, AT 4, TF 4, AH 6a, AH 6, AH 7","","","","","","","",""
"1370","A-112625-1370","S-112625-1370","O-112625-1370","uri not found","The impact of acupuncture on pain in patients with reflex sympathetic dystrophy","Not specified","Not specified","","","","","","",""
"1788","A-112625-1788","S-112625-1788","O-112625-1788","https://doi.org/10.1080/01635581.2015.1004731","The Impact of Complementary and Alternative Medicines on Cancer Symptoms, Treatment Side Effects, Quality of Life, and Survival in Women With Breast Cancer-A Systematic Review","Not specified","Not specified","","","","","","",""
"1835","A-112625-1835","S-112625-1835","O-112625-1835","https://doi.org/10.1097/00007632-198309000-00008","The Impact of Patients with Nonorganic Physical Findings on a Controlled Trial of Transcutaneous Electrical Nerve Stimulation and Electroacupuncture","Not specified","Not specified","","","","","","",""
"95","A-112625-95","S-112625-95","O-112625-95","https://doi.org/10.1016/j.jpain.2009.09.013","The Impact of Placebo, Psychopathology, and Expectations on the Response to Acupuncture Needling in Patients with Chronic Low Back Pain","LI 4","LI 4","LI 4","","TARA:0859695","","","",""
"1796","A-112625-1796","S-112625-1796","O-112625-1796","https://doi.org/10.1300/J069v13n03_07","The Impact of the Addition of an Acupuncture Treatment Program to an Existing Metro-Dade County Outpatient Substance Abuse Treatment Facility","Shen Men, Sympathetic, Kidney, Liver, Lung","Shen Men, Sympathetic, Kidney, Liver, Lung","HT 7","Sympathetic, Kidney, Liver, Lung","TARA:2442762","","","",""
"244","A-112625-244","S-112625-244","O-112625-244","https://doi.org/10.1142/S0192415X13500225","The Influence of Electro-Acupuncture Stimulation to Female Constipation Patients","ST 36, ST 37, ST 25, ST 28, CV 4, CV 6","ST 36, ST 37, ST 25, ST 28, CV 4, CV 6","ST 36, ST 37, ST 25, ST 28, CV 4, CV 6","","TARA:6463344, TARA:5918799, TARA:5717468, TARA:5017471, TARA:9921528, TARA:8833337","","","",""
"438","A-112625-438","S-112625-438","O-112625-438","https://doi.org/10.1016/S0254-6272(09)60028-5","The Mind Tranquilizing and Menstruation Regulating Method for Acupuncture Treatment of Delayed Menstrual Cycle A Clinical Controlled Study","GV 24, Siguan, SP 6, LR 2, LR 5, SP 10, SP 8, EX CA 1","GV 24, Siguan, SP 6, LR 2, LR 5, SP 10, SP 8, EX CA 1","GV 24, SP 6, LR 2, LR 5, SP 10, SP 8, Zigongxue","Siguan","TARA:7679931, TARA:4385250, TARA:6862058, TARA:0780558, TARA:8433932, TARA:6848518, TARA:4254258","","","",""
"798","A-112625-798","S-112625-798","O-112625-798","https://doi.org/10.1093/humrep/deh595","The pain-relieving effect of electro-acupuncture and conventional medical analgesic methods during oocyte retrieval: a systematic review of randomized controlled trials","Not specified","Not specified","","","","","","",""
"373","A-112625-373","S-112625-373","O-112625-373","https://doi.org/10.1016/j.pain.2003.08.013","The placebo needle, is it a valid and convincing placebo for use in acupuncture trials? A randomised, single-blind, cross-over pilot trial","GB 30, GB 31, UB 34, St 31, St 35, St 36, Xiyan, GB 34, Sp 9, UB 39, UB 40, GB 34, UB 60","GB 30, GB 31, UB 34, St 31, St 35, St 36, Xiyan, GB 34, Sp 9, UB 39, UB 40, GB 34, UB 60","GB 30, GB 31, BL 34, ST 31, ST 35, ST 36, Xiyan, GB 34, SP 9, BL 39, BL 40, GB 34, BL 60","","TARA:9378285, TARA:5264783, TARA:1522109, TARA:9294655, TARA:2454652, TARA:6463344, TARA:0926802, TARA:8758950, TARA:3553465, TARA:2186848, TARA:5290080, TARA:8758950, TARA:5047947","","","",""
"1432","A-112625-1432","S-112625-1432","O-112625-1432","https://doi.org/10.1016/s0965-2299(02)00072-9","The placebo response and effect of time in a trial of acupuncture to treat nausea and vomiting in early pregnancy","Not specified","Not specified","","","","","","",""
"569","A-112625-569","S-112625-569","O-112625-569","https://doi.org/10.1177/1534735412451321","The Preventive and Therapeutic Effect of Acupuncture for Radiation-Induced Xerostomia in Patients With Head and Neck Cancer: A Systematic Review","ST 36, LI 4, ST 4, ST 6, ST 7, CV 23, CV 24, LI 2, LI 11, PC 6, LU 7, KI 3, KI 5, KI 6, SP 6, LR 3, Shenmen, Point zero, Salivary gland","","","","","","review paper removed points","",""
"1127","A-112625-1127","S-112625-1127","O-112625-1127","https://doi.org/10.1016/j.ejpain.2009.06.010","The relationship between patient and practitioner expectations and preferences and clinical outcomes in a trial of exercise and acupuncture for knee osteoarthritis","Not specified","Not specified","","","","","","",""
"1792","A-112625-1792","S-112625-1792","O-112625-1792","https://doi.org/10.1007/s00213-002-1207-y","The Relevance between Symptoms and Magnetic Resonance Imaging Analysis of the Hippocampus of Depressed Patients Given Electro-acupuncture Combined with Fluoxetine Intervention – A Randomized, Controlled Trial","GV 20, EX-HN 3, Extra-HN, Anmian 1, SP 6, KI 3, KI 6, DU 24, GB 13, GB 20, ZH 12, ST 25, ST 34, ST 40, ST 36, ST 44, H 7, P 6","GV 20, EX-HN 3, Extra-HN, Anmian, SP 6, KI 3, KI 6, DU 24, GB 13, GB 20, ZH 12, ST 25, ST 34, ST 40, ST 36, ST 44, H 7, P 6","GV 20, Yintang, Anmian, SP 6, KI 3, KI 6, GV 24, GB 13, GB 20, ST 25, ST 34, ST 40, ST 36, ST 44, HT 7, PC 6","Extra-HN, ZH 12","TARA:3386254, TARA:3135569, TARA:3480360, TARA:4385250, TARA:4362146, TARA:2108622, TARA:7679931, TARA:4994509, TARA:2324295, TARA:5717468, TARA:8773594, TARA:9531666, TARA:6463344, TARA:8440155, TARA:2442762, TARA:4311153","","","",""
"796","A-112625-796","S-112625-796","O-112625-796","https://doi.org/10.1159/000362231","The Role of Acupuncture in in vitro Fertilization: A Systematic Review and Meta-Analysis","Not specified","Not specified","","","","","","",""
"804","A-112625-804","S-112625-804","O-112625-804","https://doi.org/10.1016/j.fertnstert.2008.02.094","The role of acupuncture in the management of subfertility","Not specified","Not specified","","","","","","",""
"480","A-112625-480","S-112625-480","O-112625-480","https://doi.org/10.1016/j.eatbeh.2016.03.002","The role of complementary and alternative medicine in the treatment of eating disorders: A systematic review","Not specified","Not specified","","","","","","",""
"680","A-112625-680","S-112625-680","O-112625-680","https://doi.org/10.1371/journal.pone.0180177","The role of treatment timing and mode of stimulation in the treatment of primary dysmenorrhea with acupuncture: An exploratory randomised controlled trial","REN 4, SP 8, SP 6","REN 4, SP 8, SP 6","CV 4, SP 8, SP 6","","TARA:9921528, TARA:6848518, TARA:4385250","","","",""
"409","A-112625-409","S-112625-409","O-112625-409","https://doi.org/10.1016/s0254-6272(08)60037-0","The Safety of Electroacupuncture at Hegu (LI 4) plus Oxytocin for hastening Uterine Contraction of Puerperants - A randomized Controlled Clinical Observation","LI 4","LI 4","LI 4","","TARA:0859695","","","",""
"479","A-112625-479","S-112625-479","O-112625-479","https://doi.org/10.4088/jcp.08m04208","The Safety, Acceptability, and Effectiveness of Acupuncture as an Adjunctive Treatment for Acute Symptoms in Bipolar Disorder","Not specified","Not specified","","","","","","",""
"151","A-112625-151","S-112625-151","O-112625-151","https://doi.org/10.1213/01.ane.0000107941.16173.f7","The Short-and Long-Term Benefit in Chronic Low Back Pain Through Adjuvant Electrical Versus Manual Auricular Acupuncture","cushion, lumbar spine, shen men","cushion, lumbar spine, shen men","HT 7","cushion, lumbar spine","TARA:2442762","","","",""
"933","A-112625-933","S-112625-933","O-112625-933","https://doi.org/10.1111/j.1533-2500.2007.00140.x","The Short-Term Effects of Acupuncture on Myofascial Pain Patients After Clenching","LI 4","LI 4","LI 4","","TARA:0859695","","","",""
"698","A-112625-698","S-112625-698","O-112625-698","https://doi.org/10.1016/0022-3999(89)90010-x","The Significance of Needle Placement Site In Acupuncture","Colon 4, Liver 3, Stomach 36","Colon 4, Liver 3, Stomach 36","LI 4, LR 3, ST 36","","TARA:0859695, TARA:6499349, TARA:6463344","","","",""
"1374","A-112625-1374","S-112625-1374","O-112625-1374","https://pubmed.ncbi.nlm.nih.gov/16705846.0/","The TCM Combined Treatment for Aphasia Due to Cerebrovascular Disorders","GV 21, GV 22, GV 24, BL 4, GB 13","GV 21, GV 22, GV 24, BL 4, GB 13","GV 21, GV 22, GV 24, BL 4, GB 13","","TARA:4510130, TARA:2168429, TARA:7679931, TARA:0598260, TARA:4994509","","","",""
"1185","A-112625-1185","S-112625-1185","O-112625-1185","uri not found","The Therapeutic Effect and Effect on Plasma ET and cGRP Contents when Treating Angina Pectoris with a Combination of Acupuncture and Chinese Herbs","P 6, P 4, RN 17, UB 15, UB 14, UB 17, ST 36, ST 40","P 6, P 4, RN 17, UB 15, UB 14, UB 17, ST 36, ST 40","PC 6, PC 4, CV 17, BL 15, BL 14, BL 17, ST 36, ST 40","","TARA:4311153, TARA:2645290, TARA:3472408, TARA:5797983, TARA:9523348, TARA:1124682, TARA:6463344, TARA:9531666","","","",""
"1277","A-112625-1277","S-112625-1277","O-112625-1277","uri not found","The Therapeutic Effect of Acupuncture and Western Medicine in Treating Migraine","SJ 21","SJ 21","TE 21","","TARA:3361879","","","",""
"540","A-112625-540","S-112625-540","O-112625-540","https://doi.org/10.1142/s0192415x10008299","The Therapeutic Effects of Acupuncture on Patients with Chronic Neck Myofascial Pain Syndrome: A Single-Blind Randomized Controlled Trial","GB 20, TE 14, SI 3","GB 20, TE 14, SI 3","GB 20, TE 14, SI 3","","TARA:2324295, TARA:5894876, TARA:0220496","","","",""
"1368","A-112625-1368","S-112625-1368","O-112625-1368","https://pubmed.ncbi.nlm.nih.gov/17078435.0/","The Therapeutic Effects of Electrical Acupuncture and Auricular Plaster in 32 Cases of Chronic Fatigue Syndrome","Huatuojiaji, Sishencong, Zusanli, Qihai","Huatuojiaji, Sishencong, Zusanli, Qihai","Huatuojiaji, Sishencong, ST 36, CV 6","","TARA:3734471, TARA:9610280, TARA:6463344, TARA:8833337","","","",""
"527","A-112625-527","S-112625-527","O-112625-527","https://pubmed.ncbi.nlm.nih.gov/14719300.0/","The Therapeutic Effects of Triple Puncture and Routine Body Needling for Cervical Spondylosis","EX B2, GB 20, BL 10, GV 14, GB 21, LI 15, LI 11, LI 4, TE 5","EX B2, GB 20, BL 10, GV 14, GB 21, LI 15, LI 11, LI 4, TE 5","Huatuojiaji, GB 20, BL 10, GV 14, GB 21, LI 15, LI 11, LI 4, TE 5","","TARA:3734471, TARA:2324295, TARA:0242146, TARA:8452754, TARA:5389461, TARA:7829474, TARA:8923096, TARA:0859695, TARA:8393005","","","",""
"538","A-112625-538","S-112625-538","O-112625-538","https://doi.org/10.1016/j.ctim.2005.05.005","The therapeutic efficacy of somatic acupuncture is not increased by auriculotherapy: A randomised, blind control study in cervical myofascial pain","SI 3, TE 5, LI 4, BL 10, GB 20, GV 14, GV 15, Shenmen, Lung, Cervical column area, Cephalea","SI 3, TE 5, LI 4, BL 10, GB 20, GV 14, GV 15, Ear Shenmen, Lung, Cervical column area, Cephalea","SI 3, TE 5, LI 4, BL 10, GB 20, GV 14, GV 15","Ear Shenmen, Lung, Cervical column area, Cephalea","TARA:0220496, TARA:8393005, TARA:0859695, TARA:0242146, TARA:2324295, TARA:8452754, TARA:4427404","","added ""ear""","",""
"1160","A-112625-1160","S-112625-1160","O-112625-1160","https://pubmed.ncbi.nlm.nih.gov/10921148.0/","The third lumbar transverse process syndrome treated by electroacupuncture at Huatuojiaji points","UB 23, UB 40","UB 23, UB 40","BL 23, BL 40","","TARA:0992296, TARA:5290080","","","",""
"270","A-112625-270","S-112625-270","O-112625-270","https://doi.org/10.1016/j.maturitas.2011.02.001","The use of acupuncture for managing gynaecologic conditions: An overview of systematic reviews","Not specified","Not specified","","","","","","",""
"1597","A-112625-1597","S-112625-1597","O-112625-1597","uri not found","The Use of Acupuncture for Smoking Withdrawal","Shen Men, Lung, shoulder, eye","Shen Men, Lung, shoulder, eye","HT 7","Lung, shoulder, eye","TARA:2442762","","","",""
"1808","A-112625-1808","S-112625-1808","O-112625-1808","https://doi.org/10.1111/ajad.12453","The Use of Auricular Acupuncture in Opioid Use Disorder: A Systematic Literature Review","sympathetic, shen men, lung, kidney, liver","","","","","","","",""
"469","A-112625-469","S-112625-469","O-112625-469","https://doi.org/10.1097/00000539-200111000-00024","The Use of Auricular Acupuncture to Reduce Preoperative Anxiety","Not specified","Not specified","","","","","","",""
"1595","A-112625-1595","S-112625-1595","O-112625-1595","uri not found","The Use of Body Acupuncture for Treatment of
Alcohol Dependence and Withdrawal
Syndrome: A Controlled Study","Not specified","Not specified","","","","","","",""
"164","A-112625-164","S-112625-164","O-112625-164","https://doi.org/10.1089/107555303322284767","The Use of Electro-Acupuncture in Conjunction with Exercise for the Treatment of Chronic Low-Back Pain","UB 23, UB 25, UB 40, SP 6","UB 23, UB 25, UB 40, SP 6","BL 23, BL 25, BL 40, SP 6","","TARA:0992296, TARA:0906448, TARA:5290080, TARA:4385250","","","",""
"123","A-112625-123","S-112625-123","O-112625-123","https://doi.org/10.1097/BRS.0b013e31816b4be4","The Use of Expertise-Based Randomized Controlled Trials to Assess Spinal Manipulation and Acupuncture for Low Back Pain A Systematic Review","Not specified","Not specified","","","","","","",""
"1040","A-112625-1040","S-112625-1040","O-112625-1040","https://doi.org/10.1097/00000539-199906000-00031","The Use of Nonpharmacologic Techniques to Prevent Postoperative Nausea and Vomiting: A Meta-Analysis","P 6","P 6","PC 6","","TARA:4311153","","","",""
"1134","A-112625-1134","S-112625-1134","O-112625-1134","https://doi.org/10.1016/s0254-6272(09)60031-5","The Warming Acupuncture for Treatment of Sciatica in 30 Cases","Not specified","Not specified","","","","","","",""
"1879","A-112625-1879","S-112625-1879","O-112625-1879","uri not found","Therapeutic Effect Analysis on Combined Acupuncture and Medication for Peripheral Facial Paralysis 针药结合治疗周围性面瘫疗效分析","ST 4, ST 6, Extra, GB 14, BL 2, LI 19, TE 17, ST 7, Ex HN 4, Ex HN 5, GB 20, LI 4","ST 4, ST 6, Extra, GB 14, BL 2, LI 19, TE 17, ST 7, Ex HN 4, Ex HN 5, GB 20, LI 4","ST 4, ST 6, GB 14, BL 2, LI 19, TE 17, ST 7, Yuyao, Taiyang, GB 20, LI 4","Extra","TARA:1429314, TARA:7834226, TARA:9987270, TARA:8104948, TARA:8087484, TARA:6615149, TARA:2990862, TARA:6946713, TARA:9534465, TARA:2324295, TARA:0859695","","","",""
"1331","A-112625-1331","S-112625-1331","O-112625-1331","uri not found","Therapeutic Effect and Blood Rheology of Patients with Cervical Spondylosis Treated with Acupuncture Combined with Massage","EX B2, GB 20, BL 10, GV 14, Ex HN 1, GV20, ST8, EX HN 5, SP6, Ashi points, GB 21, LI 11, LI 4","EX B2, GB 20, BL 10, GV 14, Ex HN 1, GV20, ST8, EX HN 5, SP6, Ashi points, GB 21, LI 11, LI 4","Huatuojiaji, GB 20, BL 10, GV 14, Sishencong, GV 20, ST 8, Taiyang, SP 6, GB 21, LI 11, LI 4","Ashi points","TARA:3734471, TARA:2324295, TARA:0242146, TARA:8452754, TARA:9610280, TARA:3386254, TARA:9946635, TARA:9534465, TARA:4385250, TARA:5389461, TARA:8923096, TARA:0859695","","","",""
"1811","A-112625-1811","S-112625-1811","O-112625-1811","https://doi.org/10.1007/s11726-011-0463-y","Therapeutic Effect Observation on Combined Acupuncture and Chinese Medicine for Reflux Esophagitis 针药并用治疗反流性食管炎疗效观察","PC 6, SP 4, GB 34","PC 6, SP 4, GB 34","PC 6, SP 4, GB 34","","TARA:4311153, TARA:7407065, TARA:8758950","","","",""
"1802","A-112625-1802","S-112625-1802","O-112625-1802","https://doi.org/10.1007/s11726-012-0575-z","Therapeutic Effect Observation on Combined Acupuncture and Medication for Ovulation 针药结合促排卵的疗效观察","CV 4, CV 3, EX CA 1, ST 36, SP 6, LI 4, LR 3","CV 4, CV 3, EX CA 1, ST 36, SP 6, LI 4, LR 3","CV 4, CV 3, Zigongxue, ST 36, SP 6, LI 4, LR 3","","TARA:9921528, TARA:0022762, TARA:4254258, TARA:6463344, TARA:4385250, TARA:0859695, TARA:6499349","","","",""
"1463","A-112625-1463","S-112625-1463","O-112625-1463","https://doi.org/10.1007/s11726-012-0641-6","Therapeutic Effect Observation on Combined Tuina with Warm Needling Moxibustion for Adhesive Shoulder Periarthritis","Not specified","Not specified","","","","","","",""
"892","A-112625-892","S-112625-892","O-112625-892","https://doi.org/10.1007/s11726-011-0501-9","Therapeutic Effect Observation on Electroacupuncture plus Acupoint Injection for Alopecia Areata 电针结合穴位注射治疗斑秃疗效观察","GV 20, GB 20, EX HN 5, ST 36, SP 10, LR 3, PC 6, ST 8, GV 23, HT 7, SP 6, BL 23, KI 3","GV 20, GB 20, EX HN 5, ST 36, SP 10, LR 3, PC 6, ST 8, GV 23, HT 7, SP 6, BL 23, KI 3","GV 20, GB 20, Taiyang, ST 36, SP 10, LR 3, PC 6, ST 8, GV 23, HT 7, SP 6, BL 23, KI 3","","TARA:3386254, TARA:2324295, TARA:9534465, TARA:6463344, TARA:8433932, TARA:6499349, TARA:4311153, TARA:9946635, TARA:7690229, TARA:2442762, TARA:4385250, TARA:0992296, TARA:4362146","","","",""
"889","A-112625-889","S-112625-889","O-112625-889","https://doi.org/10.1007/s11726-011-0494-4","Therapeutic Effect Observation on Warm Needling for Keloidal Acne","CV 4, CV 6, ST 36, BL 20, BL 23, SI 18, LI 19, ST 6, BL 2","CV 4, CV 6, ST 36, BL 20, BL 23, SI 18, LI 19, ST 6, BL 2","CV 4, CV 6, ST 36, BL 20, BL 23, SI 18, LI 19, ST 6, BL 2","","TARA:9921528, TARA:8833337, TARA:6463344, TARA:3283628, TARA:0992296, TARA:0287877, TARA:8087484, TARA:7834226, TARA:8104948","","","",""
"653","A-112625-653","S-112625-653","O-112625-653","https://doi.org/10.1097/MD.0000000000008830","Therapeutic effect of Chinese herbal medicines for post stroke recovery A traditional and network meta-analysis","Not specified","Not specified","","","","","","",""
"1598","A-112625-1598","S-112625-1598","O-112625-1598","uri not found","Therapeutic Efficacy Observation on Acupuncture for
Post-withdrawal Syndrome of Heroin Dependence","Neiguan (PC 6), Shenmen (HT 7)","Neiguan (PC 6), Shenmen (HT 7)","","Neiguan (PC 6), Shenmen (HT 7)","","","says HT 7 already","",""
"1867","A-112625-1867","S-112625-1867","O-112625-1867","https://doi.org/10.1007/s11726-012-0593-x","Therapeutic Efficacy Observation on Acupuncture for Post withdrawal Syndrome of Heroin Dependence 针刺治疗海洛因依赖者稽延性戒断症状疗效观察","PC 6, HT 7","PC 6, HT 7","PC 6, HT 7","","TARA:4311153, TARA:2442762","","","",""
"1112","A-112625-1112","S-112625-1112","O-112625-1112","https://doi.org/10.1007/s11726-012-0605-x","Therapeutic Efficacy Observation on Acupuncture plus Medication for Rheumatoid Arthritis","Not specified","Not specified","","","","","","",""
"1807","A-112625-1807","S-112625-1807","O-112625-1807","https://doi.org/10.1007/s11726-012-0565-1","Therapeutic Efficacy Observation on Acupuncture Treatment for Vascular Cognitive Disorder Following a Cerebral Infarction 针刺治疗脑梗死后血管性认知障碍的疗效观察","GV 20, GV 26, HT 7, ST 36, GB 39","GV 20, GV 26, HT 7, ST 36, GB 39","GV 20, GV 26, HT 7, ST 36, GB 39","","TARA:3386254, TARA:0829128, TARA:2442762, TARA:6463344, TARA:3770332","","","",""
"283","A-112625-283","S-112625-283","O-112625-283","https://doi.org/10.1007/s11726-011-0514-4","Therapeutic efficacy observation on combined acupuncture and herbal formula for male sterility","Not specified","Not specified","","","","","","",""
"1805","A-112625-1805","S-112625-1805","O-112625-1805","https://doi.org/10.1007/s11726-012-0576-y","Therapeutic Efficacy Observation on Electroacupuncture for Ovulatory Dysfunctional Infertility 电针治疗排卵障碍性不孕症疗效观察","CV 4, CV 3, EX CA 1, ST 36, SP 6, BL 23, BL 32","CV 4, CV 3, EX CA 1, ST 36, SP 6, BL 23, BL 32","CV 4, CV 3, Zigongxue, ST 36, SP 6, BL 23, BL 32","","TARA:9921528, TARA:0022762, TARA:4254258, TARA:6463344, TARA:4385250, TARA:0992296, TARA:6742407","","","",""
"1872","A-112625-1872","S-112625-1872","O-112625-1872","https://doi.org/10.1007/s11726-013-0670-9","Therapeutic Efficacy Observation on Electroacupuncture of Different Frequencies for the Third Lumbar Transverse Process Syndrome","Ashi points, EX-B 2","Ashi points, EX-B 2","Huatuojiaji","Ashi points","TARA:3734471","","","",""
"1793","A-112625-1793","S-112625-1793","O-112625-1793","https://doi.org/10.1007/s11726-012-0567-z","Therapeutic Efficacy Observation on Scalp Acupuncture for Vascular Dementia 头针治疗血管性痴呆疗效观察","MS 5, MS 1, MS 2, MS 3, MS 4, MS 10, MS 11, GV 24, GV 20, GB 20, BL 18, BL 23, ST 36, ST 40, LR 3, KI 3","MS 5, MS 1, MS 2, MS 3, MS 4, MS 10, MS 11, GV 24, GV 20, GB 20, BL 18, BL 23, ST 36, ST 40, LR 3, KI 3","GV 24, GV 20, GB 20, BL 18, BL 23, ST 36, ST 40, LR 3, KI 3","MS 5, MS 1, MS 2, MS 3, MS 4, MS 10, MS 11","TARA:7679931, TARA:3386254, TARA:2324295, TARA:9655874, TARA:0992296, TARA:6463344, TARA:9531666, TARA:6499349, TARA:4362146","","","",""
"1789","A-112625-1789","S-112625-1789","O-112625-1789","https://doi.org/10.1007/s11726-012-0563-3","Therapeutic Evaluation of Different Needling Methods for Tension type Headache 不同针刺法对紧张型头痛的疗效评估","GB 13, GV 24, EX HN 1, GV 20, GV 29, PC 6, LR 3, EX HN 5, ST 8, GB 20, ST 36, SP 6, EX B 2","GB 13, GV 24, EX HN 1, GV 20, GV 29, PC 6, LR 3, EX HN 5, ST 8, GB 20, ST 36, SP 6, EX B 2","GB 13, GV 24, Sishencong, GV 20, PC 6, LR 3, Taiyang, ST 8, GB 20, ST 36, SP 6, Huatuojiaji","GV 29","TARA:4994509, TARA:7679931, TARA:9610280, TARA:3386254, TARA:4311153, TARA:6499349, TARA:9534465, TARA:9946635, TARA:2324295, TARA:6463344, TARA:4385250, TARA:3734471","","","",""
"1147","A-112625-1147","S-112625-1147","O-112625-1147","https://doi.org/10.1007/s11726-009-0286-2","Therapeutic Observation on Green Tortoise Probing Cave Operation plus Stuck Needle Method in Treating Transverse Process Syndrome of the Third Lumbar Vertebra","Not specified","Not specified","","","","","","",""
"1208","A-112625-1208","S-112625-1208","O-112625-1208","uri not found","Thirty-Two Cases of Trigeminal Neuralgia Treated with Acupuncture plus Chinese Traditional Drugs","Taiyang EX HN 5, Jiache ST 6","Taiyang, Jiache","Taiyang, ST 6","","TARA:9534465, TARA:7834226","","","",""
"319","A-112625-319","S-112625-319","O-112625-319","https://doi.org/10.1016/s0254-6272(09)60076-5","Thirty-two Thirty-two Thirty-two Thirty-two Cases Cases Cases Cases of of of of Vascular Vascular Vascular Vascular Headache Headache Headache Headache Treated Treated Treated Treated by by by by Acupuncture Acupuncture Acupuncture Acupuncture Combined Combined Combined Combined with with with with Chinese Chinese Chinese Chinese Herbal Herbal Herbal Herbal Decoction Decoction Decoction Decoction","GV 20, GB 20, GB 8, LR 2, PC 6, SP 6, Ashi, LR 3, LI 4, SP 10","GV 20, GB 20, GB 8, LR 2, PC 6, SP 6, Ashi, LR 3, LI 4, SP 10","GV 20, GB 20, GB 8, LR 2, PC 6, SP 6, LR 3, LI 4, SP 10","Ashi","TARA:3386254, TARA:2324295, TARA:5363236, TARA:6862058, TARA:4311153, TARA:4385250, TARA:6499349, TARA:0859695, TARA:8433932","","","",""
"1803","A-112625-1803","S-112625-1803","O-112625-1803","https://doi.org/10.1111/j.1600-0528.2009.00494.x","Towards a proposal for assessment of blinding success in clinical trials- up-to-date review","Not specified","Not specified","","","","","","",""
"1581","A-112625-1581","S-112625-1581","O-112625-1581","https://doi.org/10.3109/00365599309180416","Traditional acupuncture and electrical stimulation of the posterior tibial nerve. A trial in chronic interstitial cystitis","jen 6, Sp 9, Sp 6","jen 6, Sp 9, Sp 6","SP 9, SP 6","jen 6","TARA:3553465, TARA:4385250","","","",""
"351","A-112625-351","S-112625-351","O-112625-351","https://doi.org/10.1111/j.1526-4610.2007.00916.x","Traditional Acupuncture in Migraine: A Controlled, Randomized Study","ST 8, GB 5, GB 20, GV 14, LU 7","ST 8, GB 5, GB 20, GV 14, LU 7","ST 8, GB 5, GB 20, GV 14, LU 7","","TARA:9946635, TARA:3549064, TARA:2324295, TARA:8452754, TARA:3515622","","","",""
"316","A-112625-316","S-112625-316","O-112625-316","https://doi.org/10.1016/0304-3959(92)90080-U","Traditional Chinese acupuncture in tension-type headache: a controlled study","Not specified","Not specified","","","","","","",""
"1041","A-112625-1041","S-112625-1041","O-112625-1041","https://doi.org/10.1136/bmj.293.6547.583","Traditional Chinese acupuncture: a potentially-useful antiemetic?","P 6","P 6","PC 6","","TARA:4311153","","","",""
"626","A-112625-626","S-112625-626","O-112625-626","https://doi.org/10.1016/j.ctim.2014.06.004","Traditional Chinese medicine for chronic fatigue syndrome: A systematic review of randomized clinical trials","Not specified","Not specified","","","","","","",""
"774","A-112625-774","S-112625-774","O-112625-774","https://doi.org/10.1371/journal.pone.0117146","Traditional Chinese Medicine for Neck Pain and Low Back Pain: A Systematic Review and Meta-Analysis","PC 6, LU 6","","","","","","","",""
"890","A-112625-890","S-112625-890","O-112625-890","https://doi.org/10.1111/j.1742-481X.2012.00969.x","Traditional Chinese medicine for pressure ulcer: a meta-analysis","Not specified","Not specified","","","","","","",""
"675","A-112625-675","S-112625-675","O-112625-675","https://doi.org/10.1111/appy.12265","Traditional Chinese medicine for schizophrenia: A survey of randomized trials","Not specified","Not specified","","","","","","",""
"659","A-112625-659","S-112625-659","O-112625-659","https://doi.org/10.1016/j.sxmr.2017.11.007","Traditional Chinese Medicine for Sexual Dysfunction: Review of the Evidence","Not specified","Not specified","","","","","","",""
"617","A-112625-617","S-112625-617","O-112625-617","https://doi.org/10.1089/acm.2009.0609","Traditional Chinese Medicine for Treatment of Cerebral Palsy in Children: A Systematic Review of Randomized Clinical Trials","ST 36","","","","","","","",""
"620","A-112625-620","S-112625-620","O-112625-620","https://doi.org/10.1089/acm.2009.0599","Traditional Chinese Medicine for Treatment of Fibromyalgia: A Systematic Review of Randomized Controlled Trials","Not specified","Not specified","","","","","","",""
"607","A-112625-607","S-112625-607","O-112625-607","https://doi.org/10.1016/j.sleep.2008.08.012","Traditional needle acupuncture treatment for insomnia: A systematic review of randomized controlled trials","HT 7, PC 6, GV 24, GV 20, EX-HN 1, SP 6","","","","","","","",""
"1798","A-112625-1798","S-112625-1798","O-112625-1798","https://doi.org/10.1136/acupmed-2014-010708","Training in self-needling and performing it as part of a clinical trial: the practitioner and patient experience","SP 6, ST 36","SP 6, ST 36","SP 6, ST 36","","TARA:4385250, TARA:6463344","","","",""
"1490","A-112625-1490","S-112625-1490","O-112625-1490","uri not found","Tranquilizing Mind Acupuncture in the Treatment of 35 Patients with Insomnia","DU 20, PC 6, HT 7, LR 3, LR 2, GB 20, ST 40, ST 36, RN 12, ST 25, BL 18, BL 17, SP 10, BL 15, BL 20, SP 6, BL 19, K 13, BL 23, EX HN 1","DU 20, PC 6, HT 7, LR 3, LR 2, GB 20, ST 40, ST 36, RN 12, ST 25, BL 18, BL 17, SP 10, BL 15, BL 20, SP 6, BL 19, K 13, BL 23, EX HN 1","GV 20, PC 6, HT 7, LR 3, LR 2, GB 20, ST 40, ST 36, CV 12, ST 25, BL 18, BL 17, SP 10, BL 15, BL 20, SP 6, BL 19, KI 13, BL 23, Sishencong","","TARA:3386254, TARA:4311153, TARA:2442762, TARA:6499349, TARA:6862058, TARA:2324295, TARA:9531666, TARA:6463344, TARA:0434959, TARA:5717468, TARA:9655874, TARA:1124682, TARA:8433932, TARA:5797983, TARA:3283628, TARA:4385250, TARA:6145687, TARA:5358142, TARA:0992296, TARA:9610280","","","",""
"949","A-112625-949","S-112625-949","O-112625-949","https://doi.org/10.1111/pme.12738","Transcutaneous Electrical Acupoint Stimulation for the Treatment of Withdrawal Syndrome in Heroin Addicts","LI 4, PC 8, PC 6, SJ 5","LI 4, PC 8, PC 6, SJ 5","LI 4, PC 8, PC 6, TE 5","","TARA:0859695, TARA:5212832, TARA:4311153, TARA:8393005","","","",""
"983","A-112625-983","S-112625-983","O-112625-983","https://doi.org/10.1016/S0740-5472(03)00162-4","Treating drug using prison inmates with auricular acupuncture: A randomized controlled trial","Shen Men, Sympathetic, Kidney, Liver, Lung","Shen Men, Sympathetic, Kidney, Liver, Lung","HT 7","Sympathetic, Kidney, Liver, Lung","TARA:2442762","","","",""
"152","A-112625-152","S-112625-152","O-112625-152","https://doi.org/10.1097/BRS.0b013e3181c2a8d3","Treatment Expectations and Preferences as Predictors of Outcome of Acupuncture for Chronic Back Pain","Not specified","Not specified","","","","","","",""
"1286","A-112625-1286","S-112625-1286","O-112625-1286","https://doi.org/10.1159/000091999","Treatment in a Randomized Multicenter Trial of Acupuncture for Migraine (ART Migraine)","GB 20, LR 3, LI 4, ST 36, SP 6, ST 8, Yintang, GB 14, PC 6","GB 20, LR 3, LI 4, ST 36, SP 6, ST 8, Yintang, GB 14, PC 6","GB 20, LR 3, LI 4, ST 36, SP 6, ST 8, Yintang, GB 14, PC 6","","TARA:2324295, TARA:6499349, TARA:0859695, TARA:6463344, TARA:4385250, TARA:9946635, TARA:3135569, TARA:9987270, TARA:4311153","","","",""
"1333","A-112625-1333","S-112625-1333","O-112625-1333","https://pubmed.ncbi.nlm.nih.gov/11360535.0/","Treatment of 482 Cases of Cervical Spondylopathy by Combining Point injection and Needle warming via Moxibustion","Not specified","Not specified","","","","","","",""
"1314","A-112625-1314","S-112625-1314","O-112625-1314","https://pubmed.ncbi.nlm.nih.gov/10921134.0/","Treatment of 50 cases of senile dementia by acupuncture combined with inhalation of herbal drugs and oxygen","BL, GV 14, BL 13","BL, GV 14, BL 13","GV 14, BL 13","BL","TARA:8452754, TARA:6050541","","","",""
"1278","A-112625-1278","S-112625-1278","O-112625-1278","uri not found","Treatment of 60 Migraine Sufferers with Penetration Needling of Points and Point Selection Based on Following the Corresponding Meridians","SJ 23, GB 8, Extra 1, SJ 20, SJ 5, GB 41","SJ 23, GB 8, Taiyang, SJ 20, SJ 5, GB 41","TE 23, GB 8, Taiyang, TE 20, TE 5, GB 41","","TARA:6752232, TARA:5363236, TARA:9534465, TARA:8854888, TARA:8393005, TARA:3668538","find paper in drive","fixed","",""
"1378","A-112625-1378","S-112625-1378","O-112625-1378","uri not found","Treatment of 68 Newborns with Brachial Plexus Paralysis with Shallow Puncture and Multiple Points","LI 15, LI 11, LI 10, TW 5, TW 4, LI 4, PC 6, LI 14, HT 1, Taijian, Ashi,
PC 2, Bizhong, TW 5,
SI 11, Jubi, Zhitan,
HT 3, SI 3, PC 6,
TW 4, LI 5, LU 7,
TW 5, Ashi","LI 15, LI 11, LI 10, TW 5, TW 4, LI 4, PC 6, LI 14, HT 1, Taijian, Ashi, PC 2, Bizhong, TW 5, SI 11, Jubi, Zhitan, HT 3, SI 3, PC 6, TW 4, LI 5, LU 7, TW 5, Ashi","LI 15, LI 11, LI 10, TE 5, TE 4, LI 4, PC 6, LI 14, HT 1, PC 2, Bizhong, TE 5, SI 11, HT 3, SI 3, PC 6, TE 4, LI 5, LU 7, TE 5","Taijian, Ashi, Jubi, Zhitan, Ashi","TARA:7829474, TARA:8923096, TARA:0742938, TARA:8393005, TARA:1594912, TARA:0859695, TARA:4311153, TARA:3744150, TARA:0420802, TARA:4819578, TARA:8574156, TARA:8393005, TARA:4122792, TARA:2385378, TARA:0220496, TARA:4311153, TARA:1594912, TARA:5677319, TARA:3515622, TARA:8393005","","","",""
"1541","A-112625-1541","S-112625-1541","O-112625-1541","uri not found","Treatment of Apoplectic Movement Dysfunctions of Wrist and Ankle Joints with Local Penetrating Needling","HT 7, PC 6, SJ 4, GB 40, LI 5, GB 20, SP 9, ST 40, LV 3, KI 3, GB 34, ST 25, ST 37, RN 5, ST 36, SP 10, UB 18, UB 23","HT 7, PC 6, SJ 4, GB 40, LI 5, GB 20, SP 9, ST 40, LV 3, KI 3, GB 34, ST 25, ST 37, RN 5, ST 36, SP 10, UB 18, UB 23","HT 7, PC 6, TE 4, GB 40, LI 5, GB 20, SP 9, ST 40, LR 3, KI 3, GB 34, ST 25, ST 37, CV 5, ST 36, SP 10, BL 18, BL 23","","TARA:2442762, TARA:4311153, TARA:1594912, TARA:9254368, TARA:5677319, TARA:2324295, TARA:3553465, TARA:9531666, TARA:6499349, TARA:4362146, TARA:8758950, TARA:5717468, TARA:5918799, TARA:1205186, TARA:6463344, TARA:8433932, TARA:9655874, TARA:0992296","","","",""
"512","A-112625-512","S-112625-512","O-112625-512","https://pubmed.ncbi.nlm.nih.gov/17078437.0/","Treatment of Cholelithiasis by Acupuncture and Oral Decoction","BL 19, BL 18, GB 24, LR 14, GB 34, LR 3","BL 19, BL 18, GB 24, LR 14, GB 34, LR 3","BL 19, BL 18, GB 24, LR 14, GB 34, LR 3","","TARA:6145687, TARA:9655874, TARA:0214009, TARA:7479763, TARA:8758950, TARA:6499349","","","",""
"629","A-112625-629","S-112625-629","O-112625-629","https://doi.org/10.1089/acm.2005.11.663","Treatment of Fibromyalgia with Formula Acupuncture: Investigation of Needle Placement, Needle Stimulation, and Treatment Frequency","Du 20, LI 11, LI 4, GB 34, St 36, Sp 6, Liv 3, Ear-Shenmen","Du 20, LI 11, LI 4, GB 34, St 36, Sp 6, Liv 3, Ear Shenmen","GV 20, LI 11, LI 4, GB 34, ST 36, SP 6, LR 3","Ear Shenmen","TARA:3386254, TARA:8923096, TARA:0859695, TARA:8758950, TARA:6463344, TARA:4385250, TARA:6499349","","removed ""-"" in shenmen","",""
"284","A-112625-284","S-112625-284","O-112625-284","https://pubmed.ncbi.nlm.nih.gov/16579095.0/","Treatment of functional retrograde ejaculation with acupuncture and TCM herbal drugs","LR 3, SP 6, KI 3, BL 54, BL 32, KJ 3, BL 40","LR 3, SP 6, KI 3, BL 54, BL 32, KJ 3, BL 40","LR 3, SP 6, KI 3, BL 54, BL 32, BL 40","KJ 3","TARA:6499349, TARA:4385250, TARA:4362146, TARA:0488267, TARA:6742407, TARA:5290080","","","",""
"960","A-112625-960","S-112625-960","O-112625-960","https://pubmed.ncbi.nlm.nih.gov/16334715.0/","Treatment of Heroinism with Acupunture at Points of the Du Channel","GV 20, GV 14, GV 11, GV 10, GV 9, GV 4","GV 20, GV 14, GV 11, GV 10, GV 9, GV 4","GV 20, GV 14, GV 11, GV 10, GV 9, GV 4","","TARA:3386254, TARA:8452754, TARA:8300996, TARA:3683574, TARA:8982235, TARA:8557069","","","",""
"1881","A-112625-1881","S-112625-1881","O-112625-1881","https://doi.org/10.3748/wjg.v21.i8.2315","Treatment of irritable bowel syndrome in China: A review","Not specified","Not specified","","","","","","",""
"1537","A-112625-1537","S-112625-1537","O-112625-1537","https://pubmed.ncbi.nlm.nih.gov/17393629.0/","Treatment of Ischemic Apoplexy Based on the Theory of “Lingering Illness Affecting Collaterals”","Not specified","Not specified","","","","","","",""
"1137","A-112625-1137","S-112625-1137","O-112625-1137","uri not found","Treatment of Low Back Pain with Specific Acupoint. A Double-Blind Placebo-Controlled Trial","K 3, UB 23, UBS 2, UBS 58, DU 3, DU 4, S 41, L 9, L 13, BAXIE","K 3, UB 23, UBS 2, UBS 58, DU 3, DU 4, S 41, L 9, L 13, BAXIE","KI 3, BL 23, GV 3, GV 4, ST 41, LU 9, Baxie","UBS 2, UBS 58, L 13","TARA:4362146, TARA:0992296, TARA:8807122, TARA:8557069, TARA:6019290, TARA:8122277, TARA:2491709","","","",""
"900","A-112625-900","S-112625-900","O-112625-900","https://doi.org/10.1016/j.sleep.2006.04.009","Treatment of moderate obstructive sleep apnea syndrome with acupuncture: A randomised, placebo controlled pilot trial q","PC 6, LU 7, LI 4, LI 20, GV 20, REN 23, ST 36, ST 40, SP 6, KI 6","PC 6, LU 7, LI 4, LI 20, GV 20, REN 23, ST 36, ST 40, SP 6, KI 6","PC 6, LU 7, LI 4, LI 20, GV 20, CV 23, ST 36, ST 40, SP 6, KI 6","","TARA:4311153, TARA:3515622, TARA:0859695, TARA:6681003, TARA:3386254, TARA:5804897, TARA:6463344, TARA:9531666, TARA:4385250, TARA:2108622","","","",""
"345","A-112625-345","S-112625-345","O-112625-345","https://doi.org/10.1016/j.ctim.2004.05.001","Treatment of patients with chronic headaches in a hospital for traditional Chinese medicine in Germany A randomised, waiting list controlled trial ଝ","GB 20, GB 14, EX-HN 5, LI 4, LI 20, CV 20, LR 3","GB 20, GB 14, EX-HN 5, LI 4, LI 20, CV 20, LR 3","GB 20, GB 14, Taiyang, LI 4, LI 20, CV 20, LR 3","","TARA:2324295, TARA:9987270, TARA:9534465, TARA:0859695, TARA:6681003, TARA:0726105, TARA:6499349","","","",""
"1495","A-112625-1495","S-112625-1495","O-112625-1495","https://pubmed.ncbi.nlm.nih.gov/12747205.0/","Treatment of Phlegmand Heat induced Insomnia by Acupuncture in 120 Cases","GV 20, GV 24, EX HN 1I, HT 7, PC 6, CV 12, ST 40, SP 4","GV 20, GV 24, EX HN 1I, HT 7, PC 6, CV 12, ST 40, SP 4","GV 20, GV 24, HT 7, PC 6, CV 12, ST 40, SP 4","EX HN 1I","TARA:3386254, TARA:7679931, TARA:2442762, TARA:4311153, TARA:0434959, TARA:9531666, TARA:7407065","","","",""
"1236","A-112625-1236","S-112625-1236","O-112625-1236","https://doi.org/10.1177/1938640011407320","Treatment of Plantar Fasciitis in Recreation al Athletes: Two Different Therapeutic Protocols","PC 7, LI 4, Bladder 31, Bladder 54, Bladder 58, Bladder 60, Bladder 62, Stomach 36, Large intestine 4, Spleen 5, Kidney 7, Kidney 8, Triple Burner 5, Liver 2, Liver 3, Gallbladder 30, Gallbladder 34, Gallbladder 37, Gallbladder 38","PC 7, LI 4, Bladder 31, Bladder 54, Bladder 58, Bladder 60, Bladder 62, Stomach 36, Large intestine 4, Spleen 5, Kidney 7, Kidney 8, Triple Burner 5, Liver 2, Liver 3, Gallbladder 30, Gallbladder 34, Gallbladder 37, Gallbladder 38","PC 7, LI 4, BL 31, BL 54, BL 58, BL 60, BL 62, ST 36, LI 4, SP 5, KI 7, KI 8, TE 5, LR 2, LR 3, GB 30, GB 34, GB 37, GB 38","","TARA:9020892, TARA:0859695, TARA:2465151, TARA:0488267, TARA:5362994, TARA:5047947, TARA:1628341, TARA:6463344, TARA:0859695, TARA:7831710, TARA:9881298, TARA:6046086, TARA:8393005, TARA:6862058, TARA:6499349, TARA:9378285, TARA:8758950, TARA:6320058, TARA:9968219","","","",""
"185","A-112625-185","S-112625-185","O-112625-185","https://doi.org/10.1046/j.1365-2796.1997.91105000.x","Treatment of primary Raynaud's syndrome with traditional Chinese acupuncture","Lu 9, St 36, St 40, Sp 1, SI 3, UB 15, Liv 3, Ren 12, Ren 14","Lu 9, St 36, St 40, Sp 1, SI 3, UB 15, Liv 3, Ren 12, Ren 14","LU 9, ST 36, ST 40, SP 1, SI 3, BL 15, LR 3, CV 12, CV 14","","TARA:8122277, TARA:6463344, TARA:9531666, TARA:8929565, TARA:0220496, TARA:5797983, TARA:6499349, TARA:0434959, TARA:4823591","","","",""
"1269","A-112625-1269","S-112625-1269","O-112625-1269","https://doi.org/10.1007/s11726-011-0520-6","Treatment of Prostatalgia by Acupuncture: A Randomized Controlled Trial","Not specified","Not specified","","","","","","",""
"1552","A-112625-1552","S-112625-1552","O-112625-1552","https://pubmed.ncbi.nlm.nih.gov/15119166.0/","Treatment of Pseudobulbar Paralysis by Scalp Acupuncture and Sublingual Needling","Not specified","Not specified","","","","","","",""
"1230","A-112625-1230","S-112625-1230","O-112625-1230","https://pubmed.ncbi.nlm.nih.gov/12400431.0/","Treatment of Retinal Vein Obstruction with Acupuncture and Chinese Medicinal Herbs","BL 1, GB 1, GV 4, GV 23, Neiguan","BL 1, GB 1, GV 4, GV 23, Neiguan","BL 1, GB 1, GV 4, GV 23, PC 6","","TARA:1460220, TARA:5541141, TARA:8557069, TARA:7690229, TARA:4311153","","","",""
"1151","A-112625-1151","S-112625-1151","O-112625-1151","https://pubmed.ncbi.nlm.nih.gov/7877335.0/","Treatment of sciatica by acupuncture at Jiaji points: A report of 168 cases","Lumbar Jiaji points, Huatuojiaji points, Jiaji points of thoracic vertebrae, Jiaji points","Lumbar Jiaji points, Huatuojiaji points, Jiaji points of thoracic vertebrae, Jiaji points","","Lumbar Jiaji points, Huatuojiaji points, Jiaji points of thoracic vertebrae, Jiaji points","","","","",""
"912","A-112625-912","S-112625-912","O-112625-912","https://pubmed.ncbi.nlm.nih.gov/12875072.0/","Treatment of Sprain by Electro-Acupuncture","UB 23, UB 54, UB 37, A'shi, GB 34, UB 57, ST 36, ST 41, GB 40","UB 23, UB 54, UB 37, A'shi, GB 34, UB 57, ST 36, ST 41, GB 40","BL 23, BL 54, BL 37, GB 34, BL 57, ST 36, ST 41, GB 40","A'shi","TARA:0992296, TARA:0488267, TARA:2678584, TARA:8758950, TARA:4589241, TARA:6463344, TARA:6019290, TARA:9254368","","","",""
"1001","A-112625-1001","S-112625-1001","O-112625-1001","https://doi.org/10.1002/14651858.CD004462.pub3","Treatment of urinary incontinence after stroke in adults","GV 20, CV 4, SP 6","GV 20, CV 4, SP 6","GV 20, CV 4, SP 6","","TARA:3386254, TARA:9921528, TARA:4385250","","","",""
"166","A-112625-166","S-112625-166","O-112625-166","https://doi.org/10.1016/j.ctim.2008.04.006","Treatment regimens of acupuncture for low back pain--A systematic review","BL 23, BL 25, BL 40, KI 3, Jiaji, Ashi, trigger points, Shiqizhuixia, French energetic point, auricular points, SI 3, SI 6, GV 26, Yaotongdian","","","","","","","",""
"775","A-112625-775","S-112625-775","O-112625-775","https://doi.org/10.1002/14651858.CD006946.pub3","Treatments for breast engorgement during lactation","Not specified","Not specified","","","","","","",""
"778","A-112625-778","S-112625-778","O-112625-778","https://doi.org/10.1111/aogs.12681","Treatments for pregnancy-related lumbopelvic pain: a systematic review of physiotherapy modalities","Not specified","Not specified","","","","","","",""
"856","A-112625-856","S-112625-856","O-112625-856","https://doi.org/10.1097/MD.0000000000000510","Treatments for Shoulder Impingement Syndrome A PRISMA Systematic Review and Network Meta-Analysis","Not specified","Not specified","","","","","","",""
"80","A-112625-80","S-112625-80","O-112625-80","https://doi.org/10.1136/aim.26.1.17","Trigger point acupuncture for treatment of knee osteoarthritis--a preliminary RCT for a pragmatic trial","ST 34, ST 3ii, ST 36, SP 9, SP 10, GB 34","ST 34, ST 3ii, ST 36, SP 9, SP 10, GB 34","ST 34, ST 36, SP 9, SP 10, GB 34","ST 3ii","TARA:8773594, TARA:6463344, TARA:3553465, TARA:8433932, TARA:8758950","","","",""
"126","A-112625-126","S-112625-126","O-112625-126","https://doi.org/10.1136/aim.22.4.170","Trigger point acupuncture treatment of chronic low back pain in elderly patients -a blinded RCT","BL 23, BL 25, GB 30, BL 40, BL 60, GB 34, BL 54, BL 31, BL 32","BL 23, BL 25, GB 30, BL 40, BL 60, GB 34, BL 54, BL 31, BL 32","BL 23, BL 25, GB 30, BL 40, BL 60, GB 34, BL 54, BL 31, BL 32","","TARA:0992296, TARA:0906448, TARA:9378285, TARA:5290080, TARA:5047947, TARA:8758950, TARA:0488267, TARA:2465151, TARA:6742407","","","",""
"227","A-112625-227","S-112625-227","O-112625-227","https://doi.org/10.1155/2015/790209","Trigger Point Dry Needling and Proprioceptive Exercises for the Management of Chronic Ankle Instability: A Randomized Clinical Trial","Not specified","Not specified","","","","","","",""
"1235","A-112625-1235","S-112625-1235","O-112625-1235","uri not found","True Acupuncture vs. Sham Acupuncture and Conventional Sports Medicine Therapy for Plantar Fascitis Pain: A Controlled, Double-blind Study","K 1, K 3","K 1, K 3","KI 1, KI 3","","TARA:4512048, TARA:4362146","","","",""
"275","A-112625-275","S-112625-275","O-112625-275","https://doi.org/10.1210/jc.2011-1126","True and Sham Acupuncture Produced Similar Frequency of Ovulation and Improved LH to FSH Ratios in Women with Polycystic Ovary Syndrome","BL 23, BL 28, SP 6, SP 9, PC 6, TE 5, GV 20","BL 23, BL 28, SP 6, SP 9, PC 6, TE 5, GV 20","BL 23, BL 28, SP 6, SP 9, PC 6, TE 5, GV 20","","TARA:0992296, TARA:5318530, TARA:4385250, TARA:3553465, TARA:4311153, TARA:8393005, TARA:3386254","","","",""
"1482","A-112625-1482","S-112625-1482","O-112625-1482","https://pubmed.ncbi.nlm.nih.gov/11263285.0/","Twenty five Cases of Intractable Cutaneous Pruritus Treated by Auricular Acupuncture","Lung, Large Intestine","Lung, Large Intestine","","Lung, Large Intestine","","","","",""
"1338","A-112625-1338","S-112625-1338","O-112625-1338","https://pubmed.ncbi.nlm.nih.gov/11263283.0/","Twenty One Cases of Vertebral Artery Type Cervical Spondylosis Treated with Acupuncture","Not specified","Not specified","","","","","","",""
"1123","A-112625-1123","S-112625-1123","O-112625-1123","https://pubmed.ncbi.nlm.nih.gov/14535189.0/","Two hundred and Ten Cases of Shoulder Periarthritis Treated by Needling Lingxia and Sanjian","LI 3, Lingxia, LI 15, TE 14, SI 9, LI 14, SI 11, GB 21, GB 34","LI 3, Lingxia, LI 15, TE 14, SI 9, LI 14, SI 11, GB 21, GB 34","LI 3, LI 15, TE 14, SI 9, LI 14, SI 11, GB 21, GB 34","Lingxia","TARA:7867167, TARA:7829474, TARA:5894876, TARA:2187225, TARA:3744150, TARA:4122792, TARA:5389461, TARA:8758950","","","",""
"287","A-112625-287","S-112625-287","O-112625-287","https://doi.org/10.1016/j.eururo.2008.02.002","Two Modes of Acupuncture as a Treatment for Hot Flushes in Men with Prostate Cancer-A Prospective Multicenter Study with Long-Term Follow-Up","BL 15, BL 23, BL 32, GV 20, HE 7, PC 6, LR 3, SP 6, SP 9","BL 15, BL 23, BL 32, GV 20, HE 7, PC 6, LR 3, SP 6, SP 9","BL 15, BL 23, BL 32, GV 20, HT 7, PC 6, LR 3, SP 6, SP 9","","TARA:5797983, TARA:0992296, TARA:6742407, TARA:3386254, TARA:2442762, TARA:4311153, TARA:6499349, TARA:4385250, TARA:3553465","","","",""
"1296","A-112625-1296","S-112625-1296","O-112625-1296","https://doi.org/10.1007/s11655-014-1744-3","Two Sets of Acupoint Combination of Similar Functions Engage Shared Neural Representation: A Functional Magnetic Resonance Imaging Study","TES, GB 40, PC 6, LR 3","TES, GB 40, PC 6, LR 3","GB 40, PC 6, LR 3","TES","TARA:9254368, TARA:4311153, TARA:6499349","","","",""
"1222","A-112625-1222","S-112625-1222","O-112625-1222","https://doi.org/10.1136/aim.25.1-2.11","Two styles of acupuncture for treating painful diabetic neuropathy -a pilot randomised control trial","Not specified","Not specified","","","","","","",""
"761","A-112625-761","S-112625-761","O-112625-761","https://doi.org/10.1177/0161734614546571","Two-Dimensional Ultrasound and Ultrasound Elastography Imaging of Trigger Points in Women with Myofascial Pain Syndrome Treated by Acupuncture and Electroacupuncture: A Double-Blinded Randomized Controlled Pilot Study","GB 20, GB 21, LI 4, LV 3, Ashi","GB 20, GB 21, LI 4, LV 3, Ashi","GB 20, GB 21, LI 4, LR 3","Ashi","TARA:2324295, TARA:5389461, TARA:0859695, TARA:6499349","","","",""
"1797","A-112625-1797","S-112625-1797","O-112625-1797","https://doi.org/10.1016/j.jams.2016.07.004","Unilateral and Immediate Stimulation of Acupuncture Points Xiaohai (SI8) and Jianwaishu (SI14) of the Small Intestine Meridian Increases Electromyographic Activity and Strength in the Ipsilateral and Contralateral Upper Trapezius Muscle","SI 14, SI 8, K 3","SI 14, SI 8, K 3","SI 14, SI 8, KI 3","","TARA:3226024, TARA:5859631, TARA:4362146","","","",""
"1132","A-112625-1132","S-112625-1132","O-112625-1132","https://doi.org/10.1136/aim.19.1.15","Unilateral versus Bilateral Acupuncture on Knee Function in Advanced Osteoarthritis of the Knee -A Prospective Randomised Trial","SP 9, SP 10, ST 34, ST 36, LI 4","SP 9, SP 10, ST 34, ST 36, LI 4","SP 9, SP 10, ST 34, ST 36, LI 4","","TARA:3553465, TARA:8433932, TARA:8773594, TARA:6463344, TARA:0859695","","","",""
"646","A-112625-646","S-112625-646","O-112625-646","https://doi.org/10.1136/acupmed-2016-011306","Updated systematic review and meta-analysis of acupuncture for chronic knee pain","Not specified","Not specified","","","","","","",""
"288","A-112625-288","S-112625-288","O-112625-288","https://doi.org/10.1007/s11934-011-0186-0","Use of Acupuncture as a Treatment Method for Chronic Prostatitis/Chronic Pelvic Pain Syndromes","CV 4, CV 3, CV 1, GB 30, BL 32, BL 33, SP 9, SP 8, SP 6, SJ 5, GB 41, LR 3, LI 4, BL 23, BL 18, BL 54","CV 4, CV 3, CV 1, GB 30, BL 32, BL 33, SP 9, SP 8, SP 6, SJ 5, GB 41, LR 3, LI 4, BL 23, BL 18, BL 54","CV 4, CV 3, CV 1, GB 30, BL 32, BL 33, SP 9, SP 8, SP 6, TE 5, GB 41, LR 3, LI 4, BL 23, BL 18, BL 54","","TARA:9921528, TARA:0022762, TARA:8693603, TARA:9378285, TARA:6742407, TARA:6927551, TARA:3553465, TARA:6848518, TARA:4385250, TARA:8393005, TARA:3668538, TARA:6499349, TARA:0859695, TARA:0992296, TARA:9655874, TARA:0488267","","","",""
"515","A-112625-515","S-112625-515","O-112625-515","https://doi.org/10.1111/j.1365-2044.2008.05645_4.x","Use of acupuncture to reduce gagging during the insertion of an oral airway","CV 4, CV 24","CV 4, CV 24","CV 4, CV 24","","TARA:9921528, TARA:8876563","","","",""
"455","A-112625-455","S-112625-455","O-112625-455","https://doi.org/10.1016/j.ctim.2007.07.005","Using acupuncture to treat depression: A feasibility study","Not specified","Not specified","","","","","","",""
"439","A-112625-439","S-112625-439","O-112625-439","https://doi.org/10.1007/s00404-001-0270-7","Using acupuncture to treat premenstrual syndrome","Du 20, LI 4, H 3, Ren 3, Ren 4, Ren 6, Pe 6, GB 34, UB 23, Shenmen","Du 20, LI 4, H 3, Ren 3, Ren 4, Ren 6, Pe 6, GB 34, UB 23, Ear Shenmen","GV 20, LI 4, HT 3, CV 3, CV 4, CV 6, PC 6, GB 34, BL 23","Ear Shenmen","TARA:3386254, TARA:0859695, TARA:2385378, TARA:0022762, TARA:9921528, TARA:8833337, TARA:4311153, TARA:8758950, TARA:0992296","","added ""ear""","",""
"417","A-112625-417","S-112625-417","O-112625-417","https://doi.org/10.1136/acupmed-2012-010261","Using moxibustion in primary healthcare to correct non-vertex presentation: a multicentre randomised controlled trial","BL 67, SP 1","BL 67, SP 1","BL 67, SP 1","","TARA:7218725, TARA:8929565","","","",""
"1791","A-112625-1791","S-112625-1791","O-112625-1791","https://doi.org/10.1109/memb.2005.1411347","Using Ultrasound to Understand Acupuncture Acupuncture Needle Manipulation and Its Effect on Connective Tissue","Not specified","Not specified","","","","","","",""
"1279","A-112625-1279","S-112625-1279","O-112625-1279","uri not found","Vascular Headache Treated by Acupuncture","PC 6, LI 4, GB 20, Ashi point, LR 3, GB 43, ST 40, SP 6, BL 17, SP 10","PC 6, LI 4, GB 20, Ashi point, LR 3, GB 43, ST 40, SP 6, BL 17, SP 10","PC 6, LI 4, GB 20, LR 3, GB 43, ST 40, SP 6, BL 17, SP 10","Ashi point","TARA:4311153, TARA:0859695, TARA:2324295, TARA:6499349, TARA:8885103, TARA:9531666, TARA:4385250, TARA:1124682, TARA:8433932","","","",""
"1348","A-112625-1348","S-112625-1348","O-112625-1348","https://doi.org/10.1080/13697130500118050","Vasomotor symptoms decrease in women with breast cancer randomized to treatment with applied relaxation or electro-acupuncture: a preliminary study","BL 15, BL 23, BL 32, HT 7, SP 6, SP 9, LR 3, PC 6, GV 20","BL 15, BL 23, BL 32, HT 7, SP 6, SP 9, LR 3, PC 6, GV 20","BL 15, BL 23, BL 32, HT 7, SP 6, SP 9, LR 3, PC 6, GV 20","","TARA:5797983, TARA:0992296, TARA:6742407, TARA:2442762, TARA:4385250, TARA:3553465, TARA:6499349, TARA:4311153, TARA:3386254","","","",""
"782","A-112625-782","S-112625-782","O-112625-782","https://doi.org/10.1097/AOG.0000000000000303","Version of Breech Fetuses by Moxibustion With Acupuncture A Randomized Controlled Trial","BL 67","BL 67","BL 67","","TARA:7218725","","","",""
"1794","A-112625-1794","S-112625-1794","O-112625-1794","https://doi.org/10.1007/s11726-011-0509-1","Warm Needling Therapy for Sciatica: A Randomized Controlled Trial 温针灸治疗坐骨神经痛疗效观察","Ex-B 2, BL 25, BL 54, GB 30, GB 34, BL 32, BL 40, BL 57, BL 60, BL 62","Ex-B 2, BL 25, BL 54, GB 30, GB 34, BL 32, BL 40, BL 57, BL 60, BL 62","Huatuojiaji, BL 25, BL 54, GB 30, GB 34, BL 32, BL 40, BL 57, BL 60, BL 62","","TARA:3734471, TARA:0906448, TARA:0488267, TARA:9378285, TARA:8758950, TARA:6742407, TARA:5290080, TARA:4589241, TARA:5047947, TARA:1628341","","","",""
"1876","A-112625-1876","S-112625-1876","O-112625-1876","uri not found","Warm Needling Therapy for the Third Lumbar Transverse Process Syndrome: A Randomized Controlled Trial","Not specified","Not specified","","","","","","",""
"603","A-112625-603","S-112625-603","O-112625-603","https://doi.org/10.1016/s0254-6272(10)60007-6","Warm-needling plus Tuina Relaxing for the Treatment of Carpal Tunnel Syndrome","LI 11, TE 5, PC 7, TE 4, EX-UE9","LI 11, TE 5, PC 7, TE 4, EX-UE9","LI 11, TE 5, PC 7, TE 4, Baxie","","TARA:8923096, TARA:8393005, TARA:9020892, TARA:1594912, TARA:2491709","","","",""
"677","A-112625-677","S-112625-677","O-112625-677","https://doi.org/10.1136/acupmed-2016-011058","What predicts a positive response to acupuncture? A secondary analysis of three randomised controlled trials of insomnia","GV 20, Yintang, Shenmen, Sishencong, Anmian, PC 6, HT 7, SP 6","GV 20, Yintang, Ear Shenmen, Sishencong, Anmian, PC 6, HT 7, SP 6","GV 20, Yintang, Sishencong, Anmian, PC 6, HT 7, SP 6","Ear Shenmen","TARA:3386254, TARA:3135569, TARA:9610280, TARA:3480360, TARA:4311153, TARA:2442762, TARA:4385250","","added ""ear""","",""
"1786","A-112625-1786","S-112625-1786","O-112625-1786","https://doi.org/10.1142/S0192415X14500190","Wrist-Ankle Acupuncture for Pain After Transcatheter Arterial Chemoembolization in Patients with Liver Cancer: A Randomized Controlled Trial","Not specified","Not specified","","","","","","",""
"731","A-112625-731","S-112625-731","O-112625-731","https://doi.org/10.1155/2014/261709","Wrist-Ankle Acupuncture for the Treatment of Pain Symptoms: A Systematic Review and Meta-Analysis","Not specified","Not specified","","","","","","",""