Acupoint_IRI,Acupoint_Curie,Acupoint,Meridian,Acupoint_Surface_Location_IRI,Acupoint_Surface_Location,Region_Within_Surface_IRI,Acupoint_Region_Within_Surface,Acupoint_Related_Nerve_IRI,Acupoint_Related_Nerve,Acupoint_Related_Artery_IRI,Acupoint_Related_Artery,Acupoint_Related_Vein_IRI,Acupoint_Related_Vein
http://purl.org/tara/ontology/TARA_1460220,TARA:1460220,BL 1,Bladder Meridian,http://purl.obolibrary.org/obo/UBERON_0001456,face,http://purl.obolibrary.org/obo/UBERON_0000019,camera-type eye,,,,,,
http://purl.org/tara/ontology/TARA_1460220,TARA:1460220,BL 1,Bladder Meridian,http://purl.obolibrary.org/obo/UBERON_0001456,face,http://purl.obolibrary.org/obo/UBERON_0005611,inner canthus,,,,,,
http://purl.org/tara/ontology/TARA_1460220,TARA:1460220,BL 1,Bladder Meridian,http://purl.obolibrary.org/obo/UBERON_0001456,face,http://purl.obolibrary.org/obo/UBERON_0004867,orbital cavity,,,,,,
http://purl.org/tara/ontology/TARA_0242146,TARA:0242146,BL 10,Bladder Meridian,http://purl.obolibrary.org/obo/UBERON_0000974,neck,http://purl.obolibrary.org/obo/UBERON_0002380,trapezius muscle,,,,,,
http://purl.org/tara/ontology/TARA_0242146,TARA:0242146,BL 10,Bladder Meridian,http://purl.obolibrary.org/obo/UBERON_0000974,neck,http://purl.obolibrary.org/obo/UBERON_0001093,vertebral bone 2,,,,,,
http://purl.org/tara/ontology/TARA_1985889,TARA:1985889,BL 11,Bladder Meridian,http://purl.obolibrary.org/obo/UBERON_0008231,dorsal thoracic segment of trunk,http://uri.interlex.org/base/ilx_0795312,posterior median line,,,,,,
http://purl.org/tara/ontology/TARA_1985889,TARA:1985889,BL 11,Bladder Meridian,http://purl.obolibrary.org/obo/UBERON_0008231,dorsal thoracic segment of trunk,http://purl.obolibrary.org/obo/UBERON_0004626,thoracic vertebra 1,,,,,,
http://purl.org/tara/ontology/TARA_5468609,TARA:5468609,BL 12,Bladder Meridian,http://purl.obolibrary.org/obo/UBERON_0008231,dorsal thoracic segment of trunk,http://uri.interlex.org/base/ilx_0795312,posterior median line,,,,,,
http://purl.org/tara/ontology/TARA_5468609,TARA:5468609,BL 12,Bladder Meridian,http://purl.obolibrary.org/obo/UBERON_0008231,dorsal thoracic segment of trunk,http://purl.obolibrary.org/obo/UBERON_0004627,thoracic vertebra 2,,,,,,
http://purl.org/tara/ontology/TARA_6050541,TARA:6050541,BL 13,Bladder Meridian,http://purl.obolibrary.org/obo/UBERON_0008231,dorsal thoracic segment of trunk,http://uri.interlex.org/base/ilx_0795312,posterior median line,,,,,,
http://purl.org/tara/ontology/TARA_6050541,TARA:6050541,BL 13,Bladder Meridian,http://purl.obolibrary.org/obo/UBERON_0008231,dorsal thoracic segment of trunk,http://purl.obolibrary.org/obo/UBERON_0004628,thoracic vertebra 3,,,,,,
http://purl.org/tara/ontology/TARA_9523348,TARA:9523348,BL 14,Bladder Meridian,http://purl.obolibrary.org/obo/UBERON_0008231,dorsal thoracic segment of trunk,http://uri.interlex.org/base/ilx_0795312,posterior median line,,,,,,
http://purl.org/tara/ontology/TARA_9523348,TARA:9523348,BL 14,Bladder Meridian,http://purl.obolibrary.org/obo/UBERON_0008231,dorsal thoracic segment of trunk,http://purl.obolibrary.org/obo/UBERON_0004629,thoracic vertebra 4,,,,,,
http://purl.org/tara/ontology/TARA_5797983,TARA:5797983,BL 15,Bladder Meridian,http://purl.obolibrary.org/obo/UBERON_0008231,dorsal thoracic segment of trunk,http://uri.interlex.org/base/ilx_0795312,posterior median line,,,,,,
http://purl.org/tara/ontology/TARA_5797983,TARA:5797983,BL 15,Bladder Meridian,http://purl.obolibrary.org/obo/UBERON_0008231,dorsal thoracic segment of trunk,http://purl.obolibrary.org/obo/UBERON_0004630,thoracic vertebra 5,,,,,,
http://purl.org/tara/ontology/TARA_1104010,TARA:1104010,BL 16,Bladder Meridian,http://purl.obolibrary.org/obo/UBERON_0008231,dorsal thoracic segment of trunk,http://uri.interlex.org/base/ilx_0795312,posterior median line,,,,,,
http://purl.org/tara/ontology/TARA_1104010,TARA:1104010,BL 16,Bladder Meridian,http://purl.obolibrary.org/obo/UBERON_0008231,dorsal thoracic segment of trunk,http://purl.obolibrary.org/obo/UBERON_0004631,thoracic vertebra 6,,,,,,
http://purl.org/tara/ontology/TARA_1124682,TARA:1124682,BL 17,Bladder Meridian,http://purl.obolibrary.org/obo/UBERON_0008231,dorsal thoracic segment of trunk,http://uri.interlex.org/base/ilx_0795312,posterior median line,,,,,,
http://purl.org/tara/ontology/TARA_1124682,TARA:1124682,BL 17,Bladder Meridian,http://purl.obolibrary.org/obo/UBERON_0008231,dorsal thoracic segment of trunk,http://purl.obolibrary.org/obo/UBERON_0006849,scapula,,,,,,
http://purl.org/tara/ontology/TARA_1124682,TARA:1124682,BL 17,Bladder Meridian,http://purl.obolibrary.org/obo/UBERON_0008231,dorsal thoracic segment of trunk,http://purl.obolibrary.org/obo/UBERON_0004632,thoracic vertebra 7,,,,,,
http://purl.org/tara/ontology/TARA_9655874,TARA:9655874,BL 18,Bladder Meridian,http://purl.obolibrary.org/obo/UBERON_0008231,dorsal thoracic segment of trunk,http://uri.interlex.org/base/ilx_0795312,posterior median line,,,,,,
http://purl.org/tara/ontology/TARA_9655874,TARA:9655874,BL 18,Bladder Meridian,http://purl.obolibrary.org/obo/UBERON_0008231,dorsal thoracic segment of trunk,http://purl.obolibrary.org/obo/UBERON_0004633,thoracic vertebra 9,,,,,,
http://purl.org/tara/ontology/TARA_6145687,TARA:6145687,BL 19,Bladder Meridian,http://purl.obolibrary.org/obo/UBERON_0008231,dorsal thoracic segment of trunk,http://uri.interlex.org/base/ilx_0795312,posterior median line,,,,,,
http://purl.org/tara/ontology/TARA_6145687,TARA:6145687,BL 19,Bladder Meridian,http://purl.obolibrary.org/obo/UBERON_0008231,dorsal thoracic segment of trunk,http://purl.obolibrary.org/obo/UBERON_0004634,thoracic vertebra 10,,,,,,
http://purl.org/tara/ontology/TARA_8104948,TARA:8104948,BL 2,Bladder Meridian,http://purl.obolibrary.org/obo/UBERON_0000033,head,http://purl.obolibrary.org/obo/UBERON_0010163,eyebrow,,,,,,
http://purl.org/tara/ontology/TARA_8104948,TARA:8104948,BL 2,Bladder Meridian,http://purl.obolibrary.org/obo/UBERON_0000033,head,http://uri.interlex.org/base/ilx_0741726,frontal notch,,,,,,
http://purl.org/tara/ontology/TARA_3283628,TARA:3283628,BL 20,Bladder Meridian,http://purl.obolibrary.org/obo/UBERON_0008231,dorsal thoracic segment of trunk,http://uri.interlex.org/base/ilx_0795312,posterior median line,,,,,,
http://purl.org/tara/ontology/TARA_3283628,TARA:3283628,BL 20,Bladder Meridian,http://purl.obolibrary.org/obo/UBERON_0008231,dorsal thoracic segment of trunk,http://purl.obolibrary.org/obo/UBERON_0004635,thoracic vertebra 11,,,,,,
http://purl.org/tara/ontology/TARA_4839095,TARA:4839095,BL 21,Bladder Meridian,http://purl.obolibrary.org/obo/UBERON_0008231,dorsal thoracic segment of trunk,http://uri.interlex.org/base/ilx_0795312,posterior median line,,,,,,
http://purl.org/tara/ontology/TARA_4839095,TARA:4839095,BL 21,Bladder Meridian,http://purl.obolibrary.org/obo/UBERON_0008231,dorsal thoracic segment of trunk,http://purl.obolibrary.org/obo/UBERON_0004636,thoracic vertebra 12,,,,,,
http://purl.org/tara/ontology/TARA_3963382,TARA:3963382,BL 22,Bladder Meridian,http://purl.obolibrary.org/obo/UBERON_0005462,lower back,http://purl.obolibrary.org/obo/UBERON_0004617,lumbar vertebra 1,,,,,,
http://purl.org/tara/ontology/TARA_3963382,TARA:3963382,BL 22,Bladder Meridian,http://purl.obolibrary.org/obo/UBERON_0005462,lower back,http://uri.interlex.org/base/ilx_0795312,posterior median line,,,,,,
http://purl.org/tara/ontology/TARA_0992296,TARA:0992296,BL 23,Bladder Meridian,http://purl.obolibrary.org/obo/UBERON_0005462,lower back,http://purl.obolibrary.org/obo/UBERON_0004618,lumbar vertebra 2,,,,,,
http://purl.org/tara/ontology/TARA_0992296,TARA:0992296,BL 23,Bladder Meridian,http://purl.obolibrary.org/obo/UBERON_0005462,lower back,http://uri.interlex.org/base/ilx_0795312,posterior median line,,,,,,
http://purl.org/tara/ontology/TARA_7357260,TARA:7357260,BL 24,Bladder Meridian,http://purl.obolibrary.org/obo/UBERON_0005462,lower back,http://purl.obolibrary.org/obo/UBERON_0004619,lumbar vertebra 3,,,,,,
http://purl.org/tara/ontology/TARA_7357260,TARA:7357260,BL 24,Bladder Meridian,http://purl.obolibrary.org/obo/UBERON_0005462,lower back,http://uri.interlex.org/base/ilx_0795312,posterior median line,,,,,,
http://purl.org/tara/ontology/TARA_0906448,TARA:0906448,BL 25,Bladder Meridian,http://purl.obolibrary.org/obo/UBERON_0005462,lower back,http://purl.obolibrary.org/obo/UBERON_0004620,lumbar vertebra 4,,,,,,
http://purl.org/tara/ontology/TARA_0906448,TARA:0906448,BL 25,Bladder Meridian,http://purl.obolibrary.org/obo/UBERON_0005462,lower back,http://uri.interlex.org/base/ilx_0795312,posterior median line,,,,,,
http://purl.org/tara/ontology/TARA_4384020,TARA:4384020,BL 26,Bladder Meridian,http://purl.obolibrary.org/obo/UBERON_0005462,lower back,http://purl.obolibrary.org/obo/UBERON_0004621,lumbar vertebra 5,,,,,,
http://purl.org/tara/ontology/TARA_4384020,TARA:4384020,BL 26,Bladder Meridian,http://purl.obolibrary.org/obo/UBERON_0005462,lower back,http://uri.interlex.org/base/ilx_0795312,posterior median line,,,,,,
http://purl.org/tara/ontology/TARA_6929444,TARA:6929444,BL 27,Bladder Meridian,http://purl.obolibrary.org/obo/UBERON_0005473,sacral region,http://uri.interlex.org/base/ilx_0795313,first posterior sacral foramen,,,,,,
http://purl.org/tara/ontology/TARA_6929444,TARA:6929444,BL 27,Bladder Meridian,http://purl.obolibrary.org/obo/UBERON_0005473,sacral region,http://uri.interlex.org/base/ilx_0741680,median sacral crest,,,,,,
http://purl.org/tara/ontology/TARA_5318530,TARA:5318530,BL 28,Bladder Meridian,http://purl.obolibrary.org/obo/UBERON_0005473,sacral region,http://uri.interlex.org/base/ilx_0741680,median sacral crest,,,,,,
http://purl.org/tara/ontology/TARA_5318530,TARA:5318530,BL 28,Bladder Meridian,http://purl.obolibrary.org/obo/UBERON_0005473,sacral region,http://uri.interlex.org/base/ilx_0795314,second posterior sacral foramen,,,,,,
http://purl.org/tara/ontology/TARA_3079460,TARA:3079460,BL 29,Bladder Meridian,http://purl.obolibrary.org/obo/UBERON_0005473,sacral region,http://uri.interlex.org/base/ilx_0741680,median sacral crest,,,,,,
http://purl.org/tara/ontology/TARA_3079460,TARA:3079460,BL 29,Bladder Meridian,http://purl.obolibrary.org/obo/UBERON_0005473,sacral region,http://uri.interlex.org/base/ilx_0795315,third posterior sacral foramen,,,,,,
http://purl.org/tara/ontology/TARA_1632803,TARA:1632803,BL 3,Bladder Meridian,http://purl.obolibrary.org/obo/UBERON_0000033,head,http://uri.interlex.org/base/ilx_0795292,anterior hairline,,,,,,
http://purl.org/tara/ontology/TARA_1632803,TARA:1632803,BL 3,Bladder Meridian,http://purl.obolibrary.org/obo/UBERON_0000033,head,http://uri.interlex.org/base/ilx_0741726,frontal notch,,,,,,
http://purl.org/tara/ontology/TARA_9128934,TARA:9128934,BL 30,Bladder Meridian,http://purl.obolibrary.org/obo/UBERON_0005473,sacral region,http://uri.interlex.org/base/ilx_0795316,fourth posterior sacral foramen,,,,,,
http://purl.org/tara/ontology/TARA_9128934,TARA:9128934,BL 30,Bladder Meridian,http://purl.obolibrary.org/obo/UBERON_0005473,sacral region,http://uri.interlex.org/base/ilx_0741680,median sacral crest,,,,,,
http://purl.org/tara/ontology/TARA_9128934,TARA:9128934,BL 30,Bladder Meridian,http://purl.obolibrary.org/obo/UBERON_0005473,sacral region,http://uri.interlex.org/base/ilx_0741717,sacral hiatus,,,,,,
http://purl.org/tara/ontology/TARA_2465151,TARA:2465151,BL 31,Bladder Meridian,http://purl.obolibrary.org/obo/UBERON_0005473,sacral region,http://uri.interlex.org/base/ilx_0795313,first posterior sacral foramen,,,,,,
http://purl.org/tara/ontology/TARA_6742407,TARA:6742407,BL 32,Bladder Meridian,http://purl.obolibrary.org/obo/UBERON_0005473,sacral region,http://purl.obolibrary.org/obo/UBERON_0013710,posterior superior iliac spine,,,,,,
http://purl.org/tara/ontology/TARA_6742407,TARA:6742407,BL 32,Bladder Meridian,http://purl.obolibrary.org/obo/UBERON_0005473,sacral region,http://purl.obolibrary.org/obo/UBERON_0004623,sacral vertebra 2,,,,,,
http://purl.org/tara/ontology/TARA_6742407,TARA:6742407,BL 32,Bladder Meridian,http://purl.obolibrary.org/obo/UBERON_0005473,sacral region,http://uri.interlex.org/base/ilx_0795314,second posterior sacral foramen,,,,,,
http://purl.org/tara/ontology/TARA_6927551,TARA:6927551,BL 33,Bladder Meridian,http://purl.obolibrary.org/obo/UBERON_0005473,sacral region,http://uri.interlex.org/base/ilx_0795315,third posterior sacral foramen,,,,,,
http://purl.org/tara/ontology/TARA_1522109,TARA:1522109,BL 34,Bladder Meridian,http://purl.obolibrary.org/obo/UBERON_0005473,sacral region,http://uri.interlex.org/base/ilx_0795316,fourth posterior sacral foramen,,,,,,
http://purl.org/tara/ontology/TARA_1522109,TARA:1522109,BL 34,Bladder Meridian,http://purl.obolibrary.org/obo/UBERON_0005473,sacral region,http://uri.interlex.org/base/ilx_0741717,sacral hiatus,,,,,,
http://purl.org/tara/ontology/TARA_8458036,TARA:8458036,BL 35,Bladder Meridian,http://purl.obolibrary.org/obo/UBERON_0013691,buttock,http://purl.obolibrary.org/obo/UBERON_0001350,coccyx,,,,,,
http://purl.org/tara/ontology/TARA_9927213,TARA:9927213,BL 36,Bladder Meridian,http://purl.obolibrary.org/obo/UBERON_0013691,buttock,http://purl.obolibrary.org/obo/UBERON_0036014,gluteal sulcus,,,,,,
http://purl.org/tara/ontology/TARA_2678584,TARA:2678584,BL 37,Bladder Meridian,http://purl.obolibrary.org/obo/UBERON_0000376,hindlimb stylopod,http://purl.obolibrary.org/obo/UBERON_0001374,biceps femoris,,,,,,
http://purl.org/tara/ontology/TARA_2678584,TARA:2678584,BL 37,Bladder Meridian,http://purl.obolibrary.org/obo/UBERON_0000376,hindlimb stylopod,http://purl.obolibrary.org/obo/UBERON_0036014,gluteal sulcus,,,,,,
http://purl.org/tara/ontology/TARA_2678584,TARA:2678584,BL 37,Bladder Meridian,http://purl.obolibrary.org/obo/UBERON_0000376,hindlimb stylopod,http://purl.obolibrary.org/obo/UBERON_0001375,semitendinosus,,,,,,
http://purl.org/tara/ontology/TARA_3339722,TARA:3339722,BL 38,Bladder Meridian,http://purl.obolibrary.org/obo/UBERON_0001465,knee,http://purl.obolibrary.org/obo/UBERON_0001374,biceps femoris,,,,,,
http://purl.org/tara/ontology/TARA_3339722,TARA:3339722,BL 38,Bladder Meridian,http://purl.obolibrary.org/obo/UBERON_0001465,knee,http://uri.interlex.org/base/ilx_0795317,biceps femoris tendon,,,,,,
http://purl.org/tara/ontology/TARA_3339722,TARA:3339722,BL 38,Bladder Meridian,http://purl.obolibrary.org/obo/UBERON_0001465,knee,http://uri.interlex.org/base/ilx_0795330,popliteal crease,,,,,,
http://purl.org/tara/ontology/TARA_2186848,TARA:2186848,BL 39,Bladder Meridian,http://purl.obolibrary.org/obo/UBERON_0001465,knee,http://uri.interlex.org/base/ilx_0795317,biceps femoris tendon,,,,,,
http://purl.org/tara/ontology/TARA_2186848,TARA:2186848,BL 39,Bladder Meridian,http://purl.obolibrary.org/obo/UBERON_0001465,knee,http://uri.interlex.org/base/ilx_0795330,popliteal crease,,,,,,
http://purl.org/tara/ontology/TARA_0598260,TARA:0598260,BL 4,Bladder Meridian,http://purl.obolibrary.org/obo/UBERON_0000033,head,http://uri.interlex.org/base/ilx_0795292,anterior hairline,,,,,,
http://purl.org/tara/ontology/TARA_0598260,TARA:0598260,BL 4,Bladder Meridian,http://purl.obolibrary.org/obo/UBERON_0000033,head,http://uri.interlex.org/base/ilx_0795285,anterior median line,,,,,,
http://purl.org/tara/ontology/TARA_5290080,TARA:5290080,BL 40,Bladder Meridian,http://purl.obolibrary.org/obo/UBERON_0001465,knee,http://uri.interlex.org/base/ilx_0795330,popliteal crease,,,,,,
http://purl.org/tara/ontology/TARA_7423288,TARA:7423288,BL 41,Bladder Meridian,http://purl.obolibrary.org/obo/UBERON_0008231,dorsal thoracic segment of trunk,http://uri.interlex.org/base/ilx_0795312,posterior median line,,,,,,
http://purl.org/tara/ontology/TARA_7423288,TARA:7423288,BL 41,Bladder Meridian,http://purl.obolibrary.org/obo/UBERON_0008231,dorsal thoracic segment of trunk,http://purl.obolibrary.org/obo/UBERON_0004627,thoracic vertebra 2,,,,,,
http://purl.org/tara/ontology/TARA_1068174,TARA:1068174,BL 42,Bladder Meridian,http://purl.obolibrary.org/obo/UBERON_0008231,dorsal thoracic segment of trunk,http://uri.interlex.org/base/ilx_0795312,posterior median line,,,,,,
http://purl.org/tara/ontology/TARA_1068174,TARA:1068174,BL 42,Bladder Meridian,http://purl.obolibrary.org/obo/UBERON_0008231,dorsal thoracic segment of trunk,http://purl.obolibrary.org/obo/UBERON_0004628,thoracic vertebra 3,,,,,,
http://purl.org/tara/ontology/TARA_5367032,TARA:5367032,BL 43,Bladder Meridian,http://purl.obolibrary.org/obo/UBERON_0008231,dorsal thoracic segment of trunk,http://uri.interlex.org/base/ilx_0795312,posterior median line,,,,,,
http://purl.org/tara/ontology/TARA_5367032,TARA:5367032,BL 43,Bladder Meridian,http://purl.obolibrary.org/obo/UBERON_0008231,dorsal thoracic segment of trunk,http://purl.obolibrary.org/obo/UBERON_0004629,thoracic vertebra 4,,,,,,
http://purl.org/tara/ontology/TARA_7646636,TARA:7646636,BL 44,Bladder Meridian,http://purl.obolibrary.org/obo/UBERON_0008231,dorsal thoracic segment of trunk,http://uri.interlex.org/base/ilx_0795312,posterior median line,,,,,,
http://purl.org/tara/ontology/TARA_7646636,TARA:7646636,BL 44,Bladder Meridian,http://purl.obolibrary.org/obo/UBERON_0008231,dorsal thoracic segment of trunk,http://purl.obolibrary.org/obo/UBERON_0004630,thoracic vertebra 5,,,,,,
http://purl.org/tara/ontology/TARA_8937265,TARA:8937265,BL 45,Bladder Meridian,http://purl.obolibrary.org/obo/UBERON_0008231,dorsal thoracic segment of trunk,http://uri.interlex.org/base/ilx_0795312,posterior median line,,,,,,
http://purl.org/tara/ontology/TARA_8937265,TARA:8937265,BL 45,Bladder Meridian,http://purl.obolibrary.org/obo/UBERON_0008231,dorsal thoracic segment of trunk,http://purl.obolibrary.org/obo/UBERON_0004631,thoracic vertebra 6,,,,,,
http://purl.org/tara/ontology/TARA_0607588,TARA:0607588,BL 46,Bladder Meridian,http://purl.obolibrary.org/obo/UBERON_0008231,dorsal thoracic segment of trunk,http://uri.interlex.org/base/ilx_0795312,posterior median line,,,,,,
http://purl.org/tara/ontology/TARA_0607588,TARA:0607588,BL 46,Bladder Meridian,http://purl.obolibrary.org/obo/UBERON_0008231,dorsal thoracic segment of trunk,http://purl.obolibrary.org/obo/UBERON_0004632,thoracic vertebra 7,,,,,,
http://purl.org/tara/ontology/TARA_1766712,TARA:1766712,BL 47,Bladder Meridian,http://purl.obolibrary.org/obo/UBERON_0008231,dorsal thoracic segment of trunk,http://uri.interlex.org/base/ilx_0795312,posterior median line,,,,,,
http://purl.org/tara/ontology/TARA_1766712,TARA:1766712,BL 47,Bladder Meridian,http://purl.obolibrary.org/obo/UBERON_0008231,dorsal thoracic segment of trunk,http://purl.obolibrary.org/obo/UBERON_0004633,thoracic vertebra 9,,,,,,
http://purl.org/tara/ontology/TARA_6893448,TARA:6893448,BL 48,Bladder Meridian,http://purl.obolibrary.org/obo/UBERON_0008231,dorsal thoracic segment of trunk,http://uri.interlex.org/base/ilx_0795312,posterior median line,,,,,,
http://purl.org/tara/ontology/TARA_6893448,TARA:6893448,BL 48,Bladder Meridian,http://purl.obolibrary.org/obo/UBERON_0008231,dorsal thoracic segment of trunk,http://purl.obolibrary.org/obo/UBERON_0004634,thoracic vertebra 10,,,,,,
http://purl.org/tara/ontology/TARA_6846652,TARA:6846652,BL 49,Bladder Meridian,http://purl.obolibrary.org/obo/UBERON_0008231,dorsal thoracic segment of trunk,http://uri.interlex.org/base/ilx_0795312,posterior median line,,,,,,
http://purl.org/tara/ontology/TARA_6846652,TARA:6846652,BL 49,Bladder Meridian,http://purl.obolibrary.org/obo/UBERON_0008231,dorsal thoracic segment of trunk,http://purl.obolibrary.org/obo/UBERON_0004635,thoracic vertebra 11,,,,,,
http://purl.org/tara/ontology/TARA_7280334,TARA:7280334,BL 5,Bladder Meridian,http://purl.obolibrary.org/obo/UBERON_0000033,head,http://uri.interlex.org/base/ilx_0795292,anterior hairline,,,,,,
http://purl.org/tara/ontology/TARA_7280334,TARA:7280334,BL 5,Bladder Meridian,http://purl.obolibrary.org/obo/UBERON_0000033,head,http://uri.interlex.org/base/ilx_0795285,anterior median line,,,,,,
http://purl.org/tara/ontology/TARA_1208891,TARA:1208891,BL 50,Bladder Meridian,http://purl.obolibrary.org/obo/UBERON_0008231,dorsal thoracic segment of trunk,http://uri.interlex.org/base/ilx_0795312,posterior median line,,,,,,
http://purl.org/tara/ontology/TARA_1208891,TARA:1208891,BL 50,Bladder Meridian,http://purl.obolibrary.org/obo/UBERON_0008231,dorsal thoracic segment of trunk,http://purl.obolibrary.org/obo/UBERON_0004636,thoracic vertebra 12,,,,,,
http://purl.org/tara/ontology/TARA_4667633,TARA:4667633,BL 51,Bladder Meridian,http://purl.obolibrary.org/obo/UBERON_0005462,lower back,http://purl.obolibrary.org/obo/UBERON_0004617,lumbar vertebra 1,,,,,,
http://purl.org/tara/ontology/TARA_4667633,TARA:4667633,BL 51,Bladder Meridian,http://purl.obolibrary.org/obo/UBERON_0005462,lower back,http://uri.interlex.org/base/ilx_0795312,posterior median line,,,,,,
http://purl.org/tara/ontology/TARA_7228895,TARA:7228895,BL 52,Bladder Meridian,http://purl.obolibrary.org/obo/UBERON_0005462,lower back,http://purl.obolibrary.org/obo/UBERON_0004618,lumbar vertebra 2,,,,,,
http://purl.org/tara/ontology/TARA_7228895,TARA:7228895,BL 52,Bladder Meridian,http://purl.obolibrary.org/obo/UBERON_0005462,lower back,http://uri.interlex.org/base/ilx_0795312,posterior median line,,,,,,
http://purl.org/tara/ontology/TARA_8423766,TARA:8423766,BL 53,Bladder Meridian,http://purl.obolibrary.org/obo/UBERON_0013691,buttock,http://uri.interlex.org/base/ilx_0741680,median sacral crest,,,,,,
http://purl.org/tara/ontology/TARA_8423766,TARA:8423766,BL 53,Bladder Meridian,http://purl.obolibrary.org/obo/UBERON_0013691,buttock,http://uri.interlex.org/base/ilx_0795314,second posterior sacral foramen,,,,,,
http://purl.org/tara/ontology/TARA_0488267,TARA:0488267,BL 54,Bladder Meridian,http://purl.obolibrary.org/obo/UBERON_0013691,buttock,http://uri.interlex.org/base/ilx_0795316,fourth posterior sacral foramen,,,,,,
http://purl.org/tara/ontology/TARA_0488267,TARA:0488267,BL 54,Bladder Meridian,http://purl.obolibrary.org/obo/UBERON_0013691,buttock,http://uri.interlex.org/base/ilx_0741680,median sacral crest,,,,,,
http://purl.org/tara/ontology/TARA_0488267,TARA:0488267,BL 54,Bladder Meridian,http://purl.obolibrary.org/obo/UBERON_0013691,buttock,http://uri.interlex.org/base/ilx_0741717,sacral hiatus,,,,,,
http://purl.org/tara/ontology/TARA_4648540,TARA:4648540,BL 55,Bladder Meridian,http://purl.obolibrary.org/obo/UBERON_0003823,hindlimb zeugopod,http://purl.obolibrary.org/obo/UBERON_0001388,gastrocnemius,,,,,,
http://purl.org/tara/ontology/TARA_4648540,TARA:4648540,BL 55,Bladder Meridian,http://purl.obolibrary.org/obo/UBERON_0003823,hindlimb zeugopod,http://uri.interlex.org/base/ilx_0795330,popliteal crease,,,,,,
http://purl.org/tara/ontology/TARA_7641637,TARA:7641637,BL 56,Bladder Meridian,http://purl.obolibrary.org/obo/UBERON_0003823,hindlimb zeugopod,http://purl.obolibrary.org/obo/UBERON_0001388,gastrocnemius,,,,,,
http://purl.org/tara/ontology/TARA_7641637,TARA:7641637,BL 56,Bladder Meridian,http://purl.obolibrary.org/obo/UBERON_0003823,hindlimb zeugopod,http://uri.interlex.org/base/ilx_0795330,popliteal crease,,,,,,
http://purl.org/tara/ontology/TARA_4589241,TARA:4589241,BL 57,Bladder Meridian,http://purl.obolibrary.org/obo/UBERON_0003823,hindlimb zeugopod,http://purl.obolibrary.org/obo/UBERON_0003701,calcaneal tendon,,,,,,
http://purl.org/tara/ontology/TARA_4589241,TARA:4589241,BL 57,Bladder Meridian,http://purl.obolibrary.org/obo/UBERON_0003823,hindlimb zeugopod,http://purl.obolibrary.org/obo/UBERON_0001388,gastrocnemius,,,,,,
http://purl.org/tara/ontology/TARA_5362994,TARA:5362994,BL 58,Bladder Meridian,http://purl.obolibrary.org/obo/UBERON_0003823,hindlimb zeugopod,http://purl.obolibrary.org/obo/UBERON_0003701,calcaneal tendon,,,,,,
http://purl.org/tara/ontology/TARA_5362994,TARA:5362994,BL 58,Bladder Meridian,http://purl.obolibrary.org/obo/UBERON_0003823,hindlimb zeugopod,http://purl.obolibrary.org/obo/UBERON_0001388,gastrocnemius,,,,,,
http://purl.org/tara/ontology/TARA_4995021,TARA:4995021,BL 59,Bladder Meridian,http://purl.obolibrary.org/obo/UBERON_0003823,hindlimb zeugopod,http://purl.obolibrary.org/obo/UBERON_0003701,calcaneal tendon,,,,,,
http://purl.org/tara/ontology/TARA_4995021,TARA:4995021,BL 59,Bladder Meridian,http://purl.obolibrary.org/obo/UBERON_0003823,hindlimb zeugopod,http://purl.obolibrary.org/obo/UBERON_0001446,fibula,,,,,,
http://purl.org/tara/ontology/TARA_1565977,TARA:1565977,BL 6,Bladder Meridian,http://purl.obolibrary.org/obo/UBERON_0000033,head,http://uri.interlex.org/base/ilx_0795292,anterior hairline,,,,,,
http://purl.org/tara/ontology/TARA_1565977,TARA:1565977,BL 6,Bladder Meridian,http://purl.obolibrary.org/obo/UBERON_0000033,head,http://uri.interlex.org/base/ilx_0795285,anterior median line,,,,,,
http://purl.org/tara/ontology/TARA_5047947,TARA:5047947,BL 60,Bladder Meridian,http://purl.obolibrary.org/obo/UBERON_0004454,tarsal region,http://purl.obolibrary.org/obo/UBERON_0003701,calcaneal tendon,,,,,,
http://purl.org/tara/ontology/TARA_5047947,TARA:5047947,BL 60,Bladder Meridian,http://purl.obolibrary.org/obo/UBERON_0004454,tarsal region,http://purl.obolibrary.org/obo/UBERON_0012291,lateral malleolus of fibula,,,,,,
http://purl.org/tara/ontology/TARA_0093665,TARA:0093665,BL 61,Bladder Meridian,http://purl.obolibrary.org/obo/UBERON_0002387,pes,http://purl.obolibrary.org/obo/UBERON_0001450,calcaneus,,,,,,
http://purl.org/tara/ontology/TARA_1628341,TARA:1628341,BL 62,Bladder Meridian,http://purl.obolibrary.org/obo/UBERON_0002387,pes,http://purl.obolibrary.org/obo/UBERON_0001450,calcaneus,,,,,,
http://purl.org/tara/ontology/TARA_1628341,TARA:1628341,BL 62,Bladder Meridian,http://purl.obolibrary.org/obo/UBERON_0002387,pes,http://purl.obolibrary.org/obo/UBERON_0012291,lateral malleolus of fibula,,,,,,
http://purl.org/tara/ontology/TARA_8435800,TARA:8435800,BL 63,Bladder Meridian,http://purl.obolibrary.org/obo/UBERON_0002387,pes,http://purl.obolibrary.org/obo/UBERON_0001455,cuboid bone,,,,,,
http://purl.org/tara/ontology/TARA_8435800,TARA:8435800,BL 63,Bladder Meridian,http://purl.obolibrary.org/obo/UBERON_0002387,pes,http://purl.obolibrary.org/obo/UBERON_0012291,lateral malleolus of fibula,,,,,,
http://purl.org/tara/ontology/TARA_8435800,TARA:8435800,BL 63,Bladder Meridian,http://purl.obolibrary.org/obo/UBERON_0002387,pes,http://purl.obolibrary.org/obo/UBERON_0003654,metatarsal bone of digit 5,,,,,,
http://purl.org/tara/ontology/TARA_0471803,TARA:0471803,BL 64,Bladder Meridian,http://purl.obolibrary.org/obo/UBERON_0002387,pes,http://purl.obolibrary.org/obo/UBERON_0003654,metatarsal bone of digit 5,,,,,,
http://purl.org/tara/ontology/TARA_0471803,TARA:0471803,BL 64,Bladder Meridian,http://purl.obolibrary.org/obo/UBERON_0002387,pes,http://purl.obolibrary.org/obo/UBERON_0007762,metatarsophalangeal joint of pedal digit 5,,,,,,
http://purl.org/tara/ontology/TARA_7430197,TARA:7430197,BL 65,Bladder Meridian,http://purl.obolibrary.org/obo/UBERON_0002387,pes,http://purl.obolibrary.org/obo/UBERON_0007762,metatarsophalangeal joint of pedal digit 5,,,,,,
http://purl.org/tara/ontology/TARA_7734076,TARA:7734076,BL 66,Bladder Meridian,http://purl.obolibrary.org/obo/UBERON_0003635,pedal digit 5,http://purl.obolibrary.org/obo/UBERON_0007762,metatarsophalangeal joint of pedal digit 5,,,,,,
http://purl.org/tara/ontology/TARA_7218725,TARA:7218725,BL 67,Bladder Meridian,http://purl.obolibrary.org/obo/UBERON_0003635,pedal digit 5,http://purl.obolibrary.org/obo/UBERON_0009567,nail of pedal digit,,,,,,
http://purl.org/tara/ontology/TARA_9927492,TARA:9927492,BL 7,Bladder Meridian,http://purl.obolibrary.org/obo/UBERON_0000033,head,http://uri.interlex.org/base/ilx_0795292,anterior hairline,,,,,,
http://purl.org/tara/ontology/TARA_9927492,TARA:9927492,BL 7,Bladder Meridian,http://purl.obolibrary.org/obo/UBERON_0000033,head,http://uri.interlex.org/base/ilx_0795285,anterior median line,,,,,,
http://purl.org/tara/ontology/TARA_8298978,TARA:8298978,BL 8,Bladder Meridian,http://purl.obolibrary.org/obo/UBERON_0000033,head,http://uri.interlex.org/base/ilx_0795292,anterior hairline,,,,,,
http://purl.org/tara/ontology/TARA_8298978,TARA:8298978,BL 8,Bladder Meridian,http://purl.obolibrary.org/obo/UBERON_0000033,head,http://uri.interlex.org/base/ilx_0795285,anterior median line,,,,,,
http://purl.org/tara/ontology/TARA_6794934,TARA:6794934,BL 9,Bladder Meridian,http://purl.obolibrary.org/obo/UBERON_0000033,head,http://purl.obolibrary.org/obo/UBERON_0013469,external occipital protuberance,,,,,,
http://purl.org/tara/ontology/TARA_6794934,TARA:6794934,BL 9,Bladder Meridian,http://purl.obolibrary.org/obo/UBERON_0000033,head,http://uri.interlex.org/base/ilx_0795312,posterior median line,,,,,,
http://purl.org/tara/ontology/TARA_6794934,TARA:6794934,BL 9,Bladder Meridian,http://purl.obolibrary.org/obo/UBERON_0000033,head,http://purl.obolibrary.org/obo/UBERON_0002380,trapezius muscle,,,,,,
http://purl.org/tara/ontology/TARA_8693603,TARA:8693603,CV 1,Conception Vessel,http://purl.obolibrary.org/obo/UBERON_0002356,perineum,http://purl.obolibrary.org/obo/UBERON_0001245,anus,,,,,,
http://purl.org/tara/ontology/TARA_8693603,TARA:8693603,CV 1,Conception Vessel,http://purl.obolibrary.org/obo/UBERON_0002356,perineum,http://purl.obolibrary.org/obo/UBERON_0003133,reproductive organ,,,,,,
http://purl.org/tara/ontology/TARA_7927421,TARA:7927421,CV 1 (Female),Conception Vessel,http://purl.obolibrary.org/obo/UBERON_0002356,perineum,http://purl.obolibrary.org/obo/UBERON_0001245,anus,,,,,,
http://purl.org/tara/ontology/TARA_7927421,TARA:7927421,CV 1 (Female),Conception Vessel,http://purl.obolibrary.org/obo/UBERON_0002356,perineum,http://purl.obolibrary.org/obo/UBERON_0004084,genital labium,,,,,,
http://purl.org/tara/ontology/TARA_7927421,TARA:7927421,CV 1 (Female),Conception Vessel,http://purl.obolibrary.org/obo/UBERON_0002356,perineum,http://purl.obolibrary.org/obo/UBERON_0003133,reproductive organ,,,,,,
http://purl.org/tara/ontology/TARA_7793286,TARA:7793286,CV 1 (Male),Conception Vessel,http://purl.obolibrary.org/obo/UBERON_0002356,perineum,http://purl.obolibrary.org/obo/UBERON_0001245,anus,,,,,,
http://purl.org/tara/ontology/TARA_7793286,TARA:7793286,CV 1 (Male),Conception Vessel,http://purl.obolibrary.org/obo/UBERON_0002356,perineum,http://purl.obolibrary.org/obo/UBERON_0003133,reproductive organ,,,,,,
http://purl.org/tara/ontology/TARA_7793286,TARA:7793286,CV 1 (Male),Conception Vessel,http://purl.obolibrary.org/obo/UBERON_0002356,perineum,http://purl.obolibrary.org/obo/UBERON_0001300,scrotum,,,,,,
http://purl.org/tara/ontology/TARA_1822260,TARA:1822260,CV 10,Conception Vessel,http://uri.interlex.org/base/ilx_0795301,upper abdomen,http://uri.interlex.org/base/ilx_0795285,anterior median line,,,,,,
http://purl.org/tara/ontology/TARA_1822260,TARA:1822260,CV 10,Conception Vessel,http://uri.interlex.org/base/ilx_0795301,upper abdomen,http://purl.obolibrary.org/obo/UBERON_0007118,umbilicus,,,,,,
http://purl.org/tara/ontology/TARA_4904054,TARA:4904054,CV 11,Conception Vessel,http://uri.interlex.org/base/ilx_0795301,upper abdomen,http://uri.interlex.org/base/ilx_0795285,anterior median line,,,,,,
http://purl.org/tara/ontology/TARA_4904054,TARA:4904054,CV 11,Conception Vessel,http://uri.interlex.org/base/ilx_0795301,upper abdomen,http://purl.obolibrary.org/obo/UBERON_0007118,umbilicus,,,,,,
http://purl.org/tara/ontology/TARA_0434959,TARA:0434959,CV 12,Conception Vessel,http://uri.interlex.org/base/ilx_0795301,upper abdomen,http://uri.interlex.org/base/ilx_0795285,anterior median line,,,,,,
http://purl.org/tara/ontology/TARA_0434959,TARA:0434959,CV 12,Conception Vessel,http://uri.interlex.org/base/ilx_0795301,upper abdomen,http://purl.obolibrary.org/obo/UBERON_0007118,umbilicus,,,,,,
http://purl.org/tara/ontology/TARA_0434959,TARA:0434959,CV 12,Conception Vessel,http://uri.interlex.org/base/ilx_0795301,upper abdomen,http://purl.obolibrary.org/obo/UBERON_0011124,xiphisternal joint,,,,,,
http://purl.org/tara/ontology/TARA_4525270,TARA:4525270,CV 13,Conception Vessel,http://uri.interlex.org/base/ilx_0795301,upper abdomen,http://uri.interlex.org/base/ilx_0795285,anterior median line,,,,,,
http://purl.org/tara/ontology/TARA_4525270,TARA:4525270,CV 13,Conception Vessel,http://uri.interlex.org/base/ilx_0795301,upper abdomen,http://purl.obolibrary.org/obo/UBERON_0007118,umbilicus,,,,,,
http://purl.org/tara/ontology/TARA_4823591,TARA:4823591,CV 14,Conception Vessel,http://uri.interlex.org/base/ilx_0795301,upper abdomen,http://uri.interlex.org/base/ilx_0795285,anterior median line,,,,,,
http://purl.org/tara/ontology/TARA_4823591,TARA:4823591,CV 14,Conception Vessel,http://uri.interlex.org/base/ilx_0795301,upper abdomen,http://purl.obolibrary.org/obo/UBERON_0007118,umbilicus,,,,,,
http://purl.org/tara/ontology/TARA_7624267,TARA:7624267,CV 15,Conception Vessel,http://uri.interlex.org/base/ilx_0795301,upper abdomen,http://uri.interlex.org/base/ilx_0795285,anterior median line,,,,,,
http://purl.org/tara/ontology/TARA_7624267,TARA:7624267,CV 15,Conception Vessel,http://uri.interlex.org/base/ilx_0795301,upper abdomen,http://purl.obolibrary.org/obo/UBERON_0011124,xiphisternal joint,,,,,,
http://purl.org/tara/ontology/TARA_4631343,TARA:4631343,CV 16,Conception Vessel,http://purl.obolibrary.org/obo/UBERON_0016416,anterior chest,http://uri.interlex.org/base/ilx_0795285,anterior median line,,,,,,
http://purl.org/tara/ontology/TARA_4631343,TARA:4631343,CV 16,Conception Vessel,http://purl.obolibrary.org/obo/UBERON_0016416,anterior chest,http://purl.obolibrary.org/obo/UBERON_0011124,xiphisternal joint,,,,,,
http://purl.org/tara/ontology/TARA_3472408,TARA:3472408,CV 17,Conception Vessel,http://purl.obolibrary.org/obo/UBERON_0016416,anterior chest,http://uri.interlex.org/base/ilx_0795285,anterior median line,,,,,,
http://purl.org/tara/ontology/TARA_3472408,TARA:3472408,CV 17,Conception Vessel,http://purl.obolibrary.org/obo/UBERON_0016416,anterior chest,http://uri.interlex.org/base/ilx_0795298,fourth intercostal space,,,,,,
http://purl.org/tara/ontology/TARA_7813782,TARA:7813782,CV 18,Conception Vessel,http://purl.obolibrary.org/obo/UBERON_0016416,anterior chest,http://uri.interlex.org/base/ilx_0795285,anterior median line,,,,,,
http://purl.org/tara/ontology/TARA_7813782,TARA:7813782,CV 18,Conception Vessel,http://purl.obolibrary.org/obo/UBERON_0016416,anterior chest,http://uri.interlex.org/base/ilx_0795297,third intercostal space,,,,,,
http://purl.org/tara/ontology/TARA_5928999,TARA:5928999,CV 19,Conception Vessel,http://purl.obolibrary.org/obo/UBERON_0016416,anterior chest,http://uri.interlex.org/base/ilx_0795285,anterior median line,,,,,,
http://purl.org/tara/ontology/TARA_5928999,TARA:5928999,CV 19,Conception Vessel,http://purl.obolibrary.org/obo/UBERON_0016416,anterior chest,http://uri.interlex.org/base/ilx_0795295,second intercostal space,,,,,,
http://purl.org/tara/ontology/TARA_6969962,TARA:6969962,CV 2,Conception Vessel,http://uri.interlex.org/base/ilx_0795303,lower abdomen,http://uri.interlex.org/base/ilx_0795285,anterior median line,,,,,,
http://purl.org/tara/ontology/TARA_6969962,TARA:6969962,CV 2,Conception Vessel,http://uri.interlex.org/base/ilx_0795303,lower abdomen,http://purl.obolibrary.org/obo/UBERON_0003699,pubic symphysis,,,,,,
http://purl.org/tara/ontology/TARA_0726105,TARA:0726105,CV 20,Conception Vessel,http://purl.obolibrary.org/obo/UBERON_0016416,anterior chest,http://uri.interlex.org/base/ilx_0795285,anterior median line,,,,,,
http://purl.org/tara/ontology/TARA_0726105,TARA:0726105,CV 20,Conception Vessel,http://purl.obolibrary.org/obo/UBERON_0016416,anterior chest,http://uri.interlex.org/base/ilx_0795283,first intercostal space,,,,,,
http://purl.org/tara/ontology/TARA_1450183,TARA:1450183,CV 21,Conception Vessel,http://purl.obolibrary.org/obo/UBERON_0016416,anterior chest,http://uri.interlex.org/base/ilx_0795285,anterior median line,,,,,,
http://purl.org/tara/ontology/TARA_1450183,TARA:1450183,CV 21,Conception Vessel,http://purl.obolibrary.org/obo/UBERON_0016416,anterior chest,http://uri.interlex.org/base/ilx_0795331,suprasternal fossa,,,,,,
http://purl.org/tara/ontology/TARA_6472655,TARA:6472655,CV 22,Conception Vessel,http://purl.obolibrary.org/obo/UBERON_0000974,neck,http://uri.interlex.org/base/ilx_0795285,anterior median line,,,,,,
http://purl.org/tara/ontology/TARA_6472655,TARA:6472655,CV 22,Conception Vessel,http://purl.obolibrary.org/obo/UBERON_0000974,neck,http://purl.obolibrary.org/obo/UBERON_0001105,clavicle bone,,,,,,
http://purl.org/tara/ontology/TARA_6472655,TARA:6472655,CV 22,Conception Vessel,http://purl.obolibrary.org/obo/UBERON_0000974,neck,http://uri.interlex.org/base/ilx_0795331,suprasternal fossa,,,,,,
http://purl.org/tara/ontology/TARA_5804897,TARA:5804897,CV 23,Conception Vessel,http://purl.obolibrary.org/obo/UBERON_0000974,neck,http://uri.interlex.org/base/ilx_0795285,anterior median line,,,,,,
http://purl.org/tara/ontology/TARA_5804897,TARA:5804897,CV 23,Conception Vessel,http://purl.obolibrary.org/obo/UBERON_0000974,neck,http://purl.obolibrary.org/obo/UBERON_0001685,hyoid bone,,,,,,
http://purl.org/tara/ontology/TARA_5804897,TARA:5804897,CV 23,Conception Vessel,http://purl.obolibrary.org/obo/UBERON_0000974,neck,http://uri.interlex.org/base/ilx_0795328,hyoid tubercle,,,,,,
http://purl.org/tara/ontology/TARA_5804897,TARA:5804897,CV 23,Conception Vessel,http://purl.obolibrary.org/obo/UBERON_0000974,neck,http://purl.obolibrary.org/obo/UBERON_0001684,mandible,,,,,,
http://purl.org/tara/ontology/TARA_5804897,TARA:5804897,CV 23,Conception Vessel,http://purl.obolibrary.org/obo/UBERON_0000974,neck,http://purl.obolibrary.org/obo/UBERON_0001738,thyroid cartilage,,,,,,
http://purl.org/tara/ontology/TARA_8876563,TARA:8876563,CV 24,Conception Vessel,http://purl.obolibrary.org/obo/UBERON_0001456,face,http://uri.interlex.org/base/ilx_0795327,mentolabial sulcus,,,,,,
http://purl.org/tara/ontology/TARA_0022762,TARA:0022762,CV 3,Conception Vessel,http://uri.interlex.org/base/ilx_0795303,lower abdomen,http://uri.interlex.org/base/ilx_0795285,anterior median line,,,,,,
http://purl.org/tara/ontology/TARA_0022762,TARA:0022762,CV 3,Conception Vessel,http://uri.interlex.org/base/ilx_0795303,lower abdomen,http://purl.obolibrary.org/obo/UBERON_0007118,umbilicus,,,,,,
http://purl.org/tara/ontology/TARA_9921528,TARA:9921528,CV 4,Conception Vessel,http://uri.interlex.org/base/ilx_0795303,lower abdomen,http://uri.interlex.org/base/ilx_0795285,anterior median line,,,,,,
http://purl.org/tara/ontology/TARA_9921528,TARA:9921528,CV 4,Conception Vessel,http://uri.interlex.org/base/ilx_0795303,lower abdomen,http://purl.obolibrary.org/obo/UBERON_0007118,umbilicus,,,,,,
http://purl.org/tara/ontology/TARA_1205186,TARA:1205186,CV 5,Conception Vessel,http://uri.interlex.org/base/ilx_0795303,lower abdomen,http://uri.interlex.org/base/ilx_0795285,anterior median line,,,,,,
http://purl.org/tara/ontology/TARA_1205186,TARA:1205186,CV 5,Conception Vessel,http://uri.interlex.org/base/ilx_0795303,lower abdomen,http://purl.obolibrary.org/obo/UBERON_0007118,umbilicus,,,,,,
http://purl.org/tara/ontology/TARA_8833337,TARA:8833337,CV 6,Conception Vessel,http://uri.interlex.org/base/ilx_0795303,lower abdomen,http://uri.interlex.org/base/ilx_0795285,anterior median line,,,,,,
http://purl.org/tara/ontology/TARA_8833337,TARA:8833337,CV 6,Conception Vessel,http://uri.interlex.org/base/ilx_0795303,lower abdomen,http://purl.obolibrary.org/obo/UBERON_0007118,umbilicus,,,,,,
http://purl.org/tara/ontology/TARA_0411625,TARA:0411625,CV 7,Conception Vessel,http://uri.interlex.org/base/ilx_0795303,lower abdomen,http://uri.interlex.org/base/ilx_0795285,anterior median line,,,,,,
http://purl.org/tara/ontology/TARA_0411625,TARA:0411625,CV 7,Conception Vessel,http://uri.interlex.org/base/ilx_0795303,lower abdomen,http://purl.obolibrary.org/obo/UBERON_0007118,umbilicus,,,,,,
http://purl.org/tara/ontology/TARA_9392275,TARA:9392275,CV 8,Conception Vessel,http://uri.interlex.org/base/ilx_0795301,upper abdomen,http://purl.obolibrary.org/obo/UBERON_0007118,umbilicus,,,,,,
http://purl.org/tara/ontology/TARA_4534524,TARA:4534524,CV 9,Conception Vessel,http://uri.interlex.org/base/ilx_0795301,upper abdomen,http://uri.interlex.org/base/ilx_0795285,anterior median line,,,,,,
http://purl.org/tara/ontology/TARA_4534524,TARA:4534524,CV 9,Conception Vessel,http://uri.interlex.org/base/ilx_0795301,upper abdomen,http://purl.obolibrary.org/obo/UBERON_0007118,umbilicus,,,,,,
http://purl.org/tara/ontology/TARA_1092703,TARA:1092703,Conception Vessel Acupoint,Conception Vessel,,,,,,,,,,
http://purl.org/tara/ontology/TARA_5541141,TARA:5541141,GB 1,Gallbladder Meridian,http://purl.obolibrary.org/obo/UBERON_0000033,head,http://purl.obolibrary.org/obo/UBERON_0000970,eye,,,,,,
http://purl.org/tara/ontology/TARA_5541141,TARA:5541141,GB 1,Gallbladder Meridian,http://purl.obolibrary.org/obo/UBERON_0000033,head,http://purl.obolibrary.org/obo/UBERON_0006726,outer canthus,,,,,,
http://purl.org/tara/ontology/TARA_2125533,TARA:2125533,GB 10,Gallbladder Meridian,http://purl.obolibrary.org/obo/UBERON_0000033,head,http://purl.obolibrary.org/obo/UBERON_0001690,ear,,,,,,
http://purl.org/tara/ontology/TARA_2125533,TARA:2125533,GB 10,Gallbladder Meridian,http://purl.obolibrary.org/obo/UBERON_0000033,head,http://purl.obolibrary.org/obo/UBERON_0004104,hairline,,,,,,
http://purl.org/tara/ontology/TARA_2125533,TARA:2125533,GB 10,Gallbladder Meridian,http://purl.obolibrary.org/obo/UBERON_0000033,head,http://purl.obolibrary.org/obo/UBERON_0011220,mastoid process of temporal bone,,,,,,
http://purl.org/tara/ontology/TARA_5102514,TARA:5102514,GB 11,Gallbladder Meridian,http://purl.obolibrary.org/obo/UBERON_0000033,head,http://purl.obolibrary.org/obo/UBERON_0011220,mastoid process of temporal bone,,,,,,
http://purl.org/tara/ontology/TARA_1031890,TARA:1031890,GB 12,Gallbladder Meridian,http://purl.obolibrary.org/obo/UBERON_0000974,neck,http://purl.obolibrary.org/obo/UBERON_0011220,mastoid process of temporal bone,,,,,,
http://purl.org/tara/ontology/TARA_4994509,TARA:4994509,GB 13,Gallbladder Meridian,http://purl.obolibrary.org/obo/UBERON_0000033,head,http://uri.interlex.org/base/ilx_0795292,anterior hairline,,,,,,
http://purl.org/tara/ontology/TARA_4994509,TARA:4994509,GB 13,Gallbladder Meridian,http://purl.obolibrary.org/obo/UBERON_0000033,head,http://uri.interlex.org/base/ilx_0795285,anterior median line,,,,,,
http://purl.org/tara/ontology/TARA_9987270,TARA:9987270,GB 14,Gallbladder Meridian,http://purl.obolibrary.org/obo/UBERON_0000033,head,http://purl.obolibrary.org/obo/UBERON_0010163,eyebrow,,,,,,
http://purl.org/tara/ontology/TARA_9987270,TARA:9987270,GB 14,Gallbladder Meridian,http://purl.obolibrary.org/obo/UBERON_0000033,head,http://purl.obolibrary.org/obo/UBERON_0001771,pupil,,,,,,
http://purl.org/tara/ontology/TARA_6739423,TARA:6739423,GB 15,Gallbladder Meridian,http://purl.obolibrary.org/obo/UBERON_0000033,head,http://uri.interlex.org/base/ilx_0795292,anterior hairline,,,,,,
http://purl.org/tara/ontology/TARA_6739423,TARA:6739423,GB 15,Gallbladder Meridian,http://purl.obolibrary.org/obo/UBERON_0000033,head,http://purl.obolibrary.org/obo/UBERON_0001771,pupil,,,,,,
http://purl.org/tara/ontology/TARA_1336342,TARA:1336342,GB 16,Gallbladder Meridian,http://purl.obolibrary.org/obo/UBERON_0000033,head,http://uri.interlex.org/base/ilx_0795292,anterior hairline,,,,,,
http://purl.org/tara/ontology/TARA_1336342,TARA:1336342,GB 16,Gallbladder Meridian,http://purl.obolibrary.org/obo/UBERON_0000033,head,http://purl.obolibrary.org/obo/UBERON_0001771,pupil,,,,,,
http://purl.org/tara/ontology/TARA_1285513,TARA:1285513,GB 17,Gallbladder Meridian,http://purl.obolibrary.org/obo/UBERON_0000033,head,http://uri.interlex.org/base/ilx_0795292,anterior hairline,,,,,,
http://purl.org/tara/ontology/TARA_1285513,TARA:1285513,GB 17,Gallbladder Meridian,http://purl.obolibrary.org/obo/UBERON_0000033,head,http://purl.obolibrary.org/obo/UBERON_0001771,pupil,,,,,,
http://purl.org/tara/ontology/TARA_8907823,TARA:8907823,GB 18,Gallbladder Meridian,http://purl.obolibrary.org/obo/UBERON_0000033,head,http://uri.interlex.org/base/ilx_0795292,anterior hairline,,,,,,
http://purl.org/tara/ontology/TARA_8907823,TARA:8907823,GB 18,Gallbladder Meridian,http://purl.obolibrary.org/obo/UBERON_0000033,head,http://purl.obolibrary.org/obo/UBERON_0001771,pupil,,,,,,
http://purl.org/tara/ontology/TARA_3493245,TARA:3493245,GB 19,Gallbladder Meridian,http://purl.obolibrary.org/obo/UBERON_0000033,head,http://purl.obolibrary.org/obo/UBERON_0013469,external occipital protuberance,,,,,,
http://purl.org/tara/ontology/TARA_2849795,TARA:2849795,GB 2,Gallbladder Meridian,http://purl.obolibrary.org/obo/UBERON_0001456,face,http://purl.obolibrary.org/obo/UBERON_0036212,intertragic incisure,,,,,,
http://purl.org/tara/ontology/TARA_2849795,TARA:2849795,GB 2,Gallbladder Meridian,http://purl.obolibrary.org/obo/UBERON_0001456,face,http://purl.obolibrary.org/obo/UBERON_0004657,mandible condylar process,,,,,,
http://purl.org/tara/ontology/TARA_2324295,TARA:2324295,GB 20,Gallbladder Meridian,http://purl.obolibrary.org/obo/UBERON_0000974,neck,http://purl.obolibrary.org/obo/UBERON_0001676,occipital bone,,,,,,
http://purl.org/tara/ontology/TARA_2324295,TARA:2324295,GB 20,Gallbladder Meridian,http://purl.obolibrary.org/obo/UBERON_0000974,neck,http://purl.obolibrary.org/obo/UBERON_0001128,sternocleidomastoid,,,,,,
http://purl.org/tara/ontology/TARA_2324295,TARA:2324295,GB 20,Gallbladder Meridian,http://purl.obolibrary.org/obo/UBERON_0000974,neck,http://purl.obolibrary.org/obo/UBERON_0002380,trapezius muscle,,,,,,
http://purl.org/tara/ontology/TARA_5389461,TARA:5389461,GB 21,Gallbladder Meridian,http://purl.obolibrary.org/obo/UBERON_0000974,neck,http://purl.obolibrary.org/obo/UBERON_0002497,acromion,,,,,,
http://purl.org/tara/ontology/TARA_5389461,TARA:5389461,GB 21,Gallbladder Meridian,http://purl.obolibrary.org/obo/UBERON_0000974,neck,http://purl.obolibrary.org/obo/UBERON_0004616,mammalian cervical vertebra 7,,,,,,
http://purl.org/tara/ontology/TARA_6091821,TARA:6091821,GB 22,Gallbladder Meridian,http://uri.interlex.org/base/ilx_0795306,lateral thoracic region,http://uri.interlex.org/base/ilx_0795298,fourth intercostal space,,,,,,
http://purl.org/tara/ontology/TARA_6091821,TARA:6091821,GB 22,Gallbladder Meridian,http://uri.interlex.org/base/ilx_0795306,lateral thoracic region,http://uri.interlex.org/base/ilx_0795308,midaxillary line,,,,,,
http://purl.org/tara/ontology/TARA_6515979,TARA:6515979,GB 23,Gallbladder Meridian,http://uri.interlex.org/base/ilx_0795306,lateral thoracic region,http://uri.interlex.org/base/ilx_0795298,fourth intercostal space,,,,,,
http://purl.org/tara/ontology/TARA_6515979,TARA:6515979,GB 23,Gallbladder Meridian,http://uri.interlex.org/base/ilx_0795306,lateral thoracic region,http://uri.interlex.org/base/ilx_0795308,midaxillary line,,,,,,
http://purl.org/tara/ontology/TARA_0214009,TARA:0214009,GB 24,Gallbladder Meridian,http://purl.obolibrary.org/obo/UBERON_0016416,anterior chest,http://uri.interlex.org/base/ilx_0795285,anterior median line,,,,,,
http://purl.org/tara/ontology/TARA_0214009,TARA:0214009,GB 24,Gallbladder Meridian,http://purl.obolibrary.org/obo/UBERON_0016416,anterior chest,http://uri.interlex.org/base/ilx_0795322,midclavicular line,,,,,,
http://purl.org/tara/ontology/TARA_0214009,TARA:0214009,GB 24,Gallbladder Meridian,http://purl.obolibrary.org/obo/UBERON_0016416,anterior chest,http://purl.obolibrary.org/obo/UBERON_0002030,nipple,,,,,,
http://purl.org/tara/ontology/TARA_0214009,TARA:0214009,GB 24,Gallbladder Meridian,http://purl.obolibrary.org/obo/UBERON_0016416,anterior chest,http://uri.interlex.org/base/ilx_0795321,seventh intercostal space,,,,,,
http://purl.org/tara/ontology/TARA_5698325,TARA:5698325,GB 24 (Female),Gallbladder Meridian,http://purl.obolibrary.org/obo/UBERON_0016416,anterior chest,http://uri.interlex.org/base/ilx_0795285,anterior median line,,,,,,
http://purl.org/tara/ontology/TARA_5698325,TARA:5698325,GB 24 (Female),Gallbladder Meridian,http://purl.obolibrary.org/obo/UBERON_0016416,anterior chest,http://uri.interlex.org/base/ilx_0795322,midclavicular line,,,,,,
http://purl.org/tara/ontology/TARA_5698325,TARA:5698325,GB 24 (Female),Gallbladder Meridian,http://purl.obolibrary.org/obo/UBERON_0016416,anterior chest,http://purl.obolibrary.org/obo/UBERON_0002030,nipple,,,,,,
http://purl.org/tara/ontology/TARA_5698325,TARA:5698325,GB 24 (Female),Gallbladder Meridian,http://purl.obolibrary.org/obo/UBERON_0016416,anterior chest,http://uri.interlex.org/base/ilx_0795321,seventh intercostal space,,,,,,
http://purl.org/tara/ontology/TARA_6308255,TARA:6308255,GB 24 (Male),Gallbladder Meridian,http://purl.obolibrary.org/obo/UBERON_0016416,anterior chest,http://uri.interlex.org/base/ilx_0795285,anterior median line,,,,,,
http://purl.org/tara/ontology/TARA_6308255,TARA:6308255,GB 24 (Male),Gallbladder Meridian,http://purl.obolibrary.org/obo/UBERON_0016416,anterior chest,http://purl.obolibrary.org/obo/UBERON_0002030,nipple,,,,,,
http://purl.org/tara/ontology/TARA_6308255,TARA:6308255,GB 24 (Male),Gallbladder Meridian,http://purl.obolibrary.org/obo/UBERON_0016416,anterior chest,http://uri.interlex.org/base/ilx_0795321,seventh intercostal space,,,,,,
http://purl.org/tara/ontology/TARA_1882219,TARA:1882219,GB 25,Gallbladder Meridian,http://purl.obolibrary.org/obo/UBERON_0000916,abdomen,http://purl.obolibrary.org/obo/UBERON_0002225,costal arch,,,,,,
http://purl.org/tara/ontology/TARA_1882219,TARA:1882219,GB 25,Gallbladder Meridian,http://purl.obolibrary.org/obo/UBERON_0000916,abdomen,http://uri.interlex.org/base/ilx_0795323,posterior axillary line,,,,,,
http://purl.org/tara/ontology/TARA_1882219,TARA:1882219,GB 25,Gallbladder Meridian,http://purl.obolibrary.org/obo/UBERON_0000916,abdomen,http://purl.obolibrary.org/obo/UBERON_0004611,rib 12,,,,,,
http://purl.org/tara/ontology/TARA_8088170,TARA:8088170,GB 26,Gallbladder Meridian,http://purl.obolibrary.org/obo/UBERON_0000916,abdomen,http://purl.obolibrary.org/obo/UBERON_0002225,costal arch,,,,,,
http://purl.org/tara/ontology/TARA_8088170,TARA:8088170,GB 26,Gallbladder Meridian,http://purl.obolibrary.org/obo/UBERON_0000916,abdomen,http://purl.obolibrary.org/obo/UBERON_0004610,rib 11,,,,,,
http://purl.org/tara/ontology/TARA_8088170,TARA:8088170,GB 26,Gallbladder Meridian,http://purl.obolibrary.org/obo/UBERON_0000916,abdomen,http://purl.obolibrary.org/obo/UBERON_0007118,umbilicus,,,,,,
http://purl.org/tara/ontology/TARA_8757342,TARA:8757342,GB 27,Gallbladder Meridian,http://uri.interlex.org/base/ilx_0795303,lower abdomen,http://purl.obolibrary.org/obo/UBERON_0013708,anterior superior iliac spine,,,,,,
http://purl.org/tara/ontology/TARA_8757342,TARA:8757342,GB 27,Gallbladder Meridian,http://uri.interlex.org/base/ilx_0795303,lower abdomen,http://purl.obolibrary.org/obo/UBERON_0007118,umbilicus,,,,,,
http://purl.org/tara/ontology/TARA_4771986,TARA:4771986,GB 28,Gallbladder Meridian,http://uri.interlex.org/base/ilx_0795303,lower abdomen,http://purl.obolibrary.org/obo/UBERON_0013708,anterior superior iliac spine,,,,,,
http://purl.org/tara/ontology/TARA_0427594,TARA:0427594,GB 29,Gallbladder Meridian,http://purl.obolibrary.org/obo/UBERON_0013691,buttock,http://purl.obolibrary.org/obo/UBERON_0013708,anterior superior iliac spine,,,,,,
http://purl.org/tara/ontology/TARA_0427594,TARA:0427594,GB 29,Gallbladder Meridian,http://purl.obolibrary.org/obo/UBERON_0013691,buttock,http://purl.obolibrary.org/obo/UBERON_0002503,greater trochanter,,,,,,
http://purl.org/tara/ontology/TARA_9191188,TARA:9191188,GB 3,Gallbladder Meridian,http://purl.obolibrary.org/obo/UBERON_0000033,head,http://purl.obolibrary.org/obo/UBERON_0002500,zygomatic arch,,,,,,
http://purl.org/tara/ontology/TARA_9378285,TARA:9378285,GB 30,Gallbladder Meridian,http://purl.obolibrary.org/obo/UBERON_0013691,buttock,http://purl.obolibrary.org/obo/UBERON_0013708,anterior superior iliac spine,,,,,,
http://purl.org/tara/ontology/TARA_9378285,TARA:9378285,GB 30,Gallbladder Meridian,http://purl.obolibrary.org/obo/UBERON_0013691,buttock,http://purl.obolibrary.org/obo/UBERON_0002503,greater trochanter,,,,,,
http://purl.org/tara/ontology/TARA_9378285,TARA:9378285,GB 30,Gallbladder Meridian,http://purl.obolibrary.org/obo/UBERON_0013691,buttock,http://uri.interlex.org/base/ilx_0741717,sacral hiatus,,,,,,
http://purl.org/tara/ontology/TARA_5264783,TARA:5264783,GB 31,Gallbladder Meridian,http://purl.obolibrary.org/obo/UBERON_0000376,hindlimb stylopod,http://uri.interlex.org/base/ilx_0795324,iliotibial band,,,,,,
http://purl.org/tara/ontology/TARA_5786369,TARA:5786369,GB 32,Gallbladder Meridian,http://purl.obolibrary.org/obo/UBERON_0000376,hindlimb stylopod,http://uri.interlex.org/base/ilx_0795324,iliotibial band,,,,,,
http://purl.org/tara/ontology/TARA_5786369,TARA:5786369,GB 32,Gallbladder Meridian,http://purl.obolibrary.org/obo/UBERON_0000376,hindlimb stylopod,http://uri.interlex.org/base/ilx_0795330,popliteal crease,,,,,,
http://purl.org/tara/ontology/TARA_3201959,TARA:3201959,GB 33,Gallbladder Meridian,http://purl.obolibrary.org/obo/UBERON_0001465,knee,http://uri.interlex.org/base/ilx_0795317,biceps femoris tendon,,,,,,
http://purl.org/tara/ontology/TARA_3201959,TARA:3201959,GB 33,Gallbladder Meridian,http://purl.obolibrary.org/obo/UBERON_0001465,knee,http://purl.obolibrary.org/obo/UBERON_0000981,femur,,,,,,
http://purl.org/tara/ontology/TARA_3201959,TARA:3201959,GB 33,Gallbladder Meridian,http://purl.obolibrary.org/obo/UBERON_0001465,knee,http://uri.interlex.org/base/ilx_0795324,iliotibial band,,,,,,
http://purl.org/tara/ontology/TARA_8758950,TARA:8758950,GB 34,Gallbladder Meridian,http://purl.obolibrary.org/obo/UBERON_0003823,hindlimb zeugopod,http://purl.obolibrary.org/obo/UBERON_0001446,fibula,,,,,,
http://purl.org/tara/ontology/TARA_6714942,TARA:6714942,GB 35,Gallbladder Meridian,http://purl.obolibrary.org/obo/UBERON_0003823,hindlimb zeugopod,http://purl.obolibrary.org/obo/UBERON_0001446,fibula,,,,,,
http://purl.org/tara/ontology/TARA_6714942,TARA:6714942,GB 35,Gallbladder Meridian,http://purl.obolibrary.org/obo/UBERON_0003823,hindlimb zeugopod,http://purl.obolibrary.org/obo/UBERON_0012291,lateral malleolus of fibula,,,,,,
http://purl.org/tara/ontology/TARA_6714942,TARA:6714942,GB 35,Gallbladder Meridian,http://purl.obolibrary.org/obo/UBERON_0003823,hindlimb zeugopod,http://uri.interlex.org/base/ilx_0795330,popliteal crease,,,,,,
http://purl.org/tara/ontology/TARA_1144697,TARA:1144697,GB 36,Gallbladder Meridian,http://purl.obolibrary.org/obo/UBERON_0003823,hindlimb zeugopod,http://purl.obolibrary.org/obo/UBERON_0001446,fibula,,,,,,
http://purl.org/tara/ontology/TARA_1144697,TARA:1144697,GB 36,Gallbladder Meridian,http://purl.obolibrary.org/obo/UBERON_0003823,hindlimb zeugopod,http://purl.obolibrary.org/obo/UBERON_0012291,lateral malleolus of fibula,,,,,,
http://purl.org/tara/ontology/TARA_1144697,TARA:1144697,GB 36,Gallbladder Meridian,http://purl.obolibrary.org/obo/UBERON_0003823,hindlimb zeugopod,http://uri.interlex.org/base/ilx_0795330,popliteal crease,,,,,,
http://purl.org/tara/ontology/TARA_6320058,TARA:6320058,GB 37,Gallbladder Meridian,http://purl.obolibrary.org/obo/UBERON_0003823,hindlimb zeugopod,http://purl.obolibrary.org/obo/UBERON_0001446,fibula,,,,,,
http://purl.org/tara/ontology/TARA_6320058,TARA:6320058,GB 37,Gallbladder Meridian,http://purl.obolibrary.org/obo/UBERON_0003823,hindlimb zeugopod,http://purl.obolibrary.org/obo/UBERON_0012291,lateral malleolus of fibula,,,,,,
http://purl.org/tara/ontology/TARA_9968219,TARA:9968219,GB 38,Gallbladder Meridian,http://purl.obolibrary.org/obo/UBERON_0003823,hindlimb zeugopod,http://purl.obolibrary.org/obo/UBERON_0001446,fibula,,,,,,
http://purl.org/tara/ontology/TARA_9968219,TARA:9968219,GB 38,Gallbladder Meridian,http://purl.obolibrary.org/obo/UBERON_0003823,hindlimb zeugopod,http://purl.obolibrary.org/obo/UBERON_0012291,lateral malleolus of fibula,,,,,,
http://purl.org/tara/ontology/TARA_3770332,TARA:3770332,GB 39,Gallbladder Meridian,http://purl.obolibrary.org/obo/UBERON_0003823,hindlimb zeugopod,http://purl.obolibrary.org/obo/UBERON_0001446,fibula,,,,,,
http://purl.org/tara/ontology/TARA_3770332,TARA:3770332,GB 39,Gallbladder Meridian,http://purl.obolibrary.org/obo/UBERON_0003823,hindlimb zeugopod,http://purl.obolibrary.org/obo/UBERON_0012291,lateral malleolus of fibula,,,,,,
http://purl.org/tara/ontology/TARA_4352504,TARA:4352504,GB 4,Gallbladder Meridian,http://purl.obolibrary.org/obo/UBERON_0000033,head,,,,,,,,
http://purl.org/tara/ontology/TARA_9254368,TARA:9254368,GB 40,Gallbladder Meridian,http://purl.obolibrary.org/obo/UBERON_0004454,tarsal region,http://purl.obolibrary.org/obo/UBERON_0012291,lateral malleolus of fibula,,,,,,
http://purl.org/tara/ontology/TARA_9254368,TARA:9254368,GB 40,Gallbladder Meridian,http://purl.obolibrary.org/obo/UBERON_0004454,tarsal region,http://uri.interlex.org/base/ilx_0795504,tendon of extensor digitorum longus,,,,,,
http://purl.org/tara/ontology/TARA_3668538,TARA:3668538,GB 41,Gallbladder Meridian,http://purl.obolibrary.org/obo/UBERON_0002387,pes,http://purl.obolibrary.org/obo/UBERON_0003653,metatarsal bone of digit 4,,,,,,
http://purl.org/tara/ontology/TARA_3668538,TARA:3668538,GB 41,Gallbladder Meridian,http://purl.obolibrary.org/obo/UBERON_0002387,pes,http://purl.obolibrary.org/obo/UBERON_0003654,metatarsal bone of digit 5,,,,,,
http://purl.org/tara/ontology/TARA_3668538,TARA:3668538,GB 41,Gallbladder Meridian,http://purl.obolibrary.org/obo/UBERON_0002387,pes,http://uri.interlex.org/base/ilx_0795504,tendon of extensor digitorum longus,,,,,,
http://purl.org/tara/ontology/TARA_0337120,TARA:0337120,GB 42,Gallbladder Meridian,http://purl.obolibrary.org/obo/UBERON_0002387,pes,http://purl.obolibrary.org/obo/UBERON_0003653,metatarsal bone of digit 4,,,,,,
http://purl.org/tara/ontology/TARA_0337120,TARA:0337120,GB 42,Gallbladder Meridian,http://purl.obolibrary.org/obo/UBERON_0002387,pes,http://purl.obolibrary.org/obo/UBERON_0003654,metatarsal bone of digit 5,,,,,,
http://purl.org/tara/ontology/TARA_0337120,TARA:0337120,GB 42,Gallbladder Meridian,http://purl.obolibrary.org/obo/UBERON_0002387,pes,http://purl.obolibrary.org/obo/UBERON_0007759,metatarsophalangeal joint of pedal digit 4,,,,,,
http://purl.org/tara/ontology/TARA_8885103,TARA:8885103,GB 43,Gallbladder Meridian,http://purl.obolibrary.org/obo/UBERON_0002387,pes,http://purl.obolibrary.org/obo/UBERON_0003634,pedal digit 4,,,,,,
http://purl.org/tara/ontology/TARA_8885103,TARA:8885103,GB 43,Gallbladder Meridian,http://purl.obolibrary.org/obo/UBERON_0002387,pes,http://purl.obolibrary.org/obo/UBERON_0003635,pedal digit 5,,,,,,
http://purl.org/tara/ontology/TARA_6845331,TARA:6845331,GB 44,Gallbladder Meridian,http://purl.obolibrary.org/obo/UBERON_0003634,pedal digit 4,http://purl.obolibrary.org/obo/UBERON_0004300,distal phalanx,,,,,,
http://purl.org/tara/ontology/TARA_6845331,TARA:6845331,GB 44,Gallbladder Meridian,http://purl.obolibrary.org/obo/UBERON_0003634,pedal digit 4,http://purl.obolibrary.org/obo/UBERON_0009567,nail of pedal digit,,,,,,
http://purl.org/tara/ontology/TARA_6845331,TARA:6845331,GB 44,Gallbladder Meridian,http://purl.obolibrary.org/obo/UBERON_0003634,pedal digit 4,http://purl.obolibrary.org/obo/UBERON_0011281,nail of pedal digit 4,,,,,,
http://purl.org/tara/ontology/TARA_3549064,TARA:3549064,GB 5,Gallbladder Meridian,http://purl.obolibrary.org/obo/UBERON_0000033,head,,,,,,,,
http://purl.org/tara/ontology/TARA_0316650,TARA:0316650,GB 6,Gallbladder Meridian,http://purl.obolibrary.org/obo/UBERON_0000033,head,,,,,,,,
http://purl.org/tara/ontology/TARA_0478496,TARA:0478496,GB 7,Gallbladder Meridian,http://purl.obolibrary.org/obo/UBERON_0000033,head,http://purl.obolibrary.org/obo/UBERON_0001690,ear,,,,,,
http://purl.org/tara/ontology/TARA_0478496,TARA:0478496,GB 7,Gallbladder Meridian,http://purl.obolibrary.org/obo/UBERON_0000033,head,http://purl.obolibrary.org/obo/UBERON_0004104,hairline,,,,,,
http://purl.org/tara/ontology/TARA_5363236,TARA:5363236,GB 8,Gallbladder Meridian,http://purl.obolibrary.org/obo/UBERON_0000033,head,http://purl.obolibrary.org/obo/UBERON_0001690,ear,,,,,,
http://purl.org/tara/ontology/TARA_5363236,TARA:5363236,GB 8,Gallbladder Meridian,http://purl.obolibrary.org/obo/UBERON_0000033,head,http://purl.obolibrary.org/obo/UBERON_0004104,hairline,,,,,,
http://purl.org/tara/ontology/TARA_0307907,TARA:0307907,GB 9,Gallbladder Meridian,http://purl.obolibrary.org/obo/UBERON_0000033,head,http://purl.obolibrary.org/obo/UBERON_0004104,hairline,,,,,,
http://purl.org/tara/ontology/TARA_3865403,TARA:3865403,GV 1,Governor Vessel,http://purl.obolibrary.org/obo/UBERON_0002356,perineum,http://purl.obolibrary.org/obo/UBERON_0001245,anus,,,,,,
http://purl.org/tara/ontology/TARA_3865403,TARA:3865403,GV 1,Governor Vessel,http://purl.obolibrary.org/obo/UBERON_0002356,perineum,http://purl.obolibrary.org/obo/UBERON_0001350,coccyx,,,,,,
http://purl.org/tara/ontology/TARA_3683574,TARA:3683574,GV 10,Governor Vessel,http://purl.obolibrary.org/obo/UBERON_0008231,dorsal thoracic segment of trunk,http://uri.interlex.org/base/ilx_0795312,posterior median line,,,,,,
http://purl.org/tara/ontology/TARA_3683574,TARA:3683574,GV 10,Governor Vessel,http://purl.obolibrary.org/obo/UBERON_0008231,dorsal thoracic segment of trunk,http://purl.obolibrary.org/obo/UBERON_0004631,thoracic vertebra 6,,,,,,
http://purl.org/tara/ontology/TARA_8300996,TARA:8300996,GV 11,Governor Vessel,http://purl.obolibrary.org/obo/UBERON_0008231,dorsal thoracic segment of trunk,http://uri.interlex.org/base/ilx_0795312,posterior median line,,,,,,
http://purl.org/tara/ontology/TARA_8300996,TARA:8300996,GV 11,Governor Vessel,http://purl.obolibrary.org/obo/UBERON_0008231,dorsal thoracic segment of trunk,http://purl.obolibrary.org/obo/UBERON_0004630,thoracic vertebra 5,,,,,,
http://purl.org/tara/ontology/TARA_8607646,TARA:8607646,GV 12,Governor Vessel,http://purl.obolibrary.org/obo/UBERON_0008231,dorsal thoracic segment of trunk,http://uri.interlex.org/base/ilx_0795312,posterior median line,,,,,,
http://purl.org/tara/ontology/TARA_8607646,TARA:8607646,GV 12,Governor Vessel,http://purl.obolibrary.org/obo/UBERON_0008231,dorsal thoracic segment of trunk,http://purl.obolibrary.org/obo/UBERON_0006849,scapula,,,,,,
http://purl.org/tara/ontology/TARA_8607646,TARA:8607646,GV 12,Governor Vessel,http://purl.obolibrary.org/obo/UBERON_0008231,dorsal thoracic segment of trunk,http://purl.obolibrary.org/obo/UBERON_0004628,thoracic vertebra 3,,,,,,
http://purl.org/tara/ontology/TARA_8998025,TARA:8998025,GV 13,Governor Vessel,http://purl.obolibrary.org/obo/UBERON_0008231,dorsal thoracic segment of trunk,http://uri.interlex.org/base/ilx_0795312,posterior median line,,,,,,
http://purl.org/tara/ontology/TARA_8998025,TARA:8998025,GV 13,Governor Vessel,http://purl.obolibrary.org/obo/UBERON_0008231,dorsal thoracic segment of trunk,http://purl.obolibrary.org/obo/UBERON_0004626,thoracic vertebra 1,,,,,,
http://purl.org/tara/ontology/TARA_8452754,TARA:8452754,GV 14,Governor Vessel,http://purl.obolibrary.org/obo/UBERON_0000974,neck,http://purl.obolibrary.org/obo/UBERON_0004616,mammalian cervical vertebra 7,,,,,,
http://purl.org/tara/ontology/TARA_8452754,TARA:8452754,GV 14,Governor Vessel,http://purl.obolibrary.org/obo/UBERON_0000974,neck,http://uri.interlex.org/base/ilx_0795312,posterior median line,,,,,,
http://purl.org/tara/ontology/TARA_4427404,TARA:4427404,GV 15,Governor Vessel,http://purl.obolibrary.org/obo/UBERON_0000974,neck,http://uri.interlex.org/base/ilx_0795312,posterior median line,,,,,,
http://purl.org/tara/ontology/TARA_4427404,TARA:4427404,GV 15,Governor Vessel,http://purl.obolibrary.org/obo/UBERON_0000974,neck,http://purl.obolibrary.org/obo/UBERON_0001093,vertebral bone 2,,,,,,
http://purl.org/tara/ontology/TARA_3361967,TARA:3361967,GV 16,Governor Vessel,http://purl.obolibrary.org/obo/UBERON_0000974,neck,http://purl.obolibrary.org/obo/UBERON_0013469,external occipital protuberance,,,,,,
http://purl.org/tara/ontology/TARA_3361967,TARA:3361967,GV 16,Governor Vessel,http://purl.obolibrary.org/obo/UBERON_0000974,neck,http://purl.obolibrary.org/obo/UBERON_0002380,trapezius muscle,,,,,,
http://purl.org/tara/ontology/TARA_6135195,TARA:6135195,GV 17,Governor Vessel,http://purl.obolibrary.org/obo/UBERON_0000033,head,http://purl.obolibrary.org/obo/UBERON_0013469,external occipital protuberance,,,,,,
http://purl.org/tara/ontology/TARA_6135195,TARA:6135195,GV 17,Governor Vessel,http://purl.obolibrary.org/obo/UBERON_0000033,head,http://uri.interlex.org/base/ilx_0795312,posterior median line,,,,,,
http://purl.org/tara/ontology/TARA_7589061,TARA:7589061,GV 18,Governor Vessel,http://purl.obolibrary.org/obo/UBERON_0000033,head,http://uri.interlex.org/base/ilx_0795326,posterior hairline,,,,,,
http://purl.org/tara/ontology/TARA_7589061,TARA:7589061,GV 18,Governor Vessel,http://purl.obolibrary.org/obo/UBERON_0000033,head,http://uri.interlex.org/base/ilx_0795312,posterior median line,,,,,,
http://purl.org/tara/ontology/TARA_5455543,TARA:5455543,GV 19,Governor Vessel,http://purl.obolibrary.org/obo/UBERON_0000033,head,http://uri.interlex.org/base/ilx_0795326,posterior hairline,,,,,,
http://purl.org/tara/ontology/TARA_5455543,TARA:5455543,GV 19,Governor Vessel,http://purl.obolibrary.org/obo/UBERON_0000033,head,http://uri.interlex.org/base/ilx_0795312,posterior median line,,,,,,
http://purl.org/tara/ontology/TARA_2678362,TARA:2678362,GV 2,Governor Vessel,http://purl.obolibrary.org/obo/UBERON_0005473,sacral region,http://purl.obolibrary.org/obo/UBERON_0036013,intergluteal cleft,,,,,,
http://purl.org/tara/ontology/TARA_2678362,TARA:2678362,GV 2,Governor Vessel,http://purl.obolibrary.org/obo/UBERON_0005473,sacral region,http://uri.interlex.org/base/ilx_0795312,posterior median line,,,,,,
http://purl.org/tara/ontology/TARA_3386254,TARA:3386254,GV 20,Governor Vessel,http://purl.obolibrary.org/obo/UBERON_0000033,head,http://uri.interlex.org/base/ilx_0795292,anterior hairline,,,,,,
http://purl.org/tara/ontology/TARA_3386254,TARA:3386254,GV 20,Governor Vessel,http://purl.obolibrary.org/obo/UBERON_0000033,head,http://uri.interlex.org/base/ilx_0795285,anterior median line,,,,,,
http://purl.org/tara/ontology/TARA_3386254,TARA:3386254,GV 20,Governor Vessel,http://purl.obolibrary.org/obo/UBERON_0000033,head,http://uri.interlex.org/base/ilx_0795326,posterior hairline,,,,,,
http://purl.org/tara/ontology/TARA_4510130,TARA:4510130,GV 21,Governor Vessel,http://purl.obolibrary.org/obo/UBERON_0000033,head,http://uri.interlex.org/base/ilx_0795292,anterior hairline,,,,,,
http://purl.org/tara/ontology/TARA_4510130,TARA:4510130,GV 21,Governor Vessel,http://purl.obolibrary.org/obo/UBERON_0000033,head,http://uri.interlex.org/base/ilx_0795285,anterior median line,,,,,,
http://purl.org/tara/ontology/TARA_2168429,TARA:2168429,GV 22,Governor Vessel,http://purl.obolibrary.org/obo/UBERON_0000033,head,http://uri.interlex.org/base/ilx_0795292,anterior hairline,,,,,,
http://purl.org/tara/ontology/TARA_2168429,TARA:2168429,GV 22,Governor Vessel,http://purl.obolibrary.org/obo/UBERON_0000033,head,http://uri.interlex.org/base/ilx_0795285,anterior median line,,,,,,
http://purl.org/tara/ontology/TARA_7690229,TARA:7690229,GV 23,Governor Vessel,http://purl.obolibrary.org/obo/UBERON_0000033,head,http://uri.interlex.org/base/ilx_0795292,anterior hairline,,,,,,
http://purl.org/tara/ontology/TARA_7690229,TARA:7690229,GV 23,Governor Vessel,http://purl.obolibrary.org/obo/UBERON_0000033,head,http://uri.interlex.org/base/ilx_0795285,anterior median line,,,,,,
http://purl.org/tara/ontology/TARA_7679931,TARA:7679931,GV 24,Governor Vessel,http://purl.obolibrary.org/obo/UBERON_0000033,head,http://uri.interlex.org/base/ilx_0795292,anterior hairline,,,,,,
http://purl.org/tara/ontology/TARA_7679931,TARA:7679931,GV 24,Governor Vessel,http://purl.obolibrary.org/obo/UBERON_0000033,head,http://uri.interlex.org/base/ilx_0795285,anterior median line,,,,,,
http://purl.org/tara/ontology/TARA_7679931,TARA:7679931,GV 24,Governor Vessel,http://purl.obolibrary.org/obo/UBERON_0000033,head,http://purl.obolibrary.org/obo/UBERON_0010163,eyebrow,,,,,,
http://purl.org/tara/ontology/TARA_6924908,TARA:6924908,GV 25,Governor Vessel,http://purl.obolibrary.org/obo/UBERON_0001456,face,http://purl.obolibrary.org/obo/UBERON_0000004,nose,,,,,,
http://purl.org/tara/ontology/TARA_6924908,TARA:6924908,GV 25,Governor Vessel,http://purl.obolibrary.org/obo/UBERON_0001456,face,http://purl.obolibrary.org/obo/UBERON_0012128,nose tip,,,,,,
http://purl.org/tara/ontology/TARA_0829128,TARA:0829128,GV 26,Governor Vessel,http://purl.obolibrary.org/obo/UBERON_0001456,face,http://purl.obolibrary.org/obo/UBERON_0005402,philtrum,,,,,,
http://purl.org/tara/ontology/TARA_6574583,TARA:6574583,GV 27,Governor Vessel,http://purl.obolibrary.org/obo/UBERON_0001456,face,http://purl.obolibrary.org/obo/UBERON_0001834,upper lip,,,,,,
http://purl.org/tara/ontology/TARA_8131302,TARA:8131302,GV 28,Governor Vessel,http://purl.obolibrary.org/obo/UBERON_0001456,face,http://purl.obolibrary.org/obo/UBERON_0016910,frenulum of lip,,,,,,
http://purl.org/tara/ontology/TARA_8131302,TARA:8131302,GV 28,Governor Vessel,http://purl.obolibrary.org/obo/UBERON_0001456,face,http://purl.obolibrary.org/obo/UBERON_0011601,gingiva of upper jaw,,,,,,
http://purl.org/tara/ontology/TARA_8807122,TARA:8807122,GV 3,Governor Vessel,http://purl.obolibrary.org/obo/UBERON_0005462,lower back,http://purl.obolibrary.org/obo/UBERON_0014437,iliac crest,,,,,,
http://purl.org/tara/ontology/TARA_8807122,TARA:8807122,GV 3,Governor Vessel,http://purl.obolibrary.org/obo/UBERON_0005462,lower back,http://purl.obolibrary.org/obo/UBERON_0004620,lumbar vertebra 4,,,,,,
http://purl.org/tara/ontology/TARA_8807122,TARA:8807122,GV 3,Governor Vessel,http://purl.obolibrary.org/obo/UBERON_0005462,lower back,http://uri.interlex.org/base/ilx_0795312,posterior median line,,,,,,
http://purl.org/tara/ontology/TARA_8557069,TARA:8557069,GV 4,Governor Vessel,http://purl.obolibrary.org/obo/UBERON_0005462,lower back,http://purl.obolibrary.org/obo/UBERON_0004618,lumbar vertebra 2,,,,,,
http://purl.org/tara/ontology/TARA_8557069,TARA:8557069,GV 4,Governor Vessel,http://purl.obolibrary.org/obo/UBERON_0005462,lower back,http://uri.interlex.org/base/ilx_0795312,posterior median line,,,,,,
http://purl.org/tara/ontology/TARA_1697302,TARA:1697302,GV 5,Governor Vessel,http://purl.obolibrary.org/obo/UBERON_0005462,lower back,http://purl.obolibrary.org/obo/UBERON_0004617,lumbar vertebra 1,,,,,,
http://purl.org/tara/ontology/TARA_1697302,TARA:1697302,GV 5,Governor Vessel,http://purl.obolibrary.org/obo/UBERON_0005462,lower back,http://uri.interlex.org/base/ilx_0795312,posterior median line,,,,,,
http://purl.org/tara/ontology/TARA_5902217,TARA:5902217,GV 6,Governor Vessel,http://purl.obolibrary.org/obo/UBERON_0008231,dorsal thoracic segment of trunk,http://uri.interlex.org/base/ilx_0795312,posterior median line,,,,,,
http://purl.org/tara/ontology/TARA_5902217,TARA:5902217,GV 6,Governor Vessel,http://purl.obolibrary.org/obo/UBERON_0008231,dorsal thoracic segment of trunk,http://purl.obolibrary.org/obo/UBERON_0004635,thoracic vertebra 11,,,,,,
http://purl.org/tara/ontology/TARA_9586774,TARA:9586774,GV 7,Governor Vessel,http://purl.obolibrary.org/obo/UBERON_0008231,dorsal thoracic segment of trunk,http://uri.interlex.org/base/ilx_0795312,posterior median line,,,,,,
http://purl.org/tara/ontology/TARA_9586774,TARA:9586774,GV 7,Governor Vessel,http://purl.obolibrary.org/obo/UBERON_0008231,dorsal thoracic segment of trunk,http://purl.obolibrary.org/obo/UBERON_0004634,thoracic vertebra 10,,,,,,
http://purl.org/tara/ontology/TARA_8093645,TARA:8093645,GV 8,Governor Vessel,http://purl.obolibrary.org/obo/UBERON_0008231,dorsal thoracic segment of trunk,http://uri.interlex.org/base/ilx_0795312,posterior median line,,,,,,
http://purl.org/tara/ontology/TARA_8093645,TARA:8093645,GV 8,Governor Vessel,http://purl.obolibrary.org/obo/UBERON_0008231,dorsal thoracic segment of trunk,http://purl.obolibrary.org/obo/UBERON_0004633,thoracic vertebra 9,,,,,,
http://purl.org/tara/ontology/TARA_8982235,TARA:8982235,GV 9,Governor Vessel,http://purl.obolibrary.org/obo/UBERON_0008231,dorsal thoracic segment of trunk,http://uri.interlex.org/base/ilx_0795312,posterior median line,,,,,,
http://purl.org/tara/ontology/TARA_8982235,TARA:8982235,GV 9,Governor Vessel,http://purl.obolibrary.org/obo/UBERON_0008231,dorsal thoracic segment of trunk,http://purl.obolibrary.org/obo/UBERON_0006849,scapula,,,,,,
http://purl.org/tara/ontology/TARA_8982235,TARA:8982235,GV 9,Governor Vessel,http://purl.obolibrary.org/obo/UBERON_0008231,dorsal thoracic segment of trunk,http://purl.obolibrary.org/obo/UBERON_0004632,thoracic vertebra 7,,,,,,
http://purl.org/tara/ontology/TARA_8364824,TARA:8364824,Governor Vessel Acupoint,Governor Vessel,,,,,,,,,,
http://purl.org/tara/ontology/TARA_0420802,TARA:0420802,HT 1,Heart Meridian,http://purl.obolibrary.org/obo/UBERON_0009472,axilla,http://purl.obolibrary.org/obo/UBERON_0001394,axillary artery,http://purl.obolibrary.org/obo/UBERON_0001148,median nerve,http://purl.obolibrary.org/obo/UBERON_0001394,axillary artery,,
http://purl.org/tara/ontology/TARA_0420802,TARA:0420802,HT 1,Heart Meridian,http://purl.obolibrary.org/obo/UBERON_0009472,axilla,http://purl.obolibrary.org/obo/UBERON_0001394,axillary artery,http://uri.interlex.org/base/ilx_0794952,medial cutaneous nerve of the arm,http://purl.obolibrary.org/obo/UBERON_0001394,axillary artery,,
http://purl.org/tara/ontology/TARA_0420802,TARA:0420802,HT 1,Heart Meridian,http://purl.obolibrary.org/obo/UBERON_0009472,axilla,http://purl.obolibrary.org/obo/UBERON_0001394,axillary artery,http://uri.interlex.org/base/ilx_0794952,Medial cutaneous nerve of the arm,http://purl.obolibrary.org/obo/UBERON_0001394,axillary artery,,
http://purl.org/tara/ontology/TARA_0420802,TARA:0420802,HT 1,Heart Meridian,http://purl.obolibrary.org/obo/UBERON_0009472,axilla,http://purl.obolibrary.org/obo/UBERON_0001394,axillary artery,http://purl.obolibrary.org/obo/UBERON_0001494,ulnar nerve,http://purl.obolibrary.org/obo/UBERON_0001394,axillary artery,,
http://purl.org/tara/ontology/TARA_0420802,TARA:0420802,HT 1,Heart Meridian,http://purl.obolibrary.org/obo/UBERON_0009472,axilla,http://uri.interlex.org/base/ilx_0795309,axillary fossa,http://purl.obolibrary.org/obo/UBERON_0001148,median nerve,http://purl.obolibrary.org/obo/UBERON_0001394,axillary artery,,
http://purl.org/tara/ontology/TARA_0420802,TARA:0420802,HT 1,Heart Meridian,http://purl.obolibrary.org/obo/UBERON_0009472,axilla,http://uri.interlex.org/base/ilx_0795309,axillary fossa,http://uri.interlex.org/base/ilx_0794952,medial cutaneous nerve of the arm,http://purl.obolibrary.org/obo/UBERON_0001394,axillary artery,,
http://purl.org/tara/ontology/TARA_0420802,TARA:0420802,HT 1,Heart Meridian,http://purl.obolibrary.org/obo/UBERON_0009472,axilla,http://uri.interlex.org/base/ilx_0795309,axillary fossa,http://uri.interlex.org/base/ilx_0794952,Medial cutaneous nerve of the arm,http://purl.obolibrary.org/obo/UBERON_0001394,axillary artery,,
http://purl.org/tara/ontology/TARA_0420802,TARA:0420802,HT 1,Heart Meridian,http://purl.obolibrary.org/obo/UBERON_0009472,axilla,http://uri.interlex.org/base/ilx_0795309,axillary fossa,http://purl.obolibrary.org/obo/UBERON_0001494,ulnar nerve,http://purl.obolibrary.org/obo/UBERON_0001394,axillary artery,,
http://purl.org/tara/ontology/TARA_9830532,TARA:9830532,HT 2,Heart Meridian,http://purl.obolibrary.org/obo/UBERON_0001460,arm,http://purl.obolibrary.org/obo/UBERON_0001507,biceps brachii,http://uri.interlex.org/base/ilx_0794952,medial cutaneous nerve of the arm,http://uri.interlex.org/base/ilx_0797506,Superior ulnar collateral artery,http://purl.obolibrary.org/obo/UBERON_0001411,basilic vein
http://purl.org/tara/ontology/TARA_9830532,TARA:9830532,HT 2,Heart Meridian,http://purl.obolibrary.org/obo/UBERON_0001460,arm,http://purl.obolibrary.org/obo/UBERON_0001507,biceps brachii,http://uri.interlex.org/base/ilx_0794952,Medial cutaneous nerve of the arm,http://uri.interlex.org/base/ilx_0797506,Superior ulnar collateral artery,http://purl.obolibrary.org/obo/UBERON_0001411,basilic vein
http://purl.org/tara/ontology/TARA_9830532,TARA:9830532,HT 2,Heart Meridian,http://purl.obolibrary.org/obo/UBERON_0001460,arm,http://purl.obolibrary.org/obo/UBERON_0001507,biceps brachii,http://purl.obolibrary.org/obo/UBERON_0001494,ulnar nerve,http://uri.interlex.org/base/ilx_0797506,Superior ulnar collateral artery,http://purl.obolibrary.org/obo/UBERON_0001411,basilic vein
http://purl.org/tara/ontology/TARA_9830532,TARA:9830532,HT 2,Heart Meridian,http://purl.obolibrary.org/obo/UBERON_0001460,arm,http://purl.obolibrary.org/obo/UBERON_0001507,biceps brachii,http://uri.interlex.org/base/ilx_0794953,medial cutaneous nerve of the forearm,http://uri.interlex.org/base/ilx_0797506,Superior ulnar collateral artery,http://purl.obolibrary.org/obo/UBERON_0001411,basilic vein
http://purl.org/tara/ontology/TARA_9830532,TARA:9830532,HT 2,Heart Meridian,http://purl.obolibrary.org/obo/UBERON_0001460,arm,http://uri.interlex.org/base/ilx_0795332,cubital crease,http://uri.interlex.org/base/ilx_0794952,medial cutaneous nerve of the arm,http://uri.interlex.org/base/ilx_0797506,Superior ulnar collateral artery,http://purl.obolibrary.org/obo/UBERON_0001411,basilic vein
http://purl.org/tara/ontology/TARA_9830532,TARA:9830532,HT 2,Heart Meridian,http://purl.obolibrary.org/obo/UBERON_0001460,arm,http://uri.interlex.org/base/ilx_0795332,cubital crease,http://uri.interlex.org/base/ilx_0794952,Medial cutaneous nerve of the arm,http://uri.interlex.org/base/ilx_0797506,Superior ulnar collateral artery,http://purl.obolibrary.org/obo/UBERON_0001411,basilic vein
http://purl.org/tara/ontology/TARA_9830532,TARA:9830532,HT 2,Heart Meridian,http://purl.obolibrary.org/obo/UBERON_0001460,arm,http://uri.interlex.org/base/ilx_0795332,cubital crease,http://purl.obolibrary.org/obo/UBERON_0001494,ulnar nerve,http://uri.interlex.org/base/ilx_0797506,Superior ulnar collateral artery,http://purl.obolibrary.org/obo/UBERON_0001411,basilic vein
http://purl.org/tara/ontology/TARA_9830532,TARA:9830532,HT 2,Heart Meridian,http://purl.obolibrary.org/obo/UBERON_0001460,arm,http://uri.interlex.org/base/ilx_0795332,cubital crease,http://uri.interlex.org/base/ilx_0794953,medial cutaneous nerve of the forearm,http://uri.interlex.org/base/ilx_0797506,Superior ulnar collateral artery,http://purl.obolibrary.org/obo/UBERON_0001411,basilic vein
http://purl.org/tara/ontology/TARA_2385378,TARA:2385378,HT 3,Heart Meridian,http://purl.obolibrary.org/obo/UBERON_0001461,elbow,http://uri.interlex.org/base/ilx_0795332,cubital crease,http://uri.interlex.org/base/ilx_0794953,medial cutaneous nerve of the forearm,http://uri.interlex.org/base/ilx_0797507,Ulnar recurrent artery,http://purl.obolibrary.org/obo/UBERON_0001411,basilic vein
http://purl.org/tara/ontology/TARA_2385378,TARA:2385378,HT 3,Heart Meridian,http://purl.obolibrary.org/obo/UBERON_0001461,elbow,http://uri.interlex.org/base/ilx_0795332,cubital crease,http://uri.interlex.org/base/ilx_0794953,medial cutaneous nerve of the forearm,http://uri.interlex.org/base/ilx_0797507,Ulnar recurrent artery,http://uri.interlex.org/base/ilx_0797508,Ulnar recurrent vein
http://purl.org/tara/ontology/TARA_2385378,TARA:2385378,HT 3,Heart Meridian,http://purl.obolibrary.org/obo/UBERON_0001461,elbow,http://uri.interlex.org/base/ilx_0795332,cubital crease,http://uri.interlex.org/base/ilx_0794953,medial cutaneous nerve of the forearm,http://uri.interlex.org/base/ilx_0797506,Superior ulnar collateral artery,http://purl.obolibrary.org/obo/UBERON_0001411,basilic vein
http://purl.org/tara/ontology/TARA_2385378,TARA:2385378,HT 3,Heart Meridian,http://purl.obolibrary.org/obo/UBERON_0001461,elbow,http://uri.interlex.org/base/ilx_0795332,cubital crease,http://uri.interlex.org/base/ilx_0794953,medial cutaneous nerve of the forearm,http://uri.interlex.org/base/ilx_0797506,Superior ulnar collateral artery,http://uri.interlex.org/base/ilx_0797508,Ulnar recurrent vein
http://purl.org/tara/ontology/TARA_2385378,TARA:2385378,HT 3,Heart Meridian,http://purl.obolibrary.org/obo/UBERON_0001461,elbow,http://purl.obolibrary.org/obo/UBERON_0006806,entepicondyle of humerus,http://uri.interlex.org/base/ilx_0794953,medial cutaneous nerve of the forearm,http://uri.interlex.org/base/ilx_0797507,Ulnar recurrent artery,http://purl.obolibrary.org/obo/UBERON_0001411,basilic vein
http://purl.org/tara/ontology/TARA_2385378,TARA:2385378,HT 3,Heart Meridian,http://purl.obolibrary.org/obo/UBERON_0001461,elbow,http://purl.obolibrary.org/obo/UBERON_0006806,entepicondyle of humerus,http://uri.interlex.org/base/ilx_0794953,medial cutaneous nerve of the forearm,http://uri.interlex.org/base/ilx_0797507,Ulnar recurrent artery,http://uri.interlex.org/base/ilx_0797508,Ulnar recurrent vein
http://purl.org/tara/ontology/TARA_2385378,TARA:2385378,HT 3,Heart Meridian,http://purl.obolibrary.org/obo/UBERON_0001461,elbow,http://purl.obolibrary.org/obo/UBERON_0006806,entepicondyle of humerus,http://uri.interlex.org/base/ilx_0794953,medial cutaneous nerve of the forearm,http://uri.interlex.org/base/ilx_0797506,Superior ulnar collateral artery,http://purl.obolibrary.org/obo/UBERON_0001411,basilic vein
http://purl.org/tara/ontology/TARA_2385378,TARA:2385378,HT 3,Heart Meridian,http://purl.obolibrary.org/obo/UBERON_0001461,elbow,http://purl.obolibrary.org/obo/UBERON_0006806,entepicondyle of humerus,http://uri.interlex.org/base/ilx_0794953,medial cutaneous nerve of the forearm,http://uri.interlex.org/base/ilx_0797506,Superior ulnar collateral artery,http://uri.interlex.org/base/ilx_0797508,Ulnar recurrent vein
http://purl.org/tara/ontology/TARA_2718726,TARA:2718726,HT 4,Heart Meridian,http://purl.obolibrary.org/obo/UBERON_0002386,forelimb zeugopod,http://uri.interlex.org/base/ilx_0795501,Tendon of flexor carpi ulnaris,http://purl.obolibrary.org/obo/UBERON_0001494,ulnar nerve,http://purl.obolibrary.org/obo/UBERON_0001406,ulnar artery,,
http://purl.org/tara/ontology/TARA_2718726,TARA:2718726,HT 4,Heart Meridian,http://purl.obolibrary.org/obo/UBERON_0002386,forelimb zeugopod,http://uri.interlex.org/base/ilx_0795501,Tendon of flexor carpi ulnaris,http://uri.interlex.org/base/ilx_0794953,medial cutaneous nerve of the forearm,http://purl.obolibrary.org/obo/UBERON_0001406,ulnar artery,,
http://purl.org/tara/ontology/TARA_2718726,TARA:2718726,HT 4,Heart Meridian,http://purl.obolibrary.org/obo/UBERON_0002386,forelimb zeugopod,http://uri.interlex.org/base/ilx_0795334,palmar wrist crease,http://purl.obolibrary.org/obo/UBERON_0001494,ulnar nerve,http://purl.obolibrary.org/obo/UBERON_0001406,ulnar artery,,
http://purl.org/tara/ontology/TARA_2718726,TARA:2718726,HT 4,Heart Meridian,http://purl.obolibrary.org/obo/UBERON_0002386,forelimb zeugopod,http://uri.interlex.org/base/ilx_0795334,palmar wrist crease,http://uri.interlex.org/base/ilx_0794953,medial cutaneous nerve of the forearm,http://purl.obolibrary.org/obo/UBERON_0001406,ulnar artery,,
http://purl.org/tara/ontology/TARA_2718726,TARA:2718726,HT 4,Heart Meridian,http://purl.obolibrary.org/obo/UBERON_0002386,forelimb zeugopod,http://purl.obolibrary.org/obo/UBERON_0001429,pisiform,http://purl.obolibrary.org/obo/UBERON_0001494,ulnar nerve,http://purl.obolibrary.org/obo/UBERON_0001406,ulnar artery,,
http://purl.org/tara/ontology/TARA_2718726,TARA:2718726,HT 4,Heart Meridian,http://purl.obolibrary.org/obo/UBERON_0002386,forelimb zeugopod,http://purl.obolibrary.org/obo/UBERON_0001429,pisiform,http://uri.interlex.org/base/ilx_0794953,medial cutaneous nerve of the forearm,http://purl.obolibrary.org/obo/UBERON_0001406,ulnar artery,,
http://purl.org/tara/ontology/TARA_2718726,TARA:2718726,HT 4,Heart Meridian,http://purl.obolibrary.org/obo/UBERON_0002386,forelimb zeugopod,http://purl.obolibrary.org/obo/UBERON_0001424,ulna,http://purl.obolibrary.org/obo/UBERON_0001494,ulnar nerve,http://purl.obolibrary.org/obo/UBERON_0001406,ulnar artery,,
http://purl.org/tara/ontology/TARA_2718726,TARA:2718726,HT 4,Heart Meridian,http://purl.obolibrary.org/obo/UBERON_0002386,forelimb zeugopod,http://purl.obolibrary.org/obo/UBERON_0001424,ulna,http://uri.interlex.org/base/ilx_0794953,medial cutaneous nerve of the forearm,http://purl.obolibrary.org/obo/UBERON_0001406,ulnar artery,,
http://purl.org/tara/ontology/TARA_1282828,TARA:1282828,HT 5,Heart Meridian,http://purl.obolibrary.org/obo/UBERON_0002386,forelimb zeugopod,http://uri.interlex.org/base/ilx_0795501,Tendon of flexor carpi ulnaris,http://purl.obolibrary.org/obo/UBERON_0001494,ulnar nerve,http://purl.obolibrary.org/obo/UBERON_0001406,ulnar artery,,
http://purl.org/tara/ontology/TARA_1282828,TARA:1282828,HT 5,Heart Meridian,http://purl.obolibrary.org/obo/UBERON_0002386,forelimb zeugopod,http://uri.interlex.org/base/ilx_0795501,Tendon of flexor carpi ulnaris,http://uri.interlex.org/base/ilx_0794953,medial cutaneous nerve of the forearm,http://purl.obolibrary.org/obo/UBERON_0001406,ulnar artery,,
http://purl.org/tara/ontology/TARA_1282828,TARA:1282828,HT 5,Heart Meridian,http://purl.obolibrary.org/obo/UBERON_0002386,forelimb zeugopod,http://uri.interlex.org/base/ilx_0795334,palmar wrist crease,http://purl.obolibrary.org/obo/UBERON_0001494,ulnar nerve,http://purl.obolibrary.org/obo/UBERON_0001406,ulnar artery,,
http://purl.org/tara/ontology/TARA_1282828,TARA:1282828,HT 5,Heart Meridian,http://purl.obolibrary.org/obo/UBERON_0002386,forelimb zeugopod,http://uri.interlex.org/base/ilx_0795334,palmar wrist crease,http://uri.interlex.org/base/ilx_0794953,medial cutaneous nerve of the forearm,http://purl.obolibrary.org/obo/UBERON_0001406,ulnar artery,,
http://purl.org/tara/ontology/TARA_1282828,TARA:1282828,HT 5,Heart Meridian,http://purl.obolibrary.org/obo/UBERON_0002386,forelimb zeugopod,http://purl.obolibrary.org/obo/UBERON_0001429,pisiform,http://purl.obolibrary.org/obo/UBERON_0001494,ulnar nerve,http://purl.obolibrary.org/obo/UBERON_0001406,ulnar artery,,
http://purl.org/tara/ontology/TARA_1282828,TARA:1282828,HT 5,Heart Meridian,http://purl.obolibrary.org/obo/UBERON_0002386,forelimb zeugopod,http://purl.obolibrary.org/obo/UBERON_0001429,pisiform,http://uri.interlex.org/base/ilx_0794953,medial cutaneous nerve of the forearm,http://purl.obolibrary.org/obo/UBERON_0001406,ulnar artery,,
http://purl.org/tara/ontology/TARA_1282828,TARA:1282828,HT 5,Heart Meridian,http://purl.obolibrary.org/obo/UBERON_0002386,forelimb zeugopod,http://purl.obolibrary.org/obo/UBERON_0001424,ulna,http://purl.obolibrary.org/obo/UBERON_0001494,ulnar nerve,http://purl.obolibrary.org/obo/UBERON_0001406,ulnar artery,,
http://purl.org/tara/ontology/TARA_1282828,TARA:1282828,HT 5,Heart Meridian,http://purl.obolibrary.org/obo/UBERON_0002386,forelimb zeugopod,http://purl.obolibrary.org/obo/UBERON_0001424,ulna,http://uri.interlex.org/base/ilx_0794953,medial cutaneous nerve of the forearm,http://purl.obolibrary.org/obo/UBERON_0001406,ulnar artery,,
http://purl.org/tara/ontology/TARA_6421594,TARA:6421594,HT 6,Heart Meridian,http://purl.obolibrary.org/obo/UBERON_0002386,forelimb zeugopod,http://uri.interlex.org/base/ilx_0795501,Tendon of flexor carpi ulnaris,http://purl.obolibrary.org/obo/UBERON_0001494,ulnar nerve,http://purl.obolibrary.org/obo/UBERON_0001406,ulnar artery,,
http://purl.org/tara/ontology/TARA_6421594,TARA:6421594,HT 6,Heart Meridian,http://purl.obolibrary.org/obo/UBERON_0002386,forelimb zeugopod,http://uri.interlex.org/base/ilx_0795501,Tendon of flexor carpi ulnaris,http://uri.interlex.org/base/ilx_0794953,medial cutaneous nerve of the forearm,http://purl.obolibrary.org/obo/UBERON_0001406,ulnar artery,,
http://purl.org/tara/ontology/TARA_6421594,TARA:6421594,HT 6,Heart Meridian,http://purl.obolibrary.org/obo/UBERON_0002386,forelimb zeugopod,http://uri.interlex.org/base/ilx_0795334,palmar wrist crease,http://purl.obolibrary.org/obo/UBERON_0001494,ulnar nerve,http://purl.obolibrary.org/obo/UBERON_0001406,ulnar artery,,
http://purl.org/tara/ontology/TARA_6421594,TARA:6421594,HT 6,Heart Meridian,http://purl.obolibrary.org/obo/UBERON_0002386,forelimb zeugopod,http://uri.interlex.org/base/ilx_0795334,palmar wrist crease,http://uri.interlex.org/base/ilx_0794953,medial cutaneous nerve of the forearm,http://purl.obolibrary.org/obo/UBERON_0001406,ulnar artery,,
http://purl.org/tara/ontology/TARA_6421594,TARA:6421594,HT 6,Heart Meridian,http://purl.obolibrary.org/obo/UBERON_0002386,forelimb zeugopod,http://purl.obolibrary.org/obo/UBERON_0001429,pisiform,http://purl.obolibrary.org/obo/UBERON_0001494,ulnar nerve,http://purl.obolibrary.org/obo/UBERON_0001406,ulnar artery,,
http://purl.org/tara/ontology/TARA_6421594,TARA:6421594,HT 6,Heart Meridian,http://purl.obolibrary.org/obo/UBERON_0002386,forelimb zeugopod,http://purl.obolibrary.org/obo/UBERON_0001429,pisiform,http://uri.interlex.org/base/ilx_0794953,medial cutaneous nerve of the forearm,http://purl.obolibrary.org/obo/UBERON_0001406,ulnar artery,,
http://purl.org/tara/ontology/TARA_6421594,TARA:6421594,HT 6,Heart Meridian,http://purl.obolibrary.org/obo/UBERON_0002386,forelimb zeugopod,http://purl.obolibrary.org/obo/UBERON_0001424,ulna,http://purl.obolibrary.org/obo/UBERON_0001494,ulnar nerve,http://purl.obolibrary.org/obo/UBERON_0001406,ulnar artery,,
http://purl.org/tara/ontology/TARA_6421594,TARA:6421594,HT 6,Heart Meridian,http://purl.obolibrary.org/obo/UBERON_0002386,forelimb zeugopod,http://purl.obolibrary.org/obo/UBERON_0001424,ulna,http://uri.interlex.org/base/ilx_0794953,medial cutaneous nerve of the forearm,http://purl.obolibrary.org/obo/UBERON_0001406,ulnar artery,,
http://purl.org/tara/ontology/TARA_2442762,TARA:2442762,HT 7,Heart Meridian,http://purl.obolibrary.org/obo/UBERON_0004452,carpal region,http://uri.interlex.org/base/ilx_0795501,Tendon of flexor carpi ulnaris,http://purl.obolibrary.org/obo/UBERON_0001494,ulnar nerve,http://purl.obolibrary.org/obo/UBERON_0001406,ulnar artery,,
http://purl.org/tara/ontology/TARA_2442762,TARA:2442762,HT 7,Heart Meridian,http://purl.obolibrary.org/obo/UBERON_0004452,carpal region,http://uri.interlex.org/base/ilx_0795501,Tendon of flexor carpi ulnaris,http://uri.interlex.org/base/ilx_0794953,medial cutaneous nerve of the forearm,http://purl.obolibrary.org/obo/UBERON_0001406,ulnar artery,,
http://purl.org/tara/ontology/TARA_2442762,TARA:2442762,HT 7,Heart Meridian,http://purl.obolibrary.org/obo/UBERON_0004452,carpal region,http://uri.interlex.org/base/ilx_0795334,palmar wrist crease,http://purl.obolibrary.org/obo/UBERON_0001494,ulnar nerve,http://purl.obolibrary.org/obo/UBERON_0001406,ulnar artery,,
http://purl.org/tara/ontology/TARA_2442762,TARA:2442762,HT 7,Heart Meridian,http://purl.obolibrary.org/obo/UBERON_0004452,carpal region,http://uri.interlex.org/base/ilx_0795334,palmar wrist crease,http://uri.interlex.org/base/ilx_0794953,medial cutaneous nerve of the forearm,http://purl.obolibrary.org/obo/UBERON_0001406,ulnar artery,,
http://purl.org/tara/ontology/TARA_2442762,TARA:2442762,HT 7,Heart Meridian,http://purl.obolibrary.org/obo/UBERON_0004452,carpal region,http://purl.obolibrary.org/obo/UBERON_0001429,pisiform,http://purl.obolibrary.org/obo/UBERON_0001494,ulnar nerve,http://purl.obolibrary.org/obo/UBERON_0001406,ulnar artery,,
http://purl.org/tara/ontology/TARA_2442762,TARA:2442762,HT 7,Heart Meridian,http://purl.obolibrary.org/obo/UBERON_0004452,carpal region,http://purl.obolibrary.org/obo/UBERON_0001429,pisiform,http://uri.interlex.org/base/ilx_0794953,medial cutaneous nerve of the forearm,http://purl.obolibrary.org/obo/UBERON_0001406,ulnar artery,,
http://purl.org/tara/ontology/TARA_6707910,TARA:6707910,HT 8,Heart Meridian,http://purl.obolibrary.org/obo/UBERON_0002398,manus,http://purl.obolibrary.org/obo/UBERON_0003625,manual digit 5,http://uri.interlex.org/base/ilx_0797488,Fourth common palmar digital nerve,http://purl.obolibrary.org/obo/UBERON_0001410,common palmar digital artery,http://purl.obolibrary.org/obo/UBERON_0001412,common palmar digital vein
http://purl.org/tara/ontology/TARA_6707910,TARA:6707910,HT 8,Heart Meridian,http://purl.obolibrary.org/obo/UBERON_0002398,manus,http://purl.obolibrary.org/obo/UBERON_0003625,manual digit 5,http://purl.obolibrary.org/obo/UBERON_0001494,ulnar nerve,http://purl.obolibrary.org/obo/UBERON_0001410,common palmar digital artery,http://purl.obolibrary.org/obo/UBERON_0001412,common palmar digital vein
http://purl.org/tara/ontology/TARA_6707910,TARA:6707910,HT 8,Heart Meridian,http://purl.obolibrary.org/obo/UBERON_0002398,manus,http://purl.obolibrary.org/obo/UBERON_0003648,metacarpal bone of digit 4,http://uri.interlex.org/base/ilx_0797488,Fourth common palmar digital nerve,http://purl.obolibrary.org/obo/UBERON_0001410,common palmar digital artery,http://purl.obolibrary.org/obo/UBERON_0001412,common palmar digital vein
http://purl.org/tara/ontology/TARA_6707910,TARA:6707910,HT 8,Heart Meridian,http://purl.obolibrary.org/obo/UBERON_0002398,manus,http://purl.obolibrary.org/obo/UBERON_0003648,metacarpal bone of digit 4,http://purl.obolibrary.org/obo/UBERON_0001494,ulnar nerve,http://purl.obolibrary.org/obo/UBERON_0001410,common palmar digital artery,http://purl.obolibrary.org/obo/UBERON_0001412,common palmar digital vein
http://purl.org/tara/ontology/TARA_6707910,TARA:6707910,HT 8,Heart Meridian,http://purl.obolibrary.org/obo/UBERON_0002398,manus,http://purl.obolibrary.org/obo/UBERON_0003649,metacarpal bone of digit 5,http://uri.interlex.org/base/ilx_0797488,Fourth common palmar digital nerve,http://purl.obolibrary.org/obo/UBERON_0001410,common palmar digital artery,http://purl.obolibrary.org/obo/UBERON_0001412,common palmar digital vein
http://purl.org/tara/ontology/TARA_6707910,TARA:6707910,HT 8,Heart Meridian,http://purl.obolibrary.org/obo/UBERON_0002398,manus,http://purl.obolibrary.org/obo/UBERON_0003649,metacarpal bone of digit 5,http://purl.obolibrary.org/obo/UBERON_0001494,ulnar nerve,http://purl.obolibrary.org/obo/UBERON_0001410,common palmar digital artery,http://purl.obolibrary.org/obo/UBERON_0001412,common palmar digital vein
http://purl.org/tara/ontology/TARA_6707910,TARA:6707910,HT 8,Heart Meridian,http://purl.obolibrary.org/obo/UBERON_0002398,manus,http://purl.obolibrary.org/obo/UBERON_0007747,metacarpophalangeal joint of manual digit 5,http://uri.interlex.org/base/ilx_0797488,Fourth common palmar digital nerve,http://purl.obolibrary.org/obo/UBERON_0001410,common palmar digital artery,http://purl.obolibrary.org/obo/UBERON_0001412,common palmar digital vein
http://purl.org/tara/ontology/TARA_6707910,TARA:6707910,HT 8,Heart Meridian,http://purl.obolibrary.org/obo/UBERON_0002398,manus,http://purl.obolibrary.org/obo/UBERON_0007747,metacarpophalangeal joint of manual digit 5,http://purl.obolibrary.org/obo/UBERON_0001494,ulnar nerve,http://purl.obolibrary.org/obo/UBERON_0001410,common palmar digital artery,http://purl.obolibrary.org/obo/UBERON_0001412,common palmar digital vein
http://purl.org/tara/ontology/TARA_6707910,TARA:6707910,HT 8,Heart Meridian,http://purl.obolibrary.org/obo/UBERON_0008878,palmar part of manus,http://purl.obolibrary.org/obo/UBERON_0003625,manual digit 5,http://uri.interlex.org/base/ilx_0797488,Fourth common palmar digital nerve,http://purl.obolibrary.org/obo/UBERON_0001410,common palmar digital artery,http://purl.obolibrary.org/obo/UBERON_0001412,common palmar digital vein
http://purl.org/tara/ontology/TARA_6707910,TARA:6707910,HT 8,Heart Meridian,http://purl.obolibrary.org/obo/UBERON_0008878,palmar part of manus,http://purl.obolibrary.org/obo/UBERON_0003625,manual digit 5,http://purl.obolibrary.org/obo/UBERON_0001494,ulnar nerve,http://purl.obolibrary.org/obo/UBERON_0001410,common palmar digital artery,http://purl.obolibrary.org/obo/UBERON_0001412,common palmar digital vein
http://purl.org/tara/ontology/TARA_6707910,TARA:6707910,HT 8,Heart Meridian,http://purl.obolibrary.org/obo/UBERON_0008878,palmar part of manus,http://purl.obolibrary.org/obo/UBERON_0003648,metacarpal bone of digit 4,http://uri.interlex.org/base/ilx_0797488,Fourth common palmar digital nerve,http://purl.obolibrary.org/obo/UBERON_0001410,common palmar digital artery,http://purl.obolibrary.org/obo/UBERON_0001412,common palmar digital vein
http://purl.org/tara/ontology/TARA_6707910,TARA:6707910,HT 8,Heart Meridian,http://purl.obolibrary.org/obo/UBERON_0008878,palmar part of manus,http://purl.obolibrary.org/obo/UBERON_0003648,metacarpal bone of digit 4,http://purl.obolibrary.org/obo/UBERON_0001494,ulnar nerve,http://purl.obolibrary.org/obo/UBERON_0001410,common palmar digital artery,http://purl.obolibrary.org/obo/UBERON_0001412,common palmar digital vein
http://purl.org/tara/ontology/TARA_6707910,TARA:6707910,HT 8,Heart Meridian,http://purl.obolibrary.org/obo/UBERON_0008878,palmar part of manus,http://purl.obolibrary.org/obo/UBERON_0003649,metacarpal bone of digit 5,http://uri.interlex.org/base/ilx_0797488,Fourth common palmar digital nerve,http://purl.obolibrary.org/obo/UBERON_0001410,common palmar digital artery,http://purl.obolibrary.org/obo/UBERON_0001412,common palmar digital vein
http://purl.org/tara/ontology/TARA_6707910,TARA:6707910,HT 8,Heart Meridian,http://purl.obolibrary.org/obo/UBERON_0008878,palmar part of manus,http://purl.obolibrary.org/obo/UBERON_0003649,metacarpal bone of digit 5,http://purl.obolibrary.org/obo/UBERON_0001494,ulnar nerve,http://purl.obolibrary.org/obo/UBERON_0001410,common palmar digital artery,http://purl.obolibrary.org/obo/UBERON_0001412,common palmar digital vein
http://purl.org/tara/ontology/TARA_6707910,TARA:6707910,HT 8,Heart Meridian,http://purl.obolibrary.org/obo/UBERON_0008878,palmar part of manus,http://purl.obolibrary.org/obo/UBERON_0007747,metacarpophalangeal joint of manual digit 5,http://uri.interlex.org/base/ilx_0797488,Fourth common palmar digital nerve,http://purl.obolibrary.org/obo/UBERON_0001410,common palmar digital artery,http://purl.obolibrary.org/obo/UBERON_0001412,common palmar digital vein
http://purl.org/tara/ontology/TARA_6707910,TARA:6707910,HT 8,Heart Meridian,http://purl.obolibrary.org/obo/UBERON_0008878,palmar part of manus,http://purl.obolibrary.org/obo/UBERON_0007747,metacarpophalangeal joint of manual digit 5,http://purl.obolibrary.org/obo/UBERON_0001494,ulnar nerve,http://purl.obolibrary.org/obo/UBERON_0001410,common palmar digital artery,http://purl.obolibrary.org/obo/UBERON_0001412,common palmar digital vein
http://purl.org/tara/ontology/TARA_8651539,TARA:8651539,HT 9,Heart Meridian,http://purl.obolibrary.org/obo/UBERON_0003625,manual digit 5,http://purl.obolibrary.org/obo/UBERON_0004300,distal phalanx,http://purl.obolibrary.org/obo/UBERON_0001494,ulnar nerve,http://purl.obolibrary.org/obo/UBERON_0006137,proper palmar digital artery,http://purl.obolibrary.org/obo/UBERON_0004561,proper palmar digital vein
http://purl.org/tara/ontology/TARA_8651539,TARA:8651539,HT 9,Heart Meridian,http://purl.obolibrary.org/obo/UBERON_0003625,manual digit 5,http://purl.obolibrary.org/obo/UBERON_0004300,distal phalanx,http://uri.interlex.org/base/ilx_0797489,Proper palmar digital nerve,http://purl.obolibrary.org/obo/UBERON_0006137,proper palmar digital artery,http://purl.obolibrary.org/obo/UBERON_0004561,proper palmar digital vein
http://purl.org/tara/ontology/TARA_8651539,TARA:8651539,HT 9,Heart Meridian,http://purl.obolibrary.org/obo/UBERON_0003625,manual digit 5,http://purl.obolibrary.org/obo/UBERON_0011277,nail of manual digit 5,http://purl.obolibrary.org/obo/UBERON_0001494,ulnar nerve,http://purl.obolibrary.org/obo/UBERON_0006137,proper palmar digital artery,http://purl.obolibrary.org/obo/UBERON_0004561,proper palmar digital vein
http://purl.org/tara/ontology/TARA_8651539,TARA:8651539,HT 9,Heart Meridian,http://purl.obolibrary.org/obo/UBERON_0003625,manual digit 5,http://purl.obolibrary.org/obo/UBERON_0011277,nail of manual digit 5,http://uri.interlex.org/base/ilx_0797489,Proper palmar digital nerve,http://purl.obolibrary.org/obo/UBERON_0006137,proper palmar digital artery,http://purl.obolibrary.org/obo/UBERON_0004561,proper palmar digital vein
http://purl.org/tara/ontology/TARA_4512048,TARA:4512048,KI 1,Kidney Meridian,http://purl.obolibrary.org/obo/UBERON_0008338,plantar part of pes,http://purl.obolibrary.org/obo/UBERON_0003632,pedal digit 2,,,,,,
http://purl.org/tara/ontology/TARA_4512048,TARA:4512048,KI 1,Kidney Meridian,http://purl.obolibrary.org/obo/UBERON_0008338,plantar part of pes,http://purl.obolibrary.org/obo/UBERON_0003633,pedal digit 3,,,,,,
http://purl.org/tara/ontology/TARA_8716769,TARA:8716769,KI 10,Kidney Meridian,http://purl.obolibrary.org/obo/UBERON_0001465,knee,http://uri.interlex.org/base/ilx_0795330,popliteal crease,,,,,,
http://purl.org/tara/ontology/TARA_8716769,TARA:8716769,KI 10,Kidney Meridian,http://purl.obolibrary.org/obo/UBERON_0001465,knee,http://purl.obolibrary.org/obo/UBERON_8480009,tendon of semitendinosus,,,,,,
http://purl.org/tara/ontology/TARA_9609679,TARA:9609679,KI 11,Kidney Meridian,http://uri.interlex.org/base/ilx_0795303,lower abdomen,http://uri.interlex.org/base/ilx_0795285,anterior median line,,,,,,
http://purl.org/tara/ontology/TARA_9609679,TARA:9609679,KI 11,Kidney Meridian,http://uri.interlex.org/base/ilx_0795303,lower abdomen,http://purl.obolibrary.org/obo/UBERON_0007118,umbilicus,,,,,,
http://purl.org/tara/ontology/TARA_9217640,TARA:9217640,KI 12,Kidney Meridian,http://uri.interlex.org/base/ilx_0795303,lower abdomen,http://uri.interlex.org/base/ilx_0795285,anterior median line,,,,,,
http://purl.org/tara/ontology/TARA_9217640,TARA:9217640,KI 12,Kidney Meridian,http://uri.interlex.org/base/ilx_0795303,lower abdomen,http://purl.obolibrary.org/obo/UBERON_0007118,umbilicus,,,,,,
http://purl.org/tara/ontology/TARA_5358142,TARA:5358142,KI 13,Kidney Meridian,http://uri.interlex.org/base/ilx_0795303,lower abdomen,http://uri.interlex.org/base/ilx_0795285,anterior median line,,,,,,
http://purl.org/tara/ontology/TARA_5358142,TARA:5358142,KI 13,Kidney Meridian,http://uri.interlex.org/base/ilx_0795303,lower abdomen,http://purl.obolibrary.org/obo/UBERON_0007118,umbilicus,,,,,,
http://purl.org/tara/ontology/TARA_7443484,TARA:7443484,KI 14,Kidney Meridian,http://uri.interlex.org/base/ilx_0795303,lower abdomen,http://uri.interlex.org/base/ilx_0795285,anterior median line,,,,,,
http://purl.org/tara/ontology/TARA_7443484,TARA:7443484,KI 14,Kidney Meridian,http://uri.interlex.org/base/ilx_0795303,lower abdomen,http://purl.obolibrary.org/obo/UBERON_0007118,umbilicus,,,,,,
http://purl.org/tara/ontology/TARA_7875820,TARA:7875820,KI 15,Kidney Meridian,http://uri.interlex.org/base/ilx_0795303,lower abdomen,http://uri.interlex.org/base/ilx_0795285,anterior median line,,,,,,
http://purl.org/tara/ontology/TARA_7875820,TARA:7875820,KI 15,Kidney Meridian,http://uri.interlex.org/base/ilx_0795303,lower abdomen,http://purl.obolibrary.org/obo/UBERON_0007118,umbilicus,,,,,,
http://purl.org/tara/ontology/TARA_4514038,TARA:4514038,KI 16,Kidney Meridian,http://uri.interlex.org/base/ilx_0795301,upper abdomen,http://purl.obolibrary.org/obo/UBERON_0007118,umbilicus,,,,,,
http://purl.org/tara/ontology/TARA_5318555,TARA:5318555,KI 17,Kidney Meridian,http://uri.interlex.org/base/ilx_0795301,upper abdomen,http://uri.interlex.org/base/ilx_0795285,anterior median line,,,,,,
http://purl.org/tara/ontology/TARA_5318555,TARA:5318555,KI 17,Kidney Meridian,http://uri.interlex.org/base/ilx_0795301,upper abdomen,http://purl.obolibrary.org/obo/UBERON_0007118,umbilicus,,,,,,
http://purl.org/tara/ontology/TARA_1297236,TARA:1297236,KI 18,Kidney Meridian,http://uri.interlex.org/base/ilx_0795301,upper abdomen,http://uri.interlex.org/base/ilx_0795285,anterior median line,,,,,,
http://purl.org/tara/ontology/TARA_1297236,TARA:1297236,KI 18,Kidney Meridian,http://uri.interlex.org/base/ilx_0795301,upper abdomen,http://purl.obolibrary.org/obo/UBERON_0007118,umbilicus,,,,,,
http://purl.org/tara/ontology/TARA_5435505,TARA:5435505,KI 19,Kidney Meridian,http://uri.interlex.org/base/ilx_0795301,upper abdomen,http://uri.interlex.org/base/ilx_0795285,anterior median line,,,,,,
http://purl.org/tara/ontology/TARA_5435505,TARA:5435505,KI 19,Kidney Meridian,http://uri.interlex.org/base/ilx_0795301,upper abdomen,http://purl.obolibrary.org/obo/UBERON_0007118,umbilicus,,,,,,
http://purl.org/tara/ontology/TARA_3114756,TARA:3114756,KI 2,Kidney Meridian,http://purl.obolibrary.org/obo/UBERON_0002387,pes,http://purl.obolibrary.org/obo/UBERON_0010759,equine distal sesamoid,,,,,,
http://purl.org/tara/ontology/TARA_5721784,TARA:5721784,KI 20,Kidney Meridian,http://uri.interlex.org/base/ilx_0795301,upper abdomen,http://uri.interlex.org/base/ilx_0795285,anterior median line,,,,,,
http://purl.org/tara/ontology/TARA_5721784,TARA:5721784,KI 20,Kidney Meridian,http://uri.interlex.org/base/ilx_0795301,upper abdomen,http://purl.obolibrary.org/obo/UBERON_0007118,umbilicus,,,,,,
http://purl.org/tara/ontology/TARA_3952187,TARA:3952187,KI 21,Kidney Meridian,http://uri.interlex.org/base/ilx_0795301,upper abdomen,http://uri.interlex.org/base/ilx_0795285,anterior median line,,,,,,
http://purl.org/tara/ontology/TARA_3952187,TARA:3952187,KI 21,Kidney Meridian,http://uri.interlex.org/base/ilx_0795301,upper abdomen,http://purl.obolibrary.org/obo/UBERON_0007118,umbilicus,,,,,,
http://purl.org/tara/ontology/TARA_7391140,TARA:7391140,KI 22,Kidney Meridian,http://purl.obolibrary.org/obo/UBERON_0016416,anterior chest,http://uri.interlex.org/base/ilx_0795285,anterior median line,,,,,,
http://purl.org/tara/ontology/TARA_7391140,TARA:7391140,KI 22,Kidney Meridian,http://purl.obolibrary.org/obo/UBERON_0016416,anterior chest,http://uri.interlex.org/base/ilx_0795299,fifth intercostal space,,,,,,
http://purl.org/tara/ontology/TARA_4050310,TARA:4050310,KI 23,Kidney Meridian,http://purl.obolibrary.org/obo/UBERON_0016416,anterior chest,http://uri.interlex.org/base/ilx_0795285,anterior median line,,,,,,
http://purl.org/tara/ontology/TARA_4050310,TARA:4050310,KI 23,Kidney Meridian,http://purl.obolibrary.org/obo/UBERON_0016416,anterior chest,http://uri.interlex.org/base/ilx_0795298,fourth intercostal space,,,,,,
http://purl.org/tara/ontology/TARA_8665273,TARA:8665273,KI 24,Kidney Meridian,http://purl.obolibrary.org/obo/UBERON_0016416,anterior chest,http://uri.interlex.org/base/ilx_0795285,anterior median line,,,,,,
http://purl.org/tara/ontology/TARA_8665273,TARA:8665273,KI 24,Kidney Meridian,http://purl.obolibrary.org/obo/UBERON_0016416,anterior chest,http://uri.interlex.org/base/ilx_0795297,third intercostal space,,,,,,
http://purl.org/tara/ontology/TARA_6599956,TARA:6599956,KI 25,Kidney Meridian,http://purl.obolibrary.org/obo/UBERON_0016416,anterior chest,http://uri.interlex.org/base/ilx_0795285,anterior median line,,,,,,
http://purl.org/tara/ontology/TARA_6599956,TARA:6599956,KI 25,Kidney Meridian,http://purl.obolibrary.org/obo/UBERON_0016416,anterior chest,http://uri.interlex.org/base/ilx_0795295,second intercostal space,,,,,,
http://purl.org/tara/ontology/TARA_2070107,TARA:2070107,KI 26,Kidney Meridian,http://purl.obolibrary.org/obo/UBERON_0016416,anterior chest,http://uri.interlex.org/base/ilx_0795285,anterior median line,,,,,,
http://purl.org/tara/ontology/TARA_2070107,TARA:2070107,KI 26,Kidney Meridian,http://purl.obolibrary.org/obo/UBERON_0016416,anterior chest,http://uri.interlex.org/base/ilx_0795283,first intercostal space,,,,,,
http://purl.org/tara/ontology/TARA_4459765,TARA:4459765,KI 27,Kidney Meridian,http://purl.obolibrary.org/obo/UBERON_0016416,anterior chest,http://uri.interlex.org/base/ilx_0795285,anterior median line,,,,,,
http://purl.org/tara/ontology/TARA_4459765,TARA:4459765,KI 27,Kidney Meridian,http://purl.obolibrary.org/obo/UBERON_0016416,anterior chest,http://purl.obolibrary.org/obo/UBERON_0001105,clavicle bone,,,,,,
http://purl.org/tara/ontology/TARA_4362146,TARA:4362146,KI 3,Kidney Meridian,http://purl.obolibrary.org/obo/UBERON_0004454,tarsal region,http://purl.obolibrary.org/obo/UBERON_0003701,calcaneal tendon,,,,,,
http://purl.org/tara/ontology/TARA_4362146,TARA:4362146,KI 3,Kidney Meridian,http://purl.obolibrary.org/obo/UBERON_0004454,tarsal region,http://uri.interlex.org/base/ilx_0795305,medial malleolus,,,,,,
http://purl.org/tara/ontology/TARA_0341289,TARA:0341289,KI 4,Kidney Meridian,http://purl.obolibrary.org/obo/UBERON_0002387,pes,http://purl.obolibrary.org/obo/UBERON_0003701,calcaneal tendon,,,,,,
http://purl.org/tara/ontology/TARA_0341289,TARA:0341289,KI 4,Kidney Meridian,http://purl.obolibrary.org/obo/UBERON_0002387,pes,http://purl.obolibrary.org/obo/UBERON_0001450,calcaneus,,,,,,
http://purl.org/tara/ontology/TARA_0341289,TARA:0341289,KI 4,Kidney Meridian,http://purl.obolibrary.org/obo/UBERON_0002387,pes,http://uri.interlex.org/base/ilx_0795305,medial malleolus,,,,,,
http://purl.org/tara/ontology/TARA_5122409,TARA:5122409,KI 5,Kidney Meridian,http://purl.obolibrary.org/obo/UBERON_0002387,pes,http://purl.obolibrary.org/obo/UBERON_7500094,tubercle of calcaneus,,,,,,
http://purl.org/tara/ontology/TARA_2108622,TARA:2108622,KI 6,Kidney Meridian,http://purl.obolibrary.org/obo/UBERON_0002387,pes,http://uri.interlex.org/base/ilx_0795305,medial malleolus,,,,,,
http://purl.org/tara/ontology/TARA_9881298,TARA:9881298,KI 7,Kidney Meridian,http://purl.obolibrary.org/obo/UBERON_0003823,hindlimb zeugopod,http://purl.obolibrary.org/obo/UBERON_0003701,calcaneal tendon,,,,,,
http://purl.org/tara/ontology/TARA_9881298,TARA:9881298,KI 7,Kidney Meridian,http://purl.obolibrary.org/obo/UBERON_0003823,hindlimb zeugopod,http://uri.interlex.org/base/ilx_0795305,medial malleolus,,,,,,
http://purl.org/tara/ontology/TARA_6046086,TARA:6046086,KI 8,Kidney Meridian,http://purl.obolibrary.org/obo/UBERON_0003823,hindlimb zeugopod,http://uri.interlex.org/base/ilx_0795305,medial malleolus,,,,,,
http://purl.org/tara/ontology/TARA_6046086,TARA:6046086,KI 8,Kidney Meridian,http://purl.obolibrary.org/obo/UBERON_0003823,hindlimb zeugopod,http://purl.obolibrary.org/obo/UBERON_0000979,tibia,,,,,,
http://purl.org/tara/ontology/TARA_2687954,TARA:2687954,KI 9,Kidney Meridian,http://purl.obolibrary.org/obo/UBERON_0003823,hindlimb zeugopod,http://purl.obolibrary.org/obo/UBERON_0003701,calcaneal tendon,,,,,,
http://purl.org/tara/ontology/TARA_2687954,TARA:2687954,KI 9,Kidney Meridian,http://purl.obolibrary.org/obo/UBERON_0003823,hindlimb zeugopod,http://uri.interlex.org/base/ilx_0795305,medial malleolus,,,,,,
http://purl.org/tara/ontology/TARA_2687954,TARA:2687954,KI 9,Kidney Meridian,http://purl.obolibrary.org/obo/UBERON_0003823,hindlimb zeugopod,http://purl.obolibrary.org/obo/UBERON_0001389,soleus muscle,,,,,,
http://purl.org/tara/ontology/TARA_2687954,TARA:2687954,KI 9,Kidney Meridian,http://purl.obolibrary.org/obo/UBERON_0003823,hindlimb zeugopod,http://purl.obolibrary.org/obo/UBERON_0000979,tibia,,,,,,
http://purl.org/tara/ontology/TARA_6314936,TARA:6314936,LI 1,Large Intestine Meridian,http://purl.obolibrary.org/obo/UBERON_0003622,manual digit 2,http://purl.obolibrary.org/obo/UBERON_0004300,distal phalanx,http://uri.interlex.org/base/ilx_0795018,palmar digital nerve,http://purl.obolibrary.org/obo/UBERON_0006163,dorsal digital artery,http://uri.interlex.org/base/ilx_0797525,Dorsal digital veins
http://purl.org/tara/ontology/TARA_6314936,TARA:6314936,LI 1,Large Intestine Meridian,http://purl.obolibrary.org/obo/UBERON_0003622,manual digit 2,http://purl.obolibrary.org/obo/UBERON_0004300,distal phalanx,http://uri.interlex.org/base/ilx_0795018,proper palmar digital branches of median nerve,http://purl.obolibrary.org/obo/UBERON_0006163,dorsal digital artery,http://uri.interlex.org/base/ilx_0797525,Dorsal digital veins
http://purl.org/tara/ontology/TARA_6314936,TARA:6314936,LI 1,Large Intestine Meridian,http://purl.obolibrary.org/obo/UBERON_0003622,manual digit 2,http://purl.obolibrary.org/obo/UBERON_0011274,nail of manual digit 2,http://uri.interlex.org/base/ilx_0795018,palmar digital nerve,http://purl.obolibrary.org/obo/UBERON_0006163,dorsal digital artery,http://uri.interlex.org/base/ilx_0797525,Dorsal digital veins
http://purl.org/tara/ontology/TARA_6314936,TARA:6314936,LI 1,Large Intestine Meridian,http://purl.obolibrary.org/obo/UBERON_0003622,manual digit 2,http://purl.obolibrary.org/obo/UBERON_0011274,nail of manual digit 2,http://uri.interlex.org/base/ilx_0795018,proper palmar digital branches of median nerve,http://purl.obolibrary.org/obo/UBERON_0006163,dorsal digital artery,http://uri.interlex.org/base/ilx_0797525,Dorsal digital veins
http://purl.org/tara/ontology/TARA_0742938,TARA:0742938,LI 10,Large Intestine Meridian,http://purl.obolibrary.org/obo/UBERON_0002386,forelimb zeugopod,http://uri.interlex.org/base/ilx_0795332,cubital crease,http://uri.interlex.org/base/ilx_0794977,deep branch of radial nerve,http://uri.interlex.org/base/ilx_0797494,Radial recurrent artery,http://uri.interlex.org/base/ilx_0797495,Radial recurrent vein
http://purl.org/tara/ontology/TARA_0742938,TARA:0742938,LI 10,Large Intestine Meridian,http://purl.obolibrary.org/obo/UBERON_0002386,forelimb zeugopod,http://uri.interlex.org/base/ilx_0795332,cubital crease,http://uri.interlex.org/base/ilx_0797477,Posterior antebrachial cutaneous nerve,http://uri.interlex.org/base/ilx_0797494,Radial recurrent artery,http://uri.interlex.org/base/ilx_0797495,Radial recurrent vein
http://purl.org/tara/ontology/TARA_8923096,TARA:8923096,LI 11,Large Intestine Meridian,http://purl.obolibrary.org/obo/UBERON_0001461,elbow,http://uri.interlex.org/base/ilx_0795332,cubital crease,http://uri.interlex.org/base/ilx_0797477,Posterior antebrachial cutaneous nerve,http://uri.interlex.org/base/ilx_0797494,Radial recurrent artery,http://uri.interlex.org/base/ilx_0797495,Radial recurrent vein
http://purl.org/tara/ontology/TARA_8923096,TARA:8923096,LI 11,Large Intestine Meridian,http://purl.obolibrary.org/obo/UBERON_0001461,elbow,http://uri.interlex.org/base/ilx_0795332,cubital crease,http://purl.obolibrary.org/obo/UBERON_0001492,radial nerve,http://uri.interlex.org/base/ilx_0797494,Radial recurrent artery,http://uri.interlex.org/base/ilx_0797495,Radial recurrent vein
http://purl.org/tara/ontology/TARA_8923096,TARA:8923096,LI 11,Large Intestine Meridian,http://purl.obolibrary.org/obo/UBERON_0001461,elbow,http://purl.obolibrary.org/obo/UBERON_0006807,ectepicondyle of humerus,http://uri.interlex.org/base/ilx_0797477,Posterior antebrachial cutaneous nerve,http://uri.interlex.org/base/ilx_0797494,Radial recurrent artery,http://uri.interlex.org/base/ilx_0797495,Radial recurrent vein
http://purl.org/tara/ontology/TARA_8923096,TARA:8923096,LI 11,Large Intestine Meridian,http://purl.obolibrary.org/obo/UBERON_0001461,elbow,http://purl.obolibrary.org/obo/UBERON_0006807,ectepicondyle of humerus,http://purl.obolibrary.org/obo/UBERON_0001492,radial nerve,http://uri.interlex.org/base/ilx_0797494,Radial recurrent artery,http://uri.interlex.org/base/ilx_0797495,Radial recurrent vein
http://purl.org/tara/ontology/TARA_9554328,TARA:9554328,LI 12,Large Intestine Meridian,http://purl.obolibrary.org/obo/UBERON_0001461,elbow,http://purl.obolibrary.org/obo/UBERON_0006807,ectepicondyle of humerus,http://uri.interlex.org/base/ilx_0797477,Posterior antebrachial cutaneous nerve,http://uri.interlex.org/base/ilx_0797497,Radial collateral artery,http://uri.interlex.org/base/ilx_0797528,Radial collateral vein
http://purl.org/tara/ontology/TARA_9554328,TARA:9554328,LI 12,Large Intestine Meridian,http://purl.obolibrary.org/obo/UBERON_0001461,elbow,http://purl.obolibrary.org/obo/UBERON_0006807,ectepicondyle of humerus,http://purl.obolibrary.org/obo/UBERON_0001492,radial nerve,http://uri.interlex.org/base/ilx_0797497,Radial collateral artery,http://uri.interlex.org/base/ilx_0797528,Radial collateral vein
http://purl.org/tara/ontology/TARA_9554328,TARA:9554328,LI 12,Large Intestine Meridian,http://purl.obolibrary.org/obo/UBERON_0001461,elbow,http://uri.interlex.org/base/ilx_0795338,lateral supraepicondylar ridge,http://uri.interlex.org/base/ilx_0797477,Posterior antebrachial cutaneous nerve,http://uri.interlex.org/base/ilx_0797497,Radial collateral artery,http://uri.interlex.org/base/ilx_0797528,Radial collateral vein
http://purl.org/tara/ontology/TARA_9554328,TARA:9554328,LI 12,Large Intestine Meridian,http://purl.obolibrary.org/obo/UBERON_0001461,elbow,http://uri.interlex.org/base/ilx_0795338,lateral supraepicondylar ridge,http://purl.obolibrary.org/obo/UBERON_0001492,radial nerve,http://uri.interlex.org/base/ilx_0797497,Radial collateral artery,http://uri.interlex.org/base/ilx_0797528,Radial collateral vein
http://purl.org/tara/ontology/TARA_5609823,TARA:5609823,LI 13,Large Intestine Meridian,http://purl.obolibrary.org/obo/UBERON_0001460,arm,http://uri.interlex.org/base/ilx_0795332,cubital crease,http://uri.interlex.org/base/ilx_0797477,Posterior antebrachial cutaneous nerve,http://uri.interlex.org/base/ilx_0797497,Radial collateral artery,http://uri.interlex.org/base/ilx_0797528,Radial collateral vein
http://purl.org/tara/ontology/TARA_5609823,TARA:5609823,LI 13,Large Intestine Meridian,http://purl.obolibrary.org/obo/UBERON_0001460,arm,http://uri.interlex.org/base/ilx_0795332,cubital crease,http://purl.obolibrary.org/obo/UBERON_0001492,radial nerve,http://uri.interlex.org/base/ilx_0797497,Radial collateral artery,http://uri.interlex.org/base/ilx_0797528,Radial collateral vein
http://purl.org/tara/ontology/TARA_3744150,TARA:3744150,LI 14,Large Intestine Meridian,http://purl.obolibrary.org/obo/UBERON_0001460,arm,http://purl.obolibrary.org/obo/UBERON_0001476,deltoid,http://uri.interlex.org/base/ilx_0795005,Posterior cutaneous nerve of arm,http://uri.interlex.org/base/ilx_0797496,Posterior circumflex humeral artery,http://purl.obolibrary.org/obo/UBERON_0006200,caudal humeral circumflex vein
http://purl.org/tara/ontology/TARA_3744150,TARA:3744150,LI 14,Large Intestine Meridian,http://purl.obolibrary.org/obo/UBERON_0001460,arm,http://purl.obolibrary.org/obo/UBERON_0001476,deltoid,http://uri.interlex.org/base/ilx_0795005,Posterior cutaneous nerve of arm,http://uri.interlex.org/base/ilx_0797496,Posterior circumflex humeral artery,http://uri.interlex.org/base/ilx_0797498,Deep brachial vein
http://purl.org/tara/ontology/TARA_3744150,TARA:3744150,LI 14,Large Intestine Meridian,http://purl.obolibrary.org/obo/UBERON_0001460,arm,http://purl.obolibrary.org/obo/UBERON_0001476,deltoid,http://uri.interlex.org/base/ilx_0795005,Posterior cutaneous nerve of arm,http://purl.obolibrary.org/obo/UBERON_0001399,deep brachial artery,http://purl.obolibrary.org/obo/UBERON_0006200,caudal humeral circumflex vein
http://purl.org/tara/ontology/TARA_3744150,TARA:3744150,LI 14,Large Intestine Meridian,http://purl.obolibrary.org/obo/UBERON_0001460,arm,http://purl.obolibrary.org/obo/UBERON_0001476,deltoid,http://uri.interlex.org/base/ilx_0795005,Posterior cutaneous nerve of arm,http://purl.obolibrary.org/obo/UBERON_0001399,deep brachial artery,http://uri.interlex.org/base/ilx_0797498,Deep brachial vein
http://purl.org/tara/ontology/TARA_3744150,TARA:3744150,LI 14,Large Intestine Meridian,http://purl.obolibrary.org/obo/UBERON_0001460,arm,http://purl.obolibrary.org/obo/UBERON_0001476,deltoid,http://purl.obolibrary.org/obo/UBERON_0001492,radial nerve,http://uri.interlex.org/base/ilx_0797496,Posterior circumflex humeral artery,http://purl.obolibrary.org/obo/UBERON_0006200,caudal humeral circumflex vein
http://purl.org/tara/ontology/TARA_3744150,TARA:3744150,LI 14,Large Intestine Meridian,http://purl.obolibrary.org/obo/UBERON_0001460,arm,http://purl.obolibrary.org/obo/UBERON_0001476,deltoid,http://purl.obolibrary.org/obo/UBERON_0001492,radial nerve,http://uri.interlex.org/base/ilx_0797496,Posterior circumflex humeral artery,http://uri.interlex.org/base/ilx_0797498,Deep brachial vein
http://purl.org/tara/ontology/TARA_3744150,TARA:3744150,LI 14,Large Intestine Meridian,http://purl.obolibrary.org/obo/UBERON_0001460,arm,http://purl.obolibrary.org/obo/UBERON_0001476,deltoid,http://purl.obolibrary.org/obo/UBERON_0001492,radial nerve,http://purl.obolibrary.org/obo/UBERON_0001399,deep brachial artery,http://purl.obolibrary.org/obo/UBERON_0006200,caudal humeral circumflex vein
http://purl.org/tara/ontology/TARA_3744150,TARA:3744150,LI 14,Large Intestine Meridian,http://purl.obolibrary.org/obo/UBERON_0001460,arm,http://purl.obolibrary.org/obo/UBERON_0001476,deltoid,http://purl.obolibrary.org/obo/UBERON_0001492,radial nerve,http://purl.obolibrary.org/obo/UBERON_0001399,deep brachial artery,http://uri.interlex.org/base/ilx_0797498,Deep brachial vein
http://purl.org/tara/ontology/TARA_7829474,TARA:7829474,LI 15,Large Intestine Meridian,http://purl.obolibrary.org/obo/UBERON_0001421,pectoral girdle region,http://purl.obolibrary.org/obo/UBERON_0002497,acromion,http://uri.interlex.org/base/ilx_0797475,Lateral supraclavicular nerve,http://uri.interlex.org/base/ilx_0797496,Posterior circumflex humeral artery,http://purl.obolibrary.org/obo/UBERON_0006200,caudal humeral circumflex vein
http://purl.org/tara/ontology/TARA_7829474,TARA:7829474,LI 15,Large Intestine Meridian,http://purl.obolibrary.org/obo/UBERON_0001421,pectoral girdle region,http://purl.obolibrary.org/obo/UBERON_0002497,acromion,http://purl.obolibrary.org/obo/UBERON_0001493,axillary nerve,http://uri.interlex.org/base/ilx_0797496,Posterior circumflex humeral artery,http://purl.obolibrary.org/obo/UBERON_0006200,caudal humeral circumflex vein
http://purl.org/tara/ontology/TARA_7829474,TARA:7829474,LI 15,Large Intestine Meridian,http://purl.obolibrary.org/obo/UBERON_0001421,pectoral girdle region,http://purl.obolibrary.org/obo/UBERON_0011187,ventral tubercle of humerus,http://uri.interlex.org/base/ilx_0797475,Lateral supraclavicular nerve,http://uri.interlex.org/base/ilx_0797496,Posterior circumflex humeral artery,http://purl.obolibrary.org/obo/UBERON_0006200,caudal humeral circumflex vein
http://purl.org/tara/ontology/TARA_7829474,TARA:7829474,LI 15,Large Intestine Meridian,http://purl.obolibrary.org/obo/UBERON_0001421,pectoral girdle region,http://purl.obolibrary.org/obo/UBERON_0011187,ventral tubercle of humerus,http://purl.obolibrary.org/obo/UBERON_0001493,axillary nerve,http://uri.interlex.org/base/ilx_0797496,Posterior circumflex humeral artery,http://purl.obolibrary.org/obo/UBERON_0006200,caudal humeral circumflex vein
http://purl.org/tara/ontology/TARA_1252750,TARA:1252750,LI 16,Large Intestine Meridian,http://purl.obolibrary.org/obo/UBERON_0001421,pectoral girdle region,http://purl.obolibrary.org/obo/UBERON_0001105,clavicle bone,http://uri.interlex.org/base/ilx_0797475,Lateral supraclavicular nerve,http://purl.obolibrary.org/obo/UBERON_0039847,suprascapular artery,http://purl.obolibrary.org/obo/UBERON_0039187,suprascapular vein
http://purl.org/tara/ontology/TARA_1252750,TARA:1252750,LI 16,Large Intestine Meridian,http://purl.obolibrary.org/obo/UBERON_0001421,pectoral girdle region,http://purl.obolibrary.org/obo/UBERON_0001105,clavicle bone,http://purl.obolibrary.org/obo/UBERON_0002019,accessory XI nerve,http://purl.obolibrary.org/obo/UBERON_0039847,suprascapular artery,http://purl.obolibrary.org/obo/UBERON_0039187,suprascapular vein
http://purl.org/tara/ontology/TARA_1252750,TARA:1252750,LI 16,Large Intestine Meridian,http://purl.obolibrary.org/obo/UBERON_0001421,pectoral girdle region,http://purl.obolibrary.org/obo/UBERON_0001105,clavicle bone,http://uri.interlex.org/base/ilx_0794966,suprascapular nerve,http://purl.obolibrary.org/obo/UBERON_0039847,suprascapular artery,http://purl.obolibrary.org/obo/UBERON_0039187,suprascapular vein
http://purl.org/tara/ontology/TARA_1252750,TARA:1252750,LI 16,Large Intestine Meridian,http://purl.obolibrary.org/obo/UBERON_0001421,pectoral girdle region,http://purl.obolibrary.org/obo/UBERON_0006849,scapula,http://uri.interlex.org/base/ilx_0797475,Lateral supraclavicular nerve,http://purl.obolibrary.org/obo/UBERON_0039847,suprascapular artery,http://purl.obolibrary.org/obo/UBERON_0039187,suprascapular vein
http://purl.org/tara/ontology/TARA_1252750,TARA:1252750,LI 16,Large Intestine Meridian,http://purl.obolibrary.org/obo/UBERON_0001421,pectoral girdle region,http://purl.obolibrary.org/obo/UBERON_0006849,scapula,http://purl.obolibrary.org/obo/UBERON_0002019,accessory XI nerve,http://purl.obolibrary.org/obo/UBERON_0039847,suprascapular artery,http://purl.obolibrary.org/obo/UBERON_0039187,suprascapular vein
http://purl.org/tara/ontology/TARA_1252750,TARA:1252750,LI 16,Large Intestine Meridian,http://purl.obolibrary.org/obo/UBERON_0001421,pectoral girdle region,http://purl.obolibrary.org/obo/UBERON_0006849,scapula,http://uri.interlex.org/base/ilx_0794966,suprascapular nerve,http://purl.obolibrary.org/obo/UBERON_0039847,suprascapular artery,http://purl.obolibrary.org/obo/UBERON_0039187,suprascapular vein
http://purl.org/tara/ontology/TARA_1252750,TARA:1252750,LI 16,Large Intestine Meridian,http://purl.obolibrary.org/obo/UBERON_0001421,pectoral girdle region,http://purl.obolibrary.org/obo/UBERON_4200020,suprascapular fossa,http://uri.interlex.org/base/ilx_0797475,Lateral supraclavicular nerve,http://purl.obolibrary.org/obo/UBERON_0039847,suprascapular artery,http://purl.obolibrary.org/obo/UBERON_0039187,suprascapular vein
http://purl.org/tara/ontology/TARA_1252750,TARA:1252750,LI 16,Large Intestine Meridian,http://purl.obolibrary.org/obo/UBERON_0001421,pectoral girdle region,http://purl.obolibrary.org/obo/UBERON_4200020,suprascapular fossa,http://purl.obolibrary.org/obo/UBERON_0002019,accessory XI nerve,http://purl.obolibrary.org/obo/UBERON_0039847,suprascapular artery,http://purl.obolibrary.org/obo/UBERON_0039187,suprascapular vein
http://purl.org/tara/ontology/TARA_1252750,TARA:1252750,LI 16,Large Intestine Meridian,http://purl.obolibrary.org/obo/UBERON_0001421,pectoral girdle region,http://purl.obolibrary.org/obo/UBERON_4200020,suprascapular fossa,http://uri.interlex.org/base/ilx_0794966,suprascapular nerve,http://purl.obolibrary.org/obo/UBERON_0039847,suprascapular artery,http://purl.obolibrary.org/obo/UBERON_0039187,suprascapular vein
http://purl.org/tara/ontology/TARA_2260412,TARA:2260412,LI 17,Large Intestine Meridian,http://purl.obolibrary.org/obo/UBERON_0000974,neck,http://purl.obolibrary.org/obo/UBERON_0002375,cricoid cartilage,http://uri.interlex.org/base/ilx_0797474,Supraclavicular nerve,,,http://purl.obolibrary.org/obo/UBERON_0001101,external jugular vein
http://purl.org/tara/ontology/TARA_2260412,TARA:2260412,LI 17,Large Intestine Meridian,http://purl.obolibrary.org/obo/UBERON_0000974,neck,http://purl.obolibrary.org/obo/UBERON_0002375,cricoid cartilage,http://purl.obolibrary.org/obo/UBERON_0003725,cervical nerve plexus,,,http://purl.obolibrary.org/obo/UBERON_0001101,external jugular vein
http://purl.org/tara/ontology/TARA_2260412,TARA:2260412,LI 17,Large Intestine Meridian,http://purl.obolibrary.org/obo/UBERON_0000974,neck,http://purl.obolibrary.org/obo/UBERON_0002375,cricoid cartilage,http://purl.obolibrary.org/obo/UBERON_0001884,phrenic nerve,,,http://purl.obolibrary.org/obo/UBERON_0001101,external jugular vein
http://purl.org/tara/ontology/TARA_2260412,TARA:2260412,LI 17,Large Intestine Meridian,http://purl.obolibrary.org/obo/UBERON_0000974,neck,http://purl.obolibrary.org/obo/UBERON_0001128,sternocleidomastoid,http://uri.interlex.org/base/ilx_0797474,Supraclavicular nerve,,,http://purl.obolibrary.org/obo/UBERON_0001101,external jugular vein
http://purl.org/tara/ontology/TARA_2260412,TARA:2260412,LI 17,Large Intestine Meridian,http://purl.obolibrary.org/obo/UBERON_0000974,neck,http://purl.obolibrary.org/obo/UBERON_0001128,sternocleidomastoid,http://purl.obolibrary.org/obo/UBERON_0003725,cervical nerve plexus,,,http://purl.obolibrary.org/obo/UBERON_0001101,external jugular vein
http://purl.org/tara/ontology/TARA_2260412,TARA:2260412,LI 17,Large Intestine Meridian,http://purl.obolibrary.org/obo/UBERON_0000974,neck,http://purl.obolibrary.org/obo/UBERON_0001128,sternocleidomastoid,http://purl.obolibrary.org/obo/UBERON_0001884,phrenic nerve,,,http://purl.obolibrary.org/obo/UBERON_0001101,external jugular vein
http://purl.org/tara/ontology/TARA_9159226,TARA:9159226,LI 18,Large Intestine Meridian,http://purl.obolibrary.org/obo/UBERON_0000974,neck,http://purl.obolibrary.org/obo/UBERON_0001128,sternocleidomastoid,http://purl.obolibrary.org/obo/UBERON_0002019,accessory XI nerve,http://purl.obolibrary.org/obo/UBERON_0012322,ascending cervical artery,http://uri.interlex.org/base/ilx_0797499,Ascending cervical vein
http://purl.org/tara/ontology/TARA_9159226,TARA:9159226,LI 18,Large Intestine Meridian,http://purl.obolibrary.org/obo/UBERON_0000974,neck,http://purl.obolibrary.org/obo/UBERON_0001128,sternocleidomastoid,http://uri.interlex.org/base/ilx_0797478,Lesser occipital nerve,http://purl.obolibrary.org/obo/UBERON_0012322,ascending cervical artery,http://uri.interlex.org/base/ilx_0797499,Ascending cervical vein
http://purl.org/tara/ontology/TARA_9159226,TARA:9159226,LI 18,Large Intestine Meridian,http://purl.obolibrary.org/obo/UBERON_0000974,neck,http://purl.obolibrary.org/obo/UBERON_0001128,sternocleidomastoid,http://purl.obolibrary.org/obo/UBERON_0008833,great auricular nerve,http://purl.obolibrary.org/obo/UBERON_0012322,ascending cervical artery,http://uri.interlex.org/base/ilx_0797499,Ascending cervical vein
http://purl.org/tara/ontology/TARA_9159226,TARA:9159226,LI 18,Large Intestine Meridian,http://purl.obolibrary.org/obo/UBERON_0000974,neck,http://purl.obolibrary.org/obo/UBERON_0001128,sternocleidomastoid,http://purl.obolibrary.org/obo/UBERON_0000962,nerve of cervical vertebra,http://purl.obolibrary.org/obo/UBERON_0012322,ascending cervical artery,http://uri.interlex.org/base/ilx_0797499,Ascending cervical vein
http://purl.org/tara/ontology/TARA_9159226,TARA:9159226,LI 18,Large Intestine Meridian,http://purl.obolibrary.org/obo/UBERON_0000974,neck,http://purl.obolibrary.org/obo/UBERON_0001738,thyroid cartilage,http://purl.obolibrary.org/obo/UBERON_0002019,accessory XI nerve,http://purl.obolibrary.org/obo/UBERON_0012322,ascending cervical artery,http://uri.interlex.org/base/ilx_0797499,Ascending cervical vein
http://purl.org/tara/ontology/TARA_9159226,TARA:9159226,LI 18,Large Intestine Meridian,http://purl.obolibrary.org/obo/UBERON_0000974,neck,http://purl.obolibrary.org/obo/UBERON_0001738,thyroid cartilage,http://uri.interlex.org/base/ilx_0797478,Lesser occipital nerve,http://purl.obolibrary.org/obo/UBERON_0012322,ascending cervical artery,http://uri.interlex.org/base/ilx_0797499,Ascending cervical vein
http://purl.org/tara/ontology/TARA_9159226,TARA:9159226,LI 18,Large Intestine Meridian,http://purl.obolibrary.org/obo/UBERON_0000974,neck,http://purl.obolibrary.org/obo/UBERON_0001738,thyroid cartilage,http://purl.obolibrary.org/obo/UBERON_0008833,great auricular nerve,http://purl.obolibrary.org/obo/UBERON_0012322,ascending cervical artery,http://uri.interlex.org/base/ilx_0797499,Ascending cervical vein
http://purl.org/tara/ontology/TARA_9159226,TARA:9159226,LI 18,Large Intestine Meridian,http://purl.obolibrary.org/obo/UBERON_0000974,neck,http://purl.obolibrary.org/obo/UBERON_0001738,thyroid cartilage,http://purl.obolibrary.org/obo/UBERON_0000962,nerve of cervical vertebra,http://purl.obolibrary.org/obo/UBERON_0012322,ascending cervical artery,http://uri.interlex.org/base/ilx_0797499,Ascending cervical vein
http://purl.org/tara/ontology/TARA_8087484,TARA:8087484,LI 19,Large Intestine Meridian,http://purl.obolibrary.org/obo/UBERON_0001456,face,http://purl.obolibrary.org/obo/UBERON_0005928,external naris,http://purl.obolibrary.org/obo/UBERON_0018408,infra-orbital nerve,http://purl.obolibrary.org/obo/UBERON_0001612,facial artery,http://purl.obolibrary.org/obo/UBERON_0001653,facial vein
http://purl.org/tara/ontology/TARA_8087484,TARA:8087484,LI 19,Large Intestine Meridian,http://purl.obolibrary.org/obo/UBERON_0001456,face,http://purl.obolibrary.org/obo/UBERON_0005928,external naris,http://purl.obolibrary.org/obo/UBERON_0001647,facial nerve,http://purl.obolibrary.org/obo/UBERON_0001612,facial artery,http://purl.obolibrary.org/obo/UBERON_0001653,facial vein
http://purl.org/tara/ontology/TARA_8087484,TARA:8087484,LI 19,Large Intestine Meridian,http://purl.obolibrary.org/obo/UBERON_0001456,face,http://purl.obolibrary.org/obo/UBERON_0005402,philtrum,http://purl.obolibrary.org/obo/UBERON_0018408,infra-orbital nerve,http://purl.obolibrary.org/obo/UBERON_0001612,facial artery,http://purl.obolibrary.org/obo/UBERON_0001653,facial vein
http://purl.org/tara/ontology/TARA_8087484,TARA:8087484,LI 19,Large Intestine Meridian,http://purl.obolibrary.org/obo/UBERON_0001456,face,http://purl.obolibrary.org/obo/UBERON_0005402,philtrum,http://purl.obolibrary.org/obo/UBERON_0001647,facial nerve,http://purl.obolibrary.org/obo/UBERON_0001612,facial artery,http://purl.obolibrary.org/obo/UBERON_0001653,facial vein
http://purl.org/tara/ontology/TARA_8294181,TARA:8294181,LI 2,Large Intestine Meridian,http://purl.obolibrary.org/obo/UBERON_0003622,manual digit 2,http://purl.obolibrary.org/obo/UBERON_0003695,metacarpophalangeal joint,http://uri.interlex.org/base/ilx_0795018,palmar digital nerve,http://purl.obolibrary.org/obo/UBERON_0006137,proper palmar digital artery,http://uri.interlex.org/base/ilx_0797525,Dorsal digital veins
http://purl.org/tara/ontology/TARA_8294181,TARA:8294181,LI 2,Large Intestine Meridian,http://purl.obolibrary.org/obo/UBERON_0003622,manual digit 2,http://purl.obolibrary.org/obo/UBERON_0003695,metacarpophalangeal joint,http://uri.interlex.org/base/ilx_0795018,palmar digital nerve,http://purl.obolibrary.org/obo/UBERON_0006137,proper palmar digital artery,http://purl.obolibrary.org/obo/UBERON_0004561,proper palmar digital vein
http://purl.org/tara/ontology/TARA_8294181,TARA:8294181,LI 2,Large Intestine Meridian,http://purl.obolibrary.org/obo/UBERON_0003622,manual digit 2,http://purl.obolibrary.org/obo/UBERON_0003695,metacarpophalangeal joint,http://uri.interlex.org/base/ilx_0795018,palmar digital nerve,http://purl.obolibrary.org/obo/UBERON_0006163,dorsal digital artery,http://uri.interlex.org/base/ilx_0797525,Dorsal digital veins
http://purl.org/tara/ontology/TARA_8294181,TARA:8294181,LI 2,Large Intestine Meridian,http://purl.obolibrary.org/obo/UBERON_0003622,manual digit 2,http://purl.obolibrary.org/obo/UBERON_0003695,metacarpophalangeal joint,http://uri.interlex.org/base/ilx_0795018,palmar digital nerve,http://purl.obolibrary.org/obo/UBERON_0006163,dorsal digital artery,http://purl.obolibrary.org/obo/UBERON_0004561,proper palmar digital vein
http://purl.org/tara/ontology/TARA_8294181,TARA:8294181,LI 2,Large Intestine Meridian,http://purl.obolibrary.org/obo/UBERON_0003622,manual digit 2,http://purl.obolibrary.org/obo/UBERON_0003695,metacarpophalangeal joint,http://uri.interlex.org/base/ilx_0795018,proper palmar digital branches of median nerve,http://purl.obolibrary.org/obo/UBERON_0006137,proper palmar digital artery,http://uri.interlex.org/base/ilx_0797525,Dorsal digital veins
http://purl.org/tara/ontology/TARA_8294181,TARA:8294181,LI 2,Large Intestine Meridian,http://purl.obolibrary.org/obo/UBERON_0003622,manual digit 2,http://purl.obolibrary.org/obo/UBERON_0003695,metacarpophalangeal joint,http://uri.interlex.org/base/ilx_0795018,proper palmar digital branches of median nerve,http://purl.obolibrary.org/obo/UBERON_0006137,proper palmar digital artery,http://purl.obolibrary.org/obo/UBERON_0004561,proper palmar digital vein
http://purl.org/tara/ontology/TARA_8294181,TARA:8294181,LI 2,Large Intestine Meridian,http://purl.obolibrary.org/obo/UBERON_0003622,manual digit 2,http://purl.obolibrary.org/obo/UBERON_0003695,metacarpophalangeal joint,http://uri.interlex.org/base/ilx_0795018,proper palmar digital branches of median nerve,http://purl.obolibrary.org/obo/UBERON_0006163,dorsal digital artery,http://uri.interlex.org/base/ilx_0797525,Dorsal digital veins
http://purl.org/tara/ontology/TARA_8294181,TARA:8294181,LI 2,Large Intestine Meridian,http://purl.obolibrary.org/obo/UBERON_0003622,manual digit 2,http://purl.obolibrary.org/obo/UBERON_0003695,metacarpophalangeal joint,http://uri.interlex.org/base/ilx_0795018,proper palmar digital branches of median nerve,http://purl.obolibrary.org/obo/UBERON_0006163,dorsal digital artery,http://purl.obolibrary.org/obo/UBERON_0004561,proper palmar digital vein
http://purl.org/tara/ontology/TARA_8294181,TARA:8294181,LI 2,Large Intestine Meridian,http://purl.obolibrary.org/obo/UBERON_0003622,manual digit 2,http://purl.obolibrary.org/obo/UBERON_0003695,metacarpophalangeal joint,http://uri.interlex.org/base/ilx_0797461,dorsal digital nerve of radial nerve,http://purl.obolibrary.org/obo/UBERON_0006137,proper palmar digital artery,http://uri.interlex.org/base/ilx_0797525,Dorsal digital veins
http://purl.org/tara/ontology/TARA_8294181,TARA:8294181,LI 2,Large Intestine Meridian,http://purl.obolibrary.org/obo/UBERON_0003622,manual digit 2,http://purl.obolibrary.org/obo/UBERON_0003695,metacarpophalangeal joint,http://uri.interlex.org/base/ilx_0797461,dorsal digital nerve of radial nerve,http://purl.obolibrary.org/obo/UBERON_0006137,proper palmar digital artery,http://purl.obolibrary.org/obo/UBERON_0004561,proper palmar digital vein
http://purl.org/tara/ontology/TARA_8294181,TARA:8294181,LI 2,Large Intestine Meridian,http://purl.obolibrary.org/obo/UBERON_0003622,manual digit 2,http://purl.obolibrary.org/obo/UBERON_0003695,metacarpophalangeal joint,http://uri.interlex.org/base/ilx_0797461,dorsal digital nerve of radial nerve,http://purl.obolibrary.org/obo/UBERON_0006163,dorsal digital artery,http://uri.interlex.org/base/ilx_0797525,Dorsal digital veins
http://purl.org/tara/ontology/TARA_8294181,TARA:8294181,LI 2,Large Intestine Meridian,http://purl.obolibrary.org/obo/UBERON_0003622,manual digit 2,http://purl.obolibrary.org/obo/UBERON_0003695,metacarpophalangeal joint,http://uri.interlex.org/base/ilx_0797461,dorsal digital nerve of radial nerve,http://purl.obolibrary.org/obo/UBERON_0006163,dorsal digital artery,http://purl.obolibrary.org/obo/UBERON_0004561,proper palmar digital vein
http://purl.org/tara/ontology/TARA_6681003,TARA:6681003,LI 20,Large Intestine Meridian,http://purl.obolibrary.org/obo/UBERON_0001456,face,http://purl.obolibrary.org/obo/UBERON_0006906,ala of nose,http://purl.obolibrary.org/obo/UBERON_0018408,infra-orbital nerve,http://purl.obolibrary.org/obo/UBERON_0004646,infraorbital artery,http://uri.interlex.org/base/ilx_0797500,Infraorbital vein
http://purl.org/tara/ontology/TARA_6681003,TARA:6681003,LI 20,Large Intestine Meridian,http://purl.obolibrary.org/obo/UBERON_0001456,face,http://purl.obolibrary.org/obo/UBERON_0006906,ala of nose,http://purl.obolibrary.org/obo/UBERON_0018408,infra-orbital nerve,http://purl.obolibrary.org/obo/UBERON_0004646,infraorbital artery,http://purl.obolibrary.org/obo/UBERON_0001653,facial vein
http://purl.org/tara/ontology/TARA_6681003,TARA:6681003,LI 20,Large Intestine Meridian,http://purl.obolibrary.org/obo/UBERON_0001456,face,http://purl.obolibrary.org/obo/UBERON_0006906,ala of nose,http://purl.obolibrary.org/obo/UBERON_0018408,infra-orbital nerve,http://purl.obolibrary.org/obo/UBERON_0001612,facial artery,http://uri.interlex.org/base/ilx_0797500,Infraorbital vein
http://purl.org/tara/ontology/TARA_6681003,TARA:6681003,LI 20,Large Intestine Meridian,http://purl.obolibrary.org/obo/UBERON_0001456,face,http://purl.obolibrary.org/obo/UBERON_0006906,ala of nose,http://purl.obolibrary.org/obo/UBERON_0018408,infra-orbital nerve,http://purl.obolibrary.org/obo/UBERON_0001612,facial artery,http://purl.obolibrary.org/obo/UBERON_0001653,facial vein
http://purl.org/tara/ontology/TARA_6681003,TARA:6681003,LI 20,Large Intestine Meridian,http://purl.obolibrary.org/obo/UBERON_0001456,face,http://purl.obolibrary.org/obo/UBERON_0006906,ala of nose,http://purl.obolibrary.org/obo/UBERON_0001647,facial nerve,http://purl.obolibrary.org/obo/UBERON_0004646,infraorbital artery,http://uri.interlex.org/base/ilx_0797500,Infraorbital vein
http://purl.org/tara/ontology/TARA_6681003,TARA:6681003,LI 20,Large Intestine Meridian,http://purl.obolibrary.org/obo/UBERON_0001456,face,http://purl.obolibrary.org/obo/UBERON_0006906,ala of nose,http://purl.obolibrary.org/obo/UBERON_0001647,facial nerve,http://purl.obolibrary.org/obo/UBERON_0004646,infraorbital artery,http://purl.obolibrary.org/obo/UBERON_0001653,facial vein
http://purl.org/tara/ontology/TARA_6681003,TARA:6681003,LI 20,Large Intestine Meridian,http://purl.obolibrary.org/obo/UBERON_0001456,face,http://purl.obolibrary.org/obo/UBERON_0006906,ala of nose,http://purl.obolibrary.org/obo/UBERON_0001647,facial nerve,http://purl.obolibrary.org/obo/UBERON_0001612,facial artery,http://uri.interlex.org/base/ilx_0797500,Infraorbital vein
http://purl.org/tara/ontology/TARA_6681003,TARA:6681003,LI 20,Large Intestine Meridian,http://purl.obolibrary.org/obo/UBERON_0001456,face,http://purl.obolibrary.org/obo/UBERON_0006906,ala of nose,http://purl.obolibrary.org/obo/UBERON_0001647,facial nerve,http://purl.obolibrary.org/obo/UBERON_0001612,facial artery,http://purl.obolibrary.org/obo/UBERON_0001653,facial vein
http://purl.org/tara/ontology/TARA_6681003,TARA:6681003,LI 20,Large Intestine Meridian,http://purl.obolibrary.org/obo/UBERON_0001456,face,http://uri.interlex.org/base/ilx_0795290,nasolabial sulcus,http://purl.obolibrary.org/obo/UBERON_0018408,infra-orbital nerve,http://purl.obolibrary.org/obo/UBERON_0004646,infraorbital artery,http://uri.interlex.org/base/ilx_0797500,Infraorbital vein
http://purl.org/tara/ontology/TARA_6681003,TARA:6681003,LI 20,Large Intestine Meridian,http://purl.obolibrary.org/obo/UBERON_0001456,face,http://uri.interlex.org/base/ilx_0795290,nasolabial sulcus,http://purl.obolibrary.org/obo/UBERON_0018408,infra-orbital nerve,http://purl.obolibrary.org/obo/UBERON_0004646,infraorbital artery,http://purl.obolibrary.org/obo/UBERON_0001653,facial vein
http://purl.org/tara/ontology/TARA_6681003,TARA:6681003,LI 20,Large Intestine Meridian,http://purl.obolibrary.org/obo/UBERON_0001456,face,http://uri.interlex.org/base/ilx_0795290,nasolabial sulcus,http://purl.obolibrary.org/obo/UBERON_0018408,infra-orbital nerve,http://purl.obolibrary.org/obo/UBERON_0001612,facial artery,http://uri.interlex.org/base/ilx_0797500,Infraorbital vein
http://purl.org/tara/ontology/TARA_6681003,TARA:6681003,LI 20,Large Intestine Meridian,http://purl.obolibrary.org/obo/UBERON_0001456,face,http://uri.interlex.org/base/ilx_0795290,nasolabial sulcus,http://purl.obolibrary.org/obo/UBERON_0018408,infra-orbital nerve,http://purl.obolibrary.org/obo/UBERON_0001612,facial artery,http://purl.obolibrary.org/obo/UBERON_0001653,facial vein
http://purl.org/tara/ontology/TARA_6681003,TARA:6681003,LI 20,Large Intestine Meridian,http://purl.obolibrary.org/obo/UBERON_0001456,face,http://uri.interlex.org/base/ilx_0795290,nasolabial sulcus,http://purl.obolibrary.org/obo/UBERON_0001647,facial nerve,http://purl.obolibrary.org/obo/UBERON_0004646,infraorbital artery,http://uri.interlex.org/base/ilx_0797500,Infraorbital vein
http://purl.org/tara/ontology/TARA_6681003,TARA:6681003,LI 20,Large Intestine Meridian,http://purl.obolibrary.org/obo/UBERON_0001456,face,http://uri.interlex.org/base/ilx_0795290,nasolabial sulcus,http://purl.obolibrary.org/obo/UBERON_0001647,facial nerve,http://purl.obolibrary.org/obo/UBERON_0004646,infraorbital artery,http://purl.obolibrary.org/obo/UBERON_0001653,facial vein
http://purl.org/tara/ontology/TARA_6681003,TARA:6681003,LI 20,Large Intestine Meridian,http://purl.obolibrary.org/obo/UBERON_0001456,face,http://uri.interlex.org/base/ilx_0795290,nasolabial sulcus,http://purl.obolibrary.org/obo/UBERON_0001647,facial nerve,http://purl.obolibrary.org/obo/UBERON_0001612,facial artery,http://uri.interlex.org/base/ilx_0797500,Infraorbital vein
http://purl.org/tara/ontology/TARA_6681003,TARA:6681003,LI 20,Large Intestine Meridian,http://purl.obolibrary.org/obo/UBERON_0001456,face,http://uri.interlex.org/base/ilx_0795290,nasolabial sulcus,http://purl.obolibrary.org/obo/UBERON_0001647,facial nerve,http://purl.obolibrary.org/obo/UBERON_0001612,facial artery,http://purl.obolibrary.org/obo/UBERON_0001653,facial vein
http://purl.org/tara/ontology/TARA_7867167,TARA:7867167,LI 3,Large Intestine Meridian,http://uri.interlex.org/base/ilx_0794954,dorsum of the hand,http://purl.obolibrary.org/obo/UBERON_0003695,metacarpophalangeal joint,http://uri.interlex.org/base/ilx_0797391,superficial branch of radial nerve,http://uri.interlex.org/base/ilx_0797527,First dorsal metacarpal artery,http://uri.interlex.org/base/ilx_0797526,Dorsal venous network of hand
http://purl.org/tara/ontology/TARA_0859695,TARA:0859695,LI 4,Large Intestine Meridian,http://uri.interlex.org/base/ilx_0794954,dorsum of the hand,http://purl.obolibrary.org/obo/UBERON_0003646,metacarpal bone of digit 2,http://uri.interlex.org/base/ilx_0797391,superficial branch of radial nerve,,,http://uri.interlex.org/base/ilx_0797526,Dorsal venous network of hand
http://purl.org/tara/ontology/TARA_5677319,TARA:5677319,LI 5,Large Intestine Meridian,http://purl.obolibrary.org/obo/UBERON_0004452,carpal region,http://uri.interlex.org/base/ilx_0795333,dorsal wrist crease,http://uri.interlex.org/base/ilx_0797391,superficial branch of radial nerve,http://purl.obolibrary.org/obo/UBERON_0001404,radial artery,http://purl.obolibrary.org/obo/UBERON_0001106,cephalic vein
http://purl.org/tara/ontology/TARA_5677319,TARA:5677319,LI 5,Large Intestine Meridian,http://purl.obolibrary.org/obo/UBERON_0004452,carpal region,http://uri.interlex.org/base/ilx_0795336,extensor pollicis brevis tendon,http://uri.interlex.org/base/ilx_0797391,superficial branch of radial nerve,http://purl.obolibrary.org/obo/UBERON_0001404,radial artery,http://purl.obolibrary.org/obo/UBERON_0001106,cephalic vein
http://purl.org/tara/ontology/TARA_5677319,TARA:5677319,LI 5,Large Intestine Meridian,http://purl.obolibrary.org/obo/UBERON_0004452,carpal region,http://uri.interlex.org/base/ilx_0795337,extensor pollicis longus tendon,http://uri.interlex.org/base/ilx_0797391,superficial branch of radial nerve,http://purl.obolibrary.org/obo/UBERON_0001404,radial artery,http://purl.obolibrary.org/obo/UBERON_0001106,cephalic vein
http://purl.org/tara/ontology/TARA_5677319,TARA:5677319,LI 5,Large Intestine Meridian,http://purl.obolibrary.org/obo/UBERON_0004452,carpal region,http://uri.interlex.org/base/ilx_0795289,radial fossa,http://uri.interlex.org/base/ilx_0797391,superficial branch of radial nerve,http://purl.obolibrary.org/obo/UBERON_0001404,radial artery,http://purl.obolibrary.org/obo/UBERON_0001106,cephalic vein
http://purl.org/tara/ontology/TARA_5677319,TARA:5677319,LI 5,Large Intestine Meridian,http://purl.obolibrary.org/obo/UBERON_0004452,carpal region,http://purl.obolibrary.org/obo/UBERON_7500078,styloid process of radius,http://uri.interlex.org/base/ilx_0797391,superficial branch of radial nerve,http://purl.obolibrary.org/obo/UBERON_0001404,radial artery,http://purl.obolibrary.org/obo/UBERON_0001106,cephalic vein
http://purl.org/tara/ontology/TARA_9876402,TARA:9876402,LI 6,Large Intestine Meridian,http://purl.obolibrary.org/obo/UBERON_0002386,forelimb zeugopod,http://uri.interlex.org/base/ilx_0795333,dorsal wrist crease,http://uri.interlex.org/base/ilx_0797391,superficial branch of radial nerve,,,http://purl.obolibrary.org/obo/UBERON_0001106,cephalic vein
http://purl.org/tara/ontology/TARA_9876402,TARA:9876402,LI 6,Large Intestine Meridian,http://purl.obolibrary.org/obo/UBERON_0002386,forelimb zeugopod,http://uri.interlex.org/base/ilx_0795333,dorsal wrist crease,http://uri.interlex.org/base/ilx_0794951,lateral cutaneous nerve of the forearm,,,http://purl.obolibrary.org/obo/UBERON_0001106,cephalic vein
http://purl.org/tara/ontology/TARA_9876402,TARA:9876402,LI 6,Large Intestine Meridian,http://purl.obolibrary.org/obo/UBERON_0002386,forelimb zeugopod,http://uri.interlex.org/base/ilx_0795333,dorsal wrist crease,http://uri.interlex.org/base/ilx_0797477,Posterior antebrachial cutaneous nerve,,,http://purl.obolibrary.org/obo/UBERON_0001106,cephalic vein
http://purl.org/tara/ontology/TARA_9876402,TARA:9876402,LI 6,Large Intestine Meridian,http://purl.obolibrary.org/obo/UBERON_0002386,forelimb zeugopod,http://uri.interlex.org/base/ilx_0795333,dorsal wrist crease,http://uri.interlex.org/base/ilx_0794967,posterior interosseous nerve,,,http://purl.obolibrary.org/obo/UBERON_0001106,cephalic vein
http://purl.org/tara/ontology/TARA_8107205,TARA:8107205,LI 7,Large Intestine Meridian,http://purl.obolibrary.org/obo/UBERON_0002386,forelimb zeugopod,http://uri.interlex.org/base/ilx_0795333,dorsal wrist crease,http://uri.interlex.org/base/ilx_0794977,deep branch of radial nerve,http://purl.obolibrary.org/obo/UBERON_0001404,radial artery,http://purl.obolibrary.org/obo/UBERON_0001106,cephalic vein
http://purl.org/tara/ontology/TARA_8107205,TARA:8107205,LI 7,Large Intestine Meridian,http://purl.obolibrary.org/obo/UBERON_0002386,forelimb zeugopod,http://uri.interlex.org/base/ilx_0795333,dorsal wrist crease,http://uri.interlex.org/base/ilx_0797477,Posterior antebrachial cutaneous nerve,http://purl.obolibrary.org/obo/UBERON_0001404,radial artery,http://purl.obolibrary.org/obo/UBERON_0001106,cephalic vein
http://purl.org/tara/ontology/TARA_8455793,TARA:8455793,LI 8,Large Intestine Meridian,http://purl.obolibrary.org/obo/UBERON_0002386,forelimb zeugopod,http://uri.interlex.org/base/ilx_0795332,cubital crease,http://uri.interlex.org/base/ilx_0794977,deep branch of radial nerve,http://purl.obolibrary.org/obo/UBERON_0001404,radial artery,http://purl.obolibrary.org/obo/UBERON_0001106,cephalic vein
http://purl.org/tara/ontology/TARA_8455793,TARA:8455793,LI 8,Large Intestine Meridian,http://purl.obolibrary.org/obo/UBERON_0002386,forelimb zeugopod,http://uri.interlex.org/base/ilx_0795332,cubital crease,http://uri.interlex.org/base/ilx_0797477,Posterior antebrachial cutaneous nerve,http://purl.obolibrary.org/obo/UBERON_0001404,radial artery,http://purl.obolibrary.org/obo/UBERON_0001106,cephalic vein
http://purl.org/tara/ontology/TARA_0670229,TARA:0670229,LI 9,Large Intestine Meridian,http://purl.obolibrary.org/obo/UBERON_0002386,forelimb zeugopod,http://uri.interlex.org/base/ilx_0795332,cubital crease,http://uri.interlex.org/base/ilx_0794977,deep branch of radial nerve,http://purl.obolibrary.org/obo/UBERON_0001404,radial artery,http://purl.obolibrary.org/obo/UBERON_0001106,cephalic vein
http://purl.org/tara/ontology/TARA_0670229,TARA:0670229,LI 9,Large Intestine Meridian,http://purl.obolibrary.org/obo/UBERON_0002386,forelimb zeugopod,http://uri.interlex.org/base/ilx_0795332,cubital crease,http://uri.interlex.org/base/ilx_0797477,Posterior antebrachial cutaneous nerve,http://purl.obolibrary.org/obo/UBERON_0001404,radial artery,http://purl.obolibrary.org/obo/UBERON_0001106,cephalic vein
http://purl.org/tara/ontology/TARA_2131658,TARA:2131658,LR 1,Liver Meridian,http://purl.obolibrary.org/obo/UBERON_0003631,pedal digit 1,http://purl.obolibrary.org/obo/UBERON_0004300,distal phalanx,,,,,,
http://purl.org/tara/ontology/TARA_2131658,TARA:2131658,LR 1,Liver Meridian,http://purl.obolibrary.org/obo/UBERON_0003631,pedal digit 1,http://purl.obolibrary.org/obo/UBERON_0009567,nail of pedal digit,,,,,,
http://purl.org/tara/ontology/TARA_2016600,TARA:2016600,LR 10,Liver Meridian,http://purl.obolibrary.org/obo/UBERON_0000376,hindlimb stylopod,,,,,,,,
http://purl.org/tara/ontology/TARA_1330972,TARA:1330972,LR 11,Liver Meridian,http://purl.obolibrary.org/obo/UBERON_0000376,hindlimb stylopod,http://purl.obolibrary.org/obo/UBERON_0000303,adductor longus,,,,,,
http://purl.org/tara/ontology/TARA_3705619,TARA:3705619,LR 12,Liver Meridian,http://purl.obolibrary.org/obo/UBERON_0008337,inguinal part of abdomen,http://uri.interlex.org/base/ilx_0795285,anterior median line,,,,,,
http://purl.org/tara/ontology/TARA_3705619,TARA:3705619,LR 12,Liver Meridian,http://purl.obolibrary.org/obo/UBERON_0008337,inguinal part of abdomen,http://purl.obolibrary.org/obo/UBERON_0003699,pubic symphysis,,,,,,
http://purl.org/tara/ontology/TARA_0794971,TARA:0794971,LR 13,Liver Meridian,http://purl.obolibrary.org/obo/UBERON_0000916,abdomen,http://purl.obolibrary.org/obo/UBERON_0002225,costal arch,,,,,,
http://purl.org/tara/ontology/TARA_0794971,TARA:0794971,LR 13,Liver Meridian,http://purl.obolibrary.org/obo/UBERON_0000916,abdomen,http://purl.obolibrary.org/obo/UBERON_0004610,rib 11,,,,,,
http://purl.org/tara/ontology/TARA_7479763,TARA:7479763,LR 14,Liver Meridian,http://purl.obolibrary.org/obo/UBERON_0016416,anterior chest,http://uri.interlex.org/base/ilx_0795285,anterior median line,,,,,,
http://purl.org/tara/ontology/TARA_7479763,TARA:7479763,LR 14,Liver Meridian,http://purl.obolibrary.org/obo/UBERON_0016416,anterior chest,http://purl.obolibrary.org/obo/UBERON_0002030,nipple,,,,,,
http://purl.org/tara/ontology/TARA_7479763,TARA:7479763,LR 14,Liver Meridian,http://purl.obolibrary.org/obo/UBERON_0016416,anterior chest,http://uri.interlex.org/base/ilx_0795307,sixth intercostal space,,,,,,
http://purl.org/tara/ontology/TARA_5047952,TARA:5047952,LR 14 (Female),Liver Meridian,http://purl.obolibrary.org/obo/UBERON_0016416,anterior chest,http://uri.interlex.org/base/ilx_0795285,anterior median line,,,,,,
http://purl.org/tara/ontology/TARA_5047952,TARA:5047952,LR 14 (Female),Liver Meridian,http://purl.obolibrary.org/obo/UBERON_0016416,anterior chest,http://uri.interlex.org/base/ilx_0795322,midclavicular line,,,,,,
http://purl.org/tara/ontology/TARA_5047952,TARA:5047952,LR 14 (Female),Liver Meridian,http://purl.obolibrary.org/obo/UBERON_0016416,anterior chest,http://purl.obolibrary.org/obo/UBERON_0002030,nipple,,,,,,
http://purl.org/tara/ontology/TARA_5047952,TARA:5047952,LR 14 (Female),Liver Meridian,http://purl.obolibrary.org/obo/UBERON_0016416,anterior chest,http://uri.interlex.org/base/ilx_0795307,sixth intercostal space,,,,,,
http://purl.org/tara/ontology/TARA_1317028,TARA:1317028,LR 14 (Male),Liver Meridian,http://purl.obolibrary.org/obo/UBERON_0016416,anterior chest,http://uri.interlex.org/base/ilx_0795285,anterior median line,,,,,,
http://purl.org/tara/ontology/TARA_1317028,TARA:1317028,LR 14 (Male),Liver Meridian,http://purl.obolibrary.org/obo/UBERON_0016416,anterior chest,http://purl.obolibrary.org/obo/UBERON_0002030,nipple,,,,,,
http://purl.org/tara/ontology/TARA_1317028,TARA:1317028,LR 14 (Male),Liver Meridian,http://purl.obolibrary.org/obo/UBERON_0016416,anterior chest,http://uri.interlex.org/base/ilx_0795307,sixth intercostal space,,,,,,
http://purl.org/tara/ontology/TARA_6862058,TARA:6862058,LR 2,Liver Meridian,http://purl.obolibrary.org/obo/UBERON_0002387,pes,http://purl.obolibrary.org/obo/UBERON_0003631,pedal digit 1,,,,,,
http://purl.org/tara/ontology/TARA_6862058,TARA:6862058,LR 2,Liver Meridian,http://purl.obolibrary.org/obo/UBERON_0002387,pes,http://purl.obolibrary.org/obo/UBERON_0003632,pedal digit 2,,,,,,
http://purl.org/tara/ontology/TARA_6499349,TARA:6499349,LR 3,Liver Meridian,http://purl.obolibrary.org/obo/UBERON_0002387,pes,http://purl.obolibrary.org/obo/UBERON_0001539,dorsalis pedis artery,,,,,,
http://purl.org/tara/ontology/TARA_6499349,TARA:6499349,LR 3,Liver Meridian,http://purl.obolibrary.org/obo/UBERON_0002387,pes,http://purl.obolibrary.org/obo/UBERON_0003650,metatarsal bone of digit 1,,,,,,
http://purl.org/tara/ontology/TARA_6499349,TARA:6499349,LR 3,Liver Meridian,http://purl.obolibrary.org/obo/UBERON_0002387,pes,http://purl.obolibrary.org/obo/UBERON_0003651,metatarsal bone of digit 2,,,,,,
http://purl.org/tara/ontology/TARA_4325595,TARA:4325595,LR 4,Liver Meridian,http://purl.obolibrary.org/obo/UBERON_0004454,tarsal region,http://uri.interlex.org/base/ilx_0795305,medial malleolus,,,,,,
http://purl.org/tara/ontology/TARA_4325595,TARA:4325595,LR 4,Liver Meridian,http://purl.obolibrary.org/obo/UBERON_0004454,tarsal region,http://uri.interlex.org/base/ilx_0795325,tibialis anterior tendon,,,,,,
http://purl.org/tara/ontology/TARA_0780558,TARA:0780558,LR 5,Liver Meridian,http://purl.obolibrary.org/obo/UBERON_0003823,hindlimb zeugopod,http://uri.interlex.org/base/ilx_0795305,medial malleolus,,,,,,
http://purl.org/tara/ontology/TARA_0780558,TARA:0780558,LR 5,Liver Meridian,http://purl.obolibrary.org/obo/UBERON_0003823,hindlimb zeugopod,http://purl.obolibrary.org/obo/UBERON_0002446,patella,,,,,,
http://purl.org/tara/ontology/TARA_0780558,TARA:0780558,LR 5,Liver Meridian,http://purl.obolibrary.org/obo/UBERON_0003823,hindlimb zeugopod,http://purl.obolibrary.org/obo/UBERON_0000979,tibia,,,,,,
http://purl.org/tara/ontology/TARA_8267317,TARA:8267317,LR 6,Liver Meridian,http://purl.obolibrary.org/obo/UBERON_0003823,hindlimb zeugopod,http://uri.interlex.org/base/ilx_0795305,medial malleolus,,,,,,
http://purl.org/tara/ontology/TARA_8267317,TARA:8267317,LR 6,Liver Meridian,http://purl.obolibrary.org/obo/UBERON_0003823,hindlimb zeugopod,http://purl.obolibrary.org/obo/UBERON_0002446,patella,,,,,,
http://purl.org/tara/ontology/TARA_8267317,TARA:8267317,LR 6,Liver Meridian,http://purl.obolibrary.org/obo/UBERON_0003823,hindlimb zeugopod,http://purl.obolibrary.org/obo/UBERON_0000979,tibia,,,,,,
http://purl.org/tara/ontology/TARA_3966458,TARA:3966458,LR 7,Liver Meridian,http://purl.obolibrary.org/obo/UBERON_0003823,hindlimb zeugopod,http://purl.obolibrary.org/obo/UBERON_0009990,medial condyle of tibia,,,,,,
http://purl.org/tara/ontology/TARA_1074531,TARA:1074531,LR 8,Liver Meridian,http://purl.obolibrary.org/obo/UBERON_0001465,knee,http://uri.interlex.org/base/ilx_0795330,popliteal crease,,,,,,
http://purl.org/tara/ontology/TARA_1074531,TARA:1074531,LR 8,Liver Meridian,http://purl.obolibrary.org/obo/UBERON_0001465,knee,http://purl.obolibrary.org/obo/UBERON_0001381,semimembranosus muscle,,,,,,
http://purl.org/tara/ontology/TARA_1074531,TARA:1074531,LR 8,Liver Meridian,http://purl.obolibrary.org/obo/UBERON_0001465,knee,http://purl.obolibrary.org/obo/UBERON_8480009,tendon of semitendinosus,,,,,,
http://purl.org/tara/ontology/TARA_1137686,TARA:1137686,LR 9,Liver Meridian,http://purl.obolibrary.org/obo/UBERON_0000376,hindlimb stylopod,http://purl.obolibrary.org/obo/UBERON_0000950,gracilis,,,,,,
http://purl.org/tara/ontology/TARA_1137686,TARA:1137686,LR 9,Liver Meridian,http://purl.obolibrary.org/obo/UBERON_0000376,hindlimb stylopod,http://purl.obolibrary.org/obo/UBERON_0002446,patella,,,,,,
http://purl.org/tara/ontology/TARA_1137686,TARA:1137686,LR 9,Liver Meridian,http://purl.obolibrary.org/obo/UBERON_0000376,hindlimb stylopod,http://purl.obolibrary.org/obo/UBERON_0001373,sartorius muscle,,,,,,
http://purl.org/tara/ontology/TARA_0913913,TARA:0913913,LU 1,Lung Meridian,http://purl.obolibrary.org/obo/UBERON_0016416,anterior chest,http://uri.interlex.org/base/ilx_0795285,anterior median line,http://uri.interlex.org/base/ilx_0797476,Intermediate supraclavicular nerve,http://purl.obolibrary.org/obo/UBERON_0001394,axillary artery,http://purl.obolibrary.org/obo/UBERON_0000985,axillary vein
http://purl.org/tara/ontology/TARA_0913913,TARA:0913913,LU 1,Lung Meridian,http://purl.obolibrary.org/obo/UBERON_0016416,anterior chest,http://uri.interlex.org/base/ilx_0795285,anterior median line,http://uri.interlex.org/base/ilx_0797476,Intermediate supraclavicular nerve,http://purl.obolibrary.org/obo/UBERON_0001394,axillary artery,http://purl.obolibrary.org/obo/UBERON_8600074,thoracoacromial vein
http://purl.org/tara/ontology/TARA_0913913,TARA:0913913,LU 1,Lung Meridian,http://purl.obolibrary.org/obo/UBERON_0016416,anterior chest,http://uri.interlex.org/base/ilx_0795285,anterior median line,http://uri.interlex.org/base/ilx_0797476,Intermediate supraclavicular nerve,http://purl.obolibrary.org/obo/UBERON_0001395,thoraco-acromial artery,http://purl.obolibrary.org/obo/UBERON_0000985,axillary vein
http://purl.org/tara/ontology/TARA_0913913,TARA:0913913,LU 1,Lung Meridian,http://purl.obolibrary.org/obo/UBERON_0016416,anterior chest,http://uri.interlex.org/base/ilx_0795285,anterior median line,http://uri.interlex.org/base/ilx_0797476,Intermediate supraclavicular nerve,http://purl.obolibrary.org/obo/UBERON_0001395,thoraco-acromial artery,http://purl.obolibrary.org/obo/UBERON_8600074,thoracoacromial vein
http://purl.org/tara/ontology/TARA_0913913,TARA:0913913,LU 1,Lung Meridian,http://purl.obolibrary.org/obo/UBERON_0016416,anterior chest,http://uri.interlex.org/base/ilx_0795285,anterior median line,http://uri.interlex.org/base/ilx_0792193,First intercostal nerve,http://purl.obolibrary.org/obo/UBERON_0001394,axillary artery,http://purl.obolibrary.org/obo/UBERON_0000985,axillary vein
http://purl.org/tara/ontology/TARA_0913913,TARA:0913913,LU 1,Lung Meridian,http://purl.obolibrary.org/obo/UBERON_0016416,anterior chest,http://uri.interlex.org/base/ilx_0795285,anterior median line,http://uri.interlex.org/base/ilx_0792193,First intercostal nerve,http://purl.obolibrary.org/obo/UBERON_0001394,axillary artery,http://purl.obolibrary.org/obo/UBERON_8600074,thoracoacromial vein
http://purl.org/tara/ontology/TARA_0913913,TARA:0913913,LU 1,Lung Meridian,http://purl.obolibrary.org/obo/UBERON_0016416,anterior chest,http://uri.interlex.org/base/ilx_0795285,anterior median line,http://uri.interlex.org/base/ilx_0792193,First intercostal nerve,http://purl.obolibrary.org/obo/UBERON_0001395,thoraco-acromial artery,http://purl.obolibrary.org/obo/UBERON_0000985,axillary vein
http://purl.org/tara/ontology/TARA_0913913,TARA:0913913,LU 1,Lung Meridian,http://purl.obolibrary.org/obo/UBERON_0016416,anterior chest,http://uri.interlex.org/base/ilx_0795285,anterior median line,http://uri.interlex.org/base/ilx_0792193,First intercostal nerve,http://purl.obolibrary.org/obo/UBERON_0001395,thoraco-acromial artery,http://purl.obolibrary.org/obo/UBERON_8600074,thoracoacromial vein
http://purl.org/tara/ontology/TARA_0913913,TARA:0913913,LU 1,Lung Meridian,http://purl.obolibrary.org/obo/UBERON_0016416,anterior chest,http://uri.interlex.org/base/ilx_0795285,anterior median line,http://uri.interlex.org/base/ilx_0794975,medial pectoral nerve,http://purl.obolibrary.org/obo/UBERON_0001394,axillary artery,http://purl.obolibrary.org/obo/UBERON_0000985,axillary vein
http://purl.org/tara/ontology/TARA_0913913,TARA:0913913,LU 1,Lung Meridian,http://purl.obolibrary.org/obo/UBERON_0016416,anterior chest,http://uri.interlex.org/base/ilx_0795285,anterior median line,http://uri.interlex.org/base/ilx_0794975,medial pectoral nerve,http://purl.obolibrary.org/obo/UBERON_0001394,axillary artery,http://purl.obolibrary.org/obo/UBERON_8600074,thoracoacromial vein
http://purl.org/tara/ontology/TARA_0913913,TARA:0913913,LU 1,Lung Meridian,http://purl.obolibrary.org/obo/UBERON_0016416,anterior chest,http://uri.interlex.org/base/ilx_0795285,anterior median line,http://uri.interlex.org/base/ilx_0794975,medial pectoral nerve,http://purl.obolibrary.org/obo/UBERON_0001395,thoraco-acromial artery,http://purl.obolibrary.org/obo/UBERON_0000985,axillary vein
http://purl.org/tara/ontology/TARA_0913913,TARA:0913913,LU 1,Lung Meridian,http://purl.obolibrary.org/obo/UBERON_0016416,anterior chest,http://uri.interlex.org/base/ilx_0795285,anterior median line,http://uri.interlex.org/base/ilx_0794975,medial pectoral nerve,http://purl.obolibrary.org/obo/UBERON_0001395,thoraco-acromial artery,http://purl.obolibrary.org/obo/UBERON_8600074,thoracoacromial vein
http://purl.org/tara/ontology/TARA_0913913,TARA:0913913,LU 1,Lung Meridian,http://purl.obolibrary.org/obo/UBERON_0016416,anterior chest,http://uri.interlex.org/base/ilx_0795283,first intercostal space,http://uri.interlex.org/base/ilx_0797476,Intermediate supraclavicular nerve,http://purl.obolibrary.org/obo/UBERON_0001394,axillary artery,http://purl.obolibrary.org/obo/UBERON_0000985,axillary vein
http://purl.org/tara/ontology/TARA_0913913,TARA:0913913,LU 1,Lung Meridian,http://purl.obolibrary.org/obo/UBERON_0016416,anterior chest,http://uri.interlex.org/base/ilx_0795283,first intercostal space,http://uri.interlex.org/base/ilx_0797476,Intermediate supraclavicular nerve,http://purl.obolibrary.org/obo/UBERON_0001394,axillary artery,http://purl.obolibrary.org/obo/UBERON_8600074,thoracoacromial vein
http://purl.org/tara/ontology/TARA_0913913,TARA:0913913,LU 1,Lung Meridian,http://purl.obolibrary.org/obo/UBERON_0016416,anterior chest,http://uri.interlex.org/base/ilx_0795283,first intercostal space,http://uri.interlex.org/base/ilx_0797476,Intermediate supraclavicular nerve,http://purl.obolibrary.org/obo/UBERON_0001395,thoraco-acromial artery,http://purl.obolibrary.org/obo/UBERON_0000985,axillary vein
http://purl.org/tara/ontology/TARA_0913913,TARA:0913913,LU 1,Lung Meridian,http://purl.obolibrary.org/obo/UBERON_0016416,anterior chest,http://uri.interlex.org/base/ilx_0795283,first intercostal space,http://uri.interlex.org/base/ilx_0797476,Intermediate supraclavicular nerve,http://purl.obolibrary.org/obo/UBERON_0001395,thoraco-acromial artery,http://purl.obolibrary.org/obo/UBERON_8600074,thoracoacromial vein
http://purl.org/tara/ontology/TARA_0913913,TARA:0913913,LU 1,Lung Meridian,http://purl.obolibrary.org/obo/UBERON_0016416,anterior chest,http://uri.interlex.org/base/ilx_0795283,first intercostal space,http://uri.interlex.org/base/ilx_0792193,First intercostal nerve,http://purl.obolibrary.org/obo/UBERON_0001394,axillary artery,http://purl.obolibrary.org/obo/UBERON_0000985,axillary vein
http://purl.org/tara/ontology/TARA_0913913,TARA:0913913,LU 1,Lung Meridian,http://purl.obolibrary.org/obo/UBERON_0016416,anterior chest,http://uri.interlex.org/base/ilx_0795283,first intercostal space,http://uri.interlex.org/base/ilx_0792193,First intercostal nerve,http://purl.obolibrary.org/obo/UBERON_0001394,axillary artery,http://purl.obolibrary.org/obo/UBERON_8600074,thoracoacromial vein
http://purl.org/tara/ontology/TARA_0913913,TARA:0913913,LU 1,Lung Meridian,http://purl.obolibrary.org/obo/UBERON_0016416,anterior chest,http://uri.interlex.org/base/ilx_0795283,first intercostal space,http://uri.interlex.org/base/ilx_0792193,First intercostal nerve,http://purl.obolibrary.org/obo/UBERON_0001395,thoraco-acromial artery,http://purl.obolibrary.org/obo/UBERON_0000985,axillary vein
http://purl.org/tara/ontology/TARA_0913913,TARA:0913913,LU 1,Lung Meridian,http://purl.obolibrary.org/obo/UBERON_0016416,anterior chest,http://uri.interlex.org/base/ilx_0795283,first intercostal space,http://uri.interlex.org/base/ilx_0792193,First intercostal nerve,http://purl.obolibrary.org/obo/UBERON_0001395,thoraco-acromial artery,http://purl.obolibrary.org/obo/UBERON_8600074,thoracoacromial vein
http://purl.org/tara/ontology/TARA_0913913,TARA:0913913,LU 1,Lung Meridian,http://purl.obolibrary.org/obo/UBERON_0016416,anterior chest,http://uri.interlex.org/base/ilx_0795283,first intercostal space,http://uri.interlex.org/base/ilx_0794975,medial pectoral nerve,http://purl.obolibrary.org/obo/UBERON_0001394,axillary artery,http://purl.obolibrary.org/obo/UBERON_0000985,axillary vein
http://purl.org/tara/ontology/TARA_0913913,TARA:0913913,LU 1,Lung Meridian,http://purl.obolibrary.org/obo/UBERON_0016416,anterior chest,http://uri.interlex.org/base/ilx_0795283,first intercostal space,http://uri.interlex.org/base/ilx_0794975,medial pectoral nerve,http://purl.obolibrary.org/obo/UBERON_0001394,axillary artery,http://purl.obolibrary.org/obo/UBERON_8600074,thoracoacromial vein
http://purl.org/tara/ontology/TARA_0913913,TARA:0913913,LU 1,Lung Meridian,http://purl.obolibrary.org/obo/UBERON_0016416,anterior chest,http://uri.interlex.org/base/ilx_0795283,first intercostal space,http://uri.interlex.org/base/ilx_0794975,medial pectoral nerve,http://purl.obolibrary.org/obo/UBERON_0001395,thoraco-acromial artery,http://purl.obolibrary.org/obo/UBERON_0000985,axillary vein
http://purl.org/tara/ontology/TARA_0913913,TARA:0913913,LU 1,Lung Meridian,http://purl.obolibrary.org/obo/UBERON_0016416,anterior chest,http://uri.interlex.org/base/ilx_0795283,first intercostal space,http://uri.interlex.org/base/ilx_0794975,medial pectoral nerve,http://purl.obolibrary.org/obo/UBERON_0001395,thoraco-acromial artery,http://purl.obolibrary.org/obo/UBERON_8600074,thoracoacromial vein
http://purl.org/tara/ontology/TARA_0913913,TARA:0913913,LU 1,Lung Meridian,http://purl.obolibrary.org/obo/UBERON_0016416,anterior chest,http://uri.interlex.org/base/ilx_0795284,infraclavicular fossa,http://uri.interlex.org/base/ilx_0797476,Intermediate supraclavicular nerve,http://purl.obolibrary.org/obo/UBERON_0001394,axillary artery,http://purl.obolibrary.org/obo/UBERON_0000985,axillary vein
http://purl.org/tara/ontology/TARA_0913913,TARA:0913913,LU 1,Lung Meridian,http://purl.obolibrary.org/obo/UBERON_0016416,anterior chest,http://uri.interlex.org/base/ilx_0795284,infraclavicular fossa,http://uri.interlex.org/base/ilx_0797476,Intermediate supraclavicular nerve,http://purl.obolibrary.org/obo/UBERON_0001394,axillary artery,http://purl.obolibrary.org/obo/UBERON_8600074,thoracoacromial vein
http://purl.org/tara/ontology/TARA_0913913,TARA:0913913,LU 1,Lung Meridian,http://purl.obolibrary.org/obo/UBERON_0016416,anterior chest,http://uri.interlex.org/base/ilx_0795284,infraclavicular fossa,http://uri.interlex.org/base/ilx_0797476,Intermediate supraclavicular nerve,http://purl.obolibrary.org/obo/UBERON_0001395,thoraco-acromial artery,http://purl.obolibrary.org/obo/UBERON_0000985,axillary vein
http://purl.org/tara/ontology/TARA_0913913,TARA:0913913,LU 1,Lung Meridian,http://purl.obolibrary.org/obo/UBERON_0016416,anterior chest,http://uri.interlex.org/base/ilx_0795284,infraclavicular fossa,http://uri.interlex.org/base/ilx_0797476,Intermediate supraclavicular nerve,http://purl.obolibrary.org/obo/UBERON_0001395,thoraco-acromial artery,http://purl.obolibrary.org/obo/UBERON_8600074,thoracoacromial vein
http://purl.org/tara/ontology/TARA_0913913,TARA:0913913,LU 1,Lung Meridian,http://purl.obolibrary.org/obo/UBERON_0016416,anterior chest,http://uri.interlex.org/base/ilx_0795284,infraclavicular fossa,http://uri.interlex.org/base/ilx_0792193,First intercostal nerve,http://purl.obolibrary.org/obo/UBERON_0001394,axillary artery,http://purl.obolibrary.org/obo/UBERON_0000985,axillary vein
http://purl.org/tara/ontology/TARA_0913913,TARA:0913913,LU 1,Lung Meridian,http://purl.obolibrary.org/obo/UBERON_0016416,anterior chest,http://uri.interlex.org/base/ilx_0795284,infraclavicular fossa,http://uri.interlex.org/base/ilx_0792193,First intercostal nerve,http://purl.obolibrary.org/obo/UBERON_0001394,axillary artery,http://purl.obolibrary.org/obo/UBERON_8600074,thoracoacromial vein
http://purl.org/tara/ontology/TARA_0913913,TARA:0913913,LU 1,Lung Meridian,http://purl.obolibrary.org/obo/UBERON_0016416,anterior chest,http://uri.interlex.org/base/ilx_0795284,infraclavicular fossa,http://uri.interlex.org/base/ilx_0792193,First intercostal nerve,http://purl.obolibrary.org/obo/UBERON_0001395,thoraco-acromial artery,http://purl.obolibrary.org/obo/UBERON_0000985,axillary vein
http://purl.org/tara/ontology/TARA_0913913,TARA:0913913,LU 1,Lung Meridian,http://purl.obolibrary.org/obo/UBERON_0016416,anterior chest,http://uri.interlex.org/base/ilx_0795284,infraclavicular fossa,http://uri.interlex.org/base/ilx_0792193,First intercostal nerve,http://purl.obolibrary.org/obo/UBERON_0001395,thoraco-acromial artery,http://purl.obolibrary.org/obo/UBERON_8600074,thoracoacromial vein
http://purl.org/tara/ontology/TARA_0913913,TARA:0913913,LU 1,Lung Meridian,http://purl.obolibrary.org/obo/UBERON_0016416,anterior chest,http://uri.interlex.org/base/ilx_0795284,infraclavicular fossa,http://uri.interlex.org/base/ilx_0794975,medial pectoral nerve,http://purl.obolibrary.org/obo/UBERON_0001394,axillary artery,http://purl.obolibrary.org/obo/UBERON_0000985,axillary vein
http://purl.org/tara/ontology/TARA_0913913,TARA:0913913,LU 1,Lung Meridian,http://purl.obolibrary.org/obo/UBERON_0016416,anterior chest,http://uri.interlex.org/base/ilx_0795284,infraclavicular fossa,http://uri.interlex.org/base/ilx_0794975,medial pectoral nerve,http://purl.obolibrary.org/obo/UBERON_0001394,axillary artery,http://purl.obolibrary.org/obo/UBERON_8600074,thoracoacromial vein
http://purl.org/tara/ontology/TARA_0913913,TARA:0913913,LU 1,Lung Meridian,http://purl.obolibrary.org/obo/UBERON_0016416,anterior chest,http://uri.interlex.org/base/ilx_0795284,infraclavicular fossa,http://uri.interlex.org/base/ilx_0794975,medial pectoral nerve,http://purl.obolibrary.org/obo/UBERON_0001395,thoraco-acromial artery,http://purl.obolibrary.org/obo/UBERON_0000985,axillary vein
http://purl.org/tara/ontology/TARA_0913913,TARA:0913913,LU 1,Lung Meridian,http://purl.obolibrary.org/obo/UBERON_0016416,anterior chest,http://uri.interlex.org/base/ilx_0795284,infraclavicular fossa,http://uri.interlex.org/base/ilx_0794975,medial pectoral nerve,http://purl.obolibrary.org/obo/UBERON_0001395,thoraco-acromial artery,http://purl.obolibrary.org/obo/UBERON_8600074,thoracoacromial vein
http://purl.org/tara/ontology/TARA_2459635,TARA:2459635,LU 10,Lung Meridian,http://purl.obolibrary.org/obo/UBERON_0008878,palmar part of manus,http://purl.obolibrary.org/obo/UBERON_0003645,metacarpal bone of digit 1,http://uri.interlex.org/base/ilx_0797391,superficial branch of radial nerve,,,http://purl.obolibrary.org/obo/UBERON_0001106,cephalic vein
http://purl.org/tara/ontology/TARA_0831517,TARA:0831517,LU 11,Lung Meridian,http://purl.obolibrary.org/obo/UBERON_0001463,manual digit 1,http://purl.obolibrary.org/obo/UBERON_0004300,distal phalanx,http://uri.interlex.org/base/ilx_0797391,superficial branch of radial nerve,http://purl.obolibrary.org/obo/UBERON_0006137,proper palmar digital artery,http://purl.obolibrary.org/obo/UBERON_0004561,proper palmar digital vein
http://purl.org/tara/ontology/TARA_0831517,TARA:0831517,LU 11,Lung Meridian,http://purl.obolibrary.org/obo/UBERON_0001463,manual digit 1,http://purl.obolibrary.org/obo/UBERON_0004300,distal phalanx,http://uri.interlex.org/base/ilx_0794951,lateral cutaneous nerve of the forearm,http://purl.obolibrary.org/obo/UBERON_0006137,proper palmar digital artery,http://purl.obolibrary.org/obo/UBERON_0004561,proper palmar digital vein
http://purl.org/tara/ontology/TARA_0831517,TARA:0831517,LU 11,Lung Meridian,http://purl.obolibrary.org/obo/UBERON_0001463,manual digit 1,http://purl.obolibrary.org/obo/UBERON_0004300,distal phalanx,http://uri.interlex.org/base/ilx_0795018,palmar digital nerve,http://purl.obolibrary.org/obo/UBERON_0006137,proper palmar digital artery,http://purl.obolibrary.org/obo/UBERON_0004561,proper palmar digital vein
http://purl.org/tara/ontology/TARA_0831517,TARA:0831517,LU 11,Lung Meridian,http://purl.obolibrary.org/obo/UBERON_0001463,manual digit 1,http://purl.obolibrary.org/obo/UBERON_0004300,distal phalanx,http://uri.interlex.org/base/ilx_0795018,proper palmar digital branches of median nerve,http://purl.obolibrary.org/obo/UBERON_0006137,proper palmar digital artery,http://purl.obolibrary.org/obo/UBERON_0004561,proper palmar digital vein
http://purl.org/tara/ontology/TARA_0831517,TARA:0831517,LU 11,Lung Meridian,http://purl.obolibrary.org/obo/UBERON_0001463,manual digit 1,http://purl.obolibrary.org/obo/UBERON_0011273,nail of manual digit 1,http://uri.interlex.org/base/ilx_0797391,superficial branch of radial nerve,http://purl.obolibrary.org/obo/UBERON_0006137,proper palmar digital artery,http://purl.obolibrary.org/obo/UBERON_0004561,proper palmar digital vein
http://purl.org/tara/ontology/TARA_0831517,TARA:0831517,LU 11,Lung Meridian,http://purl.obolibrary.org/obo/UBERON_0001463,manual digit 1,http://purl.obolibrary.org/obo/UBERON_0011273,nail of manual digit 1,http://uri.interlex.org/base/ilx_0794951,lateral cutaneous nerve of the forearm,http://purl.obolibrary.org/obo/UBERON_0006137,proper palmar digital artery,http://purl.obolibrary.org/obo/UBERON_0004561,proper palmar digital vein
http://purl.org/tara/ontology/TARA_0831517,TARA:0831517,LU 11,Lung Meridian,http://purl.obolibrary.org/obo/UBERON_0001463,manual digit 1,http://purl.obolibrary.org/obo/UBERON_0011273,nail of manual digit 1,http://uri.interlex.org/base/ilx_0795018,palmar digital nerve,http://purl.obolibrary.org/obo/UBERON_0006137,proper palmar digital artery,http://purl.obolibrary.org/obo/UBERON_0004561,proper palmar digital vein
http://purl.org/tara/ontology/TARA_0831517,TARA:0831517,LU 11,Lung Meridian,http://purl.obolibrary.org/obo/UBERON_0001463,manual digit 1,http://purl.obolibrary.org/obo/UBERON_0011273,nail of manual digit 1,http://uri.interlex.org/base/ilx_0795018,proper palmar digital branches of median nerve,http://purl.obolibrary.org/obo/UBERON_0006137,proper palmar digital artery,http://purl.obolibrary.org/obo/UBERON_0004561,proper palmar digital vein
http://purl.org/tara/ontology/TARA_0540755,TARA:0540755,LU 2,Lung Meridian,http://purl.obolibrary.org/obo/UBERON_0016416,anterior chest,http://uri.interlex.org/base/ilx_0795285,anterior median line,http://uri.interlex.org/base/ilx_0797475,Lateral supraclavicular nerve,http://purl.obolibrary.org/obo/UBERON_0001394,axillary artery,http://purl.obolibrary.org/obo/UBERON_8600074,thoracoacromial vein
http://purl.org/tara/ontology/TARA_0540755,TARA:0540755,LU 2,Lung Meridian,http://purl.obolibrary.org/obo/UBERON_0016416,anterior chest,http://uri.interlex.org/base/ilx_0795285,anterior median line,http://uri.interlex.org/base/ilx_0797475,Lateral supraclavicular nerve,http://purl.obolibrary.org/obo/UBERON_0001394,axillary artery,http://purl.obolibrary.org/obo/UBERON_0001106,cephalic vein
http://purl.org/tara/ontology/TARA_0540755,TARA:0540755,LU 2,Lung Meridian,http://purl.obolibrary.org/obo/UBERON_0016416,anterior chest,http://uri.interlex.org/base/ilx_0795285,anterior median line,http://uri.interlex.org/base/ilx_0797475,Lateral supraclavicular nerve,http://purl.obolibrary.org/obo/UBERON_0001395,thoraco-acromial artery,http://purl.obolibrary.org/obo/UBERON_8600074,thoracoacromial vein
http://purl.org/tara/ontology/TARA_0540755,TARA:0540755,LU 2,Lung Meridian,http://purl.obolibrary.org/obo/UBERON_0016416,anterior chest,http://uri.interlex.org/base/ilx_0795285,anterior median line,http://uri.interlex.org/base/ilx_0797475,Lateral supraclavicular nerve,http://purl.obolibrary.org/obo/UBERON_0001395,thoraco-acromial artery,http://purl.obolibrary.org/obo/UBERON_0001106,cephalic vein
http://purl.org/tara/ontology/TARA_0540755,TARA:0540755,LU 2,Lung Meridian,http://purl.obolibrary.org/obo/UBERON_0016416,anterior chest,http://uri.interlex.org/base/ilx_0795285,anterior median line,http://uri.interlex.org/base/ilx_0797476,Intermediate supraclavicular nerve,http://purl.obolibrary.org/obo/UBERON_0001394,axillary artery,http://purl.obolibrary.org/obo/UBERON_8600074,thoracoacromial vein
http://purl.org/tara/ontology/TARA_0540755,TARA:0540755,LU 2,Lung Meridian,http://purl.obolibrary.org/obo/UBERON_0016416,anterior chest,http://uri.interlex.org/base/ilx_0795285,anterior median line,http://uri.interlex.org/base/ilx_0797476,Intermediate supraclavicular nerve,http://purl.obolibrary.org/obo/UBERON_0001394,axillary artery,http://purl.obolibrary.org/obo/UBERON_0001106,cephalic vein
http://purl.org/tara/ontology/TARA_0540755,TARA:0540755,LU 2,Lung Meridian,http://purl.obolibrary.org/obo/UBERON_0016416,anterior chest,http://uri.interlex.org/base/ilx_0795285,anterior median line,http://uri.interlex.org/base/ilx_0797476,Intermediate supraclavicular nerve,http://purl.obolibrary.org/obo/UBERON_0001395,thoraco-acromial artery,http://purl.obolibrary.org/obo/UBERON_8600074,thoracoacromial vein
http://purl.org/tara/ontology/TARA_0540755,TARA:0540755,LU 2,Lung Meridian,http://purl.obolibrary.org/obo/UBERON_0016416,anterior chest,http://uri.interlex.org/base/ilx_0795285,anterior median line,http://uri.interlex.org/base/ilx_0797476,Intermediate supraclavicular nerve,http://purl.obolibrary.org/obo/UBERON_0001395,thoraco-acromial artery,http://purl.obolibrary.org/obo/UBERON_0001106,cephalic vein
http://purl.org/tara/ontology/TARA_0540755,TARA:0540755,LU 2,Lung Meridian,http://purl.obolibrary.org/obo/UBERON_0016416,anterior chest,http://uri.interlex.org/base/ilx_0795285,anterior median line,http://purl.obolibrary.org/obo/UBERON_0001814,brachial nerve plexus,http://purl.obolibrary.org/obo/UBERON_0001394,axillary artery,http://purl.obolibrary.org/obo/UBERON_8600074,thoracoacromial vein
http://purl.org/tara/ontology/TARA_0540755,TARA:0540755,LU 2,Lung Meridian,http://purl.obolibrary.org/obo/UBERON_0016416,anterior chest,http://uri.interlex.org/base/ilx_0795285,anterior median line,http://purl.obolibrary.org/obo/UBERON_0001814,brachial nerve plexus,http://purl.obolibrary.org/obo/UBERON_0001394,axillary artery,http://purl.obolibrary.org/obo/UBERON_0001106,cephalic vein
http://purl.org/tara/ontology/TARA_0540755,TARA:0540755,LU 2,Lung Meridian,http://purl.obolibrary.org/obo/UBERON_0016416,anterior chest,http://uri.interlex.org/base/ilx_0795285,anterior median line,http://purl.obolibrary.org/obo/UBERON_0001814,brachial nerve plexus,http://purl.obolibrary.org/obo/UBERON_0001395,thoraco-acromial artery,http://purl.obolibrary.org/obo/UBERON_8600074,thoracoacromial vein
http://purl.org/tara/ontology/TARA_0540755,TARA:0540755,LU 2,Lung Meridian,http://purl.obolibrary.org/obo/UBERON_0016416,anterior chest,http://uri.interlex.org/base/ilx_0795285,anterior median line,http://purl.obolibrary.org/obo/UBERON_0001814,brachial nerve plexus,http://purl.obolibrary.org/obo/UBERON_0001395,thoraco-acromial artery,http://purl.obolibrary.org/obo/UBERON_0001106,cephalic vein
http://purl.org/tara/ontology/TARA_0540755,TARA:0540755,LU 2,Lung Meridian,http://purl.obolibrary.org/obo/UBERON_0016416,anterior chest,http://uri.interlex.org/base/ilx_0795285,anterior median line,http://uri.interlex.org/base/ilx_0794975,medial pectoral nerve,http://purl.obolibrary.org/obo/UBERON_0001394,axillary artery,http://purl.obolibrary.org/obo/UBERON_8600074,thoracoacromial vein
http://purl.org/tara/ontology/TARA_0540755,TARA:0540755,LU 2,Lung Meridian,http://purl.obolibrary.org/obo/UBERON_0016416,anterior chest,http://uri.interlex.org/base/ilx_0795285,anterior median line,http://uri.interlex.org/base/ilx_0794975,medial pectoral nerve,http://purl.obolibrary.org/obo/UBERON_0001394,axillary artery,http://purl.obolibrary.org/obo/UBERON_0001106,cephalic vein
http://purl.org/tara/ontology/TARA_0540755,TARA:0540755,LU 2,Lung Meridian,http://purl.obolibrary.org/obo/UBERON_0016416,anterior chest,http://uri.interlex.org/base/ilx_0795285,anterior median line,http://uri.interlex.org/base/ilx_0794975,medial pectoral nerve,http://purl.obolibrary.org/obo/UBERON_0001395,thoraco-acromial artery,http://purl.obolibrary.org/obo/UBERON_8600074,thoracoacromial vein
http://purl.org/tara/ontology/TARA_0540755,TARA:0540755,LU 2,Lung Meridian,http://purl.obolibrary.org/obo/UBERON_0016416,anterior chest,http://uri.interlex.org/base/ilx_0795285,anterior median line,http://uri.interlex.org/base/ilx_0794975,medial pectoral nerve,http://purl.obolibrary.org/obo/UBERON_0001395,thoraco-acromial artery,http://purl.obolibrary.org/obo/UBERON_0001106,cephalic vein
http://purl.org/tara/ontology/TARA_0540755,TARA:0540755,LU 2,Lung Meridian,http://purl.obolibrary.org/obo/UBERON_0016416,anterior chest,http://uri.interlex.org/base/ilx_0795286,clavipectoral triangle,http://uri.interlex.org/base/ilx_0797475,Lateral supraclavicular nerve,http://purl.obolibrary.org/obo/UBERON_0001394,axillary artery,http://purl.obolibrary.org/obo/UBERON_8600074,thoracoacromial vein
http://purl.org/tara/ontology/TARA_0540755,TARA:0540755,LU 2,Lung Meridian,http://purl.obolibrary.org/obo/UBERON_0016416,anterior chest,http://uri.interlex.org/base/ilx_0795286,clavipectoral triangle,http://uri.interlex.org/base/ilx_0797475,Lateral supraclavicular nerve,http://purl.obolibrary.org/obo/UBERON_0001394,axillary artery,http://purl.obolibrary.org/obo/UBERON_0001106,cephalic vein
http://purl.org/tara/ontology/TARA_0540755,TARA:0540755,LU 2,Lung Meridian,http://purl.obolibrary.org/obo/UBERON_0016416,anterior chest,http://uri.interlex.org/base/ilx_0795286,clavipectoral triangle,http://uri.interlex.org/base/ilx_0797475,Lateral supraclavicular nerve,http://purl.obolibrary.org/obo/UBERON_0001395,thoraco-acromial artery,http://purl.obolibrary.org/obo/UBERON_8600074,thoracoacromial vein
http://purl.org/tara/ontology/TARA_0540755,TARA:0540755,LU 2,Lung Meridian,http://purl.obolibrary.org/obo/UBERON_0016416,anterior chest,http://uri.interlex.org/base/ilx_0795286,clavipectoral triangle,http://uri.interlex.org/base/ilx_0797475,Lateral supraclavicular nerve,http://purl.obolibrary.org/obo/UBERON_0001395,thoraco-acromial artery,http://purl.obolibrary.org/obo/UBERON_0001106,cephalic vein
http://purl.org/tara/ontology/TARA_0540755,TARA:0540755,LU 2,Lung Meridian,http://purl.obolibrary.org/obo/UBERON_0016416,anterior chest,http://uri.interlex.org/base/ilx_0795286,clavipectoral triangle,http://uri.interlex.org/base/ilx_0797476,Intermediate supraclavicular nerve,http://purl.obolibrary.org/obo/UBERON_0001394,axillary artery,http://purl.obolibrary.org/obo/UBERON_8600074,thoracoacromial vein
http://purl.org/tara/ontology/TARA_0540755,TARA:0540755,LU 2,Lung Meridian,http://purl.obolibrary.org/obo/UBERON_0016416,anterior chest,http://uri.interlex.org/base/ilx_0795286,clavipectoral triangle,http://uri.interlex.org/base/ilx_0797476,Intermediate supraclavicular nerve,http://purl.obolibrary.org/obo/UBERON_0001394,axillary artery,http://purl.obolibrary.org/obo/UBERON_0001106,cephalic vein
http://purl.org/tara/ontology/TARA_0540755,TARA:0540755,LU 2,Lung Meridian,http://purl.obolibrary.org/obo/UBERON_0016416,anterior chest,http://uri.interlex.org/base/ilx_0795286,clavipectoral triangle,http://uri.interlex.org/base/ilx_0797476,Intermediate supraclavicular nerve,http://purl.obolibrary.org/obo/UBERON_0001395,thoraco-acromial artery,http://purl.obolibrary.org/obo/UBERON_8600074,thoracoacromial vein
http://purl.org/tara/ontology/TARA_0540755,TARA:0540755,LU 2,Lung Meridian,http://purl.obolibrary.org/obo/UBERON_0016416,anterior chest,http://uri.interlex.org/base/ilx_0795286,clavipectoral triangle,http://uri.interlex.org/base/ilx_0797476,Intermediate supraclavicular nerve,http://purl.obolibrary.org/obo/UBERON_0001395,thoraco-acromial artery,http://purl.obolibrary.org/obo/UBERON_0001106,cephalic vein
http://purl.org/tara/ontology/TARA_0540755,TARA:0540755,LU 2,Lung Meridian,http://purl.obolibrary.org/obo/UBERON_0016416,anterior chest,http://uri.interlex.org/base/ilx_0795286,clavipectoral triangle,http://purl.obolibrary.org/obo/UBERON_0001814,brachial nerve plexus,http://purl.obolibrary.org/obo/UBERON_0001394,axillary artery,http://purl.obolibrary.org/obo/UBERON_8600074,thoracoacromial vein
http://purl.org/tara/ontology/TARA_0540755,TARA:0540755,LU 2,Lung Meridian,http://purl.obolibrary.org/obo/UBERON_0016416,anterior chest,http://uri.interlex.org/base/ilx_0795286,clavipectoral triangle,http://purl.obolibrary.org/obo/UBERON_0001814,brachial nerve plexus,http://purl.obolibrary.org/obo/UBERON_0001394,axillary artery,http://purl.obolibrary.org/obo/UBERON_0001106,cephalic vein
http://purl.org/tara/ontology/TARA_0540755,TARA:0540755,LU 2,Lung Meridian,http://purl.obolibrary.org/obo/UBERON_0016416,anterior chest,http://uri.interlex.org/base/ilx_0795286,clavipectoral triangle,http://purl.obolibrary.org/obo/UBERON_0001814,brachial nerve plexus,http://purl.obolibrary.org/obo/UBERON_0001395,thoraco-acromial artery,http://purl.obolibrary.org/obo/UBERON_8600074,thoracoacromial vein
http://purl.org/tara/ontology/TARA_0540755,TARA:0540755,LU 2,Lung Meridian,http://purl.obolibrary.org/obo/UBERON_0016416,anterior chest,http://uri.interlex.org/base/ilx_0795286,clavipectoral triangle,http://purl.obolibrary.org/obo/UBERON_0001814,brachial nerve plexus,http://purl.obolibrary.org/obo/UBERON_0001395,thoraco-acromial artery,http://purl.obolibrary.org/obo/UBERON_0001106,cephalic vein
http://purl.org/tara/ontology/TARA_0540755,TARA:0540755,LU 2,Lung Meridian,http://purl.obolibrary.org/obo/UBERON_0016416,anterior chest,http://uri.interlex.org/base/ilx_0795286,clavipectoral triangle,http://uri.interlex.org/base/ilx_0794975,medial pectoral nerve,http://purl.obolibrary.org/obo/UBERON_0001394,axillary artery,http://purl.obolibrary.org/obo/UBERON_8600074,thoracoacromial vein
http://purl.org/tara/ontology/TARA_0540755,TARA:0540755,LU 2,Lung Meridian,http://purl.obolibrary.org/obo/UBERON_0016416,anterior chest,http://uri.interlex.org/base/ilx_0795286,clavipectoral triangle,http://uri.interlex.org/base/ilx_0794975,medial pectoral nerve,http://purl.obolibrary.org/obo/UBERON_0001394,axillary artery,http://purl.obolibrary.org/obo/UBERON_0001106,cephalic vein
http://purl.org/tara/ontology/TARA_0540755,TARA:0540755,LU 2,Lung Meridian,http://purl.obolibrary.org/obo/UBERON_0016416,anterior chest,http://uri.interlex.org/base/ilx_0795286,clavipectoral triangle,http://uri.interlex.org/base/ilx_0794975,medial pectoral nerve,http://purl.obolibrary.org/obo/UBERON_0001395,thoraco-acromial artery,http://purl.obolibrary.org/obo/UBERON_8600074,thoracoacromial vein
http://purl.org/tara/ontology/TARA_0540755,TARA:0540755,LU 2,Lung Meridian,http://purl.obolibrary.org/obo/UBERON_0016416,anterior chest,http://uri.interlex.org/base/ilx_0795286,clavipectoral triangle,http://uri.interlex.org/base/ilx_0794975,medial pectoral nerve,http://purl.obolibrary.org/obo/UBERON_0001395,thoraco-acromial artery,http://purl.obolibrary.org/obo/UBERON_0001106,cephalic vein
http://purl.org/tara/ontology/TARA_0540755,TARA:0540755,LU 2,Lung Meridian,http://purl.obolibrary.org/obo/UBERON_0016416,anterior chest,http://purl.obolibrary.org/obo/UBERON_0006633,coracoid process of scapula,http://uri.interlex.org/base/ilx_0797475,Lateral supraclavicular nerve,http://purl.obolibrary.org/obo/UBERON_0001394,axillary artery,http://purl.obolibrary.org/obo/UBERON_8600074,thoracoacromial vein
http://purl.org/tara/ontology/TARA_0540755,TARA:0540755,LU 2,Lung Meridian,http://purl.obolibrary.org/obo/UBERON_0016416,anterior chest,http://purl.obolibrary.org/obo/UBERON_0006633,coracoid process of scapula,http://uri.interlex.org/base/ilx_0797475,Lateral supraclavicular nerve,http://purl.obolibrary.org/obo/UBERON_0001394,axillary artery,http://purl.obolibrary.org/obo/UBERON_0001106,cephalic vein
http://purl.org/tara/ontology/TARA_0540755,TARA:0540755,LU 2,Lung Meridian,http://purl.obolibrary.org/obo/UBERON_0016416,anterior chest,http://purl.obolibrary.org/obo/UBERON_0006633,coracoid process of scapula,http://uri.interlex.org/base/ilx_0797475,Lateral supraclavicular nerve,http://purl.obolibrary.org/obo/UBERON_0001395,thoraco-acromial artery,http://purl.obolibrary.org/obo/UBERON_8600074,thoracoacromial vein
http://purl.org/tara/ontology/TARA_0540755,TARA:0540755,LU 2,Lung Meridian,http://purl.obolibrary.org/obo/UBERON_0016416,anterior chest,http://purl.obolibrary.org/obo/UBERON_0006633,coracoid process of scapula,http://uri.interlex.org/base/ilx_0797475,Lateral supraclavicular nerve,http://purl.obolibrary.org/obo/UBERON_0001395,thoraco-acromial artery,http://purl.obolibrary.org/obo/UBERON_0001106,cephalic vein
http://purl.org/tara/ontology/TARA_0540755,TARA:0540755,LU 2,Lung Meridian,http://purl.obolibrary.org/obo/UBERON_0016416,anterior chest,http://purl.obolibrary.org/obo/UBERON_0006633,coracoid process of scapula,http://uri.interlex.org/base/ilx_0797476,Intermediate supraclavicular nerve,http://purl.obolibrary.org/obo/UBERON_0001394,axillary artery,http://purl.obolibrary.org/obo/UBERON_8600074,thoracoacromial vein
http://purl.org/tara/ontology/TARA_0540755,TARA:0540755,LU 2,Lung Meridian,http://purl.obolibrary.org/obo/UBERON_0016416,anterior chest,http://purl.obolibrary.org/obo/UBERON_0006633,coracoid process of scapula,http://uri.interlex.org/base/ilx_0797476,Intermediate supraclavicular nerve,http://purl.obolibrary.org/obo/UBERON_0001394,axillary artery,http://purl.obolibrary.org/obo/UBERON_0001106,cephalic vein
http://purl.org/tara/ontology/TARA_0540755,TARA:0540755,LU 2,Lung Meridian,http://purl.obolibrary.org/obo/UBERON_0016416,anterior chest,http://purl.obolibrary.org/obo/UBERON_0006633,coracoid process of scapula,http://uri.interlex.org/base/ilx_0797476,Intermediate supraclavicular nerve,http://purl.obolibrary.org/obo/UBERON_0001395,thoraco-acromial artery,http://purl.obolibrary.org/obo/UBERON_8600074,thoracoacromial vein
http://purl.org/tara/ontology/TARA_0540755,TARA:0540755,LU 2,Lung Meridian,http://purl.obolibrary.org/obo/UBERON_0016416,anterior chest,http://purl.obolibrary.org/obo/UBERON_0006633,coracoid process of scapula,http://uri.interlex.org/base/ilx_0797476,Intermediate supraclavicular nerve,http://purl.obolibrary.org/obo/UBERON_0001395,thoraco-acromial artery,http://purl.obolibrary.org/obo/UBERON_0001106,cephalic vein
http://purl.org/tara/ontology/TARA_0540755,TARA:0540755,LU 2,Lung Meridian,http://purl.obolibrary.org/obo/UBERON_0016416,anterior chest,http://purl.obolibrary.org/obo/UBERON_0006633,coracoid process of scapula,http://purl.obolibrary.org/obo/UBERON_0001814,brachial nerve plexus,http://purl.obolibrary.org/obo/UBERON_0001394,axillary artery,http://purl.obolibrary.org/obo/UBERON_8600074,thoracoacromial vein
http://purl.org/tara/ontology/TARA_0540755,TARA:0540755,LU 2,Lung Meridian,http://purl.obolibrary.org/obo/UBERON_0016416,anterior chest,http://purl.obolibrary.org/obo/UBERON_0006633,coracoid process of scapula,http://purl.obolibrary.org/obo/UBERON_0001814,brachial nerve plexus,http://purl.obolibrary.org/obo/UBERON_0001394,axillary artery,http://purl.obolibrary.org/obo/UBERON_0001106,cephalic vein
http://purl.org/tara/ontology/TARA_0540755,TARA:0540755,LU 2,Lung Meridian,http://purl.obolibrary.org/obo/UBERON_0016416,anterior chest,http://purl.obolibrary.org/obo/UBERON_0006633,coracoid process of scapula,http://purl.obolibrary.org/obo/UBERON_0001814,brachial nerve plexus,http://purl.obolibrary.org/obo/UBERON_0001395,thoraco-acromial artery,http://purl.obolibrary.org/obo/UBERON_8600074,thoracoacromial vein
http://purl.org/tara/ontology/TARA_0540755,TARA:0540755,LU 2,Lung Meridian,http://purl.obolibrary.org/obo/UBERON_0016416,anterior chest,http://purl.obolibrary.org/obo/UBERON_0006633,coracoid process of scapula,http://purl.obolibrary.org/obo/UBERON_0001814,brachial nerve plexus,http://purl.obolibrary.org/obo/UBERON_0001395,thoraco-acromial artery,http://purl.obolibrary.org/obo/UBERON_0001106,cephalic vein
http://purl.org/tara/ontology/TARA_0540755,TARA:0540755,LU 2,Lung Meridian,http://purl.obolibrary.org/obo/UBERON_0016416,anterior chest,http://purl.obolibrary.org/obo/UBERON_0006633,coracoid process of scapula,http://uri.interlex.org/base/ilx_0794975,medial pectoral nerve,http://purl.obolibrary.org/obo/UBERON_0001394,axillary artery,http://purl.obolibrary.org/obo/UBERON_8600074,thoracoacromial vein
http://purl.org/tara/ontology/TARA_0540755,TARA:0540755,LU 2,Lung Meridian,http://purl.obolibrary.org/obo/UBERON_0016416,anterior chest,http://purl.obolibrary.org/obo/UBERON_0006633,coracoid process of scapula,http://uri.interlex.org/base/ilx_0794975,medial pectoral nerve,http://purl.obolibrary.org/obo/UBERON_0001394,axillary artery,http://purl.obolibrary.org/obo/UBERON_0001106,cephalic vein
http://purl.org/tara/ontology/TARA_0540755,TARA:0540755,LU 2,Lung Meridian,http://purl.obolibrary.org/obo/UBERON_0016416,anterior chest,http://purl.obolibrary.org/obo/UBERON_0006633,coracoid process of scapula,http://uri.interlex.org/base/ilx_0794975,medial pectoral nerve,http://purl.obolibrary.org/obo/UBERON_0001395,thoraco-acromial artery,http://purl.obolibrary.org/obo/UBERON_8600074,thoracoacromial vein
http://purl.org/tara/ontology/TARA_0540755,TARA:0540755,LU 2,Lung Meridian,http://purl.obolibrary.org/obo/UBERON_0016416,anterior chest,http://purl.obolibrary.org/obo/UBERON_0006633,coracoid process of scapula,http://uri.interlex.org/base/ilx_0794975,medial pectoral nerve,http://purl.obolibrary.org/obo/UBERON_0001395,thoraco-acromial artery,http://purl.obolibrary.org/obo/UBERON_0001106,cephalic vein
http://purl.org/tara/ontology/TARA_0540755,TARA:0540755,LU 2,Lung Meridian,http://purl.obolibrary.org/obo/UBERON_0016416,anterior chest,http://uri.interlex.org/base/ilx_0795284,infraclavicular fossa,http://uri.interlex.org/base/ilx_0797475,Lateral supraclavicular nerve,http://purl.obolibrary.org/obo/UBERON_0001394,axillary artery,http://purl.obolibrary.org/obo/UBERON_8600074,thoracoacromial vein
http://purl.org/tara/ontology/TARA_0540755,TARA:0540755,LU 2,Lung Meridian,http://purl.obolibrary.org/obo/UBERON_0016416,anterior chest,http://uri.interlex.org/base/ilx_0795284,infraclavicular fossa,http://uri.interlex.org/base/ilx_0797475,Lateral supraclavicular nerve,http://purl.obolibrary.org/obo/UBERON_0001394,axillary artery,http://purl.obolibrary.org/obo/UBERON_0001106,cephalic vein
http://purl.org/tara/ontology/TARA_0540755,TARA:0540755,LU 2,Lung Meridian,http://purl.obolibrary.org/obo/UBERON_0016416,anterior chest,http://uri.interlex.org/base/ilx_0795284,infraclavicular fossa,http://uri.interlex.org/base/ilx_0797475,Lateral supraclavicular nerve,http://purl.obolibrary.org/obo/UBERON_0001395,thoraco-acromial artery,http://purl.obolibrary.org/obo/UBERON_8600074,thoracoacromial vein
http://purl.org/tara/ontology/TARA_0540755,TARA:0540755,LU 2,Lung Meridian,http://purl.obolibrary.org/obo/UBERON_0016416,anterior chest,http://uri.interlex.org/base/ilx_0795284,infraclavicular fossa,http://uri.interlex.org/base/ilx_0797475,Lateral supraclavicular nerve,http://purl.obolibrary.org/obo/UBERON_0001395,thoraco-acromial artery,http://purl.obolibrary.org/obo/UBERON_0001106,cephalic vein
http://purl.org/tara/ontology/TARA_0540755,TARA:0540755,LU 2,Lung Meridian,http://purl.obolibrary.org/obo/UBERON_0016416,anterior chest,http://uri.interlex.org/base/ilx_0795284,infraclavicular fossa,http://uri.interlex.org/base/ilx_0797476,Intermediate supraclavicular nerve,http://purl.obolibrary.org/obo/UBERON_0001394,axillary artery,http://purl.obolibrary.org/obo/UBERON_8600074,thoracoacromial vein
http://purl.org/tara/ontology/TARA_0540755,TARA:0540755,LU 2,Lung Meridian,http://purl.obolibrary.org/obo/UBERON_0016416,anterior chest,http://uri.interlex.org/base/ilx_0795284,infraclavicular fossa,http://uri.interlex.org/base/ilx_0797476,Intermediate supraclavicular nerve,http://purl.obolibrary.org/obo/UBERON_0001394,axillary artery,http://purl.obolibrary.org/obo/UBERON_0001106,cephalic vein
http://purl.org/tara/ontology/TARA_0540755,TARA:0540755,LU 2,Lung Meridian,http://purl.obolibrary.org/obo/UBERON_0016416,anterior chest,http://uri.interlex.org/base/ilx_0795284,infraclavicular fossa,http://uri.interlex.org/base/ilx_0797476,Intermediate supraclavicular nerve,http://purl.obolibrary.org/obo/UBERON_0001395,thoraco-acromial artery,http://purl.obolibrary.org/obo/UBERON_8600074,thoracoacromial vein
http://purl.org/tara/ontology/TARA_0540755,TARA:0540755,LU 2,Lung Meridian,http://purl.obolibrary.org/obo/UBERON_0016416,anterior chest,http://uri.interlex.org/base/ilx_0795284,infraclavicular fossa,http://uri.interlex.org/base/ilx_0797476,Intermediate supraclavicular nerve,http://purl.obolibrary.org/obo/UBERON_0001395,thoraco-acromial artery,http://purl.obolibrary.org/obo/UBERON_0001106,cephalic vein
http://purl.org/tara/ontology/TARA_0540755,TARA:0540755,LU 2,Lung Meridian,http://purl.obolibrary.org/obo/UBERON_0016416,anterior chest,http://uri.interlex.org/base/ilx_0795284,infraclavicular fossa,http://purl.obolibrary.org/obo/UBERON_0001814,brachial nerve plexus,http://purl.obolibrary.org/obo/UBERON_0001394,axillary artery,http://purl.obolibrary.org/obo/UBERON_8600074,thoracoacromial vein
http://purl.org/tara/ontology/TARA_0540755,TARA:0540755,LU 2,Lung Meridian,http://purl.obolibrary.org/obo/UBERON_0016416,anterior chest,http://uri.interlex.org/base/ilx_0795284,infraclavicular fossa,http://purl.obolibrary.org/obo/UBERON_0001814,brachial nerve plexus,http://purl.obolibrary.org/obo/UBERON_0001394,axillary artery,http://purl.obolibrary.org/obo/UBERON_0001106,cephalic vein
http://purl.org/tara/ontology/TARA_0540755,TARA:0540755,LU 2,Lung Meridian,http://purl.obolibrary.org/obo/UBERON_0016416,anterior chest,http://uri.interlex.org/base/ilx_0795284,infraclavicular fossa,http://purl.obolibrary.org/obo/UBERON_0001814,brachial nerve plexus,http://purl.obolibrary.org/obo/UBERON_0001395,thoraco-acromial artery,http://purl.obolibrary.org/obo/UBERON_8600074,thoracoacromial vein
http://purl.org/tara/ontology/TARA_0540755,TARA:0540755,LU 2,Lung Meridian,http://purl.obolibrary.org/obo/UBERON_0016416,anterior chest,http://uri.interlex.org/base/ilx_0795284,infraclavicular fossa,http://purl.obolibrary.org/obo/UBERON_0001814,brachial nerve plexus,http://purl.obolibrary.org/obo/UBERON_0001395,thoraco-acromial artery,http://purl.obolibrary.org/obo/UBERON_0001106,cephalic vein
http://purl.org/tara/ontology/TARA_0540755,TARA:0540755,LU 2,Lung Meridian,http://purl.obolibrary.org/obo/UBERON_0016416,anterior chest,http://uri.interlex.org/base/ilx_0795284,infraclavicular fossa,http://uri.interlex.org/base/ilx_0794975,medial pectoral nerve,http://purl.obolibrary.org/obo/UBERON_0001394,axillary artery,http://purl.obolibrary.org/obo/UBERON_8600074,thoracoacromial vein
http://purl.org/tara/ontology/TARA_0540755,TARA:0540755,LU 2,Lung Meridian,http://purl.obolibrary.org/obo/UBERON_0016416,anterior chest,http://uri.interlex.org/base/ilx_0795284,infraclavicular fossa,http://uri.interlex.org/base/ilx_0794975,medial pectoral nerve,http://purl.obolibrary.org/obo/UBERON_0001394,axillary artery,http://purl.obolibrary.org/obo/UBERON_0001106,cephalic vein
http://purl.org/tara/ontology/TARA_0540755,TARA:0540755,LU 2,Lung Meridian,http://purl.obolibrary.org/obo/UBERON_0016416,anterior chest,http://uri.interlex.org/base/ilx_0795284,infraclavicular fossa,http://uri.interlex.org/base/ilx_0794975,medial pectoral nerve,http://purl.obolibrary.org/obo/UBERON_0001395,thoraco-acromial artery,http://purl.obolibrary.org/obo/UBERON_8600074,thoracoacromial vein
http://purl.org/tara/ontology/TARA_0540755,TARA:0540755,LU 2,Lung Meridian,http://purl.obolibrary.org/obo/UBERON_0016416,anterior chest,http://uri.interlex.org/base/ilx_0795284,infraclavicular fossa,http://uri.interlex.org/base/ilx_0794975,medial pectoral nerve,http://purl.obolibrary.org/obo/UBERON_0001395,thoraco-acromial artery,http://purl.obolibrary.org/obo/UBERON_0001106,cephalic vein
http://purl.org/tara/ontology/TARA_3888808,TARA:3888808,LU 3,Lung Meridian,http://purl.obolibrary.org/obo/UBERON_0001460,arm,http://uri.interlex.org/base/ilx_0795287,anterior axillary fold,http://purl.obolibrary.org/obo/UBERON_0003724,musculocutaneous nerve,http://purl.obolibrary.org/obo/UBERON_0001398,brachial artery,http://purl.obolibrary.org/obo/UBERON_0001413,brachial vein
http://purl.org/tara/ontology/TARA_3888808,TARA:3888808,LU 3,Lung Meridian,http://purl.obolibrary.org/obo/UBERON_0001460,arm,http://uri.interlex.org/base/ilx_0795287,anterior axillary fold,http://purl.obolibrary.org/obo/UBERON_0003724,musculocutaneous nerve,http://purl.obolibrary.org/obo/UBERON_0001398,brachial artery,http://purl.obolibrary.org/obo/UBERON_0001106,cephalic vein
http://purl.org/tara/ontology/TARA_3888808,TARA:3888808,LU 3,Lung Meridian,http://purl.obolibrary.org/obo/UBERON_0001460,arm,http://uri.interlex.org/base/ilx_0795287,anterior axillary fold,http://uri.interlex.org/base/ilx_0797544,Lateral brachial cutaneous nerve,http://purl.obolibrary.org/obo/UBERON_0001398,brachial artery,http://purl.obolibrary.org/obo/UBERON_0001413,brachial vein
http://purl.org/tara/ontology/TARA_3888808,TARA:3888808,LU 3,Lung Meridian,http://purl.obolibrary.org/obo/UBERON_0001460,arm,http://uri.interlex.org/base/ilx_0795287,anterior axillary fold,http://uri.interlex.org/base/ilx_0797544,Lateral brachial cutaneous nerve,http://purl.obolibrary.org/obo/UBERON_0001398,brachial artery,http://purl.obolibrary.org/obo/UBERON_0001106,cephalic vein
http://purl.org/tara/ontology/TARA_3888808,TARA:3888808,LU 3,Lung Meridian,http://purl.obolibrary.org/obo/UBERON_0001460,arm,http://purl.obolibrary.org/obo/UBERON_0001507,biceps brachii,http://purl.obolibrary.org/obo/UBERON_0003724,musculocutaneous nerve,http://purl.obolibrary.org/obo/UBERON_0001398,brachial artery,http://purl.obolibrary.org/obo/UBERON_0001413,brachial vein
http://purl.org/tara/ontology/TARA_3888808,TARA:3888808,LU 3,Lung Meridian,http://purl.obolibrary.org/obo/UBERON_0001460,arm,http://purl.obolibrary.org/obo/UBERON_0001507,biceps brachii,http://purl.obolibrary.org/obo/UBERON_0003724,musculocutaneous nerve,http://purl.obolibrary.org/obo/UBERON_0001398,brachial artery,http://purl.obolibrary.org/obo/UBERON_0001106,cephalic vein
http://purl.org/tara/ontology/TARA_3888808,TARA:3888808,LU 3,Lung Meridian,http://purl.obolibrary.org/obo/UBERON_0001460,arm,http://purl.obolibrary.org/obo/UBERON_0001507,biceps brachii,http://uri.interlex.org/base/ilx_0797544,Lateral brachial cutaneous nerve,http://purl.obolibrary.org/obo/UBERON_0001398,brachial artery,http://purl.obolibrary.org/obo/UBERON_0001413,brachial vein
http://purl.org/tara/ontology/TARA_3888808,TARA:3888808,LU 3,Lung Meridian,http://purl.obolibrary.org/obo/UBERON_0001460,arm,http://purl.obolibrary.org/obo/UBERON_0001507,biceps brachii,http://uri.interlex.org/base/ilx_0797544,Lateral brachial cutaneous nerve,http://purl.obolibrary.org/obo/UBERON_0001398,brachial artery,http://purl.obolibrary.org/obo/UBERON_0001106,cephalic vein
http://purl.org/tara/ontology/TARA_4192847,TARA:4192847,LU 4,Lung Meridian,http://purl.obolibrary.org/obo/UBERON_0001460,arm,http://uri.interlex.org/base/ilx_0795287,anterior axillary fold,http://purl.obolibrary.org/obo/UBERON_0003724,musculocutaneous nerve,http://purl.obolibrary.org/obo/UBERON_0001398,brachial artery,http://purl.obolibrary.org/obo/UBERON_0001413,brachial vein
http://purl.org/tara/ontology/TARA_4192847,TARA:4192847,LU 4,Lung Meridian,http://purl.obolibrary.org/obo/UBERON_0001460,arm,http://uri.interlex.org/base/ilx_0795287,anterior axillary fold,http://purl.obolibrary.org/obo/UBERON_0003724,musculocutaneous nerve,http://purl.obolibrary.org/obo/UBERON_0001398,brachial artery,http://purl.obolibrary.org/obo/UBERON_0001106,cephalic vein
http://purl.org/tara/ontology/TARA_4192847,TARA:4192847,LU 4,Lung Meridian,http://purl.obolibrary.org/obo/UBERON_0001460,arm,http://uri.interlex.org/base/ilx_0795287,anterior axillary fold,http://uri.interlex.org/base/ilx_0797544,Lateral brachial cutaneous nerve,http://purl.obolibrary.org/obo/UBERON_0001398,brachial artery,http://purl.obolibrary.org/obo/UBERON_0001413,brachial vein
http://purl.org/tara/ontology/TARA_4192847,TARA:4192847,LU 4,Lung Meridian,http://purl.obolibrary.org/obo/UBERON_0001460,arm,http://uri.interlex.org/base/ilx_0795287,anterior axillary fold,http://uri.interlex.org/base/ilx_0797544,Lateral brachial cutaneous nerve,http://purl.obolibrary.org/obo/UBERON_0001398,brachial artery,http://purl.obolibrary.org/obo/UBERON_0001106,cephalic vein
http://purl.org/tara/ontology/TARA_4192847,TARA:4192847,LU 4,Lung Meridian,http://purl.obolibrary.org/obo/UBERON_0001460,arm,http://purl.obolibrary.org/obo/UBERON_0001507,biceps brachii,http://purl.obolibrary.org/obo/UBERON_0003724,musculocutaneous nerve,http://purl.obolibrary.org/obo/UBERON_0001398,brachial artery,http://purl.obolibrary.org/obo/UBERON_0001413,brachial vein
http://purl.org/tara/ontology/TARA_4192847,TARA:4192847,LU 4,Lung Meridian,http://purl.obolibrary.org/obo/UBERON_0001460,arm,http://purl.obolibrary.org/obo/UBERON_0001507,biceps brachii,http://purl.obolibrary.org/obo/UBERON_0003724,musculocutaneous nerve,http://purl.obolibrary.org/obo/UBERON_0001398,brachial artery,http://purl.obolibrary.org/obo/UBERON_0001106,cephalic vein
http://purl.org/tara/ontology/TARA_4192847,TARA:4192847,LU 4,Lung Meridian,http://purl.obolibrary.org/obo/UBERON_0001460,arm,http://purl.obolibrary.org/obo/UBERON_0001507,biceps brachii,http://uri.interlex.org/base/ilx_0797544,Lateral brachial cutaneous nerve,http://purl.obolibrary.org/obo/UBERON_0001398,brachial artery,http://purl.obolibrary.org/obo/UBERON_0001413,brachial vein
http://purl.org/tara/ontology/TARA_4192847,TARA:4192847,LU 4,Lung Meridian,http://purl.obolibrary.org/obo/UBERON_0001460,arm,http://purl.obolibrary.org/obo/UBERON_0001507,biceps brachii,http://uri.interlex.org/base/ilx_0797544,Lateral brachial cutaneous nerve,http://purl.obolibrary.org/obo/UBERON_0001398,brachial artery,http://purl.obolibrary.org/obo/UBERON_0001106,cephalic vein
http://purl.org/tara/ontology/TARA_1357729,TARA:1357729,LU 5,Lung Meridian,http://purl.obolibrary.org/obo/UBERON_0001461,elbow,http://uri.interlex.org/base/ilx_0795332,cubital crease,http://uri.interlex.org/base/ilx_0794951,lateral cutaneous nerve of the forearm,http://uri.interlex.org/base/ilx_0797494,Radial recurrent artery,http://uri.interlex.org/base/ilx_0797495,Radial recurrent vein
http://purl.org/tara/ontology/TARA_1357729,TARA:1357729,LU 5,Lung Meridian,http://purl.obolibrary.org/obo/UBERON_0001461,elbow,http://uri.interlex.org/base/ilx_0795332,cubital crease,http://uri.interlex.org/base/ilx_0794951,lateral cutaneous nerve of the forearm,http://uri.interlex.org/base/ilx_0797494,Radial recurrent artery,http://purl.obolibrary.org/obo/UBERON_0001106,cephalic vein
http://purl.org/tara/ontology/TARA_1357729,TARA:1357729,LU 5,Lung Meridian,http://purl.obolibrary.org/obo/UBERON_0001461,elbow,http://uri.interlex.org/base/ilx_0795332,cubital crease,http://purl.obolibrary.org/obo/UBERON_0001492,radial nerve,http://uri.interlex.org/base/ilx_0797494,Radial recurrent artery,http://uri.interlex.org/base/ilx_0797495,Radial recurrent vein
http://purl.org/tara/ontology/TARA_1357729,TARA:1357729,LU 5,Lung Meridian,http://purl.obolibrary.org/obo/UBERON_0001461,elbow,http://uri.interlex.org/base/ilx_0795332,cubital crease,http://purl.obolibrary.org/obo/UBERON_0001492,radial nerve,http://uri.interlex.org/base/ilx_0797494,Radial recurrent artery,http://purl.obolibrary.org/obo/UBERON_0001106,cephalic vein
http://purl.org/tara/ontology/TARA_1357729,TARA:1357729,LU 5,Lung Meridian,http://purl.obolibrary.org/obo/UBERON_0001461,elbow,http://purl.obolibrary.org/obo/UBERON_0008188,tendon of biceps brachii,http://uri.interlex.org/base/ilx_0794951,lateral cutaneous nerve of the forearm,http://uri.interlex.org/base/ilx_0797494,Radial recurrent artery,http://uri.interlex.org/base/ilx_0797495,Radial recurrent vein
http://purl.org/tara/ontology/TARA_1357729,TARA:1357729,LU 5,Lung Meridian,http://purl.obolibrary.org/obo/UBERON_0001461,elbow,http://purl.obolibrary.org/obo/UBERON_0008188,tendon of biceps brachii,http://uri.interlex.org/base/ilx_0794951,lateral cutaneous nerve of the forearm,http://uri.interlex.org/base/ilx_0797494,Radial recurrent artery,http://purl.obolibrary.org/obo/UBERON_0001106,cephalic vein
http://purl.org/tara/ontology/TARA_1357729,TARA:1357729,LU 5,Lung Meridian,http://purl.obolibrary.org/obo/UBERON_0001461,elbow,http://purl.obolibrary.org/obo/UBERON_0008188,tendon of biceps brachii,http://purl.obolibrary.org/obo/UBERON_0001492,radial nerve,http://uri.interlex.org/base/ilx_0797494,Radial recurrent artery,http://uri.interlex.org/base/ilx_0797495,Radial recurrent vein
http://purl.org/tara/ontology/TARA_1357729,TARA:1357729,LU 5,Lung Meridian,http://purl.obolibrary.org/obo/UBERON_0001461,elbow,http://purl.obolibrary.org/obo/UBERON_0008188,tendon of biceps brachii,http://purl.obolibrary.org/obo/UBERON_0001492,radial nerve,http://uri.interlex.org/base/ilx_0797494,Radial recurrent artery,http://purl.obolibrary.org/obo/UBERON_0001106,cephalic vein
http://purl.org/tara/ontology/TARA_3496812,TARA:3496812,LU 6,Lung Meridian,http://purl.obolibrary.org/obo/UBERON_0002386,forelimb zeugopod,http://uri.interlex.org/base/ilx_0795334,palmar wrist crease,http://uri.interlex.org/base/ilx_0797391,superficial branch of radial nerve,http://purl.obolibrary.org/obo/UBERON_0001404,radial artery,http://purl.obolibrary.org/obo/UBERON_8600092,radial vein
http://purl.org/tara/ontology/TARA_3496812,TARA:3496812,LU 6,Lung Meridian,http://purl.obolibrary.org/obo/UBERON_0002386,forelimb zeugopod,http://uri.interlex.org/base/ilx_0795334,palmar wrist crease,http://uri.interlex.org/base/ilx_0797391,superficial branch of radial nerve,http://purl.obolibrary.org/obo/UBERON_0001404,radial artery,http://purl.obolibrary.org/obo/UBERON_0001106,cephalic vein
http://purl.org/tara/ontology/TARA_3496812,TARA:3496812,LU 6,Lung Meridian,http://purl.obolibrary.org/obo/UBERON_0002386,forelimb zeugopod,http://uri.interlex.org/base/ilx_0795334,palmar wrist crease,http://uri.interlex.org/base/ilx_0794951,lateral cutaneous nerve of the forearm,http://purl.obolibrary.org/obo/UBERON_0001404,radial artery,http://purl.obolibrary.org/obo/UBERON_8600092,radial vein
http://purl.org/tara/ontology/TARA_3496812,TARA:3496812,LU 6,Lung Meridian,http://purl.obolibrary.org/obo/UBERON_0002386,forelimb zeugopod,http://uri.interlex.org/base/ilx_0795334,palmar wrist crease,http://uri.interlex.org/base/ilx_0794951,lateral cutaneous nerve of the forearm,http://purl.obolibrary.org/obo/UBERON_0001404,radial artery,http://purl.obolibrary.org/obo/UBERON_0001106,cephalic vein
http://purl.org/tara/ontology/TARA_3515622,TARA:3515622,LU 7,Lung Meridian,http://purl.obolibrary.org/obo/UBERON_0002386,forelimb zeugopod,http://uri.interlex.org/base/ilx_0795335,abductor pollicis longus tendon,http://uri.interlex.org/base/ilx_0797391,superficial branch of radial nerve,http://purl.obolibrary.org/obo/UBERON_0001404,radial artery,http://purl.obolibrary.org/obo/UBERON_8600092,radial vein
http://purl.org/tara/ontology/TARA_3515622,TARA:3515622,LU 7,Lung Meridian,http://purl.obolibrary.org/obo/UBERON_0002386,forelimb zeugopod,http://uri.interlex.org/base/ilx_0795335,abductor pollicis longus tendon,http://uri.interlex.org/base/ilx_0797391,superficial branch of radial nerve,http://purl.obolibrary.org/obo/UBERON_0001404,radial artery,http://purl.obolibrary.org/obo/UBERON_0001106,cephalic vein
http://purl.org/tara/ontology/TARA_3515622,TARA:3515622,LU 7,Lung Meridian,http://purl.obolibrary.org/obo/UBERON_0002386,forelimb zeugopod,http://uri.interlex.org/base/ilx_0795335,abductor pollicis longus tendon,http://uri.interlex.org/base/ilx_0794951,lateral cutaneous nerve of the forearm,http://purl.obolibrary.org/obo/UBERON_0001404,radial artery,http://purl.obolibrary.org/obo/UBERON_8600092,radial vein
http://purl.org/tara/ontology/TARA_3515622,TARA:3515622,LU 7,Lung Meridian,http://purl.obolibrary.org/obo/UBERON_0002386,forelimb zeugopod,http://uri.interlex.org/base/ilx_0795335,abductor pollicis longus tendon,http://uri.interlex.org/base/ilx_0794951,lateral cutaneous nerve of the forearm,http://purl.obolibrary.org/obo/UBERON_0001404,radial artery,http://purl.obolibrary.org/obo/UBERON_0001106,cephalic vein
http://purl.org/tara/ontology/TARA_3515622,TARA:3515622,LU 7,Lung Meridian,http://purl.obolibrary.org/obo/UBERON_0002386,forelimb zeugopod,http://purl.obolibrary.org/obo/UBERON_0017618,extensor pollicis brevis muscle,http://uri.interlex.org/base/ilx_0797391,superficial branch of radial nerve,http://purl.obolibrary.org/obo/UBERON_0001404,radial artery,http://purl.obolibrary.org/obo/UBERON_8600092,radial vein
http://purl.org/tara/ontology/TARA_3515622,TARA:3515622,LU 7,Lung Meridian,http://purl.obolibrary.org/obo/UBERON_0002386,forelimb zeugopod,http://purl.obolibrary.org/obo/UBERON_0017618,extensor pollicis brevis muscle,http://uri.interlex.org/base/ilx_0797391,superficial branch of radial nerve,http://purl.obolibrary.org/obo/UBERON_0001404,radial artery,http://purl.obolibrary.org/obo/UBERON_0001106,cephalic vein
http://purl.org/tara/ontology/TARA_3515622,TARA:3515622,LU 7,Lung Meridian,http://purl.obolibrary.org/obo/UBERON_0002386,forelimb zeugopod,http://purl.obolibrary.org/obo/UBERON_0017618,extensor pollicis brevis muscle,http://uri.interlex.org/base/ilx_0794951,lateral cutaneous nerve of the forearm,http://purl.obolibrary.org/obo/UBERON_0001404,radial artery,http://purl.obolibrary.org/obo/UBERON_8600092,radial vein
http://purl.org/tara/ontology/TARA_3515622,TARA:3515622,LU 7,Lung Meridian,http://purl.obolibrary.org/obo/UBERON_0002386,forelimb zeugopod,http://purl.obolibrary.org/obo/UBERON_0017618,extensor pollicis brevis muscle,http://uri.interlex.org/base/ilx_0794951,lateral cutaneous nerve of the forearm,http://purl.obolibrary.org/obo/UBERON_0001404,radial artery,http://purl.obolibrary.org/obo/UBERON_0001106,cephalic vein
http://purl.org/tara/ontology/TARA_3515622,TARA:3515622,LU 7,Lung Meridian,http://purl.obolibrary.org/obo/UBERON_0002386,forelimb zeugopod,http://uri.interlex.org/base/ilx_0795334,palmar wrist crease,http://uri.interlex.org/base/ilx_0797391,superficial branch of radial nerve,http://purl.obolibrary.org/obo/UBERON_0001404,radial artery,http://purl.obolibrary.org/obo/UBERON_8600092,radial vein
http://purl.org/tara/ontology/TARA_3515622,TARA:3515622,LU 7,Lung Meridian,http://purl.obolibrary.org/obo/UBERON_0002386,forelimb zeugopod,http://uri.interlex.org/base/ilx_0795334,palmar wrist crease,http://uri.interlex.org/base/ilx_0797391,superficial branch of radial nerve,http://purl.obolibrary.org/obo/UBERON_0001404,radial artery,http://purl.obolibrary.org/obo/UBERON_0001106,cephalic vein
http://purl.org/tara/ontology/TARA_3515622,TARA:3515622,LU 7,Lung Meridian,http://purl.obolibrary.org/obo/UBERON_0002386,forelimb zeugopod,http://uri.interlex.org/base/ilx_0795334,palmar wrist crease,http://uri.interlex.org/base/ilx_0794951,lateral cutaneous nerve of the forearm,http://purl.obolibrary.org/obo/UBERON_0001404,radial artery,http://purl.obolibrary.org/obo/UBERON_8600092,radial vein
http://purl.org/tara/ontology/TARA_3515622,TARA:3515622,LU 7,Lung Meridian,http://purl.obolibrary.org/obo/UBERON_0002386,forelimb zeugopod,http://uri.interlex.org/base/ilx_0795334,palmar wrist crease,http://uri.interlex.org/base/ilx_0794951,lateral cutaneous nerve of the forearm,http://purl.obolibrary.org/obo/UBERON_0001404,radial artery,http://purl.obolibrary.org/obo/UBERON_0001106,cephalic vein
http://purl.org/tara/ontology/TARA_6531052,TARA:6531052,LU 8,Lung Meridian,http://purl.obolibrary.org/obo/UBERON_0002386,forelimb zeugopod,http://uri.interlex.org/base/ilx_0795334,palmar wrist crease,http://uri.interlex.org/base/ilx_0797391,superficial branch of radial nerve,http://purl.obolibrary.org/obo/UBERON_0001404,radial artery,http://purl.obolibrary.org/obo/UBERON_8600092,radial vein
http://purl.org/tara/ontology/TARA_6531052,TARA:6531052,LU 8,Lung Meridian,http://purl.obolibrary.org/obo/UBERON_0002386,forelimb zeugopod,http://uri.interlex.org/base/ilx_0795334,palmar wrist crease,http://uri.interlex.org/base/ilx_0794951,lateral cutaneous nerve of the forearm,http://purl.obolibrary.org/obo/UBERON_0001404,radial artery,http://purl.obolibrary.org/obo/UBERON_8600092,radial vein
http://purl.org/tara/ontology/TARA_6531052,TARA:6531052,LU 8,Lung Meridian,http://purl.obolibrary.org/obo/UBERON_0002386,forelimb zeugopod,http://purl.obolibrary.org/obo/UBERON_0001404,radial artery,http://uri.interlex.org/base/ilx_0797391,superficial branch of radial nerve,http://purl.obolibrary.org/obo/UBERON_0001404,radial artery,http://purl.obolibrary.org/obo/UBERON_8600092,radial vein
http://purl.org/tara/ontology/TARA_6531052,TARA:6531052,LU 8,Lung Meridian,http://purl.obolibrary.org/obo/UBERON_0002386,forelimb zeugopod,http://purl.obolibrary.org/obo/UBERON_0001404,radial artery,http://uri.interlex.org/base/ilx_0794951,lateral cutaneous nerve of the forearm,http://purl.obolibrary.org/obo/UBERON_0001404,radial artery,http://purl.obolibrary.org/obo/UBERON_8600092,radial vein
http://purl.org/tara/ontology/TARA_6531052,TARA:6531052,LU 8,Lung Meridian,http://purl.obolibrary.org/obo/UBERON_0002386,forelimb zeugopod,http://purl.obolibrary.org/obo/UBERON_7500078,styloid process of radius,http://uri.interlex.org/base/ilx_0797391,superficial branch of radial nerve,http://purl.obolibrary.org/obo/UBERON_0001404,radial artery,http://purl.obolibrary.org/obo/UBERON_8600092,radial vein
http://purl.org/tara/ontology/TARA_6531052,TARA:6531052,LU 8,Lung Meridian,http://purl.obolibrary.org/obo/UBERON_0002386,forelimb zeugopod,http://purl.obolibrary.org/obo/UBERON_7500078,styloid process of radius,http://uri.interlex.org/base/ilx_0794951,lateral cutaneous nerve of the forearm,http://purl.obolibrary.org/obo/UBERON_0001404,radial artery,http://purl.obolibrary.org/obo/UBERON_8600092,radial vein
http://purl.org/tara/ontology/TARA_8122277,TARA:8122277,LU 9,Lung Meridian,http://purl.obolibrary.org/obo/UBERON_0004452,carpal region,http://uri.interlex.org/base/ilx_0795335,abductor pollicis longus tendon,http://uri.interlex.org/base/ilx_0797391,superficial branch of radial nerve,http://purl.obolibrary.org/obo/UBERON_0001404,radial artery,http://purl.obolibrary.org/obo/UBERON_8600092,radial vein
http://purl.org/tara/ontology/TARA_8122277,TARA:8122277,LU 9,Lung Meridian,http://purl.obolibrary.org/obo/UBERON_0004452,carpal region,http://uri.interlex.org/base/ilx_0795335,abductor pollicis longus tendon,http://uri.interlex.org/base/ilx_0794951,lateral cutaneous nerve of the forearm,http://purl.obolibrary.org/obo/UBERON_0001404,radial artery,http://purl.obolibrary.org/obo/UBERON_8600092,radial vein
http://purl.org/tara/ontology/TARA_8122277,TARA:8122277,LU 9,Lung Meridian,http://purl.obolibrary.org/obo/UBERON_0004452,carpal region,http://uri.interlex.org/base/ilx_0795334,palmar wrist crease,http://uri.interlex.org/base/ilx_0797391,superficial branch of radial nerve,http://purl.obolibrary.org/obo/UBERON_0001404,radial artery,http://purl.obolibrary.org/obo/UBERON_8600092,radial vein
http://purl.org/tara/ontology/TARA_8122277,TARA:8122277,LU 9,Lung Meridian,http://purl.obolibrary.org/obo/UBERON_0004452,carpal region,http://uri.interlex.org/base/ilx_0795334,palmar wrist crease,http://uri.interlex.org/base/ilx_0794951,lateral cutaneous nerve of the forearm,http://purl.obolibrary.org/obo/UBERON_0001404,radial artery,http://purl.obolibrary.org/obo/UBERON_8600092,radial vein
http://purl.org/tara/ontology/TARA_8122277,TARA:8122277,LU 9,Lung Meridian,http://purl.obolibrary.org/obo/UBERON_0004452,carpal region,http://purl.obolibrary.org/obo/UBERON_0001404,radial artery,http://uri.interlex.org/base/ilx_0797391,superficial branch of radial nerve,http://purl.obolibrary.org/obo/UBERON_0001404,radial artery,http://purl.obolibrary.org/obo/UBERON_8600092,radial vein
http://purl.org/tara/ontology/TARA_8122277,TARA:8122277,LU 9,Lung Meridian,http://purl.obolibrary.org/obo/UBERON_0004452,carpal region,http://purl.obolibrary.org/obo/UBERON_0001404,radial artery,http://uri.interlex.org/base/ilx_0794951,lateral cutaneous nerve of the forearm,http://purl.obolibrary.org/obo/UBERON_0001404,radial artery,http://purl.obolibrary.org/obo/UBERON_8600092,radial vein
http://purl.org/tara/ontology/TARA_8122277,TARA:8122277,LU 9,Lung Meridian,http://purl.obolibrary.org/obo/UBERON_0004452,carpal region,http://purl.obolibrary.org/obo/UBERON_0001427,radiale,http://uri.interlex.org/base/ilx_0797391,superficial branch of radial nerve,http://purl.obolibrary.org/obo/UBERON_0001404,radial artery,http://purl.obolibrary.org/obo/UBERON_8600092,radial vein
http://purl.org/tara/ontology/TARA_8122277,TARA:8122277,LU 9,Lung Meridian,http://purl.obolibrary.org/obo/UBERON_0004452,carpal region,http://purl.obolibrary.org/obo/UBERON_0001427,radiale,http://uri.interlex.org/base/ilx_0794951,lateral cutaneous nerve of the forearm,http://purl.obolibrary.org/obo/UBERON_0001404,radial artery,http://purl.obolibrary.org/obo/UBERON_8600092,radial vein
http://purl.org/tara/ontology/TARA_8122277,TARA:8122277,LU 9,Lung Meridian,http://purl.obolibrary.org/obo/UBERON_0004452,carpal region,http://purl.obolibrary.org/obo/UBERON_7500078,styloid process of radius,http://uri.interlex.org/base/ilx_0797391,superficial branch of radial nerve,http://purl.obolibrary.org/obo/UBERON_0001404,radial artery,http://purl.obolibrary.org/obo/UBERON_8600092,radial vein
http://purl.org/tara/ontology/TARA_8122277,TARA:8122277,LU 9,Lung Meridian,http://purl.obolibrary.org/obo/UBERON_0004452,carpal region,http://purl.obolibrary.org/obo/UBERON_7500078,styloid process of radius,http://uri.interlex.org/base/ilx_0794951,lateral cutaneous nerve of the forearm,http://purl.obolibrary.org/obo/UBERON_0001404,radial artery,http://purl.obolibrary.org/obo/UBERON_8600092,radial vein
http://purl.org/tara/ontology/TARA_5309570,TARA:5309570,PC 1,Pericardium Meridian,http://purl.obolibrary.org/obo/UBERON_0016416,anterior chest,http://uri.interlex.org/base/ilx_0795285,anterior median line,,,,,,
http://purl.org/tara/ontology/TARA_5309570,TARA:5309570,PC 1,Pericardium Meridian,http://purl.obolibrary.org/obo/UBERON_0016416,anterior chest,http://uri.interlex.org/base/ilx_0795298,fourth intercostal space,,,,,,
http://purl.org/tara/ontology/TARA_4819578,TARA:4819578,PC 2,Pericardium Meridian,http://purl.obolibrary.org/obo/UBERON_0001460,arm,http://uri.interlex.org/base/ilx_0795287,anterior axillary fold,,,,,,
http://purl.org/tara/ontology/TARA_4819578,TARA:4819578,PC 2,Pericardium Meridian,http://purl.obolibrary.org/obo/UBERON_0001460,arm,http://purl.obolibrary.org/obo/UBERON_0001507,biceps brachii,,,,,,
http://purl.org/tara/ontology/TARA_7634323,TARA:7634323,PC 3,Pericardium Meridian,http://purl.obolibrary.org/obo/UBERON_0001461,elbow,http://uri.interlex.org/base/ilx_0795332,cubital crease,,,,,,
http://purl.org/tara/ontology/TARA_7634323,TARA:7634323,PC 3,Pericardium Meridian,http://purl.obolibrary.org/obo/UBERON_0001461,elbow,http://purl.obolibrary.org/obo/UBERON_0008188,tendon of biceps brachii,,,,,,
http://purl.org/tara/ontology/TARA_2645290,TARA:2645290,PC 4,Pericardium Meridian,http://purl.obolibrary.org/obo/UBERON_0002386,forelimb zeugopod,http://uri.interlex.org/base/ilx_0795334,palmar wrist crease,,,,,,
http://purl.org/tara/ontology/TARA_2645290,TARA:2645290,PC 4,Pericardium Meridian,http://purl.obolibrary.org/obo/UBERON_0002386,forelimb zeugopod,http://uri.interlex.org/base/ilx_0795500,tendon of flexor carpi radialis,,,,,,
http://purl.org/tara/ontology/TARA_2645290,TARA:2645290,PC 4,Pericardium Meridian,http://purl.obolibrary.org/obo/UBERON_0002386,forelimb zeugopod,http://purl.obolibrary.org/obo/UBERON_0016496,tendon of palmaris longus,,,,,,
http://purl.org/tara/ontology/TARA_6477399,TARA:6477399,PC 5,Pericardium Meridian,http://purl.obolibrary.org/obo/UBERON_0002386,forelimb zeugopod,http://uri.interlex.org/base/ilx_0795334,palmar wrist crease,,,,,,
http://purl.org/tara/ontology/TARA_6477399,TARA:6477399,PC 5,Pericardium Meridian,http://purl.obolibrary.org/obo/UBERON_0002386,forelimb zeugopod,http://uri.interlex.org/base/ilx_0795500,tendon of flexor carpi radialis,,,,,,
http://purl.org/tara/ontology/TARA_6477399,TARA:6477399,PC 5,Pericardium Meridian,http://purl.obolibrary.org/obo/UBERON_0002386,forelimb zeugopod,http://purl.obolibrary.org/obo/UBERON_0016496,tendon of palmaris longus,,,,,,
http://purl.org/tara/ontology/TARA_4311153,TARA:4311153,PC 6,Pericardium Meridian,http://purl.obolibrary.org/obo/UBERON_0002386,forelimb zeugopod,http://uri.interlex.org/base/ilx_0795334,palmar wrist crease,,,,,,
http://purl.org/tara/ontology/TARA_4311153,TARA:4311153,PC 6,Pericardium Meridian,http://purl.obolibrary.org/obo/UBERON_0002386,forelimb zeugopod,http://uri.interlex.org/base/ilx_0795500,tendon of flexor carpi radialis,,,,,,
http://purl.org/tara/ontology/TARA_4311153,TARA:4311153,PC 6,Pericardium Meridian,http://purl.obolibrary.org/obo/UBERON_0002386,forelimb zeugopod,http://purl.obolibrary.org/obo/UBERON_0016496,tendon of palmaris longus,,,,,,
http://purl.org/tara/ontology/TARA_9020892,TARA:9020892,PC 7,Pericardium Meridian,http://purl.obolibrary.org/obo/UBERON_0004452,carpal region,http://uri.interlex.org/base/ilx_0795334,palmar wrist crease,,,,,,
http://purl.org/tara/ontology/TARA_9020892,TARA:9020892,PC 7,Pericardium Meridian,http://purl.obolibrary.org/obo/UBERON_0004452,carpal region,http://uri.interlex.org/base/ilx_0795500,tendon of flexor carpi radialis,,,,,,
http://purl.org/tara/ontology/TARA_9020892,TARA:9020892,PC 7,Pericardium Meridian,http://purl.obolibrary.org/obo/UBERON_0004452,carpal region,http://purl.obolibrary.org/obo/UBERON_0016496,tendon of palmaris longus,,,,,,
http://purl.org/tara/ontology/TARA_5212832,TARA:5212832,PC 8,Pericardium Meridian,http://purl.obolibrary.org/obo/UBERON_0002398,manus,http://purl.obolibrary.org/obo/UBERON_0003646,metacarpal bone of digit 2,,,,,,
http://purl.org/tara/ontology/TARA_5212832,TARA:5212832,PC 8,Pericardium Meridian,http://purl.obolibrary.org/obo/UBERON_0002398,manus,http://purl.obolibrary.org/obo/UBERON_0003647,metacarpal bone of digit 3,,,,,,
http://purl.org/tara/ontology/TARA_5212832,TARA:5212832,PC 8,Pericardium Meridian,http://purl.obolibrary.org/obo/UBERON_0002398,manus,http://purl.obolibrary.org/obo/UBERON_0003648,metacarpal bone of digit 4,,,,,,
http://purl.org/tara/ontology/TARA_5212832,TARA:5212832,PC 8,Pericardium Meridian,http://purl.obolibrary.org/obo/UBERON_0002398,manus,http://purl.obolibrary.org/obo/UBERON_0003695,metacarpophalangeal joint,,,,,,
http://purl.org/tara/ontology/TARA_5212832,TARA:5212832,PC 8,Pericardium Meridian,http://purl.obolibrary.org/obo/UBERON_0008878,palmar part of manus,http://purl.obolibrary.org/obo/UBERON_0003646,metacarpal bone of digit 2,,,,,,
http://purl.org/tara/ontology/TARA_5212832,TARA:5212832,PC 8,Pericardium Meridian,http://purl.obolibrary.org/obo/UBERON_0008878,palmar part of manus,http://purl.obolibrary.org/obo/UBERON_0003647,metacarpal bone of digit 3,,,,,,
http://purl.org/tara/ontology/TARA_5212832,TARA:5212832,PC 8,Pericardium Meridian,http://purl.obolibrary.org/obo/UBERON_0008878,palmar part of manus,http://purl.obolibrary.org/obo/UBERON_0003648,metacarpal bone of digit 4,,,,,,
http://purl.org/tara/ontology/TARA_5212832,TARA:5212832,PC 8,Pericardium Meridian,http://purl.obolibrary.org/obo/UBERON_0008878,palmar part of manus,http://purl.obolibrary.org/obo/UBERON_0003695,metacarpophalangeal joint,,,,,,
http://purl.org/tara/ontology/TARA_5138859,TARA:5138859,PC 9,Pericardium Meridian,http://purl.obolibrary.org/obo/UBERON_0003623,manual digit 3,http://purl.obolibrary.org/obo/UBERON_0009565,nail of manual digit,,,,,,
http://purl.org/tara/ontology/TARA_9168896,TARA:9168896,SI 1,Small Intestine Meridian,http://purl.obolibrary.org/obo/UBERON_0003625,manual digit 5,http://purl.obolibrary.org/obo/UBERON_0004300,distal phalanx,http://uri.interlex.org/base/ilx_0797490,Dorsal digital nerve of ulnar nerve,http://purl.obolibrary.org/obo/UBERON_0006137,proper palmar digital artery,http://purl.obolibrary.org/obo/UBERON_0004561,proper palmar digital vein
http://purl.org/tara/ontology/TARA_9168896,TARA:9168896,SI 1,Small Intestine Meridian,http://purl.obolibrary.org/obo/UBERON_0003625,manual digit 5,http://purl.obolibrary.org/obo/UBERON_0004300,distal phalanx,http://uri.interlex.org/base/ilx_0797490,Dorsal digital nerve of ulnar nerve,http://purl.obolibrary.org/obo/UBERON_0006137,proper palmar digital artery,http://purl.obolibrary.org/obo/UBERON_0004562,digital vein
http://purl.org/tara/ontology/TARA_9168896,TARA:9168896,SI 1,Small Intestine Meridian,http://purl.obolibrary.org/obo/UBERON_0003625,manual digit 5,http://purl.obolibrary.org/obo/UBERON_0004300,distal phalanx,http://uri.interlex.org/base/ilx_0797490,Dorsal digital nerve of ulnar nerve,http://purl.obolibrary.org/obo/UBERON_0006146,dorsal digital artery of manus,http://purl.obolibrary.org/obo/UBERON_0004561,proper palmar digital vein
http://purl.org/tara/ontology/TARA_9168896,TARA:9168896,SI 1,Small Intestine Meridian,http://purl.obolibrary.org/obo/UBERON_0003625,manual digit 5,http://purl.obolibrary.org/obo/UBERON_0004300,distal phalanx,http://uri.interlex.org/base/ilx_0797490,Dorsal digital nerve of ulnar nerve,http://purl.obolibrary.org/obo/UBERON_0006146,dorsal digital artery of manus,http://purl.obolibrary.org/obo/UBERON_0004562,digital vein
http://purl.org/tara/ontology/TARA_9168896,TARA:9168896,SI 1,Small Intestine Meridian,http://purl.obolibrary.org/obo/UBERON_0003625,manual digit 5,http://purl.obolibrary.org/obo/UBERON_0004300,distal phalanx,http://uri.interlex.org/base/ilx_0797489,Proper palmar digital nerve,http://purl.obolibrary.org/obo/UBERON_0006137,proper palmar digital artery,http://purl.obolibrary.org/obo/UBERON_0004561,proper palmar digital vein
http://purl.org/tara/ontology/TARA_9168896,TARA:9168896,SI 1,Small Intestine Meridian,http://purl.obolibrary.org/obo/UBERON_0003625,manual digit 5,http://purl.obolibrary.org/obo/UBERON_0004300,distal phalanx,http://uri.interlex.org/base/ilx_0797489,Proper palmar digital nerve,http://purl.obolibrary.org/obo/UBERON_0006137,proper palmar digital artery,http://purl.obolibrary.org/obo/UBERON_0004562,digital vein
http://purl.org/tara/ontology/TARA_9168896,TARA:9168896,SI 1,Small Intestine Meridian,http://purl.obolibrary.org/obo/UBERON_0003625,manual digit 5,http://purl.obolibrary.org/obo/UBERON_0004300,distal phalanx,http://uri.interlex.org/base/ilx_0797489,Proper palmar digital nerve,http://purl.obolibrary.org/obo/UBERON_0006146,dorsal digital artery of manus,http://purl.obolibrary.org/obo/UBERON_0004561,proper palmar digital vein
http://purl.org/tara/ontology/TARA_9168896,TARA:9168896,SI 1,Small Intestine Meridian,http://purl.obolibrary.org/obo/UBERON_0003625,manual digit 5,http://purl.obolibrary.org/obo/UBERON_0004300,distal phalanx,http://uri.interlex.org/base/ilx_0797489,Proper palmar digital nerve,http://purl.obolibrary.org/obo/UBERON_0006146,dorsal digital artery of manus,http://purl.obolibrary.org/obo/UBERON_0004562,digital vein
http://purl.org/tara/ontology/TARA_9168896,TARA:9168896,SI 1,Small Intestine Meridian,http://purl.obolibrary.org/obo/UBERON_0003625,manual digit 5,http://purl.obolibrary.org/obo/UBERON_0011277,nail of manual digit 5,http://uri.interlex.org/base/ilx_0797490,Dorsal digital nerve of ulnar nerve,http://purl.obolibrary.org/obo/UBERON_0006137,proper palmar digital artery,http://purl.obolibrary.org/obo/UBERON_0004561,proper palmar digital vein
http://purl.org/tara/ontology/TARA_9168896,TARA:9168896,SI 1,Small Intestine Meridian,http://purl.obolibrary.org/obo/UBERON_0003625,manual digit 5,http://purl.obolibrary.org/obo/UBERON_0011277,nail of manual digit 5,http://uri.interlex.org/base/ilx_0797490,Dorsal digital nerve of ulnar nerve,http://purl.obolibrary.org/obo/UBERON_0006137,proper palmar digital artery,http://purl.obolibrary.org/obo/UBERON_0004562,digital vein
http://purl.org/tara/ontology/TARA_9168896,TARA:9168896,SI 1,Small Intestine Meridian,http://purl.obolibrary.org/obo/UBERON_0003625,manual digit 5,http://purl.obolibrary.org/obo/UBERON_0011277,nail of manual digit 5,http://uri.interlex.org/base/ilx_0797490,Dorsal digital nerve of ulnar nerve,http://purl.obolibrary.org/obo/UBERON_0006146,dorsal digital artery of manus,http://purl.obolibrary.org/obo/UBERON_0004561,proper palmar digital vein
http://purl.org/tara/ontology/TARA_9168896,TARA:9168896,SI 1,Small Intestine Meridian,http://purl.obolibrary.org/obo/UBERON_0003625,manual digit 5,http://purl.obolibrary.org/obo/UBERON_0011277,nail of manual digit 5,http://uri.interlex.org/base/ilx_0797490,Dorsal digital nerve of ulnar nerve,http://purl.obolibrary.org/obo/UBERON_0006146,dorsal digital artery of manus,http://purl.obolibrary.org/obo/UBERON_0004562,digital vein
http://purl.org/tara/ontology/TARA_9168896,TARA:9168896,SI 1,Small Intestine Meridian,http://purl.obolibrary.org/obo/UBERON_0003625,manual digit 5,http://purl.obolibrary.org/obo/UBERON_0011277,nail of manual digit 5,http://uri.interlex.org/base/ilx_0797489,Proper palmar digital nerve,http://purl.obolibrary.org/obo/UBERON_0006137,proper palmar digital artery,http://purl.obolibrary.org/obo/UBERON_0004561,proper palmar digital vein
http://purl.org/tara/ontology/TARA_9168896,TARA:9168896,SI 1,Small Intestine Meridian,http://purl.obolibrary.org/obo/UBERON_0003625,manual digit 5,http://purl.obolibrary.org/obo/UBERON_0011277,nail of manual digit 5,http://uri.interlex.org/base/ilx_0797489,Proper palmar digital nerve,http://purl.obolibrary.org/obo/UBERON_0006137,proper palmar digital artery,http://purl.obolibrary.org/obo/UBERON_0004562,digital vein
http://purl.org/tara/ontology/TARA_9168896,TARA:9168896,SI 1,Small Intestine Meridian,http://purl.obolibrary.org/obo/UBERON_0003625,manual digit 5,http://purl.obolibrary.org/obo/UBERON_0011277,nail of manual digit 5,http://uri.interlex.org/base/ilx_0797489,Proper palmar digital nerve,http://purl.obolibrary.org/obo/UBERON_0006146,dorsal digital artery of manus,http://purl.obolibrary.org/obo/UBERON_0004561,proper palmar digital vein
http://purl.org/tara/ontology/TARA_9168896,TARA:9168896,SI 1,Small Intestine Meridian,http://purl.obolibrary.org/obo/UBERON_0003625,manual digit 5,http://purl.obolibrary.org/obo/UBERON_0011277,nail of manual digit 5,http://uri.interlex.org/base/ilx_0797489,Proper palmar digital nerve,http://purl.obolibrary.org/obo/UBERON_0006146,dorsal digital artery of manus,http://purl.obolibrary.org/obo/UBERON_0004562,digital vein
http://purl.org/tara/ontology/TARA_0683404,TARA:0683404,SI 10,Small Intestine Meridian,http://purl.obolibrary.org/obo/UBERON_0001421,pectoral girdle region,http://uri.interlex.org/base/ilx_0795311,posterior axillary fold,http://uri.interlex.org/base/ilx_0795005,Posterior cutaneous nerve of arm,http://uri.interlex.org/base/ilx_0797496,Posterior circumflex humeral artery,http://purl.obolibrary.org/obo/UBERON_0006200,caudal humeral circumflex vein
http://purl.org/tara/ontology/TARA_0683404,TARA:0683404,SI 10,Small Intestine Meridian,http://purl.obolibrary.org/obo/UBERON_0001421,pectoral girdle region,http://uri.interlex.org/base/ilx_0795311,posterior axillary fold,http://uri.interlex.org/base/ilx_0795005,Posterior cutaneous nerve of arm,http://uri.interlex.org/base/ilx_0797496,Posterior circumflex humeral artery,http://purl.obolibrary.org/obo/UBERON_0039187,suprascapular vein
http://purl.org/tara/ontology/TARA_0683404,TARA:0683404,SI 10,Small Intestine Meridian,http://purl.obolibrary.org/obo/UBERON_0001421,pectoral girdle region,http://uri.interlex.org/base/ilx_0795311,posterior axillary fold,http://uri.interlex.org/base/ilx_0795005,Posterior cutaneous nerve of arm,http://purl.obolibrary.org/obo/UBERON_0039847,suprascapular artery,http://purl.obolibrary.org/obo/UBERON_0006200,caudal humeral circumflex vein
http://purl.org/tara/ontology/TARA_0683404,TARA:0683404,SI 10,Small Intestine Meridian,http://purl.obolibrary.org/obo/UBERON_0001421,pectoral girdle region,http://uri.interlex.org/base/ilx_0795311,posterior axillary fold,http://uri.interlex.org/base/ilx_0795005,Posterior cutaneous nerve of arm,http://purl.obolibrary.org/obo/UBERON_0039847,suprascapular artery,http://purl.obolibrary.org/obo/UBERON_0039187,suprascapular vein
http://purl.org/tara/ontology/TARA_0683404,TARA:0683404,SI 10,Small Intestine Meridian,http://purl.obolibrary.org/obo/UBERON_0001421,pectoral girdle region,http://uri.interlex.org/base/ilx_0795311,posterior axillary fold,http://uri.interlex.org/base/ilx_0794966,suprascapular nerve,http://uri.interlex.org/base/ilx_0797496,Posterior circumflex humeral artery,http://purl.obolibrary.org/obo/UBERON_0006200,caudal humeral circumflex vein
http://purl.org/tara/ontology/TARA_0683404,TARA:0683404,SI 10,Small Intestine Meridian,http://purl.obolibrary.org/obo/UBERON_0001421,pectoral girdle region,http://uri.interlex.org/base/ilx_0795311,posterior axillary fold,http://uri.interlex.org/base/ilx_0794966,suprascapular nerve,http://uri.interlex.org/base/ilx_0797496,Posterior circumflex humeral artery,http://purl.obolibrary.org/obo/UBERON_0039187,suprascapular vein
http://purl.org/tara/ontology/TARA_0683404,TARA:0683404,SI 10,Small Intestine Meridian,http://purl.obolibrary.org/obo/UBERON_0001421,pectoral girdle region,http://uri.interlex.org/base/ilx_0795311,posterior axillary fold,http://uri.interlex.org/base/ilx_0794966,suprascapular nerve,http://purl.obolibrary.org/obo/UBERON_0039847,suprascapular artery,http://purl.obolibrary.org/obo/UBERON_0006200,caudal humeral circumflex vein
http://purl.org/tara/ontology/TARA_0683404,TARA:0683404,SI 10,Small Intestine Meridian,http://purl.obolibrary.org/obo/UBERON_0001421,pectoral girdle region,http://uri.interlex.org/base/ilx_0795311,posterior axillary fold,http://uri.interlex.org/base/ilx_0794966,suprascapular nerve,http://purl.obolibrary.org/obo/UBERON_0039847,suprascapular artery,http://purl.obolibrary.org/obo/UBERON_0039187,suprascapular vein
http://purl.org/tara/ontology/TARA_0683404,TARA:0683404,SI 10,Small Intestine Meridian,http://purl.obolibrary.org/obo/UBERON_0001421,pectoral girdle region,http://uri.interlex.org/base/ilx_0795311,posterior axillary fold,http://purl.obolibrary.org/obo/UBERON_0001493,axillary nerve,http://uri.interlex.org/base/ilx_0797496,Posterior circumflex humeral artery,http://purl.obolibrary.org/obo/UBERON_0006200,caudal humeral circumflex vein
http://purl.org/tara/ontology/TARA_0683404,TARA:0683404,SI 10,Small Intestine Meridian,http://purl.obolibrary.org/obo/UBERON_0001421,pectoral girdle region,http://uri.interlex.org/base/ilx_0795311,posterior axillary fold,http://purl.obolibrary.org/obo/UBERON_0001493,axillary nerve,http://uri.interlex.org/base/ilx_0797496,Posterior circumflex humeral artery,http://purl.obolibrary.org/obo/UBERON_0039187,suprascapular vein
http://purl.org/tara/ontology/TARA_0683404,TARA:0683404,SI 10,Small Intestine Meridian,http://purl.obolibrary.org/obo/UBERON_0001421,pectoral girdle region,http://uri.interlex.org/base/ilx_0795311,posterior axillary fold,http://purl.obolibrary.org/obo/UBERON_0001493,axillary nerve,http://purl.obolibrary.org/obo/UBERON_0039847,suprascapular artery,http://purl.obolibrary.org/obo/UBERON_0006200,caudal humeral circumflex vein
http://purl.org/tara/ontology/TARA_0683404,TARA:0683404,SI 10,Small Intestine Meridian,http://purl.obolibrary.org/obo/UBERON_0001421,pectoral girdle region,http://uri.interlex.org/base/ilx_0795311,posterior axillary fold,http://purl.obolibrary.org/obo/UBERON_0001493,axillary nerve,http://purl.obolibrary.org/obo/UBERON_0039847,suprascapular artery,http://purl.obolibrary.org/obo/UBERON_0039187,suprascapular vein
http://purl.org/tara/ontology/TARA_0683404,TARA:0683404,SI 10,Small Intestine Meridian,http://purl.obolibrary.org/obo/UBERON_0001421,pectoral girdle region,http://purl.obolibrary.org/obo/UBERON_0004651,scapula spine,http://uri.interlex.org/base/ilx_0795005,Posterior cutaneous nerve of arm,http://uri.interlex.org/base/ilx_0797496,Posterior circumflex humeral artery,http://purl.obolibrary.org/obo/UBERON_0006200,caudal humeral circumflex vein
http://purl.org/tara/ontology/TARA_0683404,TARA:0683404,SI 10,Small Intestine Meridian,http://purl.obolibrary.org/obo/UBERON_0001421,pectoral girdle region,http://purl.obolibrary.org/obo/UBERON_0004651,scapula spine,http://uri.interlex.org/base/ilx_0795005,Posterior cutaneous nerve of arm,http://uri.interlex.org/base/ilx_0797496,Posterior circumflex humeral artery,http://purl.obolibrary.org/obo/UBERON_0039187,suprascapular vein
http://purl.org/tara/ontology/TARA_0683404,TARA:0683404,SI 10,Small Intestine Meridian,http://purl.obolibrary.org/obo/UBERON_0001421,pectoral girdle region,http://purl.obolibrary.org/obo/UBERON_0004651,scapula spine,http://uri.interlex.org/base/ilx_0795005,Posterior cutaneous nerve of arm,http://purl.obolibrary.org/obo/UBERON_0039847,suprascapular artery,http://purl.obolibrary.org/obo/UBERON_0006200,caudal humeral circumflex vein
http://purl.org/tara/ontology/TARA_0683404,TARA:0683404,SI 10,Small Intestine Meridian,http://purl.obolibrary.org/obo/UBERON_0001421,pectoral girdle region,http://purl.obolibrary.org/obo/UBERON_0004651,scapula spine,http://uri.interlex.org/base/ilx_0795005,Posterior cutaneous nerve of arm,http://purl.obolibrary.org/obo/UBERON_0039847,suprascapular artery,http://purl.obolibrary.org/obo/UBERON_0039187,suprascapular vein
http://purl.org/tara/ontology/TARA_0683404,TARA:0683404,SI 10,Small Intestine Meridian,http://purl.obolibrary.org/obo/UBERON_0001421,pectoral girdle region,http://purl.obolibrary.org/obo/UBERON_0004651,scapula spine,http://uri.interlex.org/base/ilx_0794966,suprascapular nerve,http://uri.interlex.org/base/ilx_0797496,Posterior circumflex humeral artery,http://purl.obolibrary.org/obo/UBERON_0006200,caudal humeral circumflex vein
http://purl.org/tara/ontology/TARA_0683404,TARA:0683404,SI 10,Small Intestine Meridian,http://purl.obolibrary.org/obo/UBERON_0001421,pectoral girdle region,http://purl.obolibrary.org/obo/UBERON_0004651,scapula spine,http://uri.interlex.org/base/ilx_0794966,suprascapular nerve,http://uri.interlex.org/base/ilx_0797496,Posterior circumflex humeral artery,http://purl.obolibrary.org/obo/UBERON_0039187,suprascapular vein
http://purl.org/tara/ontology/TARA_0683404,TARA:0683404,SI 10,Small Intestine Meridian,http://purl.obolibrary.org/obo/UBERON_0001421,pectoral girdle region,http://purl.obolibrary.org/obo/UBERON_0004651,scapula spine,http://uri.interlex.org/base/ilx_0794966,suprascapular nerve,http://purl.obolibrary.org/obo/UBERON_0039847,suprascapular artery,http://purl.obolibrary.org/obo/UBERON_0006200,caudal humeral circumflex vein
http://purl.org/tara/ontology/TARA_0683404,TARA:0683404,SI 10,Small Intestine Meridian,http://purl.obolibrary.org/obo/UBERON_0001421,pectoral girdle region,http://purl.obolibrary.org/obo/UBERON_0004651,scapula spine,http://uri.interlex.org/base/ilx_0794966,suprascapular nerve,http://purl.obolibrary.org/obo/UBERON_0039847,suprascapular artery,http://purl.obolibrary.org/obo/UBERON_0039187,suprascapular vein
http://purl.org/tara/ontology/TARA_0683404,TARA:0683404,SI 10,Small Intestine Meridian,http://purl.obolibrary.org/obo/UBERON_0001421,pectoral girdle region,http://purl.obolibrary.org/obo/UBERON_0004651,scapula spine,http://purl.obolibrary.org/obo/UBERON_0001493,axillary nerve,http://uri.interlex.org/base/ilx_0797496,Posterior circumflex humeral artery,http://purl.obolibrary.org/obo/UBERON_0006200,caudal humeral circumflex vein
http://purl.org/tara/ontology/TARA_0683404,TARA:0683404,SI 10,Small Intestine Meridian,http://purl.obolibrary.org/obo/UBERON_0001421,pectoral girdle region,http://purl.obolibrary.org/obo/UBERON_0004651,scapula spine,http://purl.obolibrary.org/obo/UBERON_0001493,axillary nerve,http://uri.interlex.org/base/ilx_0797496,Posterior circumflex humeral artery,http://purl.obolibrary.org/obo/UBERON_0039187,suprascapular vein
http://purl.org/tara/ontology/TARA_0683404,TARA:0683404,SI 10,Small Intestine Meridian,http://purl.obolibrary.org/obo/UBERON_0001421,pectoral girdle region,http://purl.obolibrary.org/obo/UBERON_0004651,scapula spine,http://purl.obolibrary.org/obo/UBERON_0001493,axillary nerve,http://purl.obolibrary.org/obo/UBERON_0039847,suprascapular artery,http://purl.obolibrary.org/obo/UBERON_0006200,caudal humeral circumflex vein
http://purl.org/tara/ontology/TARA_0683404,TARA:0683404,SI 10,Small Intestine Meridian,http://purl.obolibrary.org/obo/UBERON_0001421,pectoral girdle region,http://purl.obolibrary.org/obo/UBERON_0004651,scapula spine,http://purl.obolibrary.org/obo/UBERON_0001493,axillary nerve,http://purl.obolibrary.org/obo/UBERON_0039847,suprascapular artery,http://purl.obolibrary.org/obo/UBERON_0039187,suprascapular vein
http://purl.org/tara/ontology/TARA_4122792,TARA:4122792,SI 11,Small Intestine Meridian,http://uri.interlex.org/base/ilx_0795319,scapular region,http://purl.obolibrary.org/obo/UBERON_0006849,scapula,http://uri.interlex.org/base/ilx_0794966,suprascapular nerve,http://uri.interlex.org/base/ilx_0797514,Circumflex scapular artery,http://uri.interlex.org/base/ilx_0797515,Circumflex scapular vein
http://purl.org/tara/ontology/TARA_4122792,TARA:4122792,SI 11,Small Intestine Meridian,http://uri.interlex.org/base/ilx_0795319,scapular region,http://purl.obolibrary.org/obo/UBERON_0004651,scapula spine,http://uri.interlex.org/base/ilx_0794966,suprascapular nerve,http://uri.interlex.org/base/ilx_0797514,Circumflex scapular artery,http://uri.interlex.org/base/ilx_0797515,Circumflex scapular vein
http://purl.org/tara/ontology/TARA_5888779,TARA:5888779,SI 12,Small Intestine Meridian,http://uri.interlex.org/base/ilx_0795319,scapular region,http://purl.obolibrary.org/obo/UBERON_0006849,scapula,http://purl.obolibrary.org/obo/UBERON_0002019,accessory XI nerve,http://purl.obolibrary.org/obo/UBERON_0039847,suprascapular artery,http://purl.obolibrary.org/obo/UBERON_0039187,suprascapular vein
http://purl.org/tara/ontology/TARA_5888779,TARA:5888779,SI 12,Small Intestine Meridian,http://uri.interlex.org/base/ilx_0795319,scapular region,http://purl.obolibrary.org/obo/UBERON_0006849,scapula,http://uri.interlex.org/base/ilx_0794966,suprascapular nerve,http://purl.obolibrary.org/obo/UBERON_0039847,suprascapular artery,http://purl.obolibrary.org/obo/UBERON_0039187,suprascapular vein
http://purl.org/tara/ontology/TARA_5888779,TARA:5888779,SI 12,Small Intestine Meridian,http://uri.interlex.org/base/ilx_0795319,scapular region,http://purl.obolibrary.org/obo/UBERON_0004651,scapula spine,http://purl.obolibrary.org/obo/UBERON_0002019,accessory XI nerve,http://purl.obolibrary.org/obo/UBERON_0039847,suprascapular artery,http://purl.obolibrary.org/obo/UBERON_0039187,suprascapular vein
http://purl.org/tara/ontology/TARA_5888779,TARA:5888779,SI 12,Small Intestine Meridian,http://uri.interlex.org/base/ilx_0795319,scapular region,http://purl.obolibrary.org/obo/UBERON_0004651,scapula spine,http://uri.interlex.org/base/ilx_0794966,suprascapular nerve,http://purl.obolibrary.org/obo/UBERON_0039847,suprascapular artery,http://purl.obolibrary.org/obo/UBERON_0039187,suprascapular vein
http://purl.org/tara/ontology/TARA_9116386,TARA:9116386,SI 13,Small Intestine Meridian,http://uri.interlex.org/base/ilx_0795319,scapular region,http://purl.obolibrary.org/obo/UBERON_0006849,scapula,http://uri.interlex.org/base/ilx_0787131,Posterior ramus of second thoracic nerve,http://purl.obolibrary.org/obo/UBERON_0039847,suprascapular artery,http://purl.obolibrary.org/obo/UBERON_8600075,transverse cervical vein
http://purl.org/tara/ontology/TARA_9116386,TARA:9116386,SI 13,Small Intestine Meridian,http://uri.interlex.org/base/ilx_0795319,scapular region,http://purl.obolibrary.org/obo/UBERON_0006849,scapula,http://uri.interlex.org/base/ilx_0787131,Posterior ramus of second thoracic nerve,http://purl.obolibrary.org/obo/UBERON_0039847,suprascapular artery,http://purl.obolibrary.org/obo/UBERON_0039187,suprascapular vein
http://purl.org/tara/ontology/TARA_9116386,TARA:9116386,SI 13,Small Intestine Meridian,http://uri.interlex.org/base/ilx_0795319,scapular region,http://purl.obolibrary.org/obo/UBERON_0006849,scapula,http://uri.interlex.org/base/ilx_0787131,Posterior ramus of second thoracic nerve,http://purl.obolibrary.org/obo/UBERON_0012324,transverse cervical artery,http://purl.obolibrary.org/obo/UBERON_8600075,transverse cervical vein
http://purl.org/tara/ontology/TARA_9116386,TARA:9116386,SI 13,Small Intestine Meridian,http://uri.interlex.org/base/ilx_0795319,scapular region,http://purl.obolibrary.org/obo/UBERON_0006849,scapula,http://uri.interlex.org/base/ilx_0787131,Posterior ramus of second thoracic nerve,http://purl.obolibrary.org/obo/UBERON_0012324,transverse cervical artery,http://purl.obolibrary.org/obo/UBERON_0039187,suprascapular vein
http://purl.org/tara/ontology/TARA_9116386,TARA:9116386,SI 13,Small Intestine Meridian,http://uri.interlex.org/base/ilx_0795319,scapular region,http://purl.obolibrary.org/obo/UBERON_0006849,scapula,http://purl.obolibrary.org/obo/UBERON_0002019,accessory XI nerve,http://purl.obolibrary.org/obo/UBERON_0039847,suprascapular artery,http://purl.obolibrary.org/obo/UBERON_8600075,transverse cervical vein
http://purl.org/tara/ontology/TARA_9116386,TARA:9116386,SI 13,Small Intestine Meridian,http://uri.interlex.org/base/ilx_0795319,scapular region,http://purl.obolibrary.org/obo/UBERON_0006849,scapula,http://purl.obolibrary.org/obo/UBERON_0002019,accessory XI nerve,http://purl.obolibrary.org/obo/UBERON_0039847,suprascapular artery,http://purl.obolibrary.org/obo/UBERON_0039187,suprascapular vein
http://purl.org/tara/ontology/TARA_9116386,TARA:9116386,SI 13,Small Intestine Meridian,http://uri.interlex.org/base/ilx_0795319,scapular region,http://purl.obolibrary.org/obo/UBERON_0006849,scapula,http://purl.obolibrary.org/obo/UBERON_0002019,accessory XI nerve,http://purl.obolibrary.org/obo/UBERON_0012324,transverse cervical artery,http://purl.obolibrary.org/obo/UBERON_8600075,transverse cervical vein
http://purl.org/tara/ontology/TARA_9116386,TARA:9116386,SI 13,Small Intestine Meridian,http://uri.interlex.org/base/ilx_0795319,scapular region,http://purl.obolibrary.org/obo/UBERON_0006849,scapula,http://purl.obolibrary.org/obo/UBERON_0002019,accessory XI nerve,http://purl.obolibrary.org/obo/UBERON_0012324,transverse cervical artery,http://purl.obolibrary.org/obo/UBERON_0039187,suprascapular vein
http://purl.org/tara/ontology/TARA_9116386,TARA:9116386,SI 13,Small Intestine Meridian,http://uri.interlex.org/base/ilx_0795319,scapular region,http://purl.obolibrary.org/obo/UBERON_0006849,scapula,http://uri.interlex.org/base/ilx_0797492,Motor branches of the suprascapular nerve,http://purl.obolibrary.org/obo/UBERON_0039847,suprascapular artery,http://purl.obolibrary.org/obo/UBERON_8600075,transverse cervical vein
http://purl.org/tara/ontology/TARA_9116386,TARA:9116386,SI 13,Small Intestine Meridian,http://uri.interlex.org/base/ilx_0795319,scapular region,http://purl.obolibrary.org/obo/UBERON_0006849,scapula,http://uri.interlex.org/base/ilx_0797492,Motor branches of the suprascapular nerve,http://purl.obolibrary.org/obo/UBERON_0039847,suprascapular artery,http://purl.obolibrary.org/obo/UBERON_0039187,suprascapular vein
http://purl.org/tara/ontology/TARA_9116386,TARA:9116386,SI 13,Small Intestine Meridian,http://uri.interlex.org/base/ilx_0795319,scapular region,http://purl.obolibrary.org/obo/UBERON_0006849,scapula,http://uri.interlex.org/base/ilx_0797492,Motor branches of the suprascapular nerve,http://purl.obolibrary.org/obo/UBERON_0012324,transverse cervical artery,http://purl.obolibrary.org/obo/UBERON_8600075,transverse cervical vein
http://purl.org/tara/ontology/TARA_9116386,TARA:9116386,SI 13,Small Intestine Meridian,http://uri.interlex.org/base/ilx_0795319,scapular region,http://purl.obolibrary.org/obo/UBERON_0006849,scapula,http://uri.interlex.org/base/ilx_0797492,Motor branches of the suprascapular nerve,http://purl.obolibrary.org/obo/UBERON_0012324,transverse cervical artery,http://purl.obolibrary.org/obo/UBERON_0039187,suprascapular vein
http://purl.org/tara/ontology/TARA_9116386,TARA:9116386,SI 13,Small Intestine Meridian,http://uri.interlex.org/base/ilx_0795319,scapular region,http://purl.obolibrary.org/obo/UBERON_0004651,scapula spine,http://uri.interlex.org/base/ilx_0787131,Posterior ramus of second thoracic nerve,http://purl.obolibrary.org/obo/UBERON_0039847,suprascapular artery,http://purl.obolibrary.org/obo/UBERON_8600075,transverse cervical vein
http://purl.org/tara/ontology/TARA_9116386,TARA:9116386,SI 13,Small Intestine Meridian,http://uri.interlex.org/base/ilx_0795319,scapular region,http://purl.obolibrary.org/obo/UBERON_0004651,scapula spine,http://uri.interlex.org/base/ilx_0787131,Posterior ramus of second thoracic nerve,http://purl.obolibrary.org/obo/UBERON_0039847,suprascapular artery,http://purl.obolibrary.org/obo/UBERON_0039187,suprascapular vein
http://purl.org/tara/ontology/TARA_9116386,TARA:9116386,SI 13,Small Intestine Meridian,http://uri.interlex.org/base/ilx_0795319,scapular region,http://purl.obolibrary.org/obo/UBERON_0004651,scapula spine,http://uri.interlex.org/base/ilx_0787131,Posterior ramus of second thoracic nerve,http://purl.obolibrary.org/obo/UBERON_0012324,transverse cervical artery,http://purl.obolibrary.org/obo/UBERON_8600075,transverse cervical vein
http://purl.org/tara/ontology/TARA_9116386,TARA:9116386,SI 13,Small Intestine Meridian,http://uri.interlex.org/base/ilx_0795319,scapular region,http://purl.obolibrary.org/obo/UBERON_0004651,scapula spine,http://uri.interlex.org/base/ilx_0787131,Posterior ramus of second thoracic nerve,http://purl.obolibrary.org/obo/UBERON_0012324,transverse cervical artery,http://purl.obolibrary.org/obo/UBERON_0039187,suprascapular vein
http://purl.org/tara/ontology/TARA_9116386,TARA:9116386,SI 13,Small Intestine Meridian,http://uri.interlex.org/base/ilx_0795319,scapular region,http://purl.obolibrary.org/obo/UBERON_0004651,scapula spine,http://purl.obolibrary.org/obo/UBERON_0002019,accessory XI nerve,http://purl.obolibrary.org/obo/UBERON_0039847,suprascapular artery,http://purl.obolibrary.org/obo/UBERON_8600075,transverse cervical vein
http://purl.org/tara/ontology/TARA_9116386,TARA:9116386,SI 13,Small Intestine Meridian,http://uri.interlex.org/base/ilx_0795319,scapular region,http://purl.obolibrary.org/obo/UBERON_0004651,scapula spine,http://purl.obolibrary.org/obo/UBERON_0002019,accessory XI nerve,http://purl.obolibrary.org/obo/UBERON_0039847,suprascapular artery,http://purl.obolibrary.org/obo/UBERON_0039187,suprascapular vein
http://purl.org/tara/ontology/TARA_9116386,TARA:9116386,SI 13,Small Intestine Meridian,http://uri.interlex.org/base/ilx_0795319,scapular region,http://purl.obolibrary.org/obo/UBERON_0004651,scapula spine,http://purl.obolibrary.org/obo/UBERON_0002019,accessory XI nerve,http://purl.obolibrary.org/obo/UBERON_0012324,transverse cervical artery,http://purl.obolibrary.org/obo/UBERON_8600075,transverse cervical vein
http://purl.org/tara/ontology/TARA_9116386,TARA:9116386,SI 13,Small Intestine Meridian,http://uri.interlex.org/base/ilx_0795319,scapular region,http://purl.obolibrary.org/obo/UBERON_0004651,scapula spine,http://purl.obolibrary.org/obo/UBERON_0002019,accessory XI nerve,http://purl.obolibrary.org/obo/UBERON_0012324,transverse cervical artery,http://purl.obolibrary.org/obo/UBERON_0039187,suprascapular vein
http://purl.org/tara/ontology/TARA_9116386,TARA:9116386,SI 13,Small Intestine Meridian,http://uri.interlex.org/base/ilx_0795319,scapular region,http://purl.obolibrary.org/obo/UBERON_0004651,scapula spine,http://uri.interlex.org/base/ilx_0797492,Motor branches of the suprascapular nerve,http://purl.obolibrary.org/obo/UBERON_0039847,suprascapular artery,http://purl.obolibrary.org/obo/UBERON_8600075,transverse cervical vein
http://purl.org/tara/ontology/TARA_9116386,TARA:9116386,SI 13,Small Intestine Meridian,http://uri.interlex.org/base/ilx_0795319,scapular region,http://purl.obolibrary.org/obo/UBERON_0004651,scapula spine,http://uri.interlex.org/base/ilx_0797492,Motor branches of the suprascapular nerve,http://purl.obolibrary.org/obo/UBERON_0039847,suprascapular artery,http://purl.obolibrary.org/obo/UBERON_0039187,suprascapular vein
http://purl.org/tara/ontology/TARA_9116386,TARA:9116386,SI 13,Small Intestine Meridian,http://uri.interlex.org/base/ilx_0795319,scapular region,http://purl.obolibrary.org/obo/UBERON_0004651,scapula spine,http://uri.interlex.org/base/ilx_0797492,Motor branches of the suprascapular nerve,http://purl.obolibrary.org/obo/UBERON_0012324,transverse cervical artery,http://purl.obolibrary.org/obo/UBERON_8600075,transverse cervical vein
http://purl.org/tara/ontology/TARA_9116386,TARA:9116386,SI 13,Small Intestine Meridian,http://uri.interlex.org/base/ilx_0795319,scapular region,http://purl.obolibrary.org/obo/UBERON_0004651,scapula spine,http://uri.interlex.org/base/ilx_0797492,Motor branches of the suprascapular nerve,http://purl.obolibrary.org/obo/UBERON_0012324,transverse cervical artery,http://purl.obolibrary.org/obo/UBERON_0039187,suprascapular vein
http://purl.org/tara/ontology/TARA_9116386,TARA:9116386,SI 13,Small Intestine Meridian,http://uri.interlex.org/base/ilx_0795319,scapular region,http://purl.obolibrary.org/obo/UBERON_0004627,thoracic vertebra 2,http://uri.interlex.org/base/ilx_0787131,Posterior ramus of second thoracic nerve,http://purl.obolibrary.org/obo/UBERON_0039847,suprascapular artery,http://purl.obolibrary.org/obo/UBERON_8600075,transverse cervical vein
http://purl.org/tara/ontology/TARA_9116386,TARA:9116386,SI 13,Small Intestine Meridian,http://uri.interlex.org/base/ilx_0795319,scapular region,http://purl.obolibrary.org/obo/UBERON_0004627,thoracic vertebra 2,http://uri.interlex.org/base/ilx_0787131,Posterior ramus of second thoracic nerve,http://purl.obolibrary.org/obo/UBERON_0039847,suprascapular artery,http://purl.obolibrary.org/obo/UBERON_0039187,suprascapular vein
http://purl.org/tara/ontology/TARA_9116386,TARA:9116386,SI 13,Small Intestine Meridian,http://uri.interlex.org/base/ilx_0795319,scapular region,http://purl.obolibrary.org/obo/UBERON_0004627,thoracic vertebra 2,http://uri.interlex.org/base/ilx_0787131,Posterior ramus of second thoracic nerve,http://purl.obolibrary.org/obo/UBERON_0012324,transverse cervical artery,http://purl.obolibrary.org/obo/UBERON_8600075,transverse cervical vein
http://purl.org/tara/ontology/TARA_9116386,TARA:9116386,SI 13,Small Intestine Meridian,http://uri.interlex.org/base/ilx_0795319,scapular region,http://purl.obolibrary.org/obo/UBERON_0004627,thoracic vertebra 2,http://uri.interlex.org/base/ilx_0787131,Posterior ramus of second thoracic nerve,http://purl.obolibrary.org/obo/UBERON_0012324,transverse cervical artery,http://purl.obolibrary.org/obo/UBERON_0039187,suprascapular vein
http://purl.org/tara/ontology/TARA_9116386,TARA:9116386,SI 13,Small Intestine Meridian,http://uri.interlex.org/base/ilx_0795319,scapular region,http://purl.obolibrary.org/obo/UBERON_0004627,thoracic vertebra 2,http://purl.obolibrary.org/obo/UBERON_0002019,accessory XI nerve,http://purl.obolibrary.org/obo/UBERON_0039847,suprascapular artery,http://purl.obolibrary.org/obo/UBERON_8600075,transverse cervical vein
http://purl.org/tara/ontology/TARA_9116386,TARA:9116386,SI 13,Small Intestine Meridian,http://uri.interlex.org/base/ilx_0795319,scapular region,http://purl.obolibrary.org/obo/UBERON_0004627,thoracic vertebra 2,http://purl.obolibrary.org/obo/UBERON_0002019,accessory XI nerve,http://purl.obolibrary.org/obo/UBERON_0039847,suprascapular artery,http://purl.obolibrary.org/obo/UBERON_0039187,suprascapular vein
http://purl.org/tara/ontology/TARA_9116386,TARA:9116386,SI 13,Small Intestine Meridian,http://uri.interlex.org/base/ilx_0795319,scapular region,http://purl.obolibrary.org/obo/UBERON_0004627,thoracic vertebra 2,http://purl.obolibrary.org/obo/UBERON_0002019,accessory XI nerve,http://purl.obolibrary.org/obo/UBERON_0012324,transverse cervical artery,http://purl.obolibrary.org/obo/UBERON_8600075,transverse cervical vein
http://purl.org/tara/ontology/TARA_9116386,TARA:9116386,SI 13,Small Intestine Meridian,http://uri.interlex.org/base/ilx_0795319,scapular region,http://purl.obolibrary.org/obo/UBERON_0004627,thoracic vertebra 2,http://purl.obolibrary.org/obo/UBERON_0002019,accessory XI nerve,http://purl.obolibrary.org/obo/UBERON_0012324,transverse cervical artery,http://purl.obolibrary.org/obo/UBERON_0039187,suprascapular vein
http://purl.org/tara/ontology/TARA_9116386,TARA:9116386,SI 13,Small Intestine Meridian,http://uri.interlex.org/base/ilx_0795319,scapular region,http://purl.obolibrary.org/obo/UBERON_0004627,thoracic vertebra 2,http://uri.interlex.org/base/ilx_0797492,Motor branches of the suprascapular nerve,http://purl.obolibrary.org/obo/UBERON_0039847,suprascapular artery,http://purl.obolibrary.org/obo/UBERON_8600075,transverse cervical vein
http://purl.org/tara/ontology/TARA_9116386,TARA:9116386,SI 13,Small Intestine Meridian,http://uri.interlex.org/base/ilx_0795319,scapular region,http://purl.obolibrary.org/obo/UBERON_0004627,thoracic vertebra 2,http://uri.interlex.org/base/ilx_0797492,Motor branches of the suprascapular nerve,http://purl.obolibrary.org/obo/UBERON_0039847,suprascapular artery,http://purl.obolibrary.org/obo/UBERON_0039187,suprascapular vein
http://purl.org/tara/ontology/TARA_9116386,TARA:9116386,SI 13,Small Intestine Meridian,http://uri.interlex.org/base/ilx_0795319,scapular region,http://purl.obolibrary.org/obo/UBERON_0004627,thoracic vertebra 2,http://uri.interlex.org/base/ilx_0797492,Motor branches of the suprascapular nerve,http://purl.obolibrary.org/obo/UBERON_0012324,transverse cervical artery,http://purl.obolibrary.org/obo/UBERON_8600075,transverse cervical vein
http://purl.org/tara/ontology/TARA_9116386,TARA:9116386,SI 13,Small Intestine Meridian,http://uri.interlex.org/base/ilx_0795319,scapular region,http://purl.obolibrary.org/obo/UBERON_0004627,thoracic vertebra 2,http://uri.interlex.org/base/ilx_0797492,Motor branches of the suprascapular nerve,http://purl.obolibrary.org/obo/UBERON_0012324,transverse cervical artery,http://purl.obolibrary.org/obo/UBERON_0039187,suprascapular vein
http://purl.org/tara/ontology/TARA_3226024,TARA:3226024,SI 14,Small Intestine Meridian,http://purl.obolibrary.org/obo/UBERON_0008231,dorsal thoracic segment of trunk,http://uri.interlex.org/base/ilx_0795312,posterior median line,http://uri.interlex.org/base/ilx_0787131,Posterior ramus of second thoracic nerve,http://purl.obolibrary.org/obo/UBERON_0012324,transverse cervical artery,http://purl.obolibrary.org/obo/UBERON_8600075,transverse cervical vein
http://purl.org/tara/ontology/TARA_3226024,TARA:3226024,SI 14,Small Intestine Meridian,http://purl.obolibrary.org/obo/UBERON_0008231,dorsal thoracic segment of trunk,http://uri.interlex.org/base/ilx_0795312,posterior median line,http://uri.interlex.org/base/ilx_0794979,dorsal scapular nerve,http://purl.obolibrary.org/obo/UBERON_0012324,transverse cervical artery,http://purl.obolibrary.org/obo/UBERON_8600075,transverse cervical vein
http://purl.org/tara/ontology/TARA_3226024,TARA:3226024,SI 14,Small Intestine Meridian,http://purl.obolibrary.org/obo/UBERON_0008231,dorsal thoracic segment of trunk,http://uri.interlex.org/base/ilx_0795312,posterior median line,http://uri.interlex.org/base/ilx_0787984,Posterior ramus of first thoracic nerve,http://purl.obolibrary.org/obo/UBERON_0012324,transverse cervical artery,http://purl.obolibrary.org/obo/UBERON_8600075,transverse cervical vein
http://purl.org/tara/ontology/TARA_3226024,TARA:3226024,SI 14,Small Intestine Meridian,http://purl.obolibrary.org/obo/UBERON_0008231,dorsal thoracic segment of trunk,http://uri.interlex.org/base/ilx_0795312,posterior median line,http://purl.obolibrary.org/obo/UBERON_0002019,accessory XI nerve,http://purl.obolibrary.org/obo/UBERON_0012324,transverse cervical artery,http://purl.obolibrary.org/obo/UBERON_8600075,transverse cervical vein
http://purl.org/tara/ontology/TARA_3226024,TARA:3226024,SI 14,Small Intestine Meridian,http://purl.obolibrary.org/obo/UBERON_0008231,dorsal thoracic segment of trunk,http://purl.obolibrary.org/obo/UBERON_0004651,scapula spine,http://uri.interlex.org/base/ilx_0787131,Posterior ramus of second thoracic nerve,http://purl.obolibrary.org/obo/UBERON_0012324,transverse cervical artery,http://purl.obolibrary.org/obo/UBERON_8600075,transverse cervical vein
http://purl.org/tara/ontology/TARA_3226024,TARA:3226024,SI 14,Small Intestine Meridian,http://purl.obolibrary.org/obo/UBERON_0008231,dorsal thoracic segment of trunk,http://purl.obolibrary.org/obo/UBERON_0004651,scapula spine,http://uri.interlex.org/base/ilx_0794979,dorsal scapular nerve,http://purl.obolibrary.org/obo/UBERON_0012324,transverse cervical artery,http://purl.obolibrary.org/obo/UBERON_8600075,transverse cervical vein
http://purl.org/tara/ontology/TARA_3226024,TARA:3226024,SI 14,Small Intestine Meridian,http://purl.obolibrary.org/obo/UBERON_0008231,dorsal thoracic segment of trunk,http://purl.obolibrary.org/obo/UBERON_0004651,scapula spine,http://uri.interlex.org/base/ilx_0787984,Posterior ramus of first thoracic nerve,http://purl.obolibrary.org/obo/UBERON_0012324,transverse cervical artery,http://purl.obolibrary.org/obo/UBERON_8600075,transverse cervical vein
http://purl.org/tara/ontology/TARA_3226024,TARA:3226024,SI 14,Small Intestine Meridian,http://purl.obolibrary.org/obo/UBERON_0008231,dorsal thoracic segment of trunk,http://purl.obolibrary.org/obo/UBERON_0004651,scapula spine,http://purl.obolibrary.org/obo/UBERON_0002019,accessory XI nerve,http://purl.obolibrary.org/obo/UBERON_0012324,transverse cervical artery,http://purl.obolibrary.org/obo/UBERON_8600075,transverse cervical vein
http://purl.org/tara/ontology/TARA_3226024,TARA:3226024,SI 14,Small Intestine Meridian,http://purl.obolibrary.org/obo/UBERON_0008231,dorsal thoracic segment of trunk,http://purl.obolibrary.org/obo/UBERON_0004626,thoracic vertebra 1,http://uri.interlex.org/base/ilx_0787131,Posterior ramus of second thoracic nerve,http://purl.obolibrary.org/obo/UBERON_0012324,transverse cervical artery,http://purl.obolibrary.org/obo/UBERON_8600075,transverse cervical vein
http://purl.org/tara/ontology/TARA_3226024,TARA:3226024,SI 14,Small Intestine Meridian,http://purl.obolibrary.org/obo/UBERON_0008231,dorsal thoracic segment of trunk,http://purl.obolibrary.org/obo/UBERON_0004626,thoracic vertebra 1,http://uri.interlex.org/base/ilx_0794979,dorsal scapular nerve,http://purl.obolibrary.org/obo/UBERON_0012324,transverse cervical artery,http://purl.obolibrary.org/obo/UBERON_8600075,transverse cervical vein
http://purl.org/tara/ontology/TARA_3226024,TARA:3226024,SI 14,Small Intestine Meridian,http://purl.obolibrary.org/obo/UBERON_0008231,dorsal thoracic segment of trunk,http://purl.obolibrary.org/obo/UBERON_0004626,thoracic vertebra 1,http://uri.interlex.org/base/ilx_0787984,Posterior ramus of first thoracic nerve,http://purl.obolibrary.org/obo/UBERON_0012324,transverse cervical artery,http://purl.obolibrary.org/obo/UBERON_8600075,transverse cervical vein
http://purl.org/tara/ontology/TARA_3226024,TARA:3226024,SI 14,Small Intestine Meridian,http://purl.obolibrary.org/obo/UBERON_0008231,dorsal thoracic segment of trunk,http://purl.obolibrary.org/obo/UBERON_0004626,thoracic vertebra 1,http://purl.obolibrary.org/obo/UBERON_0002019,accessory XI nerve,http://purl.obolibrary.org/obo/UBERON_0012324,transverse cervical artery,http://purl.obolibrary.org/obo/UBERON_8600075,transverse cervical vein
http://purl.org/tara/ontology/TARA_2976260,TARA:2976260,SI 15,Small Intestine Meridian,http://purl.obolibrary.org/obo/UBERON_0008231,dorsal thoracic segment of trunk,http://purl.obolibrary.org/obo/UBERON_0004616,mammalian cervical vertebra 7,http://uri.interlex.org/base/ilx_0787131,Posterior ramus of second thoracic nerve,http://purl.obolibrary.org/obo/UBERON_0012324,transverse cervical artery,http://purl.obolibrary.org/obo/UBERON_8600075,transverse cervical vein
http://purl.org/tara/ontology/TARA_2976260,TARA:2976260,SI 15,Small Intestine Meridian,http://purl.obolibrary.org/obo/UBERON_0008231,dorsal thoracic segment of trunk,http://purl.obolibrary.org/obo/UBERON_0004616,mammalian cervical vertebra 7,http://uri.interlex.org/base/ilx_0794979,dorsal scapular nerve,http://purl.obolibrary.org/obo/UBERON_0012324,transverse cervical artery,http://purl.obolibrary.org/obo/UBERON_8600075,transverse cervical vein
http://purl.org/tara/ontology/TARA_2976260,TARA:2976260,SI 15,Small Intestine Meridian,http://purl.obolibrary.org/obo/UBERON_0008231,dorsal thoracic segment of trunk,http://purl.obolibrary.org/obo/UBERON_0004616,mammalian cervical vertebra 7,http://uri.interlex.org/base/ilx_0787984,Posterior ramus of first thoracic nerve,http://purl.obolibrary.org/obo/UBERON_0012324,transverse cervical artery,http://purl.obolibrary.org/obo/UBERON_8600075,transverse cervical vein
http://purl.org/tara/ontology/TARA_2976260,TARA:2976260,SI 15,Small Intestine Meridian,http://purl.obolibrary.org/obo/UBERON_0008231,dorsal thoracic segment of trunk,http://purl.obolibrary.org/obo/UBERON_0004616,mammalian cervical vertebra 7,http://purl.obolibrary.org/obo/UBERON_0002019,accessory XI nerve,http://purl.obolibrary.org/obo/UBERON_0012324,transverse cervical artery,http://purl.obolibrary.org/obo/UBERON_8600075,transverse cervical vein
http://purl.org/tara/ontology/TARA_2976260,TARA:2976260,SI 15,Small Intestine Meridian,http://purl.obolibrary.org/obo/UBERON_0008231,dorsal thoracic segment of trunk,http://uri.interlex.org/base/ilx_0795312,posterior median line,http://uri.interlex.org/base/ilx_0787131,Posterior ramus of second thoracic nerve,http://purl.obolibrary.org/obo/UBERON_0012324,transverse cervical artery,http://purl.obolibrary.org/obo/UBERON_8600075,transverse cervical vein
http://purl.org/tara/ontology/TARA_2976260,TARA:2976260,SI 15,Small Intestine Meridian,http://purl.obolibrary.org/obo/UBERON_0008231,dorsal thoracic segment of trunk,http://uri.interlex.org/base/ilx_0795312,posterior median line,http://uri.interlex.org/base/ilx_0794979,dorsal scapular nerve,http://purl.obolibrary.org/obo/UBERON_0012324,transverse cervical artery,http://purl.obolibrary.org/obo/UBERON_8600075,transverse cervical vein
http://purl.org/tara/ontology/TARA_2976260,TARA:2976260,SI 15,Small Intestine Meridian,http://purl.obolibrary.org/obo/UBERON_0008231,dorsal thoracic segment of trunk,http://uri.interlex.org/base/ilx_0795312,posterior median line,http://uri.interlex.org/base/ilx_0787984,Posterior ramus of first thoracic nerve,http://purl.obolibrary.org/obo/UBERON_0012324,transverse cervical artery,http://purl.obolibrary.org/obo/UBERON_8600075,transverse cervical vein
http://purl.org/tara/ontology/TARA_2976260,TARA:2976260,SI 15,Small Intestine Meridian,http://purl.obolibrary.org/obo/UBERON_0008231,dorsal thoracic segment of trunk,http://uri.interlex.org/base/ilx_0795312,posterior median line,http://purl.obolibrary.org/obo/UBERON_0002019,accessory XI nerve,http://purl.obolibrary.org/obo/UBERON_0012324,transverse cervical artery,http://purl.obolibrary.org/obo/UBERON_8600075,transverse cervical vein
http://purl.org/tara/ontology/TARA_2976260,TARA:2976260,SI 15,Small Intestine Meridian,http://purl.obolibrary.org/obo/UBERON_0008231,dorsal thoracic segment of trunk,http://purl.obolibrary.org/obo/UBERON_0006849,scapula,http://uri.interlex.org/base/ilx_0787131,Posterior ramus of second thoracic nerve,http://purl.obolibrary.org/obo/UBERON_0012324,transverse cervical artery,http://purl.obolibrary.org/obo/UBERON_8600075,transverse cervical vein
http://purl.org/tara/ontology/TARA_2976260,TARA:2976260,SI 15,Small Intestine Meridian,http://purl.obolibrary.org/obo/UBERON_0008231,dorsal thoracic segment of trunk,http://purl.obolibrary.org/obo/UBERON_0006849,scapula,http://uri.interlex.org/base/ilx_0794979,dorsal scapular nerve,http://purl.obolibrary.org/obo/UBERON_0012324,transverse cervical artery,http://purl.obolibrary.org/obo/UBERON_8600075,transverse cervical vein
http://purl.org/tara/ontology/TARA_2976260,TARA:2976260,SI 15,Small Intestine Meridian,http://purl.obolibrary.org/obo/UBERON_0008231,dorsal thoracic segment of trunk,http://purl.obolibrary.org/obo/UBERON_0006849,scapula,http://uri.interlex.org/base/ilx_0787984,Posterior ramus of first thoracic nerve,http://purl.obolibrary.org/obo/UBERON_0012324,transverse cervical artery,http://purl.obolibrary.org/obo/UBERON_8600075,transverse cervical vein
http://purl.org/tara/ontology/TARA_2976260,TARA:2976260,SI 15,Small Intestine Meridian,http://purl.obolibrary.org/obo/UBERON_0008231,dorsal thoracic segment of trunk,http://purl.obolibrary.org/obo/UBERON_0006849,scapula,http://purl.obolibrary.org/obo/UBERON_0002019,accessory XI nerve,http://purl.obolibrary.org/obo/UBERON_0012324,transverse cervical artery,http://purl.obolibrary.org/obo/UBERON_8600075,transverse cervical vein
http://purl.org/tara/ontology/TARA_5246417,TARA:5246417,SI 16,Small Intestine Meridian,http://purl.obolibrary.org/obo/UBERON_0000974,neck,http://purl.obolibrary.org/obo/UBERON_0001128,sternocleidomastoid,http://purl.obolibrary.org/obo/UBERON_0008833,great auricular nerve,http://purl.obolibrary.org/obo/UBERON_0012322,ascending cervical artery,,
http://purl.org/tara/ontology/TARA_5246417,TARA:5246417,SI 16,Small Intestine Meridian,http://purl.obolibrary.org/obo/UBERON_0000974,neck,http://purl.obolibrary.org/obo/UBERON_0001128,sternocleidomastoid,http://uri.interlex.org/base/ilx_0797480,Transverse cervical nerve,http://purl.obolibrary.org/obo/UBERON_0012322,ascending cervical artery,,
http://purl.org/tara/ontology/TARA_5246417,TARA:5246417,SI 16,Small Intestine Meridian,http://purl.obolibrary.org/obo/UBERON_0000974,neck,http://purl.obolibrary.org/obo/UBERON_0001738,thyroid cartilage,http://purl.obolibrary.org/obo/UBERON_0008833,great auricular nerve,http://purl.obolibrary.org/obo/UBERON_0012322,ascending cervical artery,,
http://purl.org/tara/ontology/TARA_5246417,TARA:5246417,SI 16,Small Intestine Meridian,http://purl.obolibrary.org/obo/UBERON_0000974,neck,http://purl.obolibrary.org/obo/UBERON_0001738,thyroid cartilage,http://uri.interlex.org/base/ilx_0797480,Transverse cervical nerve,http://purl.obolibrary.org/obo/UBERON_0012322,ascending cervical artery,,
http://purl.org/tara/ontology/TARA_3389422,TARA:3389422,SI 17,Small Intestine Meridian,http://purl.obolibrary.org/obo/UBERON_0000974,neck,http://purl.obolibrary.org/obo/UBERON_0001684,mandible,http://uri.interlex.org/base/ilx_0797493,Cervical branch of the facial nerve,http://purl.obolibrary.org/obo/UBERON_0001532,internal carotid artery,http://purl.obolibrary.org/obo/UBERON_0001101,external jugular vein
http://purl.org/tara/ontology/TARA_3389422,TARA:3389422,SI 17,Small Intestine Meridian,http://purl.obolibrary.org/obo/UBERON_0000974,neck,http://purl.obolibrary.org/obo/UBERON_0001684,mandible,http://uri.interlex.org/base/ilx_0797493,Cervical branch of the facial nerve,http://purl.obolibrary.org/obo/UBERON_0001532,internal carotid artery,http://purl.obolibrary.org/obo/UBERON_0001586,internal jugular vein
http://purl.org/tara/ontology/TARA_3389422,TARA:3389422,SI 17,Small Intestine Meridian,http://purl.obolibrary.org/obo/UBERON_0000974,neck,http://purl.obolibrary.org/obo/UBERON_0001684,mandible,http://purl.obolibrary.org/obo/UBERON_0008833,great auricular nerve,http://purl.obolibrary.org/obo/UBERON_0001532,internal carotid artery,http://purl.obolibrary.org/obo/UBERON_0001101,external jugular vein
http://purl.org/tara/ontology/TARA_3389422,TARA:3389422,SI 17,Small Intestine Meridian,http://purl.obolibrary.org/obo/UBERON_0000974,neck,http://purl.obolibrary.org/obo/UBERON_0001684,mandible,http://purl.obolibrary.org/obo/UBERON_0008833,great auricular nerve,http://purl.obolibrary.org/obo/UBERON_0001532,internal carotid artery,http://purl.obolibrary.org/obo/UBERON_0001586,internal jugular vein
http://purl.org/tara/ontology/TARA_3389422,TARA:3389422,SI 17,Small Intestine Meridian,http://purl.obolibrary.org/obo/UBERON_0000974,neck,http://purl.obolibrary.org/obo/UBERON_0001684,mandible,http://purl.obolibrary.org/obo/UBERON_0001989,superior cervical ganglion,http://purl.obolibrary.org/obo/UBERON_0001532,internal carotid artery,http://purl.obolibrary.org/obo/UBERON_0001101,external jugular vein
http://purl.org/tara/ontology/TARA_3389422,TARA:3389422,SI 17,Small Intestine Meridian,http://purl.obolibrary.org/obo/UBERON_0000974,neck,http://purl.obolibrary.org/obo/UBERON_0001684,mandible,http://purl.obolibrary.org/obo/UBERON_0001989,superior cervical ganglion,http://purl.obolibrary.org/obo/UBERON_0001532,internal carotid artery,http://purl.obolibrary.org/obo/UBERON_0001586,internal jugular vein
http://purl.org/tara/ontology/TARA_3389422,TARA:3389422,SI 17,Small Intestine Meridian,http://purl.obolibrary.org/obo/UBERON_0000974,neck,http://purl.obolibrary.org/obo/UBERON_0001128,sternocleidomastoid,http://uri.interlex.org/base/ilx_0797493,Cervical branch of the facial nerve,http://purl.obolibrary.org/obo/UBERON_0001532,internal carotid artery,http://purl.obolibrary.org/obo/UBERON_0001101,external jugular vein
http://purl.org/tara/ontology/TARA_3389422,TARA:3389422,SI 17,Small Intestine Meridian,http://purl.obolibrary.org/obo/UBERON_0000974,neck,http://purl.obolibrary.org/obo/UBERON_0001128,sternocleidomastoid,http://uri.interlex.org/base/ilx_0797493,Cervical branch of the facial nerve,http://purl.obolibrary.org/obo/UBERON_0001532,internal carotid artery,http://purl.obolibrary.org/obo/UBERON_0001586,internal jugular vein
http://purl.org/tara/ontology/TARA_3389422,TARA:3389422,SI 17,Small Intestine Meridian,http://purl.obolibrary.org/obo/UBERON_0000974,neck,http://purl.obolibrary.org/obo/UBERON_0001128,sternocleidomastoid,http://purl.obolibrary.org/obo/UBERON_0008833,great auricular nerve,http://purl.obolibrary.org/obo/UBERON_0001532,internal carotid artery,http://purl.obolibrary.org/obo/UBERON_0001101,external jugular vein
http://purl.org/tara/ontology/TARA_3389422,TARA:3389422,SI 17,Small Intestine Meridian,http://purl.obolibrary.org/obo/UBERON_0000974,neck,http://purl.obolibrary.org/obo/UBERON_0001128,sternocleidomastoid,http://purl.obolibrary.org/obo/UBERON_0008833,great auricular nerve,http://purl.obolibrary.org/obo/UBERON_0001532,internal carotid artery,http://purl.obolibrary.org/obo/UBERON_0001586,internal jugular vein
http://purl.org/tara/ontology/TARA_3389422,TARA:3389422,SI 17,Small Intestine Meridian,http://purl.obolibrary.org/obo/UBERON_0000974,neck,http://purl.obolibrary.org/obo/UBERON_0001128,sternocleidomastoid,http://purl.obolibrary.org/obo/UBERON_0001989,superior cervical ganglion,http://purl.obolibrary.org/obo/UBERON_0001532,internal carotid artery,http://purl.obolibrary.org/obo/UBERON_0001101,external jugular vein
http://purl.org/tara/ontology/TARA_3389422,TARA:3389422,SI 17,Small Intestine Meridian,http://purl.obolibrary.org/obo/UBERON_0000974,neck,http://purl.obolibrary.org/obo/UBERON_0001128,sternocleidomastoid,http://purl.obolibrary.org/obo/UBERON_0001989,superior cervical ganglion,http://purl.obolibrary.org/obo/UBERON_0001532,internal carotid artery,http://purl.obolibrary.org/obo/UBERON_0001586,internal jugular vein
http://purl.org/tara/ontology/TARA_0287877,TARA:0287877,SI 18,Small Intestine Meridian,http://purl.obolibrary.org/obo/UBERON_0001456,face,http://purl.obolibrary.org/obo/UBERON_0000019,camera-type eye,http://purl.obolibrary.org/obo/UBERON_0018408,infra-orbital nerve,http://purl.obolibrary.org/obo/UBERON_0001615,transverse facial artery,http://purl.obolibrary.org/obo/UBERON_0001659,transverse facial vein
http://purl.org/tara/ontology/TARA_0287877,TARA:0287877,SI 18,Small Intestine Meridian,http://purl.obolibrary.org/obo/UBERON_0001456,face,http://purl.obolibrary.org/obo/UBERON_0000019,camera-type eye,http://purl.obolibrary.org/obo/UBERON_0001647,facial nerve,http://purl.obolibrary.org/obo/UBERON_0001615,transverse facial artery,http://purl.obolibrary.org/obo/UBERON_0001659,transverse facial vein
http://purl.org/tara/ontology/TARA_0287877,TARA:0287877,SI 18,Small Intestine Meridian,http://purl.obolibrary.org/obo/UBERON_0001456,face,http://purl.obolibrary.org/obo/UBERON_0001683,jugal bone,http://purl.obolibrary.org/obo/UBERON_0018408,infra-orbital nerve,http://purl.obolibrary.org/obo/UBERON_0001615,transverse facial artery,http://purl.obolibrary.org/obo/UBERON_0001659,transverse facial vein
http://purl.org/tara/ontology/TARA_0287877,TARA:0287877,SI 18,Small Intestine Meridian,http://purl.obolibrary.org/obo/UBERON_0001456,face,http://purl.obolibrary.org/obo/UBERON_0001683,jugal bone,http://purl.obolibrary.org/obo/UBERON_0001647,facial nerve,http://purl.obolibrary.org/obo/UBERON_0001615,transverse facial artery,http://purl.obolibrary.org/obo/UBERON_0001659,transverse facial vein
http://purl.org/tara/ontology/TARA_0287877,TARA:0287877,SI 18,Small Intestine Meridian,http://purl.obolibrary.org/obo/UBERON_0001456,face,http://purl.obolibrary.org/obo/UBERON_0006726,outer canthus,http://purl.obolibrary.org/obo/UBERON_0018408,infra-orbital nerve,http://purl.obolibrary.org/obo/UBERON_0001615,transverse facial artery,http://purl.obolibrary.org/obo/UBERON_0001659,transverse facial vein
http://purl.org/tara/ontology/TARA_0287877,TARA:0287877,SI 18,Small Intestine Meridian,http://purl.obolibrary.org/obo/UBERON_0001456,face,http://purl.obolibrary.org/obo/UBERON_0006726,outer canthus,http://purl.obolibrary.org/obo/UBERON_0001647,facial nerve,http://purl.obolibrary.org/obo/UBERON_0001615,transverse facial artery,http://purl.obolibrary.org/obo/UBERON_0001659,transverse facial vein
http://purl.org/tara/ontology/TARA_1772472,TARA:1772472,SI 19,Small Intestine Meridian,http://purl.obolibrary.org/obo/UBERON_0001456,face,http://purl.obolibrary.org/obo/UBERON_0004657,mandible condylar process,http://uri.interlex.org/base/ilx_0793723,Auriculotemporal nerve,http://purl.obolibrary.org/obo/UBERON_0001614,superficial temporal artery,http://purl.obolibrary.org/obo/UBERON_0001657,superficial temporal vein
http://purl.org/tara/ontology/TARA_1772472,TARA:1772472,SI 19,Small Intestine Meridian,http://purl.obolibrary.org/obo/UBERON_0001456,face,http://purl.obolibrary.org/obo/UBERON_0004657,mandible condylar process,http://purl.obolibrary.org/obo/UBERON_0001647,facial nerve,http://purl.obolibrary.org/obo/UBERON_0001614,superficial temporal artery,http://purl.obolibrary.org/obo/UBERON_0001657,superficial temporal vein
http://purl.org/tara/ontology/TARA_1772472,TARA:1772472,SI 19,Small Intestine Meridian,http://purl.obolibrary.org/obo/UBERON_0001456,face,http://purl.obolibrary.org/obo/UBERON_0010887,tragus,http://uri.interlex.org/base/ilx_0793723,Auriculotemporal nerve,http://purl.obolibrary.org/obo/UBERON_0001614,superficial temporal artery,http://purl.obolibrary.org/obo/UBERON_0001657,superficial temporal vein
http://purl.org/tara/ontology/TARA_1772472,TARA:1772472,SI 19,Small Intestine Meridian,http://purl.obolibrary.org/obo/UBERON_0001456,face,http://purl.obolibrary.org/obo/UBERON_0010887,tragus,http://purl.obolibrary.org/obo/UBERON_0001647,facial nerve,http://purl.obolibrary.org/obo/UBERON_0001614,superficial temporal artery,http://purl.obolibrary.org/obo/UBERON_0001657,superficial temporal vein
http://purl.org/tara/ontology/TARA_2777371,TARA:2777371,SI 2,Small Intestine Meridian,http://purl.obolibrary.org/obo/UBERON_0003625,manual digit 5,http://purl.obolibrary.org/obo/UBERON_0004300,distal phalanx,http://uri.interlex.org/base/ilx_0797490,Dorsal digital nerve of ulnar nerve,http://purl.obolibrary.org/obo/UBERON_0006146,dorsal digital artery of manus,http://purl.obolibrary.org/obo/UBERON_8600093,ulnar vein
http://purl.org/tara/ontology/TARA_2777371,TARA:2777371,SI 2,Small Intestine Meridian,http://purl.obolibrary.org/obo/UBERON_0003625,manual digit 5,http://purl.obolibrary.org/obo/UBERON_0004300,distal phalanx,http://uri.interlex.org/base/ilx_0797490,Dorsal digital nerve of ulnar nerve,http://purl.obolibrary.org/obo/UBERON_0006146,dorsal digital artery of manus,http://purl.obolibrary.org/obo/UBERON_0004562,digital vein
http://purl.org/tara/ontology/TARA_2777371,TARA:2777371,SI 2,Small Intestine Meridian,http://purl.obolibrary.org/obo/UBERON_0003625,manual digit 5,http://purl.obolibrary.org/obo/UBERON_0004300,distal phalanx,http://uri.interlex.org/base/ilx_0797490,Dorsal digital nerve of ulnar nerve,http://purl.obolibrary.org/obo/UBERON_0001406,ulnar artery,http://purl.obolibrary.org/obo/UBERON_8600093,ulnar vein
http://purl.org/tara/ontology/TARA_2777371,TARA:2777371,SI 2,Small Intestine Meridian,http://purl.obolibrary.org/obo/UBERON_0003625,manual digit 5,http://purl.obolibrary.org/obo/UBERON_0004300,distal phalanx,http://uri.interlex.org/base/ilx_0797490,Dorsal digital nerve of ulnar nerve,http://purl.obolibrary.org/obo/UBERON_0001406,ulnar artery,http://purl.obolibrary.org/obo/UBERON_0004562,digital vein
http://purl.org/tara/ontology/TARA_2777371,TARA:2777371,SI 2,Small Intestine Meridian,http://purl.obolibrary.org/obo/UBERON_0003625,manual digit 5,http://purl.obolibrary.org/obo/UBERON_0004300,distal phalanx,http://uri.interlex.org/base/ilx_0797489,Proper palmar digital nerve,http://purl.obolibrary.org/obo/UBERON_0006146,dorsal digital artery of manus,http://purl.obolibrary.org/obo/UBERON_8600093,ulnar vein
http://purl.org/tara/ontology/TARA_2777371,TARA:2777371,SI 2,Small Intestine Meridian,http://purl.obolibrary.org/obo/UBERON_0003625,manual digit 5,http://purl.obolibrary.org/obo/UBERON_0004300,distal phalanx,http://uri.interlex.org/base/ilx_0797489,Proper palmar digital nerve,http://purl.obolibrary.org/obo/UBERON_0006146,dorsal digital artery of manus,http://purl.obolibrary.org/obo/UBERON_0004562,digital vein
http://purl.org/tara/ontology/TARA_2777371,TARA:2777371,SI 2,Small Intestine Meridian,http://purl.obolibrary.org/obo/UBERON_0003625,manual digit 5,http://purl.obolibrary.org/obo/UBERON_0004300,distal phalanx,http://uri.interlex.org/base/ilx_0797489,Proper palmar digital nerve,http://purl.obolibrary.org/obo/UBERON_0001406,ulnar artery,http://purl.obolibrary.org/obo/UBERON_8600093,ulnar vein
http://purl.org/tara/ontology/TARA_2777371,TARA:2777371,SI 2,Small Intestine Meridian,http://purl.obolibrary.org/obo/UBERON_0003625,manual digit 5,http://purl.obolibrary.org/obo/UBERON_0004300,distal phalanx,http://uri.interlex.org/base/ilx_0797489,Proper palmar digital nerve,http://purl.obolibrary.org/obo/UBERON_0001406,ulnar artery,http://purl.obolibrary.org/obo/UBERON_0004562,digital vein
http://purl.org/tara/ontology/TARA_2777371,TARA:2777371,SI 2,Small Intestine Meridian,http://purl.obolibrary.org/obo/UBERON_0003625,manual digit 5,http://purl.obolibrary.org/obo/UBERON_0011277,nail of manual digit 5,http://uri.interlex.org/base/ilx_0797490,Dorsal digital nerve of ulnar nerve,http://purl.obolibrary.org/obo/UBERON_0006146,dorsal digital artery of manus,http://purl.obolibrary.org/obo/UBERON_8600093,ulnar vein
http://purl.org/tara/ontology/TARA_2777371,TARA:2777371,SI 2,Small Intestine Meridian,http://purl.obolibrary.org/obo/UBERON_0003625,manual digit 5,http://purl.obolibrary.org/obo/UBERON_0011277,nail of manual digit 5,http://uri.interlex.org/base/ilx_0797490,Dorsal digital nerve of ulnar nerve,http://purl.obolibrary.org/obo/UBERON_0006146,dorsal digital artery of manus,http://purl.obolibrary.org/obo/UBERON_0004562,digital vein
http://purl.org/tara/ontology/TARA_2777371,TARA:2777371,SI 2,Small Intestine Meridian,http://purl.obolibrary.org/obo/UBERON_0003625,manual digit 5,http://purl.obolibrary.org/obo/UBERON_0011277,nail of manual digit 5,http://uri.interlex.org/base/ilx_0797490,Dorsal digital nerve of ulnar nerve,http://purl.obolibrary.org/obo/UBERON_0001406,ulnar artery,http://purl.obolibrary.org/obo/UBERON_8600093,ulnar vein
http://purl.org/tara/ontology/TARA_2777371,TARA:2777371,SI 2,Small Intestine Meridian,http://purl.obolibrary.org/obo/UBERON_0003625,manual digit 5,http://purl.obolibrary.org/obo/UBERON_0011277,nail of manual digit 5,http://uri.interlex.org/base/ilx_0797490,Dorsal digital nerve of ulnar nerve,http://purl.obolibrary.org/obo/UBERON_0001406,ulnar artery,http://purl.obolibrary.org/obo/UBERON_0004562,digital vein
http://purl.org/tara/ontology/TARA_2777371,TARA:2777371,SI 2,Small Intestine Meridian,http://purl.obolibrary.org/obo/UBERON_0003625,manual digit 5,http://purl.obolibrary.org/obo/UBERON_0011277,nail of manual digit 5,http://uri.interlex.org/base/ilx_0797489,Proper palmar digital nerve,http://purl.obolibrary.org/obo/UBERON_0006146,dorsal digital artery of manus,http://purl.obolibrary.org/obo/UBERON_8600093,ulnar vein
http://purl.org/tara/ontology/TARA_2777371,TARA:2777371,SI 2,Small Intestine Meridian,http://purl.obolibrary.org/obo/UBERON_0003625,manual digit 5,http://purl.obolibrary.org/obo/UBERON_0011277,nail of manual digit 5,http://uri.interlex.org/base/ilx_0797489,Proper palmar digital nerve,http://purl.obolibrary.org/obo/UBERON_0006146,dorsal digital artery of manus,http://purl.obolibrary.org/obo/UBERON_0004562,digital vein
http://purl.org/tara/ontology/TARA_2777371,TARA:2777371,SI 2,Small Intestine Meridian,http://purl.obolibrary.org/obo/UBERON_0003625,manual digit 5,http://purl.obolibrary.org/obo/UBERON_0011277,nail of manual digit 5,http://uri.interlex.org/base/ilx_0797489,Proper palmar digital nerve,http://purl.obolibrary.org/obo/UBERON_0001406,ulnar artery,http://purl.obolibrary.org/obo/UBERON_8600093,ulnar vein
http://purl.org/tara/ontology/TARA_2777371,TARA:2777371,SI 2,Small Intestine Meridian,http://purl.obolibrary.org/obo/UBERON_0003625,manual digit 5,http://purl.obolibrary.org/obo/UBERON_0011277,nail of manual digit 5,http://uri.interlex.org/base/ilx_0797489,Proper palmar digital nerve,http://purl.obolibrary.org/obo/UBERON_0001406,ulnar artery,http://purl.obolibrary.org/obo/UBERON_0004562,digital vein
http://purl.org/tara/ontology/TARA_0220496,TARA:0220496,SI 3,Small Intestine Meridian,http://purl.obolibrary.org/obo/UBERON_0003625,manual digit 5,http://purl.obolibrary.org/obo/UBERON_0004300,distal phalanx,http://uri.interlex.org/base/ilx_0797491,Dorsal cutaneous branch of the ulnar nerve,http://purl.obolibrary.org/obo/UBERON_0006146,dorsal digital artery of manus,http://purl.obolibrary.org/obo/UBERON_0004562,digital vein
http://purl.org/tara/ontology/TARA_0220496,TARA:0220496,SI 3,Small Intestine Meridian,http://purl.obolibrary.org/obo/UBERON_0003625,manual digit 5,http://purl.obolibrary.org/obo/UBERON_0011277,nail of manual digit 5,http://uri.interlex.org/base/ilx_0797491,Dorsal cutaneous branch of the ulnar nerve,http://purl.obolibrary.org/obo/UBERON_0006146,dorsal digital artery of manus,http://purl.obolibrary.org/obo/UBERON_0004562,digital vein
http://purl.org/tara/ontology/TARA_1172977,TARA:1172977,SI 4,Small Intestine Meridian,http://purl.obolibrary.org/obo/UBERON_0004452,carpal region,http://purl.obolibrary.org/obo/UBERON_0003649,metacarpal bone of digit 5,http://uri.interlex.org/base/ilx_0797491,Dorsal cutaneous branch of the ulnar nerve,http://purl.obolibrary.org/obo/UBERON_0002454,dorsal metacarpal artery,,
http://purl.org/tara/ontology/TARA_1172977,TARA:1172977,SI 4,Small Intestine Meridian,http://purl.obolibrary.org/obo/UBERON_0004452,carpal region,http://purl.obolibrary.org/obo/UBERON_0002445,ulnare,http://uri.interlex.org/base/ilx_0797491,Dorsal cutaneous branch of the ulnar nerve,http://purl.obolibrary.org/obo/UBERON_0002454,dorsal metacarpal artery,,
http://purl.org/tara/ontology/TARA_0669306,TARA:0669306,SI 5,Small Intestine Meridian,http://purl.obolibrary.org/obo/UBERON_0004452,carpal region,http://purl.obolibrary.org/obo/UBERON_0011575,styloid process of ulna,http://uri.interlex.org/base/ilx_0797491,Dorsal cutaneous branch of the ulnar nerve,http://purl.obolibrary.org/obo/UBERON_0002454,dorsal metacarpal artery,,
http://purl.org/tara/ontology/TARA_0669306,TARA:0669306,SI 5,Small Intestine Meridian,http://purl.obolibrary.org/obo/UBERON_0004452,carpal region,http://purl.obolibrary.org/obo/UBERON_0002445,ulnare,http://uri.interlex.org/base/ilx_0797491,Dorsal cutaneous branch of the ulnar nerve,http://purl.obolibrary.org/obo/UBERON_0002454,dorsal metacarpal artery,,
http://purl.org/tara/ontology/TARA_4125415,TARA:4125415,SI 6,Small Intestine Meridian,http://purl.obolibrary.org/obo/UBERON_0002386,forelimb zeugopod,http://uri.interlex.org/base/ilx_0795333,dorsal wrist crease,http://uri.interlex.org/base/ilx_0797477,Posterior antebrachial cutaneous nerve,http://uri.interlex.org/base/ilx_0797510,Posterior interosseous artery,http://uri.interlex.org/base/ilx_0797511,Posterior interosseous vein
http://purl.org/tara/ontology/TARA_4125415,TARA:4125415,SI 6,Small Intestine Meridian,http://purl.obolibrary.org/obo/UBERON_0002386,forelimb zeugopod,http://uri.interlex.org/base/ilx_0795333,dorsal wrist crease,http://uri.interlex.org/base/ilx_0797491,Dorsal cutaneous branch of the ulnar nerve,http://uri.interlex.org/base/ilx_0797510,Posterior interosseous artery,http://uri.interlex.org/base/ilx_0797511,Posterior interosseous vein
http://purl.org/tara/ontology/TARA_4125415,TARA:4125415,SI 6,Small Intestine Meridian,http://purl.obolibrary.org/obo/UBERON_0002386,forelimb zeugopod,http://purl.obolibrary.org/obo/UBERON_0001424,ulna,http://uri.interlex.org/base/ilx_0797477,Posterior antebrachial cutaneous nerve,http://uri.interlex.org/base/ilx_0797510,Posterior interosseous artery,http://uri.interlex.org/base/ilx_0797511,Posterior interosseous vein
http://purl.org/tara/ontology/TARA_4125415,TARA:4125415,SI 6,Small Intestine Meridian,http://purl.obolibrary.org/obo/UBERON_0002386,forelimb zeugopod,http://purl.obolibrary.org/obo/UBERON_0001424,ulna,http://uri.interlex.org/base/ilx_0797491,Dorsal cutaneous branch of the ulnar nerve,http://uri.interlex.org/base/ilx_0797510,Posterior interosseous artery,http://uri.interlex.org/base/ilx_0797511,Posterior interosseous vein
http://purl.org/tara/ontology/TARA_1051162,TARA:1051162,SI 7,Small Intestine Meridian,http://purl.obolibrary.org/obo/UBERON_0002386,forelimb zeugopod,http://uri.interlex.org/base/ilx_0795333,dorsal wrist crease,http://uri.interlex.org/base/ilx_0794967,posterior interosseous nerve,http://uri.interlex.org/base/ilx_0797510,Posterior interosseous artery,http://uri.interlex.org/base/ilx_0797511,Posterior interosseous vein
http://purl.org/tara/ontology/TARA_1051162,TARA:1051162,SI 7,Small Intestine Meridian,http://purl.obolibrary.org/obo/UBERON_0002386,forelimb zeugopod,http://uri.interlex.org/base/ilx_0795333,dorsal wrist crease,http://uri.interlex.org/base/ilx_0794953,medial cutaneous nerve of the forearm,http://uri.interlex.org/base/ilx_0797510,Posterior interosseous artery,http://uri.interlex.org/base/ilx_0797511,Posterior interosseous vein
http://purl.org/tara/ontology/TARA_1051162,TARA:1051162,SI 7,Small Intestine Meridian,http://purl.obolibrary.org/obo/UBERON_0002386,forelimb zeugopod,http://purl.obolibrary.org/obo/UBERON_0001522,flexor carpi ulnaris muscle,http://uri.interlex.org/base/ilx_0794967,posterior interosseous nerve,http://uri.interlex.org/base/ilx_0797510,Posterior interosseous artery,http://uri.interlex.org/base/ilx_0797511,Posterior interosseous vein
http://purl.org/tara/ontology/TARA_1051162,TARA:1051162,SI 7,Small Intestine Meridian,http://purl.obolibrary.org/obo/UBERON_0002386,forelimb zeugopod,http://purl.obolibrary.org/obo/UBERON_0001522,flexor carpi ulnaris muscle,http://uri.interlex.org/base/ilx_0794953,medial cutaneous nerve of the forearm,http://uri.interlex.org/base/ilx_0797510,Posterior interosseous artery,http://uri.interlex.org/base/ilx_0797511,Posterior interosseous vein
http://purl.org/tara/ontology/TARA_1051162,TARA:1051162,SI 7,Small Intestine Meridian,http://purl.obolibrary.org/obo/UBERON_0002386,forelimb zeugopod,http://purl.obolibrary.org/obo/UBERON_0001424,ulna,http://uri.interlex.org/base/ilx_0794967,posterior interosseous nerve,http://uri.interlex.org/base/ilx_0797510,Posterior interosseous artery,http://uri.interlex.org/base/ilx_0797511,Posterior interosseous vein
http://purl.org/tara/ontology/TARA_1051162,TARA:1051162,SI 7,Small Intestine Meridian,http://purl.obolibrary.org/obo/UBERON_0002386,forelimb zeugopod,http://purl.obolibrary.org/obo/UBERON_0001424,ulna,http://uri.interlex.org/base/ilx_0794953,medial cutaneous nerve of the forearm,http://uri.interlex.org/base/ilx_0797510,Posterior interosseous artery,http://uri.interlex.org/base/ilx_0797511,Posterior interosseous vein
http://purl.org/tara/ontology/TARA_5859631,TARA:5859631,SI 8,Small Intestine Meridian,http://purl.obolibrary.org/obo/UBERON_0001461,elbow,http://purl.obolibrary.org/obo/UBERON_0006806,entepicondyle of humerus,http://purl.obolibrary.org/obo/UBERON_0001494,ulnar nerve,http://uri.interlex.org/base/ilx_0797509,Inferior ulnar collateral artery,http://uri.interlex.org/base/ilx_0797513,Inferior ulnar collateral vein
http://purl.org/tara/ontology/TARA_5859631,TARA:5859631,SI 8,Small Intestine Meridian,http://purl.obolibrary.org/obo/UBERON_0001461,elbow,http://purl.obolibrary.org/obo/UBERON_0006806,entepicondyle of humerus,http://purl.obolibrary.org/obo/UBERON_0001494,ulnar nerve,http://uri.interlex.org/base/ilx_0797509,Inferior ulnar collateral artery,http://uri.interlex.org/base/ilx_0797512,Superior ulnar collateral vein
http://purl.org/tara/ontology/TARA_5859631,TARA:5859631,SI 8,Small Intestine Meridian,http://purl.obolibrary.org/obo/UBERON_0001461,elbow,http://purl.obolibrary.org/obo/UBERON_0006806,entepicondyle of humerus,http://purl.obolibrary.org/obo/UBERON_0001494,ulnar nerve,http://uri.interlex.org/base/ilx_0797509,Inferior ulnar collateral artery,http://uri.interlex.org/base/ilx_0797508,Ulnar recurrent vein
http://purl.org/tara/ontology/TARA_5859631,TARA:5859631,SI 8,Small Intestine Meridian,http://purl.obolibrary.org/obo/UBERON_0001461,elbow,http://purl.obolibrary.org/obo/UBERON_0006806,entepicondyle of humerus,http://purl.obolibrary.org/obo/UBERON_0001494,ulnar nerve,http://uri.interlex.org/base/ilx_0797507,Ulnar recurrent artery,http://uri.interlex.org/base/ilx_0797513,Inferior ulnar collateral vein
http://purl.org/tara/ontology/TARA_5859631,TARA:5859631,SI 8,Small Intestine Meridian,http://purl.obolibrary.org/obo/UBERON_0001461,elbow,http://purl.obolibrary.org/obo/UBERON_0006806,entepicondyle of humerus,http://purl.obolibrary.org/obo/UBERON_0001494,ulnar nerve,http://uri.interlex.org/base/ilx_0797507,Ulnar recurrent artery,http://uri.interlex.org/base/ilx_0797512,Superior ulnar collateral vein
http://purl.org/tara/ontology/TARA_5859631,TARA:5859631,SI 8,Small Intestine Meridian,http://purl.obolibrary.org/obo/UBERON_0001461,elbow,http://purl.obolibrary.org/obo/UBERON_0006806,entepicondyle of humerus,http://purl.obolibrary.org/obo/UBERON_0001494,ulnar nerve,http://uri.interlex.org/base/ilx_0797507,Ulnar recurrent artery,http://uri.interlex.org/base/ilx_0797508,Ulnar recurrent vein
http://purl.org/tara/ontology/TARA_5859631,TARA:5859631,SI 8,Small Intestine Meridian,http://purl.obolibrary.org/obo/UBERON_0001461,elbow,http://purl.obolibrary.org/obo/UBERON_0006806,entepicondyle of humerus,http://purl.obolibrary.org/obo/UBERON_0001494,ulnar nerve,http://uri.interlex.org/base/ilx_0797506,Superior ulnar collateral artery,http://uri.interlex.org/base/ilx_0797513,Inferior ulnar collateral vein
http://purl.org/tara/ontology/TARA_5859631,TARA:5859631,SI 8,Small Intestine Meridian,http://purl.obolibrary.org/obo/UBERON_0001461,elbow,http://purl.obolibrary.org/obo/UBERON_0006806,entepicondyle of humerus,http://purl.obolibrary.org/obo/UBERON_0001494,ulnar nerve,http://uri.interlex.org/base/ilx_0797506,Superior ulnar collateral artery,http://uri.interlex.org/base/ilx_0797512,Superior ulnar collateral vein
http://purl.org/tara/ontology/TARA_5859631,TARA:5859631,SI 8,Small Intestine Meridian,http://purl.obolibrary.org/obo/UBERON_0001461,elbow,http://purl.obolibrary.org/obo/UBERON_0006806,entepicondyle of humerus,http://purl.obolibrary.org/obo/UBERON_0001494,ulnar nerve,http://uri.interlex.org/base/ilx_0797506,Superior ulnar collateral artery,http://uri.interlex.org/base/ilx_0797508,Ulnar recurrent vein
http://purl.org/tara/ontology/TARA_5859631,TARA:5859631,SI 8,Small Intestine Meridian,http://purl.obolibrary.org/obo/UBERON_0001461,elbow,http://purl.obolibrary.org/obo/UBERON_0006806,entepicondyle of humerus,http://uri.interlex.org/base/ilx_0794953,medial cutaneous nerve of the forearm,http://uri.interlex.org/base/ilx_0797509,Inferior ulnar collateral artery,http://uri.interlex.org/base/ilx_0797513,Inferior ulnar collateral vein
http://purl.org/tara/ontology/TARA_5859631,TARA:5859631,SI 8,Small Intestine Meridian,http://purl.obolibrary.org/obo/UBERON_0001461,elbow,http://purl.obolibrary.org/obo/UBERON_0006806,entepicondyle of humerus,http://uri.interlex.org/base/ilx_0794953,medial cutaneous nerve of the forearm,http://uri.interlex.org/base/ilx_0797509,Inferior ulnar collateral artery,http://uri.interlex.org/base/ilx_0797512,Superior ulnar collateral vein
http://purl.org/tara/ontology/TARA_5859631,TARA:5859631,SI 8,Small Intestine Meridian,http://purl.obolibrary.org/obo/UBERON_0001461,elbow,http://purl.obolibrary.org/obo/UBERON_0006806,entepicondyle of humerus,http://uri.interlex.org/base/ilx_0794953,medial cutaneous nerve of the forearm,http://uri.interlex.org/base/ilx_0797509,Inferior ulnar collateral artery,http://uri.interlex.org/base/ilx_0797508,Ulnar recurrent vein
http://purl.org/tara/ontology/TARA_5859631,TARA:5859631,SI 8,Small Intestine Meridian,http://purl.obolibrary.org/obo/UBERON_0001461,elbow,http://purl.obolibrary.org/obo/UBERON_0006806,entepicondyle of humerus,http://uri.interlex.org/base/ilx_0794953,medial cutaneous nerve of the forearm,http://uri.interlex.org/base/ilx_0797507,Ulnar recurrent artery,http://uri.interlex.org/base/ilx_0797513,Inferior ulnar collateral vein
http://purl.org/tara/ontology/TARA_5859631,TARA:5859631,SI 8,Small Intestine Meridian,http://purl.obolibrary.org/obo/UBERON_0001461,elbow,http://purl.obolibrary.org/obo/UBERON_0006806,entepicondyle of humerus,http://uri.interlex.org/base/ilx_0794953,medial cutaneous nerve of the forearm,http://uri.interlex.org/base/ilx_0797507,Ulnar recurrent artery,http://uri.interlex.org/base/ilx_0797512,Superior ulnar collateral vein
http://purl.org/tara/ontology/TARA_5859631,TARA:5859631,SI 8,Small Intestine Meridian,http://purl.obolibrary.org/obo/UBERON_0001461,elbow,http://purl.obolibrary.org/obo/UBERON_0006806,entepicondyle of humerus,http://uri.interlex.org/base/ilx_0794953,medial cutaneous nerve of the forearm,http://uri.interlex.org/base/ilx_0797507,Ulnar recurrent artery,http://uri.interlex.org/base/ilx_0797508,Ulnar recurrent vein
http://purl.org/tara/ontology/TARA_5859631,TARA:5859631,SI 8,Small Intestine Meridian,http://purl.obolibrary.org/obo/UBERON_0001461,elbow,http://purl.obolibrary.org/obo/UBERON_0006806,entepicondyle of humerus,http://uri.interlex.org/base/ilx_0794953,medial cutaneous nerve of the forearm,http://uri.interlex.org/base/ilx_0797506,Superior ulnar collateral artery,http://uri.interlex.org/base/ilx_0797513,Inferior ulnar collateral vein
http://purl.org/tara/ontology/TARA_5859631,TARA:5859631,SI 8,Small Intestine Meridian,http://purl.obolibrary.org/obo/UBERON_0001461,elbow,http://purl.obolibrary.org/obo/UBERON_0006806,entepicondyle of humerus,http://uri.interlex.org/base/ilx_0794953,medial cutaneous nerve of the forearm,http://uri.interlex.org/base/ilx_0797506,Superior ulnar collateral artery,http://uri.interlex.org/base/ilx_0797512,Superior ulnar collateral vein
http://purl.org/tara/ontology/TARA_5859631,TARA:5859631,SI 8,Small Intestine Meridian,http://purl.obolibrary.org/obo/UBERON_0001461,elbow,http://purl.obolibrary.org/obo/UBERON_0006806,entepicondyle of humerus,http://uri.interlex.org/base/ilx_0794953,medial cutaneous nerve of the forearm,http://uri.interlex.org/base/ilx_0797506,Superior ulnar collateral artery,http://uri.interlex.org/base/ilx_0797508,Ulnar recurrent vein
http://purl.org/tara/ontology/TARA_5859631,TARA:5859631,SI 8,Small Intestine Meridian,http://purl.obolibrary.org/obo/UBERON_0001461,elbow,http://purl.obolibrary.org/obo/UBERON_0000976,humerus,http://purl.obolibrary.org/obo/UBERON_0001494,ulnar nerve,http://uri.interlex.org/base/ilx_0797509,Inferior ulnar collateral artery,http://uri.interlex.org/base/ilx_0797513,Inferior ulnar collateral vein
http://purl.org/tara/ontology/TARA_5859631,TARA:5859631,SI 8,Small Intestine Meridian,http://purl.obolibrary.org/obo/UBERON_0001461,elbow,http://purl.obolibrary.org/obo/UBERON_0000976,humerus,http://purl.obolibrary.org/obo/UBERON_0001494,ulnar nerve,http://uri.interlex.org/base/ilx_0797509,Inferior ulnar collateral artery,http://uri.interlex.org/base/ilx_0797512,Superior ulnar collateral vein
http://purl.org/tara/ontology/TARA_5859631,TARA:5859631,SI 8,Small Intestine Meridian,http://purl.obolibrary.org/obo/UBERON_0001461,elbow,http://purl.obolibrary.org/obo/UBERON_0000976,humerus,http://purl.obolibrary.org/obo/UBERON_0001494,ulnar nerve,http://uri.interlex.org/base/ilx_0797509,Inferior ulnar collateral artery,http://uri.interlex.org/base/ilx_0797508,Ulnar recurrent vein
http://purl.org/tara/ontology/TARA_5859631,TARA:5859631,SI 8,Small Intestine Meridian,http://purl.obolibrary.org/obo/UBERON_0001461,elbow,http://purl.obolibrary.org/obo/UBERON_0000976,humerus,http://purl.obolibrary.org/obo/UBERON_0001494,ulnar nerve,http://uri.interlex.org/base/ilx_0797507,Ulnar recurrent artery,http://uri.interlex.org/base/ilx_0797513,Inferior ulnar collateral vein
http://purl.org/tara/ontology/TARA_5859631,TARA:5859631,SI 8,Small Intestine Meridian,http://purl.obolibrary.org/obo/UBERON_0001461,elbow,http://purl.obolibrary.org/obo/UBERON_0000976,humerus,http://purl.obolibrary.org/obo/UBERON_0001494,ulnar nerve,http://uri.interlex.org/base/ilx_0797507,Ulnar recurrent artery,http://uri.interlex.org/base/ilx_0797512,Superior ulnar collateral vein
http://purl.org/tara/ontology/TARA_5859631,TARA:5859631,SI 8,Small Intestine Meridian,http://purl.obolibrary.org/obo/UBERON_0001461,elbow,http://purl.obolibrary.org/obo/UBERON_0000976,humerus,http://purl.obolibrary.org/obo/UBERON_0001494,ulnar nerve,http://uri.interlex.org/base/ilx_0797507,Ulnar recurrent artery,http://uri.interlex.org/base/ilx_0797508,Ulnar recurrent vein
http://purl.org/tara/ontology/TARA_5859631,TARA:5859631,SI 8,Small Intestine Meridian,http://purl.obolibrary.org/obo/UBERON_0001461,elbow,http://purl.obolibrary.org/obo/UBERON_0000976,humerus,http://purl.obolibrary.org/obo/UBERON_0001494,ulnar nerve,http://uri.interlex.org/base/ilx_0797506,Superior ulnar collateral artery,http://uri.interlex.org/base/ilx_0797513,Inferior ulnar collateral vein
http://purl.org/tara/ontology/TARA_5859631,TARA:5859631,SI 8,Small Intestine Meridian,http://purl.obolibrary.org/obo/UBERON_0001461,elbow,http://purl.obolibrary.org/obo/UBERON_0000976,humerus,http://purl.obolibrary.org/obo/UBERON_0001494,ulnar nerve,http://uri.interlex.org/base/ilx_0797506,Superior ulnar collateral artery,http://uri.interlex.org/base/ilx_0797512,Superior ulnar collateral vein
http://purl.org/tara/ontology/TARA_5859631,TARA:5859631,SI 8,Small Intestine Meridian,http://purl.obolibrary.org/obo/UBERON_0001461,elbow,http://purl.obolibrary.org/obo/UBERON_0000976,humerus,http://purl.obolibrary.org/obo/UBERON_0001494,ulnar nerve,http://uri.interlex.org/base/ilx_0797506,Superior ulnar collateral artery,http://uri.interlex.org/base/ilx_0797508,Ulnar recurrent vein
http://purl.org/tara/ontology/TARA_5859631,TARA:5859631,SI 8,Small Intestine Meridian,http://purl.obolibrary.org/obo/UBERON_0001461,elbow,http://purl.obolibrary.org/obo/UBERON_0000976,humerus,http://uri.interlex.org/base/ilx_0794953,medial cutaneous nerve of the forearm,http://uri.interlex.org/base/ilx_0797509,Inferior ulnar collateral artery,http://uri.interlex.org/base/ilx_0797513,Inferior ulnar collateral vein
http://purl.org/tara/ontology/TARA_5859631,TARA:5859631,SI 8,Small Intestine Meridian,http://purl.obolibrary.org/obo/UBERON_0001461,elbow,http://purl.obolibrary.org/obo/UBERON_0000976,humerus,http://uri.interlex.org/base/ilx_0794953,medial cutaneous nerve of the forearm,http://uri.interlex.org/base/ilx_0797509,Inferior ulnar collateral artery,http://uri.interlex.org/base/ilx_0797512,Superior ulnar collateral vein
http://purl.org/tara/ontology/TARA_5859631,TARA:5859631,SI 8,Small Intestine Meridian,http://purl.obolibrary.org/obo/UBERON_0001461,elbow,http://purl.obolibrary.org/obo/UBERON_0000976,humerus,http://uri.interlex.org/base/ilx_0794953,medial cutaneous nerve of the forearm,http://uri.interlex.org/base/ilx_0797509,Inferior ulnar collateral artery,http://uri.interlex.org/base/ilx_0797508,Ulnar recurrent vein
http://purl.org/tara/ontology/TARA_5859631,TARA:5859631,SI 8,Small Intestine Meridian,http://purl.obolibrary.org/obo/UBERON_0001461,elbow,http://purl.obolibrary.org/obo/UBERON_0000976,humerus,http://uri.interlex.org/base/ilx_0794953,medial cutaneous nerve of the forearm,http://uri.interlex.org/base/ilx_0797507,Ulnar recurrent artery,http://uri.interlex.org/base/ilx_0797513,Inferior ulnar collateral vein
http://purl.org/tara/ontology/TARA_5859631,TARA:5859631,SI 8,Small Intestine Meridian,http://purl.obolibrary.org/obo/UBERON_0001461,elbow,http://purl.obolibrary.org/obo/UBERON_0000976,humerus,http://uri.interlex.org/base/ilx_0794953,medial cutaneous nerve of the forearm,http://uri.interlex.org/base/ilx_0797507,Ulnar recurrent artery,http://uri.interlex.org/base/ilx_0797512,Superior ulnar collateral vein
http://purl.org/tara/ontology/TARA_5859631,TARA:5859631,SI 8,Small Intestine Meridian,http://purl.obolibrary.org/obo/UBERON_0001461,elbow,http://purl.obolibrary.org/obo/UBERON_0000976,humerus,http://uri.interlex.org/base/ilx_0794953,medial cutaneous nerve of the forearm,http://uri.interlex.org/base/ilx_0797507,Ulnar recurrent artery,http://uri.interlex.org/base/ilx_0797508,Ulnar recurrent vein
http://purl.org/tara/ontology/TARA_5859631,TARA:5859631,SI 8,Small Intestine Meridian,http://purl.obolibrary.org/obo/UBERON_0001461,elbow,http://purl.obolibrary.org/obo/UBERON_0000976,humerus,http://uri.interlex.org/base/ilx_0794953,medial cutaneous nerve of the forearm,http://uri.interlex.org/base/ilx_0797506,Superior ulnar collateral artery,http://uri.interlex.org/base/ilx_0797513,Inferior ulnar collateral vein
http://purl.org/tara/ontology/TARA_5859631,TARA:5859631,SI 8,Small Intestine Meridian,http://purl.obolibrary.org/obo/UBERON_0001461,elbow,http://purl.obolibrary.org/obo/UBERON_0000976,humerus,http://uri.interlex.org/base/ilx_0794953,medial cutaneous nerve of the forearm,http://uri.interlex.org/base/ilx_0797506,Superior ulnar collateral artery,http://uri.interlex.org/base/ilx_0797512,Superior ulnar collateral vein
http://purl.org/tara/ontology/TARA_5859631,TARA:5859631,SI 8,Small Intestine Meridian,http://purl.obolibrary.org/obo/UBERON_0001461,elbow,http://purl.obolibrary.org/obo/UBERON_0000976,humerus,http://uri.interlex.org/base/ilx_0794953,medial cutaneous nerve of the forearm,http://uri.interlex.org/base/ilx_0797506,Superior ulnar collateral artery,http://uri.interlex.org/base/ilx_0797508,Ulnar recurrent vein
http://purl.org/tara/ontology/TARA_5859631,TARA:5859631,SI 8,Small Intestine Meridian,http://purl.obolibrary.org/obo/UBERON_0001461,elbow,http://purl.obolibrary.org/obo/UBERON_0006810,olecranon,http://purl.obolibrary.org/obo/UBERON_0001494,ulnar nerve,http://uri.interlex.org/base/ilx_0797509,Inferior ulnar collateral artery,http://uri.interlex.org/base/ilx_0797513,Inferior ulnar collateral vein
http://purl.org/tara/ontology/TARA_5859631,TARA:5859631,SI 8,Small Intestine Meridian,http://purl.obolibrary.org/obo/UBERON_0001461,elbow,http://purl.obolibrary.org/obo/UBERON_0006810,olecranon,http://purl.obolibrary.org/obo/UBERON_0001494,ulnar nerve,http://uri.interlex.org/base/ilx_0797509,Inferior ulnar collateral artery,http://uri.interlex.org/base/ilx_0797512,Superior ulnar collateral vein
http://purl.org/tara/ontology/TARA_5859631,TARA:5859631,SI 8,Small Intestine Meridian,http://purl.obolibrary.org/obo/UBERON_0001461,elbow,http://purl.obolibrary.org/obo/UBERON_0006810,olecranon,http://purl.obolibrary.org/obo/UBERON_0001494,ulnar nerve,http://uri.interlex.org/base/ilx_0797509,Inferior ulnar collateral artery,http://uri.interlex.org/base/ilx_0797508,Ulnar recurrent vein
http://purl.org/tara/ontology/TARA_5859631,TARA:5859631,SI 8,Small Intestine Meridian,http://purl.obolibrary.org/obo/UBERON_0001461,elbow,http://purl.obolibrary.org/obo/UBERON_0006810,olecranon,http://purl.obolibrary.org/obo/UBERON_0001494,ulnar nerve,http://uri.interlex.org/base/ilx_0797507,Ulnar recurrent artery,http://uri.interlex.org/base/ilx_0797513,Inferior ulnar collateral vein
http://purl.org/tara/ontology/TARA_5859631,TARA:5859631,SI 8,Small Intestine Meridian,http://purl.obolibrary.org/obo/UBERON_0001461,elbow,http://purl.obolibrary.org/obo/UBERON_0006810,olecranon,http://purl.obolibrary.org/obo/UBERON_0001494,ulnar nerve,http://uri.interlex.org/base/ilx_0797507,Ulnar recurrent artery,http://uri.interlex.org/base/ilx_0797512,Superior ulnar collateral vein
http://purl.org/tara/ontology/TARA_5859631,TARA:5859631,SI 8,Small Intestine Meridian,http://purl.obolibrary.org/obo/UBERON_0001461,elbow,http://purl.obolibrary.org/obo/UBERON_0006810,olecranon,http://purl.obolibrary.org/obo/UBERON_0001494,ulnar nerve,http://uri.interlex.org/base/ilx_0797507,Ulnar recurrent artery,http://uri.interlex.org/base/ilx_0797508,Ulnar recurrent vein
http://purl.org/tara/ontology/TARA_5859631,TARA:5859631,SI 8,Small Intestine Meridian,http://purl.obolibrary.org/obo/UBERON_0001461,elbow,http://purl.obolibrary.org/obo/UBERON_0006810,olecranon,http://purl.obolibrary.org/obo/UBERON_0001494,ulnar nerve,http://uri.interlex.org/base/ilx_0797506,Superior ulnar collateral artery,http://uri.interlex.org/base/ilx_0797513,Inferior ulnar collateral vein
http://purl.org/tara/ontology/TARA_5859631,TARA:5859631,SI 8,Small Intestine Meridian,http://purl.obolibrary.org/obo/UBERON_0001461,elbow,http://purl.obolibrary.org/obo/UBERON_0006810,olecranon,http://purl.obolibrary.org/obo/UBERON_0001494,ulnar nerve,http://uri.interlex.org/base/ilx_0797506,Superior ulnar collateral artery,http://uri.interlex.org/base/ilx_0797512,Superior ulnar collateral vein
http://purl.org/tara/ontology/TARA_5859631,TARA:5859631,SI 8,Small Intestine Meridian,http://purl.obolibrary.org/obo/UBERON_0001461,elbow,http://purl.obolibrary.org/obo/UBERON_0006810,olecranon,http://purl.obolibrary.org/obo/UBERON_0001494,ulnar nerve,http://uri.interlex.org/base/ilx_0797506,Superior ulnar collateral artery,http://uri.interlex.org/base/ilx_0797508,Ulnar recurrent vein
http://purl.org/tara/ontology/TARA_5859631,TARA:5859631,SI 8,Small Intestine Meridian,http://purl.obolibrary.org/obo/UBERON_0001461,elbow,http://purl.obolibrary.org/obo/UBERON_0006810,olecranon,http://uri.interlex.org/base/ilx_0794953,medial cutaneous nerve of the forearm,http://uri.interlex.org/base/ilx_0797509,Inferior ulnar collateral artery,http://uri.interlex.org/base/ilx_0797513,Inferior ulnar collateral vein
http://purl.org/tara/ontology/TARA_5859631,TARA:5859631,SI 8,Small Intestine Meridian,http://purl.obolibrary.org/obo/UBERON_0001461,elbow,http://purl.obolibrary.org/obo/UBERON_0006810,olecranon,http://uri.interlex.org/base/ilx_0794953,medial cutaneous nerve of the forearm,http://uri.interlex.org/base/ilx_0797509,Inferior ulnar collateral artery,http://uri.interlex.org/base/ilx_0797512,Superior ulnar collateral vein
http://purl.org/tara/ontology/TARA_5859631,TARA:5859631,SI 8,Small Intestine Meridian,http://purl.obolibrary.org/obo/UBERON_0001461,elbow,http://purl.obolibrary.org/obo/UBERON_0006810,olecranon,http://uri.interlex.org/base/ilx_0794953,medial cutaneous nerve of the forearm,http://uri.interlex.org/base/ilx_0797509,Inferior ulnar collateral artery,http://uri.interlex.org/base/ilx_0797508,Ulnar recurrent vein
http://purl.org/tara/ontology/TARA_5859631,TARA:5859631,SI 8,Small Intestine Meridian,http://purl.obolibrary.org/obo/UBERON_0001461,elbow,http://purl.obolibrary.org/obo/UBERON_0006810,olecranon,http://uri.interlex.org/base/ilx_0794953,medial cutaneous nerve of the forearm,http://uri.interlex.org/base/ilx_0797507,Ulnar recurrent artery,http://uri.interlex.org/base/ilx_0797513,Inferior ulnar collateral vein
http://purl.org/tara/ontology/TARA_5859631,TARA:5859631,SI 8,Small Intestine Meridian,http://purl.obolibrary.org/obo/UBERON_0001461,elbow,http://purl.obolibrary.org/obo/UBERON_0006810,olecranon,http://uri.interlex.org/base/ilx_0794953,medial cutaneous nerve of the forearm,http://uri.interlex.org/base/ilx_0797507,Ulnar recurrent artery,http://uri.interlex.org/base/ilx_0797512,Superior ulnar collateral vein
http://purl.org/tara/ontology/TARA_5859631,TARA:5859631,SI 8,Small Intestine Meridian,http://purl.obolibrary.org/obo/UBERON_0001461,elbow,http://purl.obolibrary.org/obo/UBERON_0006810,olecranon,http://uri.interlex.org/base/ilx_0794953,medial cutaneous nerve of the forearm,http://uri.interlex.org/base/ilx_0797507,Ulnar recurrent artery,http://uri.interlex.org/base/ilx_0797508,Ulnar recurrent vein
http://purl.org/tara/ontology/TARA_5859631,TARA:5859631,SI 8,Small Intestine Meridian,http://purl.obolibrary.org/obo/UBERON_0001461,elbow,http://purl.obolibrary.org/obo/UBERON_0006810,olecranon,http://uri.interlex.org/base/ilx_0794953,medial cutaneous nerve of the forearm,http://uri.interlex.org/base/ilx_0797506,Superior ulnar collateral artery,http://uri.interlex.org/base/ilx_0797513,Inferior ulnar collateral vein
http://purl.org/tara/ontology/TARA_5859631,TARA:5859631,SI 8,Small Intestine Meridian,http://purl.obolibrary.org/obo/UBERON_0001461,elbow,http://purl.obolibrary.org/obo/UBERON_0006810,olecranon,http://uri.interlex.org/base/ilx_0794953,medial cutaneous nerve of the forearm,http://uri.interlex.org/base/ilx_0797506,Superior ulnar collateral artery,http://uri.interlex.org/base/ilx_0797512,Superior ulnar collateral vein
http://purl.org/tara/ontology/TARA_5859631,TARA:5859631,SI 8,Small Intestine Meridian,http://purl.obolibrary.org/obo/UBERON_0001461,elbow,http://purl.obolibrary.org/obo/UBERON_0006810,olecranon,http://uri.interlex.org/base/ilx_0794953,medial cutaneous nerve of the forearm,http://uri.interlex.org/base/ilx_0797506,Superior ulnar collateral artery,http://uri.interlex.org/base/ilx_0797508,Ulnar recurrent vein
http://purl.org/tara/ontology/TARA_5859631,TARA:5859631,SI 8,Small Intestine Meridian,http://purl.obolibrary.org/obo/UBERON_0001461,elbow,http://purl.obolibrary.org/obo/UBERON_0001494,ulnar nerve,http://purl.obolibrary.org/obo/UBERON_0001494,ulnar nerve,http://uri.interlex.org/base/ilx_0797509,Inferior ulnar collateral artery,http://uri.interlex.org/base/ilx_0797513,Inferior ulnar collateral vein
http://purl.org/tara/ontology/TARA_5859631,TARA:5859631,SI 8,Small Intestine Meridian,http://purl.obolibrary.org/obo/UBERON_0001461,elbow,http://purl.obolibrary.org/obo/UBERON_0001494,ulnar nerve,http://purl.obolibrary.org/obo/UBERON_0001494,ulnar nerve,http://uri.interlex.org/base/ilx_0797509,Inferior ulnar collateral artery,http://uri.interlex.org/base/ilx_0797512,Superior ulnar collateral vein
http://purl.org/tara/ontology/TARA_5859631,TARA:5859631,SI 8,Small Intestine Meridian,http://purl.obolibrary.org/obo/UBERON_0001461,elbow,http://purl.obolibrary.org/obo/UBERON_0001494,ulnar nerve,http://purl.obolibrary.org/obo/UBERON_0001494,ulnar nerve,http://uri.interlex.org/base/ilx_0797509,Inferior ulnar collateral artery,http://uri.interlex.org/base/ilx_0797508,Ulnar recurrent vein
http://purl.org/tara/ontology/TARA_5859631,TARA:5859631,SI 8,Small Intestine Meridian,http://purl.obolibrary.org/obo/UBERON_0001461,elbow,http://purl.obolibrary.org/obo/UBERON_0001494,ulnar nerve,http://purl.obolibrary.org/obo/UBERON_0001494,ulnar nerve,http://uri.interlex.org/base/ilx_0797507,Ulnar recurrent artery,http://uri.interlex.org/base/ilx_0797513,Inferior ulnar collateral vein
http://purl.org/tara/ontology/TARA_5859631,TARA:5859631,SI 8,Small Intestine Meridian,http://purl.obolibrary.org/obo/UBERON_0001461,elbow,http://purl.obolibrary.org/obo/UBERON_0001494,ulnar nerve,http://purl.obolibrary.org/obo/UBERON_0001494,ulnar nerve,http://uri.interlex.org/base/ilx_0797507,Ulnar recurrent artery,http://uri.interlex.org/base/ilx_0797512,Superior ulnar collateral vein
http://purl.org/tara/ontology/TARA_5859631,TARA:5859631,SI 8,Small Intestine Meridian,http://purl.obolibrary.org/obo/UBERON_0001461,elbow,http://purl.obolibrary.org/obo/UBERON_0001494,ulnar nerve,http://purl.obolibrary.org/obo/UBERON_0001494,ulnar nerve,http://uri.interlex.org/base/ilx_0797507,Ulnar recurrent artery,http://uri.interlex.org/base/ilx_0797508,Ulnar recurrent vein
http://purl.org/tara/ontology/TARA_5859631,TARA:5859631,SI 8,Small Intestine Meridian,http://purl.obolibrary.org/obo/UBERON_0001461,elbow,http://purl.obolibrary.org/obo/UBERON_0001494,ulnar nerve,http://purl.obolibrary.org/obo/UBERON_0001494,ulnar nerve,http://uri.interlex.org/base/ilx_0797506,Superior ulnar collateral artery,http://uri.interlex.org/base/ilx_0797513,Inferior ulnar collateral vein
http://purl.org/tara/ontology/TARA_5859631,TARA:5859631,SI 8,Small Intestine Meridian,http://purl.obolibrary.org/obo/UBERON_0001461,elbow,http://purl.obolibrary.org/obo/UBERON_0001494,ulnar nerve,http://purl.obolibrary.org/obo/UBERON_0001494,ulnar nerve,http://uri.interlex.org/base/ilx_0797506,Superior ulnar collateral artery,http://uri.interlex.org/base/ilx_0797512,Superior ulnar collateral vein
http://purl.org/tara/ontology/TARA_5859631,TARA:5859631,SI 8,Small Intestine Meridian,http://purl.obolibrary.org/obo/UBERON_0001461,elbow,http://purl.obolibrary.org/obo/UBERON_0001494,ulnar nerve,http://purl.obolibrary.org/obo/UBERON_0001494,ulnar nerve,http://uri.interlex.org/base/ilx_0797506,Superior ulnar collateral artery,http://uri.interlex.org/base/ilx_0797508,Ulnar recurrent vein
http://purl.org/tara/ontology/TARA_5859631,TARA:5859631,SI 8,Small Intestine Meridian,http://purl.obolibrary.org/obo/UBERON_0001461,elbow,http://purl.obolibrary.org/obo/UBERON_0001494,ulnar nerve,http://uri.interlex.org/base/ilx_0794953,medial cutaneous nerve of the forearm,http://uri.interlex.org/base/ilx_0797509,Inferior ulnar collateral artery,http://uri.interlex.org/base/ilx_0797513,Inferior ulnar collateral vein
http://purl.org/tara/ontology/TARA_5859631,TARA:5859631,SI 8,Small Intestine Meridian,http://purl.obolibrary.org/obo/UBERON_0001461,elbow,http://purl.obolibrary.org/obo/UBERON_0001494,ulnar nerve,http://uri.interlex.org/base/ilx_0794953,medial cutaneous nerve of the forearm,http://uri.interlex.org/base/ilx_0797509,Inferior ulnar collateral artery,http://uri.interlex.org/base/ilx_0797512,Superior ulnar collateral vein
http://purl.org/tara/ontology/TARA_5859631,TARA:5859631,SI 8,Small Intestine Meridian,http://purl.obolibrary.org/obo/UBERON_0001461,elbow,http://purl.obolibrary.org/obo/UBERON_0001494,ulnar nerve,http://uri.interlex.org/base/ilx_0794953,medial cutaneous nerve of the forearm,http://uri.interlex.org/base/ilx_0797509,Inferior ulnar collateral artery,http://uri.interlex.org/base/ilx_0797508,Ulnar recurrent vein
http://purl.org/tara/ontology/TARA_5859631,TARA:5859631,SI 8,Small Intestine Meridian,http://purl.obolibrary.org/obo/UBERON_0001461,elbow,http://purl.obolibrary.org/obo/UBERON_0001494,ulnar nerve,http://uri.interlex.org/base/ilx_0794953,medial cutaneous nerve of the forearm,http://uri.interlex.org/base/ilx_0797507,Ulnar recurrent artery,http://uri.interlex.org/base/ilx_0797513,Inferior ulnar collateral vein
http://purl.org/tara/ontology/TARA_5859631,TARA:5859631,SI 8,Small Intestine Meridian,http://purl.obolibrary.org/obo/UBERON_0001461,elbow,http://purl.obolibrary.org/obo/UBERON_0001494,ulnar nerve,http://uri.interlex.org/base/ilx_0794953,medial cutaneous nerve of the forearm,http://uri.interlex.org/base/ilx_0797507,Ulnar recurrent artery,http://uri.interlex.org/base/ilx_0797512,Superior ulnar collateral vein
http://purl.org/tara/ontology/TARA_5859631,TARA:5859631,SI 8,Small Intestine Meridian,http://purl.obolibrary.org/obo/UBERON_0001461,elbow,http://purl.obolibrary.org/obo/UBERON_0001494,ulnar nerve,http://uri.interlex.org/base/ilx_0794953,medial cutaneous nerve of the forearm,http://uri.interlex.org/base/ilx_0797507,Ulnar recurrent artery,http://uri.interlex.org/base/ilx_0797508,Ulnar recurrent vein
http://purl.org/tara/ontology/TARA_5859631,TARA:5859631,SI 8,Small Intestine Meridian,http://purl.obolibrary.org/obo/UBERON_0001461,elbow,http://purl.obolibrary.org/obo/UBERON_0001494,ulnar nerve,http://uri.interlex.org/base/ilx_0794953,medial cutaneous nerve of the forearm,http://uri.interlex.org/base/ilx_0797506,Superior ulnar collateral artery,http://uri.interlex.org/base/ilx_0797513,Inferior ulnar collateral vein
http://purl.org/tara/ontology/TARA_5859631,TARA:5859631,SI 8,Small Intestine Meridian,http://purl.obolibrary.org/obo/UBERON_0001461,elbow,http://purl.obolibrary.org/obo/UBERON_0001494,ulnar nerve,http://uri.interlex.org/base/ilx_0794953,medial cutaneous nerve of the forearm,http://uri.interlex.org/base/ilx_0797506,Superior ulnar collateral artery,http://uri.interlex.org/base/ilx_0797512,Superior ulnar collateral vein
http://purl.org/tara/ontology/TARA_5859631,TARA:5859631,SI 8,Small Intestine Meridian,http://purl.obolibrary.org/obo/UBERON_0001461,elbow,http://purl.obolibrary.org/obo/UBERON_0001494,ulnar nerve,http://uri.interlex.org/base/ilx_0794953,medial cutaneous nerve of the forearm,http://uri.interlex.org/base/ilx_0797506,Superior ulnar collateral artery,http://uri.interlex.org/base/ilx_0797508,Ulnar recurrent vein
http://purl.org/tara/ontology/TARA_2187225,TARA:2187225,SI 9,Small Intestine Meridian,http://purl.obolibrary.org/obo/UBERON_0001421,pectoral girdle region,http://purl.obolibrary.org/obo/UBERON_0001476,deltoid,http://purl.obolibrary.org/obo/UBERON_0001492,radial nerve,http://uri.interlex.org/base/ilx_0797514,Circumflex scapular artery,http://uri.interlex.org/base/ilx_0797515,Circumflex scapular vein
http://purl.org/tara/ontology/TARA_2187225,TARA:2187225,SI 9,Small Intestine Meridian,http://purl.obolibrary.org/obo/UBERON_0001421,pectoral girdle region,http://purl.obolibrary.org/obo/UBERON_0001476,deltoid,http://purl.obolibrary.org/obo/UBERON_0001493,axillary nerve,http://uri.interlex.org/base/ilx_0797514,Circumflex scapular artery,http://uri.interlex.org/base/ilx_0797515,Circumflex scapular vein
http://purl.org/tara/ontology/TARA_2187225,TARA:2187225,SI 9,Small Intestine Meridian,http://purl.obolibrary.org/obo/UBERON_0001421,pectoral girdle region,http://purl.obolibrary.org/obo/UBERON_0001470,glenohumeral joint,http://purl.obolibrary.org/obo/UBERON_0001492,radial nerve,http://uri.interlex.org/base/ilx_0797514,Circumflex scapular artery,http://uri.interlex.org/base/ilx_0797515,Circumflex scapular vein
http://purl.org/tara/ontology/TARA_2187225,TARA:2187225,SI 9,Small Intestine Meridian,http://purl.obolibrary.org/obo/UBERON_0001421,pectoral girdle region,http://purl.obolibrary.org/obo/UBERON_0001470,glenohumeral joint,http://purl.obolibrary.org/obo/UBERON_0001493,axillary nerve,http://uri.interlex.org/base/ilx_0797514,Circumflex scapular artery,http://uri.interlex.org/base/ilx_0797515,Circumflex scapular vein
http://purl.org/tara/ontology/TARA_2187225,TARA:2187225,SI 9,Small Intestine Meridian,http://purl.obolibrary.org/obo/UBERON_0001421,pectoral girdle region,http://uri.interlex.org/base/ilx_0795311,posterior axillary fold,http://purl.obolibrary.org/obo/UBERON_0001492,radial nerve,http://uri.interlex.org/base/ilx_0797514,Circumflex scapular artery,http://uri.interlex.org/base/ilx_0797515,Circumflex scapular vein
http://purl.org/tara/ontology/TARA_2187225,TARA:2187225,SI 9,Small Intestine Meridian,http://purl.obolibrary.org/obo/UBERON_0001421,pectoral girdle region,http://uri.interlex.org/base/ilx_0795311,posterior axillary fold,http://purl.obolibrary.org/obo/UBERON_0001493,axillary nerve,http://uri.interlex.org/base/ilx_0797514,Circumflex scapular artery,http://uri.interlex.org/base/ilx_0797515,Circumflex scapular vein
http://purl.org/tara/ontology/TARA_8929565,TARA:8929565,SP 1,Spleen Meridian,http://purl.obolibrary.org/obo/UBERON_0003631,pedal digit 1,http://purl.obolibrary.org/obo/UBERON_0004300,distal phalanx,http://purl.obolibrary.org/obo/UBERON_0035526,superficial fibular nerve,http://purl.obolibrary.org/obo/UBERON_0006145,dorsal digital artery of pes,,
http://purl.org/tara/ontology/TARA_8929565,TARA:8929565,SP 1,Spleen Meridian,http://purl.obolibrary.org/obo/UBERON_0003631,pedal digit 1,http://purl.obolibrary.org/obo/UBERON_0004300,distal phalanx,http://uri.interlex.org/base/ilx_0797484,Proper plantar digital nerve,http://purl.obolibrary.org/obo/UBERON_0006145,dorsal digital artery of pes,,
http://purl.org/tara/ontology/TARA_8929565,TARA:8929565,SP 1,Spleen Meridian,http://purl.obolibrary.org/obo/UBERON_0003631,pedal digit 1,http://purl.obolibrary.org/obo/UBERON_0004300,distal phalanx,http://uri.interlex.org/base/ilx_0797483,Dorsal digital nerve of foot,http://purl.obolibrary.org/obo/UBERON_0006145,dorsal digital artery of pes,,
http://purl.org/tara/ontology/TARA_8929565,TARA:8929565,SP 1,Spleen Meridian,http://purl.obolibrary.org/obo/UBERON_0003631,pedal digit 1,http://purl.obolibrary.org/obo/UBERON_0009567,nail of pedal digit,http://purl.obolibrary.org/obo/UBERON_0035526,superficial fibular nerve,http://purl.obolibrary.org/obo/UBERON_0006145,dorsal digital artery of pes,,
http://purl.org/tara/ontology/TARA_8929565,TARA:8929565,SP 1,Spleen Meridian,http://purl.obolibrary.org/obo/UBERON_0003631,pedal digit 1,http://purl.obolibrary.org/obo/UBERON_0009567,nail of pedal digit,http://uri.interlex.org/base/ilx_0797484,Proper plantar digital nerve,http://purl.obolibrary.org/obo/UBERON_0006145,dorsal digital artery of pes,,
http://purl.org/tara/ontology/TARA_8929565,TARA:8929565,SP 1,Spleen Meridian,http://purl.obolibrary.org/obo/UBERON_0003631,pedal digit 1,http://purl.obolibrary.org/obo/UBERON_0009567,nail of pedal digit,http://uri.interlex.org/base/ilx_0797483,Dorsal digital nerve of foot,http://purl.obolibrary.org/obo/UBERON_0006145,dorsal digital artery of pes,,
http://purl.org/tara/ontology/TARA_8433932,TARA:8433932,SP 10,Spleen Meridian,http://purl.obolibrary.org/obo/UBERON_0000376,hindlimb stylopod,http://purl.obolibrary.org/obo/UBERON_0002446,patella,http://uri.interlex.org/base/ilx_0797486,Muscular branch of the femoral nerve,http://purl.obolibrary.org/obo/UBERON_0002060,femoral artery,http://purl.obolibrary.org/obo/UBERON_0001361,femoral vein
http://purl.org/tara/ontology/TARA_8433932,TARA:8433932,SP 10,Spleen Meridian,http://purl.obolibrary.org/obo/UBERON_0000376,hindlimb stylopod,http://purl.obolibrary.org/obo/UBERON_0002446,patella,http://uri.interlex.org/base/ilx_0797481,Anterior cutaneous branch of femoral nerve,http://purl.obolibrary.org/obo/UBERON_0002060,femoral artery,http://purl.obolibrary.org/obo/UBERON_0001361,femoral vein
http://purl.org/tara/ontology/TARA_8433932,TARA:8433932,SP 10,Spleen Meridian,http://purl.obolibrary.org/obo/UBERON_0000376,hindlimb stylopod,http://purl.obolibrary.org/obo/UBERON_0001380,vastus medialis,http://uri.interlex.org/base/ilx_0797486,Muscular branch of the femoral nerve,http://purl.obolibrary.org/obo/UBERON_0002060,femoral artery,http://purl.obolibrary.org/obo/UBERON_0001361,femoral vein
http://purl.org/tara/ontology/TARA_8433932,TARA:8433932,SP 10,Spleen Meridian,http://purl.obolibrary.org/obo/UBERON_0000376,hindlimb stylopod,http://purl.obolibrary.org/obo/UBERON_0001380,vastus medialis,http://uri.interlex.org/base/ilx_0797481,Anterior cutaneous branch of femoral nerve,http://purl.obolibrary.org/obo/UBERON_0002060,femoral artery,http://purl.obolibrary.org/obo/UBERON_0001361,femoral vein
http://purl.org/tara/ontology/TARA_8120328,TARA:8120328,SP 11,Spleen Meridian,http://purl.obolibrary.org/obo/UBERON_0000376,hindlimb stylopod,http://purl.obolibrary.org/obo/UBERON_0000303,adductor longus,http://uri.interlex.org/base/ilx_0797481,Anterior cutaneous branch of femoral nerve,http://purl.obolibrary.org/obo/UBERON_0002060,femoral artery,http://purl.obolibrary.org/obo/UBERON_0001363,great saphenous vein
http://purl.org/tara/ontology/TARA_8120328,TARA:8120328,SP 11,Spleen Meridian,http://purl.obolibrary.org/obo/UBERON_0000376,hindlimb stylopod,http://purl.obolibrary.org/obo/UBERON_0000303,adductor longus,http://uri.interlex.org/base/ilx_0797481,Anterior cutaneous branch of femoral nerve,http://purl.obolibrary.org/obo/UBERON_0002060,femoral artery,http://purl.obolibrary.org/obo/UBERON_0001361,femoral vein
http://purl.org/tara/ontology/TARA_8120328,TARA:8120328,SP 11,Spleen Meridian,http://purl.obolibrary.org/obo/UBERON_0000376,hindlimb stylopod,http://purl.obolibrary.org/obo/UBERON_0000303,adductor longus,http://purl.obolibrary.org/obo/UBERON_0002475,saphenous nerve,http://purl.obolibrary.org/obo/UBERON_0002060,femoral artery,http://purl.obolibrary.org/obo/UBERON_0001363,great saphenous vein
http://purl.org/tara/ontology/TARA_8120328,TARA:8120328,SP 11,Spleen Meridian,http://purl.obolibrary.org/obo/UBERON_0000376,hindlimb stylopod,http://purl.obolibrary.org/obo/UBERON_0000303,adductor longus,http://purl.obolibrary.org/obo/UBERON_0002475,saphenous nerve,http://purl.obolibrary.org/obo/UBERON_0002060,femoral artery,http://purl.obolibrary.org/obo/UBERON_0001361,femoral vein
http://purl.org/tara/ontology/TARA_8120328,TARA:8120328,SP 11,Spleen Meridian,http://purl.obolibrary.org/obo/UBERON_0000376,hindlimb stylopod,http://purl.obolibrary.org/obo/UBERON_0002060,femoral artery,http://uri.interlex.org/base/ilx_0797481,Anterior cutaneous branch of femoral nerve,http://purl.obolibrary.org/obo/UBERON_0002060,femoral artery,http://purl.obolibrary.org/obo/UBERON_0001363,great saphenous vein
http://purl.org/tara/ontology/TARA_8120328,TARA:8120328,SP 11,Spleen Meridian,http://purl.obolibrary.org/obo/UBERON_0000376,hindlimb stylopod,http://purl.obolibrary.org/obo/UBERON_0002060,femoral artery,http://uri.interlex.org/base/ilx_0797481,Anterior cutaneous branch of femoral nerve,http://purl.obolibrary.org/obo/UBERON_0002060,femoral artery,http://purl.obolibrary.org/obo/UBERON_0001361,femoral vein
http://purl.org/tara/ontology/TARA_8120328,TARA:8120328,SP 11,Spleen Meridian,http://purl.obolibrary.org/obo/UBERON_0000376,hindlimb stylopod,http://purl.obolibrary.org/obo/UBERON_0002060,femoral artery,http://purl.obolibrary.org/obo/UBERON_0002475,saphenous nerve,http://purl.obolibrary.org/obo/UBERON_0002060,femoral artery,http://purl.obolibrary.org/obo/UBERON_0001363,great saphenous vein
http://purl.org/tara/ontology/TARA_8120328,TARA:8120328,SP 11,Spleen Meridian,http://purl.obolibrary.org/obo/UBERON_0000376,hindlimb stylopod,http://purl.obolibrary.org/obo/UBERON_0002060,femoral artery,http://purl.obolibrary.org/obo/UBERON_0002475,saphenous nerve,http://purl.obolibrary.org/obo/UBERON_0002060,femoral artery,http://purl.obolibrary.org/obo/UBERON_0001361,femoral vein
http://purl.org/tara/ontology/TARA_8120328,TARA:8120328,SP 11,Spleen Meridian,http://purl.obolibrary.org/obo/UBERON_0000376,hindlimb stylopod,http://purl.obolibrary.org/obo/UBERON_0002446,patella,http://uri.interlex.org/base/ilx_0797481,Anterior cutaneous branch of femoral nerve,http://purl.obolibrary.org/obo/UBERON_0002060,femoral artery,http://purl.obolibrary.org/obo/UBERON_0001363,great saphenous vein
http://purl.org/tara/ontology/TARA_8120328,TARA:8120328,SP 11,Spleen Meridian,http://purl.obolibrary.org/obo/UBERON_0000376,hindlimb stylopod,http://purl.obolibrary.org/obo/UBERON_0002446,patella,http://uri.interlex.org/base/ilx_0797481,Anterior cutaneous branch of femoral nerve,http://purl.obolibrary.org/obo/UBERON_0002060,femoral artery,http://purl.obolibrary.org/obo/UBERON_0001361,femoral vein
http://purl.org/tara/ontology/TARA_8120328,TARA:8120328,SP 11,Spleen Meridian,http://purl.obolibrary.org/obo/UBERON_0000376,hindlimb stylopod,http://purl.obolibrary.org/obo/UBERON_0002446,patella,http://purl.obolibrary.org/obo/UBERON_0002475,saphenous nerve,http://purl.obolibrary.org/obo/UBERON_0002060,femoral artery,http://purl.obolibrary.org/obo/UBERON_0001363,great saphenous vein
http://purl.org/tara/ontology/TARA_8120328,TARA:8120328,SP 11,Spleen Meridian,http://purl.obolibrary.org/obo/UBERON_0000376,hindlimb stylopod,http://purl.obolibrary.org/obo/UBERON_0002446,patella,http://purl.obolibrary.org/obo/UBERON_0002475,saphenous nerve,http://purl.obolibrary.org/obo/UBERON_0002060,femoral artery,http://purl.obolibrary.org/obo/UBERON_0001361,femoral vein
http://purl.org/tara/ontology/TARA_8120328,TARA:8120328,SP 11,Spleen Meridian,http://purl.obolibrary.org/obo/UBERON_0000376,hindlimb stylopod,http://purl.obolibrary.org/obo/UBERON_0001373,sartorius muscle,http://uri.interlex.org/base/ilx_0797481,Anterior cutaneous branch of femoral nerve,http://purl.obolibrary.org/obo/UBERON_0002060,femoral artery,http://purl.obolibrary.org/obo/UBERON_0001363,great saphenous vein
http://purl.org/tara/ontology/TARA_8120328,TARA:8120328,SP 11,Spleen Meridian,http://purl.obolibrary.org/obo/UBERON_0000376,hindlimb stylopod,http://purl.obolibrary.org/obo/UBERON_0001373,sartorius muscle,http://uri.interlex.org/base/ilx_0797481,Anterior cutaneous branch of femoral nerve,http://purl.obolibrary.org/obo/UBERON_0002060,femoral artery,http://purl.obolibrary.org/obo/UBERON_0001361,femoral vein
http://purl.org/tara/ontology/TARA_8120328,TARA:8120328,SP 11,Spleen Meridian,http://purl.obolibrary.org/obo/UBERON_0000376,hindlimb stylopod,http://purl.obolibrary.org/obo/UBERON_0001373,sartorius muscle,http://purl.obolibrary.org/obo/UBERON_0002475,saphenous nerve,http://purl.obolibrary.org/obo/UBERON_0002060,femoral artery,http://purl.obolibrary.org/obo/UBERON_0001363,great saphenous vein
http://purl.org/tara/ontology/TARA_8120328,TARA:8120328,SP 11,Spleen Meridian,http://purl.obolibrary.org/obo/UBERON_0000376,hindlimb stylopod,http://purl.obolibrary.org/obo/UBERON_0001373,sartorius muscle,http://purl.obolibrary.org/obo/UBERON_0002475,saphenous nerve,http://purl.obolibrary.org/obo/UBERON_0002060,femoral artery,http://purl.obolibrary.org/obo/UBERON_0001361,femoral vein
http://purl.org/tara/ontology/TARA_4695378,TARA:4695378,SP 12,Spleen Meridian,http://purl.obolibrary.org/obo/UBERON_0008337,inguinal part of abdomen,http://purl.obolibrary.org/obo/UBERON_0002060,femoral artery,http://purl.obolibrary.org/obo/UBERON_0001267,femoral nerve,http://purl.obolibrary.org/obo/UBERON_0002060,femoral artery,,
http://purl.org/tara/ontology/TARA_4695378,TARA:4695378,SP 12,Spleen Meridian,http://purl.obolibrary.org/obo/UBERON_0008337,inguinal part of abdomen,http://purl.obolibrary.org/obo/UBERON_0002060,femoral artery,http://uri.interlex.org/base/ilx_0794996,Ilioinguinal nerve,http://purl.obolibrary.org/obo/UBERON_0002060,femoral artery,,
http://purl.org/tara/ontology/TARA_4695378,TARA:4695378,SP 12,Spleen Meridian,http://purl.obolibrary.org/obo/UBERON_0008337,inguinal part of abdomen,http://uri.interlex.org/base/ilx_0795329,inguinal crease,http://purl.obolibrary.org/obo/UBERON_0001267,femoral nerve,http://purl.obolibrary.org/obo/UBERON_0002060,femoral artery,,
http://purl.org/tara/ontology/TARA_4695378,TARA:4695378,SP 12,Spleen Meridian,http://purl.obolibrary.org/obo/UBERON_0008337,inguinal part of abdomen,http://uri.interlex.org/base/ilx_0795329,inguinal crease,http://uri.interlex.org/base/ilx_0794996,Ilioinguinal nerve,http://purl.obolibrary.org/obo/UBERON_0002060,femoral artery,,
http://purl.org/tara/ontology/TARA_7768130,TARA:7768130,SP 13,Spleen Meridian,http://uri.interlex.org/base/ilx_0795303,lower abdomen,http://uri.interlex.org/base/ilx_0795285,anterior median line,,,,,,
http://purl.org/tara/ontology/TARA_7768130,TARA:7768130,SP 13,Spleen Meridian,http://uri.interlex.org/base/ilx_0795303,lower abdomen,http://purl.obolibrary.org/obo/UBERON_0007118,umbilicus,,,,,,
http://purl.org/tara/ontology/TARA_1992799,TARA:1992799,SP 14,Spleen Meridian,http://uri.interlex.org/base/ilx_0795303,lower abdomen,http://uri.interlex.org/base/ilx_0795285,anterior median line,http://uri.interlex.org/base/ilx_0792132,Eleventh intercostal nerve,http://uri.interlex.org/base/ilx_0791079,Eleventh posterior intercostal artery,http://purl.obolibrary.org/obo/UBERON_0012197,intercostal vein
http://purl.org/tara/ontology/TARA_1992799,TARA:1992799,SP 14,Spleen Meridian,http://uri.interlex.org/base/ilx_0795303,lower abdomen,http://purl.obolibrary.org/obo/UBERON_0007118,umbilicus,http://uri.interlex.org/base/ilx_0792132,Eleventh intercostal nerve,http://uri.interlex.org/base/ilx_0791079,Eleventh posterior intercostal artery,http://purl.obolibrary.org/obo/UBERON_0012197,intercostal vein
http://purl.org/tara/ontology/TARA_4679170,TARA:4679170,SP 15,Spleen Meridian,http://uri.interlex.org/base/ilx_0795301,upper abdomen,http://purl.obolibrary.org/obo/UBERON_0007118,umbilicus,http://uri.interlex.org/base/ilx_0785076,Tenth intercostal nerve,http://uri.interlex.org/base/ilx_0791495,Tenth posterior intercostal artery,http://purl.obolibrary.org/obo/UBERON_0012197,intercostal vein
http://purl.org/tara/ontology/TARA_8145142,TARA:8145142,SP 16,Spleen Meridian,http://uri.interlex.org/base/ilx_0795301,upper abdomen,http://uri.interlex.org/base/ilx_0795285,anterior median line,http://uri.interlex.org/base/ilx_0787969,Eighth intercostal nerve,http://uri.interlex.org/base/ilx_0792821,Eighth posterior intercostal artery,http://purl.obolibrary.org/obo/UBERON_0012197,intercostal vein
http://purl.org/tara/ontology/TARA_8145142,TARA:8145142,SP 16,Spleen Meridian,http://uri.interlex.org/base/ilx_0795301,upper abdomen,http://purl.obolibrary.org/obo/UBERON_0007118,umbilicus,http://uri.interlex.org/base/ilx_0787969,Eighth intercostal nerve,http://uri.interlex.org/base/ilx_0792821,Eighth posterior intercostal artery,http://purl.obolibrary.org/obo/UBERON_0012197,intercostal vein
http://purl.org/tara/ontology/TARA_1206796,TARA:1206796,SP 17,Spleen Meridian,http://purl.obolibrary.org/obo/UBERON_0016416,anterior chest,http://uri.interlex.org/base/ilx_0795285,anterior median line,http://uri.interlex.org/base/ilx_0787443,Fifth intercostal nerve,,,http://uri.interlex.org/base/ilx_0797505,Thoracoepigastric vein
http://purl.org/tara/ontology/TARA_1206796,TARA:1206796,SP 17,Spleen Meridian,http://purl.obolibrary.org/obo/UBERON_0016416,anterior chest,http://uri.interlex.org/base/ilx_0795299,fifth intercostal space,http://uri.interlex.org/base/ilx_0787443,Fifth intercostal nerve,,,http://uri.interlex.org/base/ilx_0797505,Thoracoepigastric vein
http://purl.org/tara/ontology/TARA_5656394,TARA:5656394,SP 18,Spleen Meridian,http://purl.obolibrary.org/obo/UBERON_0016416,anterior chest,http://uri.interlex.org/base/ilx_0795285,anterior median line,http://uri.interlex.org/base/ilx_0784694,Fourth intercostal nerve,http://uri.interlex.org/base/ilx_0789814,Fourth posterior intercostal artery,http://purl.obolibrary.org/obo/UBERON_0002088,lateral thoracic vein
http://purl.org/tara/ontology/TARA_5656394,TARA:5656394,SP 18,Spleen Meridian,http://purl.obolibrary.org/obo/UBERON_0016416,anterior chest,http://uri.interlex.org/base/ilx_0795285,anterior median line,http://uri.interlex.org/base/ilx_0784694,Fourth intercostal nerve,http://uri.interlex.org/base/ilx_0789814,Fourth posterior intercostal artery,http://uri.interlex.org/base/ilx_0797505,Thoracoepigastric vein
http://purl.org/tara/ontology/TARA_5656394,TARA:5656394,SP 18,Spleen Meridian,http://purl.obolibrary.org/obo/UBERON_0016416,anterior chest,http://uri.interlex.org/base/ilx_0795285,anterior median line,http://uri.interlex.org/base/ilx_0784694,Fourth intercostal nerve,http://uri.interlex.org/base/ilx_0789814,Fourth posterior intercostal artery,http://purl.obolibrary.org/obo/UBERON_0012197,intercostal vein
http://purl.org/tara/ontology/TARA_5656394,TARA:5656394,SP 18,Spleen Meridian,http://purl.obolibrary.org/obo/UBERON_0016416,anterior chest,http://uri.interlex.org/base/ilx_0795285,anterior median line,http://uri.interlex.org/base/ilx_0784694,Fourth intercostal nerve,http://purl.obolibrary.org/obo/UBERON_0001395,thoraco-acromial artery,http://purl.obolibrary.org/obo/UBERON_0002088,lateral thoracic vein
http://purl.org/tara/ontology/TARA_5656394,TARA:5656394,SP 18,Spleen Meridian,http://purl.obolibrary.org/obo/UBERON_0016416,anterior chest,http://uri.interlex.org/base/ilx_0795285,anterior median line,http://uri.interlex.org/base/ilx_0784694,Fourth intercostal nerve,http://purl.obolibrary.org/obo/UBERON_0001395,thoraco-acromial artery,http://uri.interlex.org/base/ilx_0797505,Thoracoepigastric vein
http://purl.org/tara/ontology/TARA_5656394,TARA:5656394,SP 18,Spleen Meridian,http://purl.obolibrary.org/obo/UBERON_0016416,anterior chest,http://uri.interlex.org/base/ilx_0795285,anterior median line,http://uri.interlex.org/base/ilx_0784694,Fourth intercostal nerve,http://purl.obolibrary.org/obo/UBERON_0001395,thoraco-acromial artery,http://purl.obolibrary.org/obo/UBERON_0012197,intercostal vein
http://purl.org/tara/ontology/TARA_5656394,TARA:5656394,SP 18,Spleen Meridian,http://purl.obolibrary.org/obo/UBERON_0016416,anterior chest,http://uri.interlex.org/base/ilx_0795285,anterior median line,http://uri.interlex.org/base/ilx_0784694,Fourth intercostal nerve,http://purl.obolibrary.org/obo/UBERON_0001396,lateral thoracic artery,http://purl.obolibrary.org/obo/UBERON_0002088,lateral thoracic vein
http://purl.org/tara/ontology/TARA_5656394,TARA:5656394,SP 18,Spleen Meridian,http://purl.obolibrary.org/obo/UBERON_0016416,anterior chest,http://uri.interlex.org/base/ilx_0795285,anterior median line,http://uri.interlex.org/base/ilx_0784694,Fourth intercostal nerve,http://purl.obolibrary.org/obo/UBERON_0001396,lateral thoracic artery,http://uri.interlex.org/base/ilx_0797505,Thoracoepigastric vein
http://purl.org/tara/ontology/TARA_5656394,TARA:5656394,SP 18,Spleen Meridian,http://purl.obolibrary.org/obo/UBERON_0016416,anterior chest,http://uri.interlex.org/base/ilx_0795285,anterior median line,http://uri.interlex.org/base/ilx_0784694,Fourth intercostal nerve,http://purl.obolibrary.org/obo/UBERON_0001396,lateral thoracic artery,http://purl.obolibrary.org/obo/UBERON_0012197,intercostal vein
http://purl.org/tara/ontology/TARA_5656394,TARA:5656394,SP 18,Spleen Meridian,http://purl.obolibrary.org/obo/UBERON_0016416,anterior chest,http://uri.interlex.org/base/ilx_0795298,fourth intercostal space,http://uri.interlex.org/base/ilx_0784694,Fourth intercostal nerve,http://uri.interlex.org/base/ilx_0789814,Fourth posterior intercostal artery,http://purl.obolibrary.org/obo/UBERON_0002088,lateral thoracic vein
http://purl.org/tara/ontology/TARA_5656394,TARA:5656394,SP 18,Spleen Meridian,http://purl.obolibrary.org/obo/UBERON_0016416,anterior chest,http://uri.interlex.org/base/ilx_0795298,fourth intercostal space,http://uri.interlex.org/base/ilx_0784694,Fourth intercostal nerve,http://uri.interlex.org/base/ilx_0789814,Fourth posterior intercostal artery,http://uri.interlex.org/base/ilx_0797505,Thoracoepigastric vein
http://purl.org/tara/ontology/TARA_5656394,TARA:5656394,SP 18,Spleen Meridian,http://purl.obolibrary.org/obo/UBERON_0016416,anterior chest,http://uri.interlex.org/base/ilx_0795298,fourth intercostal space,http://uri.interlex.org/base/ilx_0784694,Fourth intercostal nerve,http://uri.interlex.org/base/ilx_0789814,Fourth posterior intercostal artery,http://purl.obolibrary.org/obo/UBERON_0012197,intercostal vein
http://purl.org/tara/ontology/TARA_5656394,TARA:5656394,SP 18,Spleen Meridian,http://purl.obolibrary.org/obo/UBERON_0016416,anterior chest,http://uri.interlex.org/base/ilx_0795298,fourth intercostal space,http://uri.interlex.org/base/ilx_0784694,Fourth intercostal nerve,http://purl.obolibrary.org/obo/UBERON_0001395,thoraco-acromial artery,http://purl.obolibrary.org/obo/UBERON_0002088,lateral thoracic vein
http://purl.org/tara/ontology/TARA_5656394,TARA:5656394,SP 18,Spleen Meridian,http://purl.obolibrary.org/obo/UBERON_0016416,anterior chest,http://uri.interlex.org/base/ilx_0795298,fourth intercostal space,http://uri.interlex.org/base/ilx_0784694,Fourth intercostal nerve,http://purl.obolibrary.org/obo/UBERON_0001395,thoraco-acromial artery,http://uri.interlex.org/base/ilx_0797505,Thoracoepigastric vein
http://purl.org/tara/ontology/TARA_5656394,TARA:5656394,SP 18,Spleen Meridian,http://purl.obolibrary.org/obo/UBERON_0016416,anterior chest,http://uri.interlex.org/base/ilx_0795298,fourth intercostal space,http://uri.interlex.org/base/ilx_0784694,Fourth intercostal nerve,http://purl.obolibrary.org/obo/UBERON_0001395,thoraco-acromial artery,http://purl.obolibrary.org/obo/UBERON_0012197,intercostal vein
http://purl.org/tara/ontology/TARA_5656394,TARA:5656394,SP 18,Spleen Meridian,http://purl.obolibrary.org/obo/UBERON_0016416,anterior chest,http://uri.interlex.org/base/ilx_0795298,fourth intercostal space,http://uri.interlex.org/base/ilx_0784694,Fourth intercostal nerve,http://purl.obolibrary.org/obo/UBERON_0001396,lateral thoracic artery,http://purl.obolibrary.org/obo/UBERON_0002088,lateral thoracic vein
http://purl.org/tara/ontology/TARA_5656394,TARA:5656394,SP 18,Spleen Meridian,http://purl.obolibrary.org/obo/UBERON_0016416,anterior chest,http://uri.interlex.org/base/ilx_0795298,fourth intercostal space,http://uri.interlex.org/base/ilx_0784694,Fourth intercostal nerve,http://purl.obolibrary.org/obo/UBERON_0001396,lateral thoracic artery,http://uri.interlex.org/base/ilx_0797505,Thoracoepigastric vein
http://purl.org/tara/ontology/TARA_5656394,TARA:5656394,SP 18,Spleen Meridian,http://purl.obolibrary.org/obo/UBERON_0016416,anterior chest,http://uri.interlex.org/base/ilx_0795298,fourth intercostal space,http://uri.interlex.org/base/ilx_0784694,Fourth intercostal nerve,http://purl.obolibrary.org/obo/UBERON_0001396,lateral thoracic artery,http://purl.obolibrary.org/obo/UBERON_0012197,intercostal vein
http://purl.org/tara/ontology/TARA_6850321,TARA:6850321,SP 19,Spleen Meridian,http://purl.obolibrary.org/obo/UBERON_0016416,anterior chest,http://uri.interlex.org/base/ilx_0795285,anterior median line,http://uri.interlex.org/base/ilx_0785435,Third intercostal nerve,http://purl.obolibrary.org/obo/UBERON_0001396,lateral thoracic artery,http://purl.obolibrary.org/obo/UBERON_0002088,lateral thoracic vein
http://purl.org/tara/ontology/TARA_6850321,TARA:6850321,SP 19,Spleen Meridian,http://purl.obolibrary.org/obo/UBERON_0016416,anterior chest,http://uri.interlex.org/base/ilx_0795285,anterior median line,http://uri.interlex.org/base/ilx_0785435,Third intercostal nerve,http://purl.obolibrary.org/obo/UBERON_0001396,lateral thoracic artery,http://purl.obolibrary.org/obo/UBERON_0012197,intercostal vein
http://purl.org/tara/ontology/TARA_6850321,TARA:6850321,SP 19,Spleen Meridian,http://purl.obolibrary.org/obo/UBERON_0016416,anterior chest,http://uri.interlex.org/base/ilx_0795297,third intercostal space,http://uri.interlex.org/base/ilx_0785435,Third intercostal nerve,http://purl.obolibrary.org/obo/UBERON_0001396,lateral thoracic artery,http://purl.obolibrary.org/obo/UBERON_0002088,lateral thoracic vein
http://purl.org/tara/ontology/TARA_6850321,TARA:6850321,SP 19,Spleen Meridian,http://purl.obolibrary.org/obo/UBERON_0016416,anterior chest,http://uri.interlex.org/base/ilx_0795297,third intercostal space,http://uri.interlex.org/base/ilx_0785435,Third intercostal nerve,http://purl.obolibrary.org/obo/UBERON_0001396,lateral thoracic artery,http://purl.obolibrary.org/obo/UBERON_0012197,intercostal vein
http://purl.org/tara/ontology/TARA_6894093,TARA:6894093,SP 2,Spleen Meridian,http://purl.obolibrary.org/obo/UBERON_0003631,pedal digit 1,http://purl.obolibrary.org/obo/UBERON_0007750,metatarsophalangeal joint of pedal digit 1,http://uri.interlex.org/base/ilx_0797484,Proper plantar digital nerve,http://purl.obolibrary.org/obo/UBERON_0001541,medial plantar artery,http://purl.obolibrary.org/obo/UBERON_0006144,medial plantar digital vein
http://purl.org/tara/ontology/TARA_6894093,TARA:6894093,SP 2,Spleen Meridian,http://purl.obolibrary.org/obo/UBERON_0003631,pedal digit 1,http://purl.obolibrary.org/obo/UBERON_0007750,metatarsophalangeal joint of pedal digit 1,http://purl.obolibrary.org/obo/UBERON_0035111,medial plantar nerve,http://purl.obolibrary.org/obo/UBERON_0001541,medial plantar artery,http://purl.obolibrary.org/obo/UBERON_0006144,medial plantar digital vein
http://purl.org/tara/ontology/TARA_5090379,TARA:5090379,SP 20,Spleen Meridian,http://purl.obolibrary.org/obo/UBERON_0016416,anterior chest,http://uri.interlex.org/base/ilx_0795285,anterior median line,http://uri.interlex.org/base/ilx_0794975,medial pectoral nerve,http://purl.obolibrary.org/obo/UBERON_0001396,lateral thoracic artery,http://purl.obolibrary.org/obo/UBERON_0002088,lateral thoracic vein
http://purl.org/tara/ontology/TARA_5090379,TARA:5090379,SP 20,Spleen Meridian,http://purl.obolibrary.org/obo/UBERON_0016416,anterior chest,http://uri.interlex.org/base/ilx_0795285,anterior median line,http://uri.interlex.org/base/ilx_0794975,medial pectoral nerve,http://purl.obolibrary.org/obo/UBERON_0001396,lateral thoracic artery,http://purl.obolibrary.org/obo/UBERON_0012197,intercostal vein
http://purl.org/tara/ontology/TARA_5090379,TARA:5090379,SP 20,Spleen Meridian,http://purl.obolibrary.org/obo/UBERON_0016416,anterior chest,http://uri.interlex.org/base/ilx_0795285,anterior median line,http://uri.interlex.org/base/ilx_0789482,Second intercostal nerve,http://purl.obolibrary.org/obo/UBERON_0001396,lateral thoracic artery,http://purl.obolibrary.org/obo/UBERON_0002088,lateral thoracic vein
http://purl.org/tara/ontology/TARA_5090379,TARA:5090379,SP 20,Spleen Meridian,http://purl.obolibrary.org/obo/UBERON_0016416,anterior chest,http://uri.interlex.org/base/ilx_0795285,anterior median line,http://uri.interlex.org/base/ilx_0789482,Second intercostal nerve,http://purl.obolibrary.org/obo/UBERON_0001396,lateral thoracic artery,http://purl.obolibrary.org/obo/UBERON_0012197,intercostal vein
http://purl.org/tara/ontology/TARA_5090379,TARA:5090379,SP 20,Spleen Meridian,http://purl.obolibrary.org/obo/UBERON_0016416,anterior chest,http://uri.interlex.org/base/ilx_0795295,second intercostal space,http://uri.interlex.org/base/ilx_0794975,medial pectoral nerve,http://purl.obolibrary.org/obo/UBERON_0001396,lateral thoracic artery,http://purl.obolibrary.org/obo/UBERON_0002088,lateral thoracic vein
http://purl.org/tara/ontology/TARA_5090379,TARA:5090379,SP 20,Spleen Meridian,http://purl.obolibrary.org/obo/UBERON_0016416,anterior chest,http://uri.interlex.org/base/ilx_0795295,second intercostal space,http://uri.interlex.org/base/ilx_0794975,medial pectoral nerve,http://purl.obolibrary.org/obo/UBERON_0001396,lateral thoracic artery,http://purl.obolibrary.org/obo/UBERON_0012197,intercostal vein
http://purl.org/tara/ontology/TARA_5090379,TARA:5090379,SP 20,Spleen Meridian,http://purl.obolibrary.org/obo/UBERON_0016416,anterior chest,http://uri.interlex.org/base/ilx_0795295,second intercostal space,http://uri.interlex.org/base/ilx_0789482,Second intercostal nerve,http://purl.obolibrary.org/obo/UBERON_0001396,lateral thoracic artery,http://purl.obolibrary.org/obo/UBERON_0002088,lateral thoracic vein
http://purl.org/tara/ontology/TARA_5090379,TARA:5090379,SP 20,Spleen Meridian,http://purl.obolibrary.org/obo/UBERON_0016416,anterior chest,http://uri.interlex.org/base/ilx_0795295,second intercostal space,http://uri.interlex.org/base/ilx_0789482,Second intercostal nerve,http://purl.obolibrary.org/obo/UBERON_0001396,lateral thoracic artery,http://purl.obolibrary.org/obo/UBERON_0012197,intercostal vein
http://purl.org/tara/ontology/TARA_1055536,TARA:1055536,SP 21,Spleen Meridian,http://uri.interlex.org/base/ilx_0795306,lateral thoracic region,http://uri.interlex.org/base/ilx_0795308,midaxillary line,http://uri.interlex.org/base/ilx_0797487,Long thoracic nerve,http://uri.interlex.org/base/ilx_0792908,Seventh posterior intercostal artery,http://purl.obolibrary.org/obo/UBERON_0002089,thoracodorsal vein
http://purl.org/tara/ontology/TARA_1055536,TARA:1055536,SP 21,Spleen Meridian,http://uri.interlex.org/base/ilx_0795306,lateral thoracic region,http://uri.interlex.org/base/ilx_0795308,midaxillary line,http://uri.interlex.org/base/ilx_0797487,Long thoracic nerve,http://uri.interlex.org/base/ilx_0792908,Seventh posterior intercostal artery,http://purl.obolibrary.org/obo/UBERON_0012197,intercostal vein
http://purl.org/tara/ontology/TARA_1055536,TARA:1055536,SP 21,Spleen Meridian,http://uri.interlex.org/base/ilx_0795306,lateral thoracic region,http://uri.interlex.org/base/ilx_0795308,midaxillary line,http://uri.interlex.org/base/ilx_0797487,Long thoracic nerve,http://purl.obolibrary.org/obo/UBERON_0002011,thoracodorsal artery,http://purl.obolibrary.org/obo/UBERON_0002089,thoracodorsal vein
http://purl.org/tara/ontology/TARA_1055536,TARA:1055536,SP 21,Spleen Meridian,http://uri.interlex.org/base/ilx_0795306,lateral thoracic region,http://uri.interlex.org/base/ilx_0795308,midaxillary line,http://uri.interlex.org/base/ilx_0797487,Long thoracic nerve,http://purl.obolibrary.org/obo/UBERON_0002011,thoracodorsal artery,http://purl.obolibrary.org/obo/UBERON_0012197,intercostal vein
http://purl.org/tara/ontology/TARA_1055536,TARA:1055536,SP 21,Spleen Meridian,http://uri.interlex.org/base/ilx_0795306,lateral thoracic region,http://uri.interlex.org/base/ilx_0795308,midaxillary line,http://uri.interlex.org/base/ilx_0791808,Seventh intercostal nerve,http://uri.interlex.org/base/ilx_0792908,Seventh posterior intercostal artery,http://purl.obolibrary.org/obo/UBERON_0002089,thoracodorsal vein
http://purl.org/tara/ontology/TARA_1055536,TARA:1055536,SP 21,Spleen Meridian,http://uri.interlex.org/base/ilx_0795306,lateral thoracic region,http://uri.interlex.org/base/ilx_0795308,midaxillary line,http://uri.interlex.org/base/ilx_0791808,Seventh intercostal nerve,http://uri.interlex.org/base/ilx_0792908,Seventh posterior intercostal artery,http://purl.obolibrary.org/obo/UBERON_0012197,intercostal vein
http://purl.org/tara/ontology/TARA_1055536,TARA:1055536,SP 21,Spleen Meridian,http://uri.interlex.org/base/ilx_0795306,lateral thoracic region,http://uri.interlex.org/base/ilx_0795308,midaxillary line,http://uri.interlex.org/base/ilx_0791808,Seventh intercostal nerve,http://purl.obolibrary.org/obo/UBERON_0002011,thoracodorsal artery,http://purl.obolibrary.org/obo/UBERON_0002089,thoracodorsal vein
http://purl.org/tara/ontology/TARA_1055536,TARA:1055536,SP 21,Spleen Meridian,http://uri.interlex.org/base/ilx_0795306,lateral thoracic region,http://uri.interlex.org/base/ilx_0795308,midaxillary line,http://uri.interlex.org/base/ilx_0791808,Seventh intercostal nerve,http://purl.obolibrary.org/obo/UBERON_0002011,thoracodorsal artery,http://purl.obolibrary.org/obo/UBERON_0012197,intercostal vein
http://purl.org/tara/ontology/TARA_1055536,TARA:1055536,SP 21,Spleen Meridian,http://uri.interlex.org/base/ilx_0795306,lateral thoracic region,http://uri.interlex.org/base/ilx_0795307,sixth intercostal space,http://uri.interlex.org/base/ilx_0797487,Long thoracic nerve,http://uri.interlex.org/base/ilx_0792908,Seventh posterior intercostal artery,http://purl.obolibrary.org/obo/UBERON_0002089,thoracodorsal vein
http://purl.org/tara/ontology/TARA_1055536,TARA:1055536,SP 21,Spleen Meridian,http://uri.interlex.org/base/ilx_0795306,lateral thoracic region,http://uri.interlex.org/base/ilx_0795307,sixth intercostal space,http://uri.interlex.org/base/ilx_0797487,Long thoracic nerve,http://uri.interlex.org/base/ilx_0792908,Seventh posterior intercostal artery,http://purl.obolibrary.org/obo/UBERON_0012197,intercostal vein
http://purl.org/tara/ontology/TARA_1055536,TARA:1055536,SP 21,Spleen Meridian,http://uri.interlex.org/base/ilx_0795306,lateral thoracic region,http://uri.interlex.org/base/ilx_0795307,sixth intercostal space,http://uri.interlex.org/base/ilx_0797487,Long thoracic nerve,http://purl.obolibrary.org/obo/UBERON_0002011,thoracodorsal artery,http://purl.obolibrary.org/obo/UBERON_0002089,thoracodorsal vein
http://purl.org/tara/ontology/TARA_1055536,TARA:1055536,SP 21,Spleen Meridian,http://uri.interlex.org/base/ilx_0795306,lateral thoracic region,http://uri.interlex.org/base/ilx_0795307,sixth intercostal space,http://uri.interlex.org/base/ilx_0797487,Long thoracic nerve,http://purl.obolibrary.org/obo/UBERON_0002011,thoracodorsal artery,http://purl.obolibrary.org/obo/UBERON_0012197,intercostal vein
http://purl.org/tara/ontology/TARA_1055536,TARA:1055536,SP 21,Spleen Meridian,http://uri.interlex.org/base/ilx_0795306,lateral thoracic region,http://uri.interlex.org/base/ilx_0795307,sixth intercostal space,http://uri.interlex.org/base/ilx_0791808,Seventh intercostal nerve,http://uri.interlex.org/base/ilx_0792908,Seventh posterior intercostal artery,http://purl.obolibrary.org/obo/UBERON_0002089,thoracodorsal vein
http://purl.org/tara/ontology/TARA_1055536,TARA:1055536,SP 21,Spleen Meridian,http://uri.interlex.org/base/ilx_0795306,lateral thoracic region,http://uri.interlex.org/base/ilx_0795307,sixth intercostal space,http://uri.interlex.org/base/ilx_0791808,Seventh intercostal nerve,http://uri.interlex.org/base/ilx_0792908,Seventh posterior intercostal artery,http://purl.obolibrary.org/obo/UBERON_0012197,intercostal vein
http://purl.org/tara/ontology/TARA_1055536,TARA:1055536,SP 21,Spleen Meridian,http://uri.interlex.org/base/ilx_0795306,lateral thoracic region,http://uri.interlex.org/base/ilx_0795307,sixth intercostal space,http://uri.interlex.org/base/ilx_0791808,Seventh intercostal nerve,http://purl.obolibrary.org/obo/UBERON_0002011,thoracodorsal artery,http://purl.obolibrary.org/obo/UBERON_0002089,thoracodorsal vein
http://purl.org/tara/ontology/TARA_1055536,TARA:1055536,SP 21,Spleen Meridian,http://uri.interlex.org/base/ilx_0795306,lateral thoracic region,http://uri.interlex.org/base/ilx_0795307,sixth intercostal space,http://uri.interlex.org/base/ilx_0791808,Seventh intercostal nerve,http://purl.obolibrary.org/obo/UBERON_0002011,thoracodorsal artery,http://purl.obolibrary.org/obo/UBERON_0012197,intercostal vein
http://purl.org/tara/ontology/TARA_3003448,TARA:3003448,SP 3,Spleen Meridian,http://purl.obolibrary.org/obo/UBERON_0002387,pes,http://purl.obolibrary.org/obo/UBERON_0007750,metatarsophalangeal joint of pedal digit 1,http://purl.obolibrary.org/obo/UBERON_0035526,superficial fibular nerve,http://purl.obolibrary.org/obo/UBERON_0001553,medial tarsal artery,http://uri.interlex.org/base/ilx_0797503,Dorsal digital vein of foot
http://purl.org/tara/ontology/TARA_3003448,TARA:3003448,SP 3,Spleen Meridian,http://purl.obolibrary.org/obo/UBERON_0002387,pes,http://purl.obolibrary.org/obo/UBERON_0007750,metatarsophalangeal joint of pedal digit 1,http://purl.obolibrary.org/obo/UBERON_0035526,superficial fibular nerve,http://purl.obolibrary.org/obo/UBERON_0001541,medial plantar artery,http://uri.interlex.org/base/ilx_0797503,Dorsal digital vein of foot
http://purl.org/tara/ontology/TARA_3003448,TARA:3003448,SP 3,Spleen Meridian,http://purl.obolibrary.org/obo/UBERON_0002387,pes,http://purl.obolibrary.org/obo/UBERON_0007750,metatarsophalangeal joint of pedal digit 1,http://purl.obolibrary.org/obo/UBERON_0002475,saphenous nerve,http://purl.obolibrary.org/obo/UBERON_0001553,medial tarsal artery,http://uri.interlex.org/base/ilx_0797503,Dorsal digital vein of foot
http://purl.org/tara/ontology/TARA_3003448,TARA:3003448,SP 3,Spleen Meridian,http://purl.obolibrary.org/obo/UBERON_0002387,pes,http://purl.obolibrary.org/obo/UBERON_0007750,metatarsophalangeal joint of pedal digit 1,http://purl.obolibrary.org/obo/UBERON_0002475,saphenous nerve,http://purl.obolibrary.org/obo/UBERON_0001541,medial plantar artery,http://uri.interlex.org/base/ilx_0797503,Dorsal digital vein of foot
http://purl.org/tara/ontology/TARA_7407065,TARA:7407065,SP 4,Spleen Meridian,http://purl.obolibrary.org/obo/UBERON_0002387,pes,http://purl.obolibrary.org/obo/UBERON_0003650,metatarsal bone of digit 1,http://purl.obolibrary.org/obo/UBERON_0035526,superficial fibular nerve,http://purl.obolibrary.org/obo/UBERON_0001553,medial tarsal artery,http://uri.interlex.org/base/ilx_0797503,Dorsal digital vein of foot
http://purl.org/tara/ontology/TARA_7407065,TARA:7407065,SP 4,Spleen Meridian,http://purl.obolibrary.org/obo/UBERON_0002387,pes,http://purl.obolibrary.org/obo/UBERON_0003650,metatarsal bone of digit 1,http://purl.obolibrary.org/obo/UBERON_0002475,saphenous nerve,http://purl.obolibrary.org/obo/UBERON_0001553,medial tarsal artery,http://uri.interlex.org/base/ilx_0797503,Dorsal digital vein of foot
http://purl.org/tara/ontology/TARA_7831710,TARA:7831710,SP 5,Spleen Meridian,http://purl.obolibrary.org/obo/UBERON_0002387,pes,http://purl.obolibrary.org/obo/UBERON_0010759,equine distal sesamoid,http://purl.obolibrary.org/obo/UBERON_0035526,superficial fibular nerve,http://purl.obolibrary.org/obo/UBERON_0001553,medial tarsal artery,http://purl.obolibrary.org/obo/UBERON_0001363,great saphenous vein
http://purl.org/tara/ontology/TARA_7831710,TARA:7831710,SP 5,Spleen Meridian,http://purl.obolibrary.org/obo/UBERON_0002387,pes,http://purl.obolibrary.org/obo/UBERON_0010759,equine distal sesamoid,http://uri.interlex.org/base/ilx_0797485,Medial crural cutaneous nerve,http://purl.obolibrary.org/obo/UBERON_0001553,medial tarsal artery,http://purl.obolibrary.org/obo/UBERON_0001363,great saphenous vein
http://purl.org/tara/ontology/TARA_7831710,TARA:7831710,SP 5,Spleen Meridian,http://purl.obolibrary.org/obo/UBERON_0002387,pes,http://uri.interlex.org/base/ilx_0795305,medial malleolus,http://purl.obolibrary.org/obo/UBERON_0035526,superficial fibular nerve,http://purl.obolibrary.org/obo/UBERON_0001553,medial tarsal artery,http://purl.obolibrary.org/obo/UBERON_0001363,great saphenous vein
http://purl.org/tara/ontology/TARA_7831710,TARA:7831710,SP 5,Spleen Meridian,http://purl.obolibrary.org/obo/UBERON_0002387,pes,http://uri.interlex.org/base/ilx_0795305,medial malleolus,http://uri.interlex.org/base/ilx_0797485,Medial crural cutaneous nerve,http://purl.obolibrary.org/obo/UBERON_0001553,medial tarsal artery,http://purl.obolibrary.org/obo/UBERON_0001363,great saphenous vein
http://purl.org/tara/ontology/TARA_4385250,TARA:4385250,SP 6,Spleen Meridian,http://purl.obolibrary.org/obo/UBERON_0003823,hindlimb zeugopod,http://uri.interlex.org/base/ilx_0795305,medial malleolus,http://uri.interlex.org/base/ilx_0797485,Medial crural cutaneous nerve,http://purl.obolibrary.org/obo/UBERON_0001538,posterior tibial artery,http://purl.obolibrary.org/obo/UBERON_0001363,great saphenous vein
http://purl.org/tara/ontology/TARA_4385250,TARA:4385250,SP 6,Spleen Meridian,http://purl.obolibrary.org/obo/UBERON_0003823,hindlimb zeugopod,http://uri.interlex.org/base/ilx_0795305,medial malleolus,http://uri.interlex.org/base/ilx_0797485,Medial crural cutaneous nerve,http://purl.obolibrary.org/obo/UBERON_0001538,posterior tibial artery,http://purl.obolibrary.org/obo/UBERON_0001546,posterior tibial vein
http://purl.org/tara/ontology/TARA_4385250,TARA:4385250,SP 6,Spleen Meridian,http://purl.obolibrary.org/obo/UBERON_0003823,hindlimb zeugopod,http://uri.interlex.org/base/ilx_0795305,medial malleolus,http://purl.obolibrary.org/obo/UBERON_0001323,tibial nerve,http://purl.obolibrary.org/obo/UBERON_0001538,posterior tibial artery,http://purl.obolibrary.org/obo/UBERON_0001363,great saphenous vein
http://purl.org/tara/ontology/TARA_4385250,TARA:4385250,SP 6,Spleen Meridian,http://purl.obolibrary.org/obo/UBERON_0003823,hindlimb zeugopod,http://uri.interlex.org/base/ilx_0795305,medial malleolus,http://purl.obolibrary.org/obo/UBERON_0001323,tibial nerve,http://purl.obolibrary.org/obo/UBERON_0001538,posterior tibial artery,http://purl.obolibrary.org/obo/UBERON_0001546,posterior tibial vein
http://purl.org/tara/ontology/TARA_4385250,TARA:4385250,SP 6,Spleen Meridian,http://purl.obolibrary.org/obo/UBERON_0003823,hindlimb zeugopod,http://purl.obolibrary.org/obo/UBERON_0000979,tibia,http://uri.interlex.org/base/ilx_0797485,Medial crural cutaneous nerve,http://purl.obolibrary.org/obo/UBERON_0001538,posterior tibial artery,http://purl.obolibrary.org/obo/UBERON_0001363,great saphenous vein
http://purl.org/tara/ontology/TARA_4385250,TARA:4385250,SP 6,Spleen Meridian,http://purl.obolibrary.org/obo/UBERON_0003823,hindlimb zeugopod,http://purl.obolibrary.org/obo/UBERON_0000979,tibia,http://uri.interlex.org/base/ilx_0797485,Medial crural cutaneous nerve,http://purl.obolibrary.org/obo/UBERON_0001538,posterior tibial artery,http://purl.obolibrary.org/obo/UBERON_0001546,posterior tibial vein
http://purl.org/tara/ontology/TARA_4385250,TARA:4385250,SP 6,Spleen Meridian,http://purl.obolibrary.org/obo/UBERON_0003823,hindlimb zeugopod,http://purl.obolibrary.org/obo/UBERON_0000979,tibia,http://purl.obolibrary.org/obo/UBERON_0001323,tibial nerve,http://purl.obolibrary.org/obo/UBERON_0001538,posterior tibial artery,http://purl.obolibrary.org/obo/UBERON_0001363,great saphenous vein
http://purl.org/tara/ontology/TARA_4385250,TARA:4385250,SP 6,Spleen Meridian,http://purl.obolibrary.org/obo/UBERON_0003823,hindlimb zeugopod,http://purl.obolibrary.org/obo/UBERON_0000979,tibia,http://purl.obolibrary.org/obo/UBERON_0001323,tibial nerve,http://purl.obolibrary.org/obo/UBERON_0001538,posterior tibial artery,http://purl.obolibrary.org/obo/UBERON_0001546,posterior tibial vein
http://purl.org/tara/ontology/TARA_8036487,TARA:8036487,SP 7,Spleen Meridian,http://purl.obolibrary.org/obo/UBERON_0003823,hindlimb zeugopod,http://uri.interlex.org/base/ilx_0795305,medial malleolus,http://uri.interlex.org/base/ilx_0797485,Medial crural cutaneous nerve,http://purl.obolibrary.org/obo/UBERON_0001538,posterior tibial artery,http://purl.obolibrary.org/obo/UBERON_0001363,great saphenous vein
http://purl.org/tara/ontology/TARA_8036487,TARA:8036487,SP 7,Spleen Meridian,http://purl.obolibrary.org/obo/UBERON_0003823,hindlimb zeugopod,http://uri.interlex.org/base/ilx_0795305,medial malleolus,http://uri.interlex.org/base/ilx_0797485,Medial crural cutaneous nerve,http://purl.obolibrary.org/obo/UBERON_0001538,posterior tibial artery,http://purl.obolibrary.org/obo/UBERON_0001546,posterior tibial vein
http://purl.org/tara/ontology/TARA_8036487,TARA:8036487,SP 7,Spleen Meridian,http://purl.obolibrary.org/obo/UBERON_0003823,hindlimb zeugopod,http://uri.interlex.org/base/ilx_0795305,medial malleolus,http://purl.obolibrary.org/obo/UBERON_0001323,tibial nerve,http://purl.obolibrary.org/obo/UBERON_0001538,posterior tibial artery,http://purl.obolibrary.org/obo/UBERON_0001363,great saphenous vein
http://purl.org/tara/ontology/TARA_8036487,TARA:8036487,SP 7,Spleen Meridian,http://purl.obolibrary.org/obo/UBERON_0003823,hindlimb zeugopod,http://uri.interlex.org/base/ilx_0795305,medial malleolus,http://purl.obolibrary.org/obo/UBERON_0001323,tibial nerve,http://purl.obolibrary.org/obo/UBERON_0001538,posterior tibial artery,http://purl.obolibrary.org/obo/UBERON_0001546,posterior tibial vein
http://purl.org/tara/ontology/TARA_8036487,TARA:8036487,SP 7,Spleen Meridian,http://purl.obolibrary.org/obo/UBERON_0003823,hindlimb zeugopod,http://purl.obolibrary.org/obo/UBERON_0000979,tibia,http://uri.interlex.org/base/ilx_0797485,Medial crural cutaneous nerve,http://purl.obolibrary.org/obo/UBERON_0001538,posterior tibial artery,http://purl.obolibrary.org/obo/UBERON_0001363,great saphenous vein
http://purl.org/tara/ontology/TARA_8036487,TARA:8036487,SP 7,Spleen Meridian,http://purl.obolibrary.org/obo/UBERON_0003823,hindlimb zeugopod,http://purl.obolibrary.org/obo/UBERON_0000979,tibia,http://uri.interlex.org/base/ilx_0797485,Medial crural cutaneous nerve,http://purl.obolibrary.org/obo/UBERON_0001538,posterior tibial artery,http://purl.obolibrary.org/obo/UBERON_0001546,posterior tibial vein
http://purl.org/tara/ontology/TARA_8036487,TARA:8036487,SP 7,Spleen Meridian,http://purl.obolibrary.org/obo/UBERON_0003823,hindlimb zeugopod,http://purl.obolibrary.org/obo/UBERON_0000979,tibia,http://purl.obolibrary.org/obo/UBERON_0001323,tibial nerve,http://purl.obolibrary.org/obo/UBERON_0001538,posterior tibial artery,http://purl.obolibrary.org/obo/UBERON_0001363,great saphenous vein
http://purl.org/tara/ontology/TARA_8036487,TARA:8036487,SP 7,Spleen Meridian,http://purl.obolibrary.org/obo/UBERON_0003823,hindlimb zeugopod,http://purl.obolibrary.org/obo/UBERON_0000979,tibia,http://purl.obolibrary.org/obo/UBERON_0001323,tibial nerve,http://purl.obolibrary.org/obo/UBERON_0001538,posterior tibial artery,http://purl.obolibrary.org/obo/UBERON_0001546,posterior tibial vein
http://purl.org/tara/ontology/TARA_6848518,TARA:6848518,SP 8,Spleen Meridian,http://purl.obolibrary.org/obo/UBERON_0003823,hindlimb zeugopod,http://uri.interlex.org/base/ilx_0795305,medial malleolus,http://uri.interlex.org/base/ilx_0797485,Medial crural cutaneous nerve,http://uri.interlex.org/base/ilx_0797504,Descending genicular artery,http://purl.obolibrary.org/obo/UBERON_0001363,great saphenous vein
http://purl.org/tara/ontology/TARA_6848518,TARA:6848518,SP 8,Spleen Meridian,http://purl.obolibrary.org/obo/UBERON_0003823,hindlimb zeugopod,http://uri.interlex.org/base/ilx_0795305,medial malleolus,http://uri.interlex.org/base/ilx_0797485,Medial crural cutaneous nerve,http://uri.interlex.org/base/ilx_0797504,Descending genicular artery,http://purl.obolibrary.org/obo/UBERON_0001546,posterior tibial vein
http://purl.org/tara/ontology/TARA_6848518,TARA:6848518,SP 8,Spleen Meridian,http://purl.obolibrary.org/obo/UBERON_0003823,hindlimb zeugopod,http://uri.interlex.org/base/ilx_0795305,medial malleolus,http://uri.interlex.org/base/ilx_0797485,Medial crural cutaneous nerve,http://purl.obolibrary.org/obo/UBERON_0001538,posterior tibial artery,http://purl.obolibrary.org/obo/UBERON_0001363,great saphenous vein
http://purl.org/tara/ontology/TARA_6848518,TARA:6848518,SP 8,Spleen Meridian,http://purl.obolibrary.org/obo/UBERON_0003823,hindlimb zeugopod,http://uri.interlex.org/base/ilx_0795305,medial malleolus,http://uri.interlex.org/base/ilx_0797485,Medial crural cutaneous nerve,http://purl.obolibrary.org/obo/UBERON_0001538,posterior tibial artery,http://purl.obolibrary.org/obo/UBERON_0001546,posterior tibial vein
http://purl.org/tara/ontology/TARA_6848518,TARA:6848518,SP 8,Spleen Meridian,http://purl.obolibrary.org/obo/UBERON_0003823,hindlimb zeugopod,http://uri.interlex.org/base/ilx_0795305,medial malleolus,http://purl.obolibrary.org/obo/UBERON_0001323,tibial nerve,http://uri.interlex.org/base/ilx_0797504,Descending genicular artery,http://purl.obolibrary.org/obo/UBERON_0001363,great saphenous vein
http://purl.org/tara/ontology/TARA_6848518,TARA:6848518,SP 8,Spleen Meridian,http://purl.obolibrary.org/obo/UBERON_0003823,hindlimb zeugopod,http://uri.interlex.org/base/ilx_0795305,medial malleolus,http://purl.obolibrary.org/obo/UBERON_0001323,tibial nerve,http://uri.interlex.org/base/ilx_0797504,Descending genicular artery,http://purl.obolibrary.org/obo/UBERON_0001546,posterior tibial vein
http://purl.org/tara/ontology/TARA_6848518,TARA:6848518,SP 8,Spleen Meridian,http://purl.obolibrary.org/obo/UBERON_0003823,hindlimb zeugopod,http://uri.interlex.org/base/ilx_0795305,medial malleolus,http://purl.obolibrary.org/obo/UBERON_0001323,tibial nerve,http://purl.obolibrary.org/obo/UBERON_0001538,posterior tibial artery,http://purl.obolibrary.org/obo/UBERON_0001363,great saphenous vein
http://purl.org/tara/ontology/TARA_6848518,TARA:6848518,SP 8,Spleen Meridian,http://purl.obolibrary.org/obo/UBERON_0003823,hindlimb zeugopod,http://uri.interlex.org/base/ilx_0795305,medial malleolus,http://purl.obolibrary.org/obo/UBERON_0001323,tibial nerve,http://purl.obolibrary.org/obo/UBERON_0001538,posterior tibial artery,http://purl.obolibrary.org/obo/UBERON_0001546,posterior tibial vein
http://purl.org/tara/ontology/TARA_6848518,TARA:6848518,SP 8,Spleen Meridian,http://purl.obolibrary.org/obo/UBERON_0003823,hindlimb zeugopod,http://purl.obolibrary.org/obo/UBERON_0002446,patella,http://uri.interlex.org/base/ilx_0797485,Medial crural cutaneous nerve,http://uri.interlex.org/base/ilx_0797504,Descending genicular artery,http://purl.obolibrary.org/obo/UBERON_0001363,great saphenous vein
http://purl.org/tara/ontology/TARA_6848518,TARA:6848518,SP 8,Spleen Meridian,http://purl.obolibrary.org/obo/UBERON_0003823,hindlimb zeugopod,http://purl.obolibrary.org/obo/UBERON_0002446,patella,http://uri.interlex.org/base/ilx_0797485,Medial crural cutaneous nerve,http://uri.interlex.org/base/ilx_0797504,Descending genicular artery,http://purl.obolibrary.org/obo/UBERON_0001546,posterior tibial vein
http://purl.org/tara/ontology/TARA_6848518,TARA:6848518,SP 8,Spleen Meridian,http://purl.obolibrary.org/obo/UBERON_0003823,hindlimb zeugopod,http://purl.obolibrary.org/obo/UBERON_0002446,patella,http://uri.interlex.org/base/ilx_0797485,Medial crural cutaneous nerve,http://purl.obolibrary.org/obo/UBERON_0001538,posterior tibial artery,http://purl.obolibrary.org/obo/UBERON_0001363,great saphenous vein
http://purl.org/tara/ontology/TARA_6848518,TARA:6848518,SP 8,Spleen Meridian,http://purl.obolibrary.org/obo/UBERON_0003823,hindlimb zeugopod,http://purl.obolibrary.org/obo/UBERON_0002446,patella,http://uri.interlex.org/base/ilx_0797485,Medial crural cutaneous nerve,http://purl.obolibrary.org/obo/UBERON_0001538,posterior tibial artery,http://purl.obolibrary.org/obo/UBERON_0001546,posterior tibial vein
http://purl.org/tara/ontology/TARA_6848518,TARA:6848518,SP 8,Spleen Meridian,http://purl.obolibrary.org/obo/UBERON_0003823,hindlimb zeugopod,http://purl.obolibrary.org/obo/UBERON_0002446,patella,http://purl.obolibrary.org/obo/UBERON_0001323,tibial nerve,http://uri.interlex.org/base/ilx_0797504,Descending genicular artery,http://purl.obolibrary.org/obo/UBERON_0001363,great saphenous vein
http://purl.org/tara/ontology/TARA_6848518,TARA:6848518,SP 8,Spleen Meridian,http://purl.obolibrary.org/obo/UBERON_0003823,hindlimb zeugopod,http://purl.obolibrary.org/obo/UBERON_0002446,patella,http://purl.obolibrary.org/obo/UBERON_0001323,tibial nerve,http://uri.interlex.org/base/ilx_0797504,Descending genicular artery,http://purl.obolibrary.org/obo/UBERON_0001546,posterior tibial vein
http://purl.org/tara/ontology/TARA_6848518,TARA:6848518,SP 8,Spleen Meridian,http://purl.obolibrary.org/obo/UBERON_0003823,hindlimb zeugopod,http://purl.obolibrary.org/obo/UBERON_0002446,patella,http://purl.obolibrary.org/obo/UBERON_0001323,tibial nerve,http://purl.obolibrary.org/obo/UBERON_0001538,posterior tibial artery,http://purl.obolibrary.org/obo/UBERON_0001363,great saphenous vein
http://purl.org/tara/ontology/TARA_6848518,TARA:6848518,SP 8,Spleen Meridian,http://purl.obolibrary.org/obo/UBERON_0003823,hindlimb zeugopod,http://purl.obolibrary.org/obo/UBERON_0002446,patella,http://purl.obolibrary.org/obo/UBERON_0001323,tibial nerve,http://purl.obolibrary.org/obo/UBERON_0001538,posterior tibial artery,http://purl.obolibrary.org/obo/UBERON_0001546,posterior tibial vein
http://purl.org/tara/ontology/TARA_6848518,TARA:6848518,SP 8,Spleen Meridian,http://purl.obolibrary.org/obo/UBERON_0003823,hindlimb zeugopod,http://purl.obolibrary.org/obo/UBERON_0000979,tibia,http://uri.interlex.org/base/ilx_0797485,Medial crural cutaneous nerve,http://uri.interlex.org/base/ilx_0797504,Descending genicular artery,http://purl.obolibrary.org/obo/UBERON_0001363,great saphenous vein
http://purl.org/tara/ontology/TARA_6848518,TARA:6848518,SP 8,Spleen Meridian,http://purl.obolibrary.org/obo/UBERON_0003823,hindlimb zeugopod,http://purl.obolibrary.org/obo/UBERON_0000979,tibia,http://uri.interlex.org/base/ilx_0797485,Medial crural cutaneous nerve,http://uri.interlex.org/base/ilx_0797504,Descending genicular artery,http://purl.obolibrary.org/obo/UBERON_0001546,posterior tibial vein
http://purl.org/tara/ontology/TARA_6848518,TARA:6848518,SP 8,Spleen Meridian,http://purl.obolibrary.org/obo/UBERON_0003823,hindlimb zeugopod,http://purl.obolibrary.org/obo/UBERON_0000979,tibia,http://uri.interlex.org/base/ilx_0797485,Medial crural cutaneous nerve,http://purl.obolibrary.org/obo/UBERON_0001538,posterior tibial artery,http://purl.obolibrary.org/obo/UBERON_0001363,great saphenous vein
http://purl.org/tara/ontology/TARA_6848518,TARA:6848518,SP 8,Spleen Meridian,http://purl.obolibrary.org/obo/UBERON_0003823,hindlimb zeugopod,http://purl.obolibrary.org/obo/UBERON_0000979,tibia,http://uri.interlex.org/base/ilx_0797485,Medial crural cutaneous nerve,http://purl.obolibrary.org/obo/UBERON_0001538,posterior tibial artery,http://purl.obolibrary.org/obo/UBERON_0001546,posterior tibial vein
http://purl.org/tara/ontology/TARA_6848518,TARA:6848518,SP 8,Spleen Meridian,http://purl.obolibrary.org/obo/UBERON_0003823,hindlimb zeugopod,http://purl.obolibrary.org/obo/UBERON_0000979,tibia,http://purl.obolibrary.org/obo/UBERON_0001323,tibial nerve,http://uri.interlex.org/base/ilx_0797504,Descending genicular artery,http://purl.obolibrary.org/obo/UBERON_0001363,great saphenous vein
http://purl.org/tara/ontology/TARA_6848518,TARA:6848518,SP 8,Spleen Meridian,http://purl.obolibrary.org/obo/UBERON_0003823,hindlimb zeugopod,http://purl.obolibrary.org/obo/UBERON_0000979,tibia,http://purl.obolibrary.org/obo/UBERON_0001323,tibial nerve,http://uri.interlex.org/base/ilx_0797504,Descending genicular artery,http://purl.obolibrary.org/obo/UBERON_0001546,posterior tibial vein
http://purl.org/tara/ontology/TARA_6848518,TARA:6848518,SP 8,Spleen Meridian,http://purl.obolibrary.org/obo/UBERON_0003823,hindlimb zeugopod,http://purl.obolibrary.org/obo/UBERON_0000979,tibia,http://purl.obolibrary.org/obo/UBERON_0001323,tibial nerve,http://purl.obolibrary.org/obo/UBERON_0001538,posterior tibial artery,http://purl.obolibrary.org/obo/UBERON_0001363,great saphenous vein
http://purl.org/tara/ontology/TARA_6848518,TARA:6848518,SP 8,Spleen Meridian,http://purl.obolibrary.org/obo/UBERON_0003823,hindlimb zeugopod,http://purl.obolibrary.org/obo/UBERON_0000979,tibia,http://purl.obolibrary.org/obo/UBERON_0001323,tibial nerve,http://purl.obolibrary.org/obo/UBERON_0001538,posterior tibial artery,http://purl.obolibrary.org/obo/UBERON_0001546,posterior tibial vein
http://purl.org/tara/ontology/TARA_3553465,TARA:3553465,SP 9,Spleen Meridian,http://purl.obolibrary.org/obo/UBERON_0003823,hindlimb zeugopod,http://purl.obolibrary.org/obo/UBERON_0001485,knee joint,http://uri.interlex.org/base/ilx_0797485,Medial crural cutaneous nerve,http://uri.interlex.org/base/ilx_0797504,Descending genicular artery,http://purl.obolibrary.org/obo/UBERON_0001363,great saphenous vein
http://purl.org/tara/ontology/TARA_3553465,TARA:3553465,SP 9,Spleen Meridian,http://purl.obolibrary.org/obo/UBERON_0003823,hindlimb zeugopod,http://purl.obolibrary.org/obo/UBERON_0001485,knee joint,http://uri.interlex.org/base/ilx_0797485,Medial crural cutaneous nerve,http://uri.interlex.org/base/ilx_0797504,Descending genicular artery,http://purl.obolibrary.org/obo/UBERON_0001546,posterior tibial vein
http://purl.org/tara/ontology/TARA_3553465,TARA:3553465,SP 9,Spleen Meridian,http://purl.obolibrary.org/obo/UBERON_0003823,hindlimb zeugopod,http://purl.obolibrary.org/obo/UBERON_0001485,knee joint,http://uri.interlex.org/base/ilx_0797485,Medial crural cutaneous nerve,http://purl.obolibrary.org/obo/UBERON_0001538,posterior tibial artery,http://purl.obolibrary.org/obo/UBERON_0001363,great saphenous vein
http://purl.org/tara/ontology/TARA_3553465,TARA:3553465,SP 9,Spleen Meridian,http://purl.obolibrary.org/obo/UBERON_0003823,hindlimb zeugopod,http://purl.obolibrary.org/obo/UBERON_0001485,knee joint,http://uri.interlex.org/base/ilx_0797485,Medial crural cutaneous nerve,http://purl.obolibrary.org/obo/UBERON_0001538,posterior tibial artery,http://purl.obolibrary.org/obo/UBERON_0001546,posterior tibial vein
http://purl.org/tara/ontology/TARA_3553465,TARA:3553465,SP 9,Spleen Meridian,http://purl.obolibrary.org/obo/UBERON_0003823,hindlimb zeugopod,http://purl.obolibrary.org/obo/UBERON_0001485,knee joint,http://purl.obolibrary.org/obo/UBERON_0001323,tibial nerve,http://uri.interlex.org/base/ilx_0797504,Descending genicular artery,http://purl.obolibrary.org/obo/UBERON_0001363,great saphenous vein
http://purl.org/tara/ontology/TARA_3553465,TARA:3553465,SP 9,Spleen Meridian,http://purl.obolibrary.org/obo/UBERON_0003823,hindlimb zeugopod,http://purl.obolibrary.org/obo/UBERON_0001485,knee joint,http://purl.obolibrary.org/obo/UBERON_0001323,tibial nerve,http://uri.interlex.org/base/ilx_0797504,Descending genicular artery,http://purl.obolibrary.org/obo/UBERON_0001546,posterior tibial vein
http://purl.org/tara/ontology/TARA_3553465,TARA:3553465,SP 9,Spleen Meridian,http://purl.obolibrary.org/obo/UBERON_0003823,hindlimb zeugopod,http://purl.obolibrary.org/obo/UBERON_0001485,knee joint,http://purl.obolibrary.org/obo/UBERON_0001323,tibial nerve,http://purl.obolibrary.org/obo/UBERON_0001538,posterior tibial artery,http://purl.obolibrary.org/obo/UBERON_0001363,great saphenous vein
http://purl.org/tara/ontology/TARA_3553465,TARA:3553465,SP 9,Spleen Meridian,http://purl.obolibrary.org/obo/UBERON_0003823,hindlimb zeugopod,http://purl.obolibrary.org/obo/UBERON_0001485,knee joint,http://purl.obolibrary.org/obo/UBERON_0001323,tibial nerve,http://purl.obolibrary.org/obo/UBERON_0001538,posterior tibial artery,http://purl.obolibrary.org/obo/UBERON_0001546,posterior tibial vein
http://purl.org/tara/ontology/TARA_3553465,TARA:3553465,SP 9,Spleen Meridian,http://purl.obolibrary.org/obo/UBERON_0003823,hindlimb zeugopod,http://purl.obolibrary.org/obo/UBERON_0009990,medial condyle of tibia,http://uri.interlex.org/base/ilx_0797485,Medial crural cutaneous nerve,http://uri.interlex.org/base/ilx_0797504,Descending genicular artery,http://purl.obolibrary.org/obo/UBERON_0001363,great saphenous vein
http://purl.org/tara/ontology/TARA_3553465,TARA:3553465,SP 9,Spleen Meridian,http://purl.obolibrary.org/obo/UBERON_0003823,hindlimb zeugopod,http://purl.obolibrary.org/obo/UBERON_0009990,medial condyle of tibia,http://uri.interlex.org/base/ilx_0797485,Medial crural cutaneous nerve,http://uri.interlex.org/base/ilx_0797504,Descending genicular artery,http://purl.obolibrary.org/obo/UBERON_0001546,posterior tibial vein
http://purl.org/tara/ontology/TARA_3553465,TARA:3553465,SP 9,Spleen Meridian,http://purl.obolibrary.org/obo/UBERON_0003823,hindlimb zeugopod,http://purl.obolibrary.org/obo/UBERON_0009990,medial condyle of tibia,http://uri.interlex.org/base/ilx_0797485,Medial crural cutaneous nerve,http://purl.obolibrary.org/obo/UBERON_0001538,posterior tibial artery,http://purl.obolibrary.org/obo/UBERON_0001363,great saphenous vein
http://purl.org/tara/ontology/TARA_3553465,TARA:3553465,SP 9,Spleen Meridian,http://purl.obolibrary.org/obo/UBERON_0003823,hindlimb zeugopod,http://purl.obolibrary.org/obo/UBERON_0009990,medial condyle of tibia,http://uri.interlex.org/base/ilx_0797485,Medial crural cutaneous nerve,http://purl.obolibrary.org/obo/UBERON_0001538,posterior tibial artery,http://purl.obolibrary.org/obo/UBERON_0001546,posterior tibial vein
http://purl.org/tara/ontology/TARA_3553465,TARA:3553465,SP 9,Spleen Meridian,http://purl.obolibrary.org/obo/UBERON_0003823,hindlimb zeugopod,http://purl.obolibrary.org/obo/UBERON_0009990,medial condyle of tibia,http://purl.obolibrary.org/obo/UBERON_0001323,tibial nerve,http://uri.interlex.org/base/ilx_0797504,Descending genicular artery,http://purl.obolibrary.org/obo/UBERON_0001363,great saphenous vein
http://purl.org/tara/ontology/TARA_3553465,TARA:3553465,SP 9,Spleen Meridian,http://purl.obolibrary.org/obo/UBERON_0003823,hindlimb zeugopod,http://purl.obolibrary.org/obo/UBERON_0009990,medial condyle of tibia,http://purl.obolibrary.org/obo/UBERON_0001323,tibial nerve,http://uri.interlex.org/base/ilx_0797504,Descending genicular artery,http://purl.obolibrary.org/obo/UBERON_0001546,posterior tibial vein
http://purl.org/tara/ontology/TARA_3553465,TARA:3553465,SP 9,Spleen Meridian,http://purl.obolibrary.org/obo/UBERON_0003823,hindlimb zeugopod,http://purl.obolibrary.org/obo/UBERON_0009990,medial condyle of tibia,http://purl.obolibrary.org/obo/UBERON_0001323,tibial nerve,http://purl.obolibrary.org/obo/UBERON_0001538,posterior tibial artery,http://purl.obolibrary.org/obo/UBERON_0001363,great saphenous vein
http://purl.org/tara/ontology/TARA_3553465,TARA:3553465,SP 9,Spleen Meridian,http://purl.obolibrary.org/obo/UBERON_0003823,hindlimb zeugopod,http://purl.obolibrary.org/obo/UBERON_0009990,medial condyle of tibia,http://purl.obolibrary.org/obo/UBERON_0001323,tibial nerve,http://purl.obolibrary.org/obo/UBERON_0001538,posterior tibial artery,http://purl.obolibrary.org/obo/UBERON_0001546,posterior tibial vein
http://purl.org/tara/ontology/TARA_3553465,TARA:3553465,SP 9,Spleen Meridian,http://purl.obolibrary.org/obo/UBERON_0003823,hindlimb zeugopod,http://purl.obolibrary.org/obo/UBERON_0000979,tibia,http://uri.interlex.org/base/ilx_0797485,Medial crural cutaneous nerve,http://uri.interlex.org/base/ilx_0797504,Descending genicular artery,http://purl.obolibrary.org/obo/UBERON_0001363,great saphenous vein
http://purl.org/tara/ontology/TARA_3553465,TARA:3553465,SP 9,Spleen Meridian,http://purl.obolibrary.org/obo/UBERON_0003823,hindlimb zeugopod,http://purl.obolibrary.org/obo/UBERON_0000979,tibia,http://uri.interlex.org/base/ilx_0797485,Medial crural cutaneous nerve,http://uri.interlex.org/base/ilx_0797504,Descending genicular artery,http://purl.obolibrary.org/obo/UBERON_0001546,posterior tibial vein
http://purl.org/tara/ontology/TARA_3553465,TARA:3553465,SP 9,Spleen Meridian,http://purl.obolibrary.org/obo/UBERON_0003823,hindlimb zeugopod,http://purl.obolibrary.org/obo/UBERON_0000979,tibia,http://uri.interlex.org/base/ilx_0797485,Medial crural cutaneous nerve,http://purl.obolibrary.org/obo/UBERON_0001538,posterior tibial artery,http://purl.obolibrary.org/obo/UBERON_0001363,great saphenous vein
http://purl.org/tara/ontology/TARA_3553465,TARA:3553465,SP 9,Spleen Meridian,http://purl.obolibrary.org/obo/UBERON_0003823,hindlimb zeugopod,http://purl.obolibrary.org/obo/UBERON_0000979,tibia,http://uri.interlex.org/base/ilx_0797485,Medial crural cutaneous nerve,http://purl.obolibrary.org/obo/UBERON_0001538,posterior tibial artery,http://purl.obolibrary.org/obo/UBERON_0001546,posterior tibial vein
http://purl.org/tara/ontology/TARA_3553465,TARA:3553465,SP 9,Spleen Meridian,http://purl.obolibrary.org/obo/UBERON_0003823,hindlimb zeugopod,http://purl.obolibrary.org/obo/UBERON_0000979,tibia,http://purl.obolibrary.org/obo/UBERON_0001323,tibial nerve,http://uri.interlex.org/base/ilx_0797504,Descending genicular artery,http://purl.obolibrary.org/obo/UBERON_0001363,great saphenous vein
http://purl.org/tara/ontology/TARA_3553465,TARA:3553465,SP 9,Spleen Meridian,http://purl.obolibrary.org/obo/UBERON_0003823,hindlimb zeugopod,http://purl.obolibrary.org/obo/UBERON_0000979,tibia,http://purl.obolibrary.org/obo/UBERON_0001323,tibial nerve,http://uri.interlex.org/base/ilx_0797504,Descending genicular artery,http://purl.obolibrary.org/obo/UBERON_0001546,posterior tibial vein
http://purl.org/tara/ontology/TARA_3553465,TARA:3553465,SP 9,Spleen Meridian,http://purl.obolibrary.org/obo/UBERON_0003823,hindlimb zeugopod,http://purl.obolibrary.org/obo/UBERON_0000979,tibia,http://purl.obolibrary.org/obo/UBERON_0001323,tibial nerve,http://purl.obolibrary.org/obo/UBERON_0001538,posterior tibial artery,http://purl.obolibrary.org/obo/UBERON_0001363,great saphenous vein
http://purl.org/tara/ontology/TARA_3553465,TARA:3553465,SP 9,Spleen Meridian,http://purl.obolibrary.org/obo/UBERON_0003823,hindlimb zeugopod,http://purl.obolibrary.org/obo/UBERON_0000979,tibia,http://purl.obolibrary.org/obo/UBERON_0001323,tibial nerve,http://purl.obolibrary.org/obo/UBERON_0001538,posterior tibial artery,http://purl.obolibrary.org/obo/UBERON_0001546,posterior tibial vein
http://purl.org/tara/ontology/TARA_4157768,TARA:4157768,ST 1,Stomach Meridian,http://purl.obolibrary.org/obo/UBERON_0001456,face,http://purl.obolibrary.org/obo/UBERON_0010230,eyeball of camera-type eye,http://purl.obolibrary.org/obo/UBERON_0018408,infra-orbital nerve,http://purl.obolibrary.org/obo/UBERON_0004646,infraorbital artery,http://uri.interlex.org/base/ilx_0797500,Infraorbital vein
http://purl.org/tara/ontology/TARA_4157768,TARA:4157768,ST 1,Stomach Meridian,http://purl.obolibrary.org/obo/UBERON_0001456,face,http://purl.obolibrary.org/obo/UBERON_0010230,eyeball of camera-type eye,http://purl.obolibrary.org/obo/UBERON_0018408,infra-orbital nerve,http://purl.obolibrary.org/obo/UBERON_0004646,infraorbital artery,http://purl.obolibrary.org/obo/UBERON_0011191,ophthalmic vein
http://purl.org/tara/ontology/TARA_4157768,TARA:4157768,ST 1,Stomach Meridian,http://purl.obolibrary.org/obo/UBERON_0001456,face,http://purl.obolibrary.org/obo/UBERON_0010230,eyeball of camera-type eye,http://purl.obolibrary.org/obo/UBERON_0018408,infra-orbital nerve,http://purl.obolibrary.org/obo/UBERON_0001619,ophthalmic artery,http://uri.interlex.org/base/ilx_0797500,Infraorbital vein
http://purl.org/tara/ontology/TARA_4157768,TARA:4157768,ST 1,Stomach Meridian,http://purl.obolibrary.org/obo/UBERON_0001456,face,http://purl.obolibrary.org/obo/UBERON_0010230,eyeball of camera-type eye,http://purl.obolibrary.org/obo/UBERON_0018408,infra-orbital nerve,http://purl.obolibrary.org/obo/UBERON_0001619,ophthalmic artery,http://purl.obolibrary.org/obo/UBERON_0011191,ophthalmic vein
http://purl.org/tara/ontology/TARA_4157768,TARA:4157768,ST 1,Stomach Meridian,http://purl.obolibrary.org/obo/UBERON_0001456,face,http://purl.obolibrary.org/obo/UBERON_0010230,eyeball of camera-type eye,http://purl.obolibrary.org/obo/UBERON_0001643,oculomotor nerve,http://purl.obolibrary.org/obo/UBERON_0004646,infraorbital artery,http://uri.interlex.org/base/ilx_0797500,Infraorbital vein
http://purl.org/tara/ontology/TARA_4157768,TARA:4157768,ST 1,Stomach Meridian,http://purl.obolibrary.org/obo/UBERON_0001456,face,http://purl.obolibrary.org/obo/UBERON_0010230,eyeball of camera-type eye,http://purl.obolibrary.org/obo/UBERON_0001643,oculomotor nerve,http://purl.obolibrary.org/obo/UBERON_0004646,infraorbital artery,http://purl.obolibrary.org/obo/UBERON_0011191,ophthalmic vein
http://purl.org/tara/ontology/TARA_4157768,TARA:4157768,ST 1,Stomach Meridian,http://purl.obolibrary.org/obo/UBERON_0001456,face,http://purl.obolibrary.org/obo/UBERON_0010230,eyeball of camera-type eye,http://purl.obolibrary.org/obo/UBERON_0001643,oculomotor nerve,http://purl.obolibrary.org/obo/UBERON_0001619,ophthalmic artery,http://uri.interlex.org/base/ilx_0797500,Infraorbital vein
http://purl.org/tara/ontology/TARA_4157768,TARA:4157768,ST 1,Stomach Meridian,http://purl.obolibrary.org/obo/UBERON_0001456,face,http://purl.obolibrary.org/obo/UBERON_0010230,eyeball of camera-type eye,http://purl.obolibrary.org/obo/UBERON_0001643,oculomotor nerve,http://purl.obolibrary.org/obo/UBERON_0001619,ophthalmic artery,http://purl.obolibrary.org/obo/UBERON_0011191,ophthalmic vein
http://purl.org/tara/ontology/TARA_4157768,TARA:4157768,ST 1,Stomach Meridian,http://purl.obolibrary.org/obo/UBERON_0001456,face,http://purl.obolibrary.org/obo/UBERON_0010230,eyeball of camera-type eye,http://purl.obolibrary.org/obo/UBERON_0001647,facial nerve,http://purl.obolibrary.org/obo/UBERON_0004646,infraorbital artery,http://uri.interlex.org/base/ilx_0797500,Infraorbital vein
http://purl.org/tara/ontology/TARA_4157768,TARA:4157768,ST 1,Stomach Meridian,http://purl.obolibrary.org/obo/UBERON_0001456,face,http://purl.obolibrary.org/obo/UBERON_0010230,eyeball of camera-type eye,http://purl.obolibrary.org/obo/UBERON_0001647,facial nerve,http://purl.obolibrary.org/obo/UBERON_0004646,infraorbital artery,http://purl.obolibrary.org/obo/UBERON_0011191,ophthalmic vein
http://purl.org/tara/ontology/TARA_4157768,TARA:4157768,ST 1,Stomach Meridian,http://purl.obolibrary.org/obo/UBERON_0001456,face,http://purl.obolibrary.org/obo/UBERON_0010230,eyeball of camera-type eye,http://purl.obolibrary.org/obo/UBERON_0001647,facial nerve,http://purl.obolibrary.org/obo/UBERON_0001619,ophthalmic artery,http://uri.interlex.org/base/ilx_0797500,Infraorbital vein
http://purl.org/tara/ontology/TARA_4157768,TARA:4157768,ST 1,Stomach Meridian,http://purl.obolibrary.org/obo/UBERON_0001456,face,http://purl.obolibrary.org/obo/UBERON_0010230,eyeball of camera-type eye,http://purl.obolibrary.org/obo/UBERON_0001647,facial nerve,http://purl.obolibrary.org/obo/UBERON_0001619,ophthalmic artery,http://purl.obolibrary.org/obo/UBERON_0011191,ophthalmic vein
http://purl.org/tara/ontology/TARA_4157768,TARA:4157768,ST 1,Stomach Meridian,http://purl.obolibrary.org/obo/UBERON_0001456,face,http://purl.obolibrary.org/obo/UBERON_0035848,infraorbital margin,http://purl.obolibrary.org/obo/UBERON_0018408,infra-orbital nerve,http://purl.obolibrary.org/obo/UBERON_0004646,infraorbital artery,http://uri.interlex.org/base/ilx_0797500,Infraorbital vein
http://purl.org/tara/ontology/TARA_4157768,TARA:4157768,ST 1,Stomach Meridian,http://purl.obolibrary.org/obo/UBERON_0001456,face,http://purl.obolibrary.org/obo/UBERON_0035848,infraorbital margin,http://purl.obolibrary.org/obo/UBERON_0018408,infra-orbital nerve,http://purl.obolibrary.org/obo/UBERON_0004646,infraorbital artery,http://purl.obolibrary.org/obo/UBERON_0011191,ophthalmic vein
http://purl.org/tara/ontology/TARA_4157768,TARA:4157768,ST 1,Stomach Meridian,http://purl.obolibrary.org/obo/UBERON_0001456,face,http://purl.obolibrary.org/obo/UBERON_0035848,infraorbital margin,http://purl.obolibrary.org/obo/UBERON_0018408,infra-orbital nerve,http://purl.obolibrary.org/obo/UBERON_0001619,ophthalmic artery,http://uri.interlex.org/base/ilx_0797500,Infraorbital vein
http://purl.org/tara/ontology/TARA_4157768,TARA:4157768,ST 1,Stomach Meridian,http://purl.obolibrary.org/obo/UBERON_0001456,face,http://purl.obolibrary.org/obo/UBERON_0035848,infraorbital margin,http://purl.obolibrary.org/obo/UBERON_0018408,infra-orbital nerve,http://purl.obolibrary.org/obo/UBERON_0001619,ophthalmic artery,http://purl.obolibrary.org/obo/UBERON_0011191,ophthalmic vein
http://purl.org/tara/ontology/TARA_4157768,TARA:4157768,ST 1,Stomach Meridian,http://purl.obolibrary.org/obo/UBERON_0001456,face,http://purl.obolibrary.org/obo/UBERON_0035848,infraorbital margin,http://purl.obolibrary.org/obo/UBERON_0001643,oculomotor nerve,http://purl.obolibrary.org/obo/UBERON_0004646,infraorbital artery,http://uri.interlex.org/base/ilx_0797500,Infraorbital vein
http://purl.org/tara/ontology/TARA_4157768,TARA:4157768,ST 1,Stomach Meridian,http://purl.obolibrary.org/obo/UBERON_0001456,face,http://purl.obolibrary.org/obo/UBERON_0035848,infraorbital margin,http://purl.obolibrary.org/obo/UBERON_0001643,oculomotor nerve,http://purl.obolibrary.org/obo/UBERON_0004646,infraorbital artery,http://purl.obolibrary.org/obo/UBERON_0011191,ophthalmic vein
http://purl.org/tara/ontology/TARA_4157768,TARA:4157768,ST 1,Stomach Meridian,http://purl.obolibrary.org/obo/UBERON_0001456,face,http://purl.obolibrary.org/obo/UBERON_0035848,infraorbital margin,http://purl.obolibrary.org/obo/UBERON_0001643,oculomotor nerve,http://purl.obolibrary.org/obo/UBERON_0001619,ophthalmic artery,http://uri.interlex.org/base/ilx_0797500,Infraorbital vein
http://purl.org/tara/ontology/TARA_4157768,TARA:4157768,ST 1,Stomach Meridian,http://purl.obolibrary.org/obo/UBERON_0001456,face,http://purl.obolibrary.org/obo/UBERON_0035848,infraorbital margin,http://purl.obolibrary.org/obo/UBERON_0001643,oculomotor nerve,http://purl.obolibrary.org/obo/UBERON_0001619,ophthalmic artery,http://purl.obolibrary.org/obo/UBERON_0011191,ophthalmic vein
http://purl.org/tara/ontology/TARA_4157768,TARA:4157768,ST 1,Stomach Meridian,http://purl.obolibrary.org/obo/UBERON_0001456,face,http://purl.obolibrary.org/obo/UBERON_0035848,infraorbital margin,http://purl.obolibrary.org/obo/UBERON_0001647,facial nerve,http://purl.obolibrary.org/obo/UBERON_0004646,infraorbital artery,http://uri.interlex.org/base/ilx_0797500,Infraorbital vein
http://purl.org/tara/ontology/TARA_4157768,TARA:4157768,ST 1,Stomach Meridian,http://purl.obolibrary.org/obo/UBERON_0001456,face,http://purl.obolibrary.org/obo/UBERON_0035848,infraorbital margin,http://purl.obolibrary.org/obo/UBERON_0001647,facial nerve,http://purl.obolibrary.org/obo/UBERON_0004646,infraorbital artery,http://purl.obolibrary.org/obo/UBERON_0011191,ophthalmic vein
http://purl.org/tara/ontology/TARA_4157768,TARA:4157768,ST 1,Stomach Meridian,http://purl.obolibrary.org/obo/UBERON_0001456,face,http://purl.obolibrary.org/obo/UBERON_0035848,infraorbital margin,http://purl.obolibrary.org/obo/UBERON_0001647,facial nerve,http://purl.obolibrary.org/obo/UBERON_0001619,ophthalmic artery,http://uri.interlex.org/base/ilx_0797500,Infraorbital vein
http://purl.org/tara/ontology/TARA_4157768,TARA:4157768,ST 1,Stomach Meridian,http://purl.obolibrary.org/obo/UBERON_0001456,face,http://purl.obolibrary.org/obo/UBERON_0035848,infraorbital margin,http://purl.obolibrary.org/obo/UBERON_0001647,facial nerve,http://purl.obolibrary.org/obo/UBERON_0001619,ophthalmic artery,http://purl.obolibrary.org/obo/UBERON_0011191,ophthalmic vein
http://purl.org/tara/ontology/TARA_4157768,TARA:4157768,ST 1,Stomach Meridian,http://purl.obolibrary.org/obo/UBERON_0001456,face,http://purl.obolibrary.org/obo/UBERON_0001771,pupil,http://purl.obolibrary.org/obo/UBERON_0018408,infra-orbital nerve,http://purl.obolibrary.org/obo/UBERON_0004646,infraorbital artery,http://uri.interlex.org/base/ilx_0797500,Infraorbital vein
http://purl.org/tara/ontology/TARA_4157768,TARA:4157768,ST 1,Stomach Meridian,http://purl.obolibrary.org/obo/UBERON_0001456,face,http://purl.obolibrary.org/obo/UBERON_0001771,pupil,http://purl.obolibrary.org/obo/UBERON_0018408,infra-orbital nerve,http://purl.obolibrary.org/obo/UBERON_0004646,infraorbital artery,http://purl.obolibrary.org/obo/UBERON_0011191,ophthalmic vein
http://purl.org/tara/ontology/TARA_4157768,TARA:4157768,ST 1,Stomach Meridian,http://purl.obolibrary.org/obo/UBERON_0001456,face,http://purl.obolibrary.org/obo/UBERON_0001771,pupil,http://purl.obolibrary.org/obo/UBERON_0018408,infra-orbital nerve,http://purl.obolibrary.org/obo/UBERON_0001619,ophthalmic artery,http://uri.interlex.org/base/ilx_0797500,Infraorbital vein
http://purl.org/tara/ontology/TARA_4157768,TARA:4157768,ST 1,Stomach Meridian,http://purl.obolibrary.org/obo/UBERON_0001456,face,http://purl.obolibrary.org/obo/UBERON_0001771,pupil,http://purl.obolibrary.org/obo/UBERON_0018408,infra-orbital nerve,http://purl.obolibrary.org/obo/UBERON_0001619,ophthalmic artery,http://purl.obolibrary.org/obo/UBERON_0011191,ophthalmic vein
http://purl.org/tara/ontology/TARA_4157768,TARA:4157768,ST 1,Stomach Meridian,http://purl.obolibrary.org/obo/UBERON_0001456,face,http://purl.obolibrary.org/obo/UBERON_0001771,pupil,http://purl.obolibrary.org/obo/UBERON_0001643,oculomotor nerve,http://purl.obolibrary.org/obo/UBERON_0004646,infraorbital artery,http://uri.interlex.org/base/ilx_0797500,Infraorbital vein
http://purl.org/tara/ontology/TARA_4157768,TARA:4157768,ST 1,Stomach Meridian,http://purl.obolibrary.org/obo/UBERON_0001456,face,http://purl.obolibrary.org/obo/UBERON_0001771,pupil,http://purl.obolibrary.org/obo/UBERON_0001643,oculomotor nerve,http://purl.obolibrary.org/obo/UBERON_0004646,infraorbital artery,http://purl.obolibrary.org/obo/UBERON_0011191,ophthalmic vein
http://purl.org/tara/ontology/TARA_4157768,TARA:4157768,ST 1,Stomach Meridian,http://purl.obolibrary.org/obo/UBERON_0001456,face,http://purl.obolibrary.org/obo/UBERON_0001771,pupil,http://purl.obolibrary.org/obo/UBERON_0001643,oculomotor nerve,http://purl.obolibrary.org/obo/UBERON_0001619,ophthalmic artery,http://uri.interlex.org/base/ilx_0797500,Infraorbital vein
http://purl.org/tara/ontology/TARA_4157768,TARA:4157768,ST 1,Stomach Meridian,http://purl.obolibrary.org/obo/UBERON_0001456,face,http://purl.obolibrary.org/obo/UBERON_0001771,pupil,http://purl.obolibrary.org/obo/UBERON_0001643,oculomotor nerve,http://purl.obolibrary.org/obo/UBERON_0001619,ophthalmic artery,http://purl.obolibrary.org/obo/UBERON_0011191,ophthalmic vein
http://purl.org/tara/ontology/TARA_4157768,TARA:4157768,ST 1,Stomach Meridian,http://purl.obolibrary.org/obo/UBERON_0001456,face,http://purl.obolibrary.org/obo/UBERON_0001771,pupil,http://purl.obolibrary.org/obo/UBERON_0001647,facial nerve,http://purl.obolibrary.org/obo/UBERON_0004646,infraorbital artery,http://uri.interlex.org/base/ilx_0797500,Infraorbital vein
http://purl.org/tara/ontology/TARA_4157768,TARA:4157768,ST 1,Stomach Meridian,http://purl.obolibrary.org/obo/UBERON_0001456,face,http://purl.obolibrary.org/obo/UBERON_0001771,pupil,http://purl.obolibrary.org/obo/UBERON_0001647,facial nerve,http://purl.obolibrary.org/obo/UBERON_0004646,infraorbital artery,http://purl.obolibrary.org/obo/UBERON_0011191,ophthalmic vein
http://purl.org/tara/ontology/TARA_4157768,TARA:4157768,ST 1,Stomach Meridian,http://purl.obolibrary.org/obo/UBERON_0001456,face,http://purl.obolibrary.org/obo/UBERON_0001771,pupil,http://purl.obolibrary.org/obo/UBERON_0001647,facial nerve,http://purl.obolibrary.org/obo/UBERON_0001619,ophthalmic artery,http://uri.interlex.org/base/ilx_0797500,Infraorbital vein
http://purl.org/tara/ontology/TARA_4157768,TARA:4157768,ST 1,Stomach Meridian,http://purl.obolibrary.org/obo/UBERON_0001456,face,http://purl.obolibrary.org/obo/UBERON_0001771,pupil,http://purl.obolibrary.org/obo/UBERON_0001647,facial nerve,http://purl.obolibrary.org/obo/UBERON_0001619,ophthalmic artery,http://purl.obolibrary.org/obo/UBERON_0011191,ophthalmic vein
http://purl.org/tara/ontology/TARA_1661723,TARA:1661723,ST 10,Stomach Meridian,http://purl.obolibrary.org/obo/UBERON_0000974,neck,http://purl.obolibrary.org/obo/UBERON_0002375,cricoid cartilage,http://uri.interlex.org/base/ilx_0797522,Superior cardiac nerve,http://purl.obolibrary.org/obo/UBERON_0010197,trunk of common carotid artery,,
http://purl.org/tara/ontology/TARA_1661723,TARA:1661723,ST 10,Stomach Meridian,http://purl.obolibrary.org/obo/UBERON_0000974,neck,http://purl.obolibrary.org/obo/UBERON_0002375,cricoid cartilage,http://uri.interlex.org/base/ilx_0797480,Transverse cervical nerve,http://purl.obolibrary.org/obo/UBERON_0010197,trunk of common carotid artery,,
http://purl.org/tara/ontology/TARA_1661723,TARA:1661723,ST 10,Stomach Meridian,http://purl.obolibrary.org/obo/UBERON_0000974,neck,http://purl.obolibrary.org/obo/UBERON_0002375,cricoid cartilage,http://purl.obolibrary.org/obo/UBERON_0034729,sympathetic nerve,http://purl.obolibrary.org/obo/UBERON_0010197,trunk of common carotid artery,,
http://purl.org/tara/ontology/TARA_1661723,TARA:1661723,ST 10,Stomach Meridian,http://purl.obolibrary.org/obo/UBERON_0000974,neck,http://purl.obolibrary.org/obo/UBERON_0002375,cricoid cartilage,http://purl.obolibrary.org/obo/UBERON_0000407,sympathetic trunk,http://purl.obolibrary.org/obo/UBERON_0010197,trunk of common carotid artery,,
http://purl.org/tara/ontology/TARA_1661723,TARA:1661723,ST 10,Stomach Meridian,http://purl.obolibrary.org/obo/UBERON_0000974,neck,http://purl.obolibrary.org/obo/UBERON_0001128,sternocleidomastoid,http://uri.interlex.org/base/ilx_0797522,Superior cardiac nerve,http://purl.obolibrary.org/obo/UBERON_0010197,trunk of common carotid artery,,
http://purl.org/tara/ontology/TARA_1661723,TARA:1661723,ST 10,Stomach Meridian,http://purl.obolibrary.org/obo/UBERON_0000974,neck,http://purl.obolibrary.org/obo/UBERON_0001128,sternocleidomastoid,http://uri.interlex.org/base/ilx_0797480,Transverse cervical nerve,http://purl.obolibrary.org/obo/UBERON_0010197,trunk of common carotid artery,,
http://purl.org/tara/ontology/TARA_1661723,TARA:1661723,ST 10,Stomach Meridian,http://purl.obolibrary.org/obo/UBERON_0000974,neck,http://purl.obolibrary.org/obo/UBERON_0001128,sternocleidomastoid,http://purl.obolibrary.org/obo/UBERON_0034729,sympathetic nerve,http://purl.obolibrary.org/obo/UBERON_0010197,trunk of common carotid artery,,
http://purl.org/tara/ontology/TARA_1661723,TARA:1661723,ST 10,Stomach Meridian,http://purl.obolibrary.org/obo/UBERON_0000974,neck,http://purl.obolibrary.org/obo/UBERON_0001128,sternocleidomastoid,http://purl.obolibrary.org/obo/UBERON_0000407,sympathetic trunk,http://purl.obolibrary.org/obo/UBERON_0010197,trunk of common carotid artery,,
http://purl.org/tara/ontology/TARA_4369524,TARA:4369524,ST 11,Stomach Meridian,http://purl.obolibrary.org/obo/UBERON_0000974,neck,http://purl.obolibrary.org/obo/UBERON_0001105,clavicle bone,http://uri.interlex.org/base/ilx_0797524,Branch of ansa cervicalis,http://purl.obolibrary.org/obo/UBERON_0010197,trunk of common carotid artery,http://purl.obolibrary.org/obo/UBERON_0001104,anterior jugular vein
http://purl.org/tara/ontology/TARA_4369524,TARA:4369524,ST 11,Stomach Meridian,http://purl.obolibrary.org/obo/UBERON_0000974,neck,http://purl.obolibrary.org/obo/UBERON_0001105,clavicle bone,http://uri.interlex.org/base/ilx_0797523,Medial supraclavicular nerve,http://purl.obolibrary.org/obo/UBERON_0010197,trunk of common carotid artery,http://purl.obolibrary.org/obo/UBERON_0001104,anterior jugular vein
http://purl.org/tara/ontology/TARA_4369524,TARA:4369524,ST 11,Stomach Meridian,http://purl.obolibrary.org/obo/UBERON_0000974,neck,http://uri.interlex.org/base/ilx_0795293,lesser supraclavicular fossa,http://uri.interlex.org/base/ilx_0797524,Branch of ansa cervicalis,http://purl.obolibrary.org/obo/UBERON_0010197,trunk of common carotid artery,http://purl.obolibrary.org/obo/UBERON_0001104,anterior jugular vein
http://purl.org/tara/ontology/TARA_4369524,TARA:4369524,ST 11,Stomach Meridian,http://purl.obolibrary.org/obo/UBERON_0000974,neck,http://uri.interlex.org/base/ilx_0795293,lesser supraclavicular fossa,http://uri.interlex.org/base/ilx_0797523,Medial supraclavicular nerve,http://purl.obolibrary.org/obo/UBERON_0010197,trunk of common carotid artery,http://purl.obolibrary.org/obo/UBERON_0001104,anterior jugular vein
http://purl.org/tara/ontology/TARA_4369524,TARA:4369524,ST 11,Stomach Meridian,http://purl.obolibrary.org/obo/UBERON_0000974,neck,http://purl.obolibrary.org/obo/UBERON_0001128,sternocleidomastoid,http://uri.interlex.org/base/ilx_0797524,Branch of ansa cervicalis,http://purl.obolibrary.org/obo/UBERON_0010197,trunk of common carotid artery,http://purl.obolibrary.org/obo/UBERON_0001104,anterior jugular vein
http://purl.org/tara/ontology/TARA_4369524,TARA:4369524,ST 11,Stomach Meridian,http://purl.obolibrary.org/obo/UBERON_0000974,neck,http://purl.obolibrary.org/obo/UBERON_0001128,sternocleidomastoid,http://uri.interlex.org/base/ilx_0797523,Medial supraclavicular nerve,http://purl.obolibrary.org/obo/UBERON_0010197,trunk of common carotid artery,http://purl.obolibrary.org/obo/UBERON_0001104,anterior jugular vein
http://purl.org/tara/ontology/TARA_2031703,TARA:2031703,ST 12,Stomach Meridian,http://purl.obolibrary.org/obo/UBERON_0000974,neck,http://uri.interlex.org/base/ilx_0795285,anterior median line,http://uri.interlex.org/base/ilx_0797476,Intermediate supraclavicular nerve,http://purl.obolibrary.org/obo/UBERON_0012324,transverse cervical artery,,
http://purl.org/tara/ontology/TARA_2031703,TARA:2031703,ST 12,Stomach Meridian,http://purl.obolibrary.org/obo/UBERON_0000974,neck,http://uri.interlex.org/base/ilx_0795285,anterior median line,http://purl.obolibrary.org/obo/UBERON_0001814,brachial nerve plexus,http://purl.obolibrary.org/obo/UBERON_0012324,transverse cervical artery,,
http://purl.org/tara/ontology/TARA_2031703,TARA:2031703,ST 12,Stomach Meridian,http://purl.obolibrary.org/obo/UBERON_0000974,neck,http://purl.obolibrary.org/obo/UBERON_0001105,clavicle bone,http://uri.interlex.org/base/ilx_0797476,Intermediate supraclavicular nerve,http://purl.obolibrary.org/obo/UBERON_0012324,transverse cervical artery,,
http://purl.org/tara/ontology/TARA_2031703,TARA:2031703,ST 12,Stomach Meridian,http://purl.obolibrary.org/obo/UBERON_0000974,neck,http://purl.obolibrary.org/obo/UBERON_0001105,clavicle bone,http://purl.obolibrary.org/obo/UBERON_0001814,brachial nerve plexus,http://purl.obolibrary.org/obo/UBERON_0012324,transverse cervical artery,,
http://purl.org/tara/ontology/TARA_2031703,TARA:2031703,ST 12,Stomach Meridian,http://purl.obolibrary.org/obo/UBERON_0000974,neck,http://uri.interlex.org/base/ilx_0795294,greater supraclavicular fossa,http://uri.interlex.org/base/ilx_0797476,Intermediate supraclavicular nerve,http://purl.obolibrary.org/obo/UBERON_0012324,transverse cervical artery,,
http://purl.org/tara/ontology/TARA_2031703,TARA:2031703,ST 12,Stomach Meridian,http://purl.obolibrary.org/obo/UBERON_0000974,neck,http://uri.interlex.org/base/ilx_0795294,greater supraclavicular fossa,http://purl.obolibrary.org/obo/UBERON_0001814,brachial nerve plexus,http://purl.obolibrary.org/obo/UBERON_0012324,transverse cervical artery,,
http://purl.org/tara/ontology/TARA_1904200,TARA:1904200,ST 13,Stomach Meridian,http://purl.obolibrary.org/obo/UBERON_0016416,anterior chest,http://uri.interlex.org/base/ilx_0795285,anterior median line,http://uri.interlex.org/base/ilx_0797474,Supraclavicular nerve,http://purl.obolibrary.org/obo/UBERON_0001395,thoraco-acromial artery,http://purl.obolibrary.org/obo/UBERON_0001587,subclavian vein
http://purl.org/tara/ontology/TARA_1904200,TARA:1904200,ST 13,Stomach Meridian,http://purl.obolibrary.org/obo/UBERON_0016416,anterior chest,http://uri.interlex.org/base/ilx_0795285,anterior median line,http://uri.interlex.org/base/ilx_0797474,Supraclavicular nerve,http://purl.obolibrary.org/obo/UBERON_0001395,thoraco-acromial artery,http://purl.obolibrary.org/obo/UBERON_8600074,thoracoacromial vein
http://purl.org/tara/ontology/TARA_1904200,TARA:1904200,ST 13,Stomach Meridian,http://purl.obolibrary.org/obo/UBERON_0016416,anterior chest,http://uri.interlex.org/base/ilx_0795285,anterior median line,http://uri.interlex.org/base/ilx_0794975,medial pectoral nerve,http://purl.obolibrary.org/obo/UBERON_0001395,thoraco-acromial artery,http://purl.obolibrary.org/obo/UBERON_0001587,subclavian vein
http://purl.org/tara/ontology/TARA_1904200,TARA:1904200,ST 13,Stomach Meridian,http://purl.obolibrary.org/obo/UBERON_0016416,anterior chest,http://uri.interlex.org/base/ilx_0795285,anterior median line,http://uri.interlex.org/base/ilx_0794975,medial pectoral nerve,http://purl.obolibrary.org/obo/UBERON_0001395,thoraco-acromial artery,http://purl.obolibrary.org/obo/UBERON_8600074,thoracoacromial vein
http://purl.org/tara/ontology/TARA_1904200,TARA:1904200,ST 13,Stomach Meridian,http://purl.obolibrary.org/obo/UBERON_0016416,anterior chest,http://purl.obolibrary.org/obo/UBERON_0001105,clavicle bone,http://uri.interlex.org/base/ilx_0797474,Supraclavicular nerve,http://purl.obolibrary.org/obo/UBERON_0001395,thoraco-acromial artery,http://purl.obolibrary.org/obo/UBERON_0001587,subclavian vein
http://purl.org/tara/ontology/TARA_1904200,TARA:1904200,ST 13,Stomach Meridian,http://purl.obolibrary.org/obo/UBERON_0016416,anterior chest,http://purl.obolibrary.org/obo/UBERON_0001105,clavicle bone,http://uri.interlex.org/base/ilx_0797474,Supraclavicular nerve,http://purl.obolibrary.org/obo/UBERON_0001395,thoraco-acromial artery,http://purl.obolibrary.org/obo/UBERON_8600074,thoracoacromial vein
http://purl.org/tara/ontology/TARA_1904200,TARA:1904200,ST 13,Stomach Meridian,http://purl.obolibrary.org/obo/UBERON_0016416,anterior chest,http://purl.obolibrary.org/obo/UBERON_0001105,clavicle bone,http://uri.interlex.org/base/ilx_0794975,medial pectoral nerve,http://purl.obolibrary.org/obo/UBERON_0001395,thoraco-acromial artery,http://purl.obolibrary.org/obo/UBERON_0001587,subclavian vein
http://purl.org/tara/ontology/TARA_1904200,TARA:1904200,ST 13,Stomach Meridian,http://purl.obolibrary.org/obo/UBERON_0016416,anterior chest,http://purl.obolibrary.org/obo/UBERON_0001105,clavicle bone,http://uri.interlex.org/base/ilx_0794975,medial pectoral nerve,http://purl.obolibrary.org/obo/UBERON_0001395,thoraco-acromial artery,http://purl.obolibrary.org/obo/UBERON_8600074,thoracoacromial vein
http://purl.org/tara/ontology/TARA_8915695,TARA:8915695,ST 14,Stomach Meridian,http://purl.obolibrary.org/obo/UBERON_0016416,anterior chest,http://uri.interlex.org/base/ilx_0795285,anterior median line,http://uri.interlex.org/base/ilx_0794975,medial pectoral nerve,http://purl.obolibrary.org/obo/UBERON_0001395,thoraco-acromial artery,http://purl.obolibrary.org/obo/UBERON_8600074,thoracoacromial vein
http://purl.org/tara/ontology/TARA_8915695,TARA:8915695,ST 14,Stomach Meridian,http://purl.obolibrary.org/obo/UBERON_0016416,anterior chest,http://uri.interlex.org/base/ilx_0795285,anterior median line,http://uri.interlex.org/base/ilx_0794975,medial pectoral nerve,http://purl.obolibrary.org/obo/UBERON_0001395,thoraco-acromial artery,http://purl.obolibrary.org/obo/UBERON_0002088,lateral thoracic vein
http://purl.org/tara/ontology/TARA_8915695,TARA:8915695,ST 14,Stomach Meridian,http://purl.obolibrary.org/obo/UBERON_0016416,anterior chest,http://uri.interlex.org/base/ilx_0795285,anterior median line,http://uri.interlex.org/base/ilx_0794975,medial pectoral nerve,http://purl.obolibrary.org/obo/UBERON_0001396,lateral thoracic artery,http://purl.obolibrary.org/obo/UBERON_8600074,thoracoacromial vein
http://purl.org/tara/ontology/TARA_8915695,TARA:8915695,ST 14,Stomach Meridian,http://purl.obolibrary.org/obo/UBERON_0016416,anterior chest,http://uri.interlex.org/base/ilx_0795285,anterior median line,http://uri.interlex.org/base/ilx_0794975,medial pectoral nerve,http://purl.obolibrary.org/obo/UBERON_0001396,lateral thoracic artery,http://purl.obolibrary.org/obo/UBERON_0002088,lateral thoracic vein
http://purl.org/tara/ontology/TARA_8915695,TARA:8915695,ST 14,Stomach Meridian,http://purl.obolibrary.org/obo/UBERON_0016416,anterior chest,http://uri.interlex.org/base/ilx_0795283,first intercostal space,http://uri.interlex.org/base/ilx_0794975,medial pectoral nerve,http://purl.obolibrary.org/obo/UBERON_0001395,thoraco-acromial artery,http://purl.obolibrary.org/obo/UBERON_8600074,thoracoacromial vein
http://purl.org/tara/ontology/TARA_8915695,TARA:8915695,ST 14,Stomach Meridian,http://purl.obolibrary.org/obo/UBERON_0016416,anterior chest,http://uri.interlex.org/base/ilx_0795283,first intercostal space,http://uri.interlex.org/base/ilx_0794975,medial pectoral nerve,http://purl.obolibrary.org/obo/UBERON_0001395,thoraco-acromial artery,http://purl.obolibrary.org/obo/UBERON_0002088,lateral thoracic vein
http://purl.org/tara/ontology/TARA_8915695,TARA:8915695,ST 14,Stomach Meridian,http://purl.obolibrary.org/obo/UBERON_0016416,anterior chest,http://uri.interlex.org/base/ilx_0795283,first intercostal space,http://uri.interlex.org/base/ilx_0794975,medial pectoral nerve,http://purl.obolibrary.org/obo/UBERON_0001396,lateral thoracic artery,http://purl.obolibrary.org/obo/UBERON_8600074,thoracoacromial vein
http://purl.org/tara/ontology/TARA_8915695,TARA:8915695,ST 14,Stomach Meridian,http://purl.obolibrary.org/obo/UBERON_0016416,anterior chest,http://uri.interlex.org/base/ilx_0795283,first intercostal space,http://uri.interlex.org/base/ilx_0794975,medial pectoral nerve,http://purl.obolibrary.org/obo/UBERON_0001396,lateral thoracic artery,http://purl.obolibrary.org/obo/UBERON_0002088,lateral thoracic vein
http://purl.org/tara/ontology/TARA_4714850,TARA:4714850,ST 15,Stomach Meridian,http://purl.obolibrary.org/obo/UBERON_0016416,anterior chest,http://uri.interlex.org/base/ilx_0795285,anterior median line,http://purl.obolibrary.org/obo/UBERON_0003726,thoracic nerve,http://purl.obolibrary.org/obo/UBERON_0001395,thoraco-acromial artery,http://purl.obolibrary.org/obo/UBERON_8600074,thoracoacromial vein
http://purl.org/tara/ontology/TARA_4714850,TARA:4714850,ST 15,Stomach Meridian,http://purl.obolibrary.org/obo/UBERON_0016416,anterior chest,http://uri.interlex.org/base/ilx_0795285,anterior median line,http://purl.obolibrary.org/obo/UBERON_0003726,thoracic nerve,http://purl.obolibrary.org/obo/UBERON_0001395,thoraco-acromial artery,http://purl.obolibrary.org/obo/UBERON_0002088,lateral thoracic vein
http://purl.org/tara/ontology/TARA_4714850,TARA:4714850,ST 15,Stomach Meridian,http://purl.obolibrary.org/obo/UBERON_0016416,anterior chest,http://uri.interlex.org/base/ilx_0795285,anterior median line,http://purl.obolibrary.org/obo/UBERON_0003726,thoracic nerve,http://purl.obolibrary.org/obo/UBERON_0001396,lateral thoracic artery,http://purl.obolibrary.org/obo/UBERON_8600074,thoracoacromial vein
http://purl.org/tara/ontology/TARA_4714850,TARA:4714850,ST 15,Stomach Meridian,http://purl.obolibrary.org/obo/UBERON_0016416,anterior chest,http://uri.interlex.org/base/ilx_0795285,anterior median line,http://purl.obolibrary.org/obo/UBERON_0003726,thoracic nerve,http://purl.obolibrary.org/obo/UBERON_0001396,lateral thoracic artery,http://purl.obolibrary.org/obo/UBERON_0002088,lateral thoracic vein
http://purl.org/tara/ontology/TARA_4714850,TARA:4714850,ST 15,Stomach Meridian,http://purl.obolibrary.org/obo/UBERON_0016416,anterior chest,http://uri.interlex.org/base/ilx_0795285,anterior median line,http://uri.interlex.org/base/ilx_0794975,medial pectoral nerve,http://purl.obolibrary.org/obo/UBERON_0001395,thoraco-acromial artery,http://purl.obolibrary.org/obo/UBERON_8600074,thoracoacromial vein
http://purl.org/tara/ontology/TARA_4714850,TARA:4714850,ST 15,Stomach Meridian,http://purl.obolibrary.org/obo/UBERON_0016416,anterior chest,http://uri.interlex.org/base/ilx_0795285,anterior median line,http://uri.interlex.org/base/ilx_0794975,medial pectoral nerve,http://purl.obolibrary.org/obo/UBERON_0001395,thoraco-acromial artery,http://purl.obolibrary.org/obo/UBERON_0002088,lateral thoracic vein
http://purl.org/tara/ontology/TARA_4714850,TARA:4714850,ST 15,Stomach Meridian,http://purl.obolibrary.org/obo/UBERON_0016416,anterior chest,http://uri.interlex.org/base/ilx_0795285,anterior median line,http://uri.interlex.org/base/ilx_0794975,medial pectoral nerve,http://purl.obolibrary.org/obo/UBERON_0001396,lateral thoracic artery,http://purl.obolibrary.org/obo/UBERON_8600074,thoracoacromial vein
http://purl.org/tara/ontology/TARA_4714850,TARA:4714850,ST 15,Stomach Meridian,http://purl.obolibrary.org/obo/UBERON_0016416,anterior chest,http://uri.interlex.org/base/ilx_0795285,anterior median line,http://uri.interlex.org/base/ilx_0794975,medial pectoral nerve,http://purl.obolibrary.org/obo/UBERON_0001396,lateral thoracic artery,http://purl.obolibrary.org/obo/UBERON_0002088,lateral thoracic vein
http://purl.org/tara/ontology/TARA_4714850,TARA:4714850,ST 15,Stomach Meridian,http://purl.obolibrary.org/obo/UBERON_0016416,anterior chest,http://purl.obolibrary.org/obo/UBERON_0004602,rib 2,http://purl.obolibrary.org/obo/UBERON_0003726,thoracic nerve,http://purl.obolibrary.org/obo/UBERON_0001395,thoraco-acromial artery,http://purl.obolibrary.org/obo/UBERON_8600074,thoracoacromial vein
http://purl.org/tara/ontology/TARA_4714850,TARA:4714850,ST 15,Stomach Meridian,http://purl.obolibrary.org/obo/UBERON_0016416,anterior chest,http://purl.obolibrary.org/obo/UBERON_0004602,rib 2,http://purl.obolibrary.org/obo/UBERON_0003726,thoracic nerve,http://purl.obolibrary.org/obo/UBERON_0001395,thoraco-acromial artery,http://purl.obolibrary.org/obo/UBERON_0002088,lateral thoracic vein
http://purl.org/tara/ontology/TARA_4714850,TARA:4714850,ST 15,Stomach Meridian,http://purl.obolibrary.org/obo/UBERON_0016416,anterior chest,http://purl.obolibrary.org/obo/UBERON_0004602,rib 2,http://purl.obolibrary.org/obo/UBERON_0003726,thoracic nerve,http://purl.obolibrary.org/obo/UBERON_0001396,lateral thoracic artery,http://purl.obolibrary.org/obo/UBERON_8600074,thoracoacromial vein
http://purl.org/tara/ontology/TARA_4714850,TARA:4714850,ST 15,Stomach Meridian,http://purl.obolibrary.org/obo/UBERON_0016416,anterior chest,http://purl.obolibrary.org/obo/UBERON_0004602,rib 2,http://purl.obolibrary.org/obo/UBERON_0003726,thoracic nerve,http://purl.obolibrary.org/obo/UBERON_0001396,lateral thoracic artery,http://purl.obolibrary.org/obo/UBERON_0002088,lateral thoracic vein
http://purl.org/tara/ontology/TARA_4714850,TARA:4714850,ST 15,Stomach Meridian,http://purl.obolibrary.org/obo/UBERON_0016416,anterior chest,http://purl.obolibrary.org/obo/UBERON_0004602,rib 2,http://uri.interlex.org/base/ilx_0794975,medial pectoral nerve,http://purl.obolibrary.org/obo/UBERON_0001395,thoraco-acromial artery,http://purl.obolibrary.org/obo/UBERON_8600074,thoracoacromial vein
http://purl.org/tara/ontology/TARA_4714850,TARA:4714850,ST 15,Stomach Meridian,http://purl.obolibrary.org/obo/UBERON_0016416,anterior chest,http://purl.obolibrary.org/obo/UBERON_0004602,rib 2,http://uri.interlex.org/base/ilx_0794975,medial pectoral nerve,http://purl.obolibrary.org/obo/UBERON_0001395,thoraco-acromial artery,http://purl.obolibrary.org/obo/UBERON_0002088,lateral thoracic vein
http://purl.org/tara/ontology/TARA_4714850,TARA:4714850,ST 15,Stomach Meridian,http://purl.obolibrary.org/obo/UBERON_0016416,anterior chest,http://purl.obolibrary.org/obo/UBERON_0004602,rib 2,http://uri.interlex.org/base/ilx_0794975,medial pectoral nerve,http://purl.obolibrary.org/obo/UBERON_0001396,lateral thoracic artery,http://purl.obolibrary.org/obo/UBERON_8600074,thoracoacromial vein
http://purl.org/tara/ontology/TARA_4714850,TARA:4714850,ST 15,Stomach Meridian,http://purl.obolibrary.org/obo/UBERON_0016416,anterior chest,http://purl.obolibrary.org/obo/UBERON_0004602,rib 2,http://uri.interlex.org/base/ilx_0794975,medial pectoral nerve,http://purl.obolibrary.org/obo/UBERON_0001396,lateral thoracic artery,http://purl.obolibrary.org/obo/UBERON_0002088,lateral thoracic vein
http://purl.org/tara/ontology/TARA_4714850,TARA:4714850,ST 15,Stomach Meridian,http://purl.obolibrary.org/obo/UBERON_0016416,anterior chest,http://uri.interlex.org/base/ilx_0795295,second intercostal space,http://purl.obolibrary.org/obo/UBERON_0003726,thoracic nerve,http://purl.obolibrary.org/obo/UBERON_0001395,thoraco-acromial artery,http://purl.obolibrary.org/obo/UBERON_8600074,thoracoacromial vein
http://purl.org/tara/ontology/TARA_4714850,TARA:4714850,ST 15,Stomach Meridian,http://purl.obolibrary.org/obo/UBERON_0016416,anterior chest,http://uri.interlex.org/base/ilx_0795295,second intercostal space,http://purl.obolibrary.org/obo/UBERON_0003726,thoracic nerve,http://purl.obolibrary.org/obo/UBERON_0001395,thoraco-acromial artery,http://purl.obolibrary.org/obo/UBERON_0002088,lateral thoracic vein
http://purl.org/tara/ontology/TARA_4714850,TARA:4714850,ST 15,Stomach Meridian,http://purl.obolibrary.org/obo/UBERON_0016416,anterior chest,http://uri.interlex.org/base/ilx_0795295,second intercostal space,http://purl.obolibrary.org/obo/UBERON_0003726,thoracic nerve,http://purl.obolibrary.org/obo/UBERON_0001396,lateral thoracic artery,http://purl.obolibrary.org/obo/UBERON_8600074,thoracoacromial vein
http://purl.org/tara/ontology/TARA_4714850,TARA:4714850,ST 15,Stomach Meridian,http://purl.obolibrary.org/obo/UBERON_0016416,anterior chest,http://uri.interlex.org/base/ilx_0795295,second intercostal space,http://purl.obolibrary.org/obo/UBERON_0003726,thoracic nerve,http://purl.obolibrary.org/obo/UBERON_0001396,lateral thoracic artery,http://purl.obolibrary.org/obo/UBERON_0002088,lateral thoracic vein
http://purl.org/tara/ontology/TARA_4714850,TARA:4714850,ST 15,Stomach Meridian,http://purl.obolibrary.org/obo/UBERON_0016416,anterior chest,http://uri.interlex.org/base/ilx_0795295,second intercostal space,http://uri.interlex.org/base/ilx_0794975,medial pectoral nerve,http://purl.obolibrary.org/obo/UBERON_0001395,thoraco-acromial artery,http://purl.obolibrary.org/obo/UBERON_8600074,thoracoacromial vein
http://purl.org/tara/ontology/TARA_4714850,TARA:4714850,ST 15,Stomach Meridian,http://purl.obolibrary.org/obo/UBERON_0016416,anterior chest,http://uri.interlex.org/base/ilx_0795295,second intercostal space,http://uri.interlex.org/base/ilx_0794975,medial pectoral nerve,http://purl.obolibrary.org/obo/UBERON_0001395,thoraco-acromial artery,http://purl.obolibrary.org/obo/UBERON_0002088,lateral thoracic vein
http://purl.org/tara/ontology/TARA_4714850,TARA:4714850,ST 15,Stomach Meridian,http://purl.obolibrary.org/obo/UBERON_0016416,anterior chest,http://uri.interlex.org/base/ilx_0795295,second intercostal space,http://uri.interlex.org/base/ilx_0794975,medial pectoral nerve,http://purl.obolibrary.org/obo/UBERON_0001396,lateral thoracic artery,http://purl.obolibrary.org/obo/UBERON_8600074,thoracoacromial vein
http://purl.org/tara/ontology/TARA_4714850,TARA:4714850,ST 15,Stomach Meridian,http://purl.obolibrary.org/obo/UBERON_0016416,anterior chest,http://uri.interlex.org/base/ilx_0795295,second intercostal space,http://uri.interlex.org/base/ilx_0794975,medial pectoral nerve,http://purl.obolibrary.org/obo/UBERON_0001396,lateral thoracic artery,http://purl.obolibrary.org/obo/UBERON_0002088,lateral thoracic vein
http://purl.org/tara/ontology/TARA_4714850,TARA:4714850,ST 15,Stomach Meridian,http://purl.obolibrary.org/obo/UBERON_0016416,anterior chest,http://uri.interlex.org/base/ilx_0795296,sternal angle,http://purl.obolibrary.org/obo/UBERON_0003726,thoracic nerve,http://purl.obolibrary.org/obo/UBERON_0001395,thoraco-acromial artery,http://purl.obolibrary.org/obo/UBERON_8600074,thoracoacromial vein
http://purl.org/tara/ontology/TARA_4714850,TARA:4714850,ST 15,Stomach Meridian,http://purl.obolibrary.org/obo/UBERON_0016416,anterior chest,http://uri.interlex.org/base/ilx_0795296,sternal angle,http://purl.obolibrary.org/obo/UBERON_0003726,thoracic nerve,http://purl.obolibrary.org/obo/UBERON_0001395,thoraco-acromial artery,http://purl.obolibrary.org/obo/UBERON_0002088,lateral thoracic vein
http://purl.org/tara/ontology/TARA_4714850,TARA:4714850,ST 15,Stomach Meridian,http://purl.obolibrary.org/obo/UBERON_0016416,anterior chest,http://uri.interlex.org/base/ilx_0795296,sternal angle,http://purl.obolibrary.org/obo/UBERON_0003726,thoracic nerve,http://purl.obolibrary.org/obo/UBERON_0001396,lateral thoracic artery,http://purl.obolibrary.org/obo/UBERON_8600074,thoracoacromial vein
http://purl.org/tara/ontology/TARA_4714850,TARA:4714850,ST 15,Stomach Meridian,http://purl.obolibrary.org/obo/UBERON_0016416,anterior chest,http://uri.interlex.org/base/ilx_0795296,sternal angle,http://purl.obolibrary.org/obo/UBERON_0003726,thoracic nerve,http://purl.obolibrary.org/obo/UBERON_0001396,lateral thoracic artery,http://purl.obolibrary.org/obo/UBERON_0002088,lateral thoracic vein
http://purl.org/tara/ontology/TARA_4714850,TARA:4714850,ST 15,Stomach Meridian,http://purl.obolibrary.org/obo/UBERON_0016416,anterior chest,http://uri.interlex.org/base/ilx_0795296,sternal angle,http://uri.interlex.org/base/ilx_0794975,medial pectoral nerve,http://purl.obolibrary.org/obo/UBERON_0001395,thoraco-acromial artery,http://purl.obolibrary.org/obo/UBERON_8600074,thoracoacromial vein
http://purl.org/tara/ontology/TARA_4714850,TARA:4714850,ST 15,Stomach Meridian,http://purl.obolibrary.org/obo/UBERON_0016416,anterior chest,http://uri.interlex.org/base/ilx_0795296,sternal angle,http://uri.interlex.org/base/ilx_0794975,medial pectoral nerve,http://purl.obolibrary.org/obo/UBERON_0001395,thoraco-acromial artery,http://purl.obolibrary.org/obo/UBERON_0002088,lateral thoracic vein
http://purl.org/tara/ontology/TARA_4714850,TARA:4714850,ST 15,Stomach Meridian,http://purl.obolibrary.org/obo/UBERON_0016416,anterior chest,http://uri.interlex.org/base/ilx_0795296,sternal angle,http://uri.interlex.org/base/ilx_0794975,medial pectoral nerve,http://purl.obolibrary.org/obo/UBERON_0001396,lateral thoracic artery,http://purl.obolibrary.org/obo/UBERON_8600074,thoracoacromial vein
http://purl.org/tara/ontology/TARA_4714850,TARA:4714850,ST 15,Stomach Meridian,http://purl.obolibrary.org/obo/UBERON_0016416,anterior chest,http://uri.interlex.org/base/ilx_0795296,sternal angle,http://uri.interlex.org/base/ilx_0794975,medial pectoral nerve,http://purl.obolibrary.org/obo/UBERON_0001396,lateral thoracic artery,http://purl.obolibrary.org/obo/UBERON_0002088,lateral thoracic vein
http://purl.org/tara/ontology/TARA_4611734,TARA:4611734,ST 16,Stomach Meridian,http://purl.obolibrary.org/obo/UBERON_0016416,anterior chest,http://uri.interlex.org/base/ilx_0795285,anterior median line,http://uri.interlex.org/base/ilx_0794975,medial pectoral nerve,http://purl.obolibrary.org/obo/UBERON_0001396,lateral thoracic artery,http://purl.obolibrary.org/obo/UBERON_0002088,lateral thoracic vein
http://purl.org/tara/ontology/TARA_4611734,TARA:4611734,ST 16,Stomach Meridian,http://purl.obolibrary.org/obo/UBERON_0016416,anterior chest,http://uri.interlex.org/base/ilx_0795297,third intercostal space,http://uri.interlex.org/base/ilx_0794975,medial pectoral nerve,http://purl.obolibrary.org/obo/UBERON_0001396,lateral thoracic artery,http://purl.obolibrary.org/obo/UBERON_0002088,lateral thoracic vein
http://purl.org/tara/ontology/TARA_9460971,TARA:9460971,ST 17,Stomach Meridian,http://purl.obolibrary.org/obo/UBERON_0016416,anterior chest,http://purl.obolibrary.org/obo/UBERON_0002030,nipple,http://uri.interlex.org/base/ilx_0784694,Fourth intercostal nerve,,,,
http://purl.org/tara/ontology/TARA_8225693,TARA:8225693,ST 17 (Female),Stomach Meridian,http://purl.obolibrary.org/obo/UBERON_0016416,anterior chest,http://purl.obolibrary.org/obo/UBERON_0002030,nipple,http://uri.interlex.org/base/ilx_0784694,Fourth intercostal nerve,,,,
http://purl.org/tara/ontology/TARA_5795994,TARA:5795994,ST 17 (Male),Stomach Meridian,http://purl.obolibrary.org/obo/UBERON_0016416,anterior chest,http://uri.interlex.org/base/ilx_0795298,fourth intercostal space,http://uri.interlex.org/base/ilx_0784694,Fourth intercostal nerve,,,,
http://purl.org/tara/ontology/TARA_5795994,TARA:5795994,ST 17 (Male),Stomach Meridian,http://purl.obolibrary.org/obo/UBERON_0016416,anterior chest,http://purl.obolibrary.org/obo/UBERON_0002030,nipple,http://uri.interlex.org/base/ilx_0784694,Fourth intercostal nerve,,,,
http://purl.org/tara/ontology/TARA_6412285,TARA:6412285,ST 18,Stomach Meridian,http://purl.obolibrary.org/obo/UBERON_0016416,anterior chest,http://uri.interlex.org/base/ilx_0795285,anterior median line,http://uri.interlex.org/base/ilx_0787443,Fifth intercostal nerve,http://purl.obolibrary.org/obo/UBERON_0005612,intercostal artery,http://purl.obolibrary.org/obo/UBERON_0012197,intercostal vein
http://purl.org/tara/ontology/TARA_6412285,TARA:6412285,ST 18,Stomach Meridian,http://purl.obolibrary.org/obo/UBERON_0016416,anterior chest,http://uri.interlex.org/base/ilx_0795299,fifth intercostal space,http://uri.interlex.org/base/ilx_0787443,Fifth intercostal nerve,http://purl.obolibrary.org/obo/UBERON_0005612,intercostal artery,http://purl.obolibrary.org/obo/UBERON_0012197,intercostal vein
http://purl.org/tara/ontology/TARA_6412285,TARA:6412285,ST 18,Stomach Meridian,http://purl.obolibrary.org/obo/UBERON_0016416,anterior chest,http://uri.interlex.org/base/ilx_0795300,nipple line,http://uri.interlex.org/base/ilx_0787443,Fifth intercostal nerve,http://purl.obolibrary.org/obo/UBERON_0005612,intercostal artery,http://purl.obolibrary.org/obo/UBERON_0012197,intercostal vein
http://purl.org/tara/ontology/TARA_7823403,TARA:7823403,ST 18 (Female),Stomach Meridian,http://purl.obolibrary.org/obo/UBERON_0016416,anterior chest,http://uri.interlex.org/base/ilx_0795285,anterior median line,http://uri.interlex.org/base/ilx_0787443,Fifth intercostal nerve,http://purl.obolibrary.org/obo/UBERON_0005612,intercostal artery,http://purl.obolibrary.org/obo/UBERON_0012197,intercostal vein
http://purl.org/tara/ontology/TARA_7823403,TARA:7823403,ST 18 (Female),Stomach Meridian,http://purl.obolibrary.org/obo/UBERON_0016416,anterior chest,http://uri.interlex.org/base/ilx_0795299,fifth intercostal space,http://uri.interlex.org/base/ilx_0787443,Fifth intercostal nerve,http://purl.obolibrary.org/obo/UBERON_0005612,intercostal artery,http://purl.obolibrary.org/obo/UBERON_0012197,intercostal vein
http://purl.org/tara/ontology/TARA_7823403,TARA:7823403,ST 18 (Female),Stomach Meridian,http://purl.obolibrary.org/obo/UBERON_0016416,anterior chest,http://purl.obolibrary.org/obo/UBERON_0013692,inframammary fold,http://uri.interlex.org/base/ilx_0787443,Fifth intercostal nerve,http://purl.obolibrary.org/obo/UBERON_0005612,intercostal artery,http://purl.obolibrary.org/obo/UBERON_0012197,intercostal vein
http://purl.org/tara/ontology/TARA_7823403,TARA:7823403,ST 18 (Female),Stomach Meridian,http://purl.obolibrary.org/obo/UBERON_0016416,anterior chest,http://uri.interlex.org/base/ilx_0795300,nipple line,http://uri.interlex.org/base/ilx_0787443,Fifth intercostal nerve,http://purl.obolibrary.org/obo/UBERON_0005612,intercostal artery,http://purl.obolibrary.org/obo/UBERON_0012197,intercostal vein
http://purl.org/tara/ontology/TARA_4684195,TARA:4684195,ST 18 (Male),Stomach Meridian,http://purl.obolibrary.org/obo/UBERON_0016416,anterior chest,http://uri.interlex.org/base/ilx_0795285,anterior median line,http://uri.interlex.org/base/ilx_0787443,Fifth intercostal nerve,http://purl.obolibrary.org/obo/UBERON_0005612,intercostal artery,http://purl.obolibrary.org/obo/UBERON_0012197,intercostal vein
http://purl.org/tara/ontology/TARA_4684195,TARA:4684195,ST 18 (Male),Stomach Meridian,http://purl.obolibrary.org/obo/UBERON_0016416,anterior chest,http://uri.interlex.org/base/ilx_0795299,fifth intercostal space,http://uri.interlex.org/base/ilx_0787443,Fifth intercostal nerve,http://purl.obolibrary.org/obo/UBERON_0005612,intercostal artery,http://purl.obolibrary.org/obo/UBERON_0012197,intercostal vein
http://purl.org/tara/ontology/TARA_4684195,TARA:4684195,ST 18 (Male),Stomach Meridian,http://purl.obolibrary.org/obo/UBERON_0016416,anterior chest,http://uri.interlex.org/base/ilx_0795300,nipple line,http://uri.interlex.org/base/ilx_0787443,Fifth intercostal nerve,http://purl.obolibrary.org/obo/UBERON_0005612,intercostal artery,http://purl.obolibrary.org/obo/UBERON_0012197,intercostal vein
http://purl.org/tara/ontology/TARA_7653020,TARA:7653020,ST 19,Stomach Meridian,http://uri.interlex.org/base/ilx_0795301,upper abdomen,http://uri.interlex.org/base/ilx_0795285,anterior median line,http://uri.interlex.org/base/ilx_0791808,Seventh intercostal nerve,http://purl.obolibrary.org/obo/UBERON_0007153,superior epigastric artery,http://purl.obolibrary.org/obo/UBERON_0007155,superior epigastric vein
http://purl.org/tara/ontology/TARA_7653020,TARA:7653020,ST 19,Stomach Meridian,http://uri.interlex.org/base/ilx_0795301,upper abdomen,http://uri.interlex.org/base/ilx_0795285,anterior median line,http://uri.interlex.org/base/ilx_0791808,Seventh intercostal nerve,http://purl.obolibrary.org/obo/UBERON_0007153,superior epigastric artery,http://purl.obolibrary.org/obo/UBERON_0012197,intercostal vein
http://purl.org/tara/ontology/TARA_7653020,TARA:7653020,ST 19,Stomach Meridian,http://uri.interlex.org/base/ilx_0795301,upper abdomen,http://uri.interlex.org/base/ilx_0795285,anterior median line,http://uri.interlex.org/base/ilx_0791808,Seventh intercostal nerve,http://uri.interlex.org/base/ilx_0792908,Seventh posterior intercostal artery,http://purl.obolibrary.org/obo/UBERON_0007155,superior epigastric vein
http://purl.org/tara/ontology/TARA_7653020,TARA:7653020,ST 19,Stomach Meridian,http://uri.interlex.org/base/ilx_0795301,upper abdomen,http://uri.interlex.org/base/ilx_0795285,anterior median line,http://uri.interlex.org/base/ilx_0791808,Seventh intercostal nerve,http://uri.interlex.org/base/ilx_0792908,Seventh posterior intercostal artery,http://purl.obolibrary.org/obo/UBERON_0012197,intercostal vein
http://purl.org/tara/ontology/TARA_7653020,TARA:7653020,ST 19,Stomach Meridian,http://uri.interlex.org/base/ilx_0795301,upper abdomen,http://uri.interlex.org/base/ilx_0795302,infrasternal angle,http://uri.interlex.org/base/ilx_0791808,Seventh intercostal nerve,http://purl.obolibrary.org/obo/UBERON_0007153,superior epigastric artery,http://purl.obolibrary.org/obo/UBERON_0007155,superior epigastric vein
http://purl.org/tara/ontology/TARA_7653020,TARA:7653020,ST 19,Stomach Meridian,http://uri.interlex.org/base/ilx_0795301,upper abdomen,http://uri.interlex.org/base/ilx_0795302,infrasternal angle,http://uri.interlex.org/base/ilx_0791808,Seventh intercostal nerve,http://purl.obolibrary.org/obo/UBERON_0007153,superior epigastric artery,http://purl.obolibrary.org/obo/UBERON_0012197,intercostal vein
http://purl.org/tara/ontology/TARA_7653020,TARA:7653020,ST 19,Stomach Meridian,http://uri.interlex.org/base/ilx_0795301,upper abdomen,http://uri.interlex.org/base/ilx_0795302,infrasternal angle,http://uri.interlex.org/base/ilx_0791808,Seventh intercostal nerve,http://uri.interlex.org/base/ilx_0792908,Seventh posterior intercostal artery,http://purl.obolibrary.org/obo/UBERON_0007155,superior epigastric vein
http://purl.org/tara/ontology/TARA_7653020,TARA:7653020,ST 19,Stomach Meridian,http://uri.interlex.org/base/ilx_0795301,upper abdomen,http://uri.interlex.org/base/ilx_0795302,infrasternal angle,http://uri.interlex.org/base/ilx_0791808,Seventh intercostal nerve,http://uri.interlex.org/base/ilx_0792908,Seventh posterior intercostal artery,http://purl.obolibrary.org/obo/UBERON_0012197,intercostal vein
http://purl.org/tara/ontology/TARA_7653020,TARA:7653020,ST 19,Stomach Meridian,http://uri.interlex.org/base/ilx_0795301,upper abdomen,http://purl.obolibrary.org/obo/UBERON_0002228,rib,http://uri.interlex.org/base/ilx_0791808,Seventh intercostal nerve,http://purl.obolibrary.org/obo/UBERON_0007153,superior epigastric artery,http://purl.obolibrary.org/obo/UBERON_0007155,superior epigastric vein
http://purl.org/tara/ontology/TARA_7653020,TARA:7653020,ST 19,Stomach Meridian,http://uri.interlex.org/base/ilx_0795301,upper abdomen,http://purl.obolibrary.org/obo/UBERON_0002228,rib,http://uri.interlex.org/base/ilx_0791808,Seventh intercostal nerve,http://purl.obolibrary.org/obo/UBERON_0007153,superior epigastric artery,http://purl.obolibrary.org/obo/UBERON_0012197,intercostal vein
http://purl.org/tara/ontology/TARA_7653020,TARA:7653020,ST 19,Stomach Meridian,http://uri.interlex.org/base/ilx_0795301,upper abdomen,http://purl.obolibrary.org/obo/UBERON_0002228,rib,http://uri.interlex.org/base/ilx_0791808,Seventh intercostal nerve,http://uri.interlex.org/base/ilx_0792908,Seventh posterior intercostal artery,http://purl.obolibrary.org/obo/UBERON_0007155,superior epigastric vein
http://purl.org/tara/ontology/TARA_7653020,TARA:7653020,ST 19,Stomach Meridian,http://uri.interlex.org/base/ilx_0795301,upper abdomen,http://purl.obolibrary.org/obo/UBERON_0002228,rib,http://uri.interlex.org/base/ilx_0791808,Seventh intercostal nerve,http://uri.interlex.org/base/ilx_0792908,Seventh posterior intercostal artery,http://purl.obolibrary.org/obo/UBERON_0012197,intercostal vein
http://purl.org/tara/ontology/TARA_7653020,TARA:7653020,ST 19,Stomach Meridian,http://uri.interlex.org/base/ilx_0795301,upper abdomen,http://purl.obolibrary.org/obo/UBERON_0007118,umbilicus,http://uri.interlex.org/base/ilx_0791808,Seventh intercostal nerve,http://purl.obolibrary.org/obo/UBERON_0007153,superior epigastric artery,http://purl.obolibrary.org/obo/UBERON_0007155,superior epigastric vein
http://purl.org/tara/ontology/TARA_7653020,TARA:7653020,ST 19,Stomach Meridian,http://uri.interlex.org/base/ilx_0795301,upper abdomen,http://purl.obolibrary.org/obo/UBERON_0007118,umbilicus,http://uri.interlex.org/base/ilx_0791808,Seventh intercostal nerve,http://purl.obolibrary.org/obo/UBERON_0007153,superior epigastric artery,http://purl.obolibrary.org/obo/UBERON_0012197,intercostal vein
http://purl.org/tara/ontology/TARA_7653020,TARA:7653020,ST 19,Stomach Meridian,http://uri.interlex.org/base/ilx_0795301,upper abdomen,http://purl.obolibrary.org/obo/UBERON_0007118,umbilicus,http://uri.interlex.org/base/ilx_0791808,Seventh intercostal nerve,http://uri.interlex.org/base/ilx_0792908,Seventh posterior intercostal artery,http://purl.obolibrary.org/obo/UBERON_0007155,superior epigastric vein
http://purl.org/tara/ontology/TARA_7653020,TARA:7653020,ST 19,Stomach Meridian,http://uri.interlex.org/base/ilx_0795301,upper abdomen,http://purl.obolibrary.org/obo/UBERON_0007118,umbilicus,http://uri.interlex.org/base/ilx_0791808,Seventh intercostal nerve,http://uri.interlex.org/base/ilx_0792908,Seventh posterior intercostal artery,http://purl.obolibrary.org/obo/UBERON_0012197,intercostal vein
http://purl.org/tara/ontology/TARA_6392753,TARA:6392753,ST 2,Stomach Meridian,http://purl.obolibrary.org/obo/UBERON_0001456,face,http://purl.obolibrary.org/obo/UBERON_0018407,infra-orbital foramen of maxilla,http://purl.obolibrary.org/obo/UBERON_0018408,infra-orbital nerve,http://purl.obolibrary.org/obo/UBERON_0004646,infraorbital artery,http://uri.interlex.org/base/ilx_0797500,Infraorbital vein
http://purl.org/tara/ontology/TARA_6392753,TARA:6392753,ST 2,Stomach Meridian,http://purl.obolibrary.org/obo/UBERON_0001456,face,http://purl.obolibrary.org/obo/UBERON_0018407,infra-orbital foramen of maxilla,http://purl.obolibrary.org/obo/UBERON_0018408,infra-orbital nerve,http://purl.obolibrary.org/obo/UBERON_0004646,infraorbital artery,http://purl.obolibrary.org/obo/UBERON_0001653,facial vein
http://purl.org/tara/ontology/TARA_6392753,TARA:6392753,ST 2,Stomach Meridian,http://purl.obolibrary.org/obo/UBERON_0001456,face,http://purl.obolibrary.org/obo/UBERON_0018407,infra-orbital foramen of maxilla,http://purl.obolibrary.org/obo/UBERON_0018408,infra-orbital nerve,http://purl.obolibrary.org/obo/UBERON_0001612,facial artery,http://uri.interlex.org/base/ilx_0797500,Infraorbital vein
http://purl.org/tara/ontology/TARA_6392753,TARA:6392753,ST 2,Stomach Meridian,http://purl.obolibrary.org/obo/UBERON_0001456,face,http://purl.obolibrary.org/obo/UBERON_0018407,infra-orbital foramen of maxilla,http://purl.obolibrary.org/obo/UBERON_0018408,infra-orbital nerve,http://purl.obolibrary.org/obo/UBERON_0001612,facial artery,http://purl.obolibrary.org/obo/UBERON_0001653,facial vein
http://purl.org/tara/ontology/TARA_6392753,TARA:6392753,ST 2,Stomach Meridian,http://purl.obolibrary.org/obo/UBERON_0001456,face,http://purl.obolibrary.org/obo/UBERON_0018407,infra-orbital foramen of maxilla,http://purl.obolibrary.org/obo/UBERON_0001647,facial nerve,http://purl.obolibrary.org/obo/UBERON_0004646,infraorbital artery,http://uri.interlex.org/base/ilx_0797500,Infraorbital vein
http://purl.org/tara/ontology/TARA_6392753,TARA:6392753,ST 2,Stomach Meridian,http://purl.obolibrary.org/obo/UBERON_0001456,face,http://purl.obolibrary.org/obo/UBERON_0018407,infra-orbital foramen of maxilla,http://purl.obolibrary.org/obo/UBERON_0001647,facial nerve,http://purl.obolibrary.org/obo/UBERON_0004646,infraorbital artery,http://purl.obolibrary.org/obo/UBERON_0001653,facial vein
http://purl.org/tara/ontology/TARA_6392753,TARA:6392753,ST 2,Stomach Meridian,http://purl.obolibrary.org/obo/UBERON_0001456,face,http://purl.obolibrary.org/obo/UBERON_0018407,infra-orbital foramen of maxilla,http://purl.obolibrary.org/obo/UBERON_0001647,facial nerve,http://purl.obolibrary.org/obo/UBERON_0001612,facial artery,http://uri.interlex.org/base/ilx_0797500,Infraorbital vein
http://purl.org/tara/ontology/TARA_6392753,TARA:6392753,ST 2,Stomach Meridian,http://purl.obolibrary.org/obo/UBERON_0001456,face,http://purl.obolibrary.org/obo/UBERON_0018407,infra-orbital foramen of maxilla,http://purl.obolibrary.org/obo/UBERON_0001647,facial nerve,http://purl.obolibrary.org/obo/UBERON_0001612,facial artery,http://purl.obolibrary.org/obo/UBERON_0001653,facial vein
http://purl.org/tara/ontology/TARA_2542400,TARA:2542400,ST 20,Stomach Meridian,http://uri.interlex.org/base/ilx_0795301,upper abdomen,http://uri.interlex.org/base/ilx_0795285,anterior median line,http://uri.interlex.org/base/ilx_0791808,Seventh intercostal nerve,http://purl.obolibrary.org/obo/UBERON_0007153,superior epigastric artery,http://purl.obolibrary.org/obo/UBERON_0007155,superior epigastric vein
http://purl.org/tara/ontology/TARA_2542400,TARA:2542400,ST 20,Stomach Meridian,http://uri.interlex.org/base/ilx_0795301,upper abdomen,http://uri.interlex.org/base/ilx_0795285,anterior median line,http://uri.interlex.org/base/ilx_0791808,Seventh intercostal nerve,http://purl.obolibrary.org/obo/UBERON_0007153,superior epigastric artery,http://purl.obolibrary.org/obo/UBERON_0012197,intercostal vein
http://purl.org/tara/ontology/TARA_2542400,TARA:2542400,ST 20,Stomach Meridian,http://uri.interlex.org/base/ilx_0795301,upper abdomen,http://uri.interlex.org/base/ilx_0795285,anterior median line,http://uri.interlex.org/base/ilx_0791808,Seventh intercostal nerve,http://uri.interlex.org/base/ilx_0792908,Seventh posterior intercostal artery,http://purl.obolibrary.org/obo/UBERON_0007155,superior epigastric vein
http://purl.org/tara/ontology/TARA_2542400,TARA:2542400,ST 20,Stomach Meridian,http://uri.interlex.org/base/ilx_0795301,upper abdomen,http://uri.interlex.org/base/ilx_0795285,anterior median line,http://uri.interlex.org/base/ilx_0791808,Seventh intercostal nerve,http://uri.interlex.org/base/ilx_0792908,Seventh posterior intercostal artery,http://purl.obolibrary.org/obo/UBERON_0012197,intercostal vein
http://purl.org/tara/ontology/TARA_2542400,TARA:2542400,ST 20,Stomach Meridian,http://uri.interlex.org/base/ilx_0795301,upper abdomen,http://purl.obolibrary.org/obo/UBERON_0007118,umbilicus,http://uri.interlex.org/base/ilx_0791808,Seventh intercostal nerve,http://purl.obolibrary.org/obo/UBERON_0007153,superior epigastric artery,http://purl.obolibrary.org/obo/UBERON_0007155,superior epigastric vein
http://purl.org/tara/ontology/TARA_2542400,TARA:2542400,ST 20,Stomach Meridian,http://uri.interlex.org/base/ilx_0795301,upper abdomen,http://purl.obolibrary.org/obo/UBERON_0007118,umbilicus,http://uri.interlex.org/base/ilx_0791808,Seventh intercostal nerve,http://purl.obolibrary.org/obo/UBERON_0007153,superior epigastric artery,http://purl.obolibrary.org/obo/UBERON_0012197,intercostal vein
http://purl.org/tara/ontology/TARA_2542400,TARA:2542400,ST 20,Stomach Meridian,http://uri.interlex.org/base/ilx_0795301,upper abdomen,http://purl.obolibrary.org/obo/UBERON_0007118,umbilicus,http://uri.interlex.org/base/ilx_0791808,Seventh intercostal nerve,http://uri.interlex.org/base/ilx_0792908,Seventh posterior intercostal artery,http://purl.obolibrary.org/obo/UBERON_0007155,superior epigastric vein
http://purl.org/tara/ontology/TARA_2542400,TARA:2542400,ST 20,Stomach Meridian,http://uri.interlex.org/base/ilx_0795301,upper abdomen,http://purl.obolibrary.org/obo/UBERON_0007118,umbilicus,http://uri.interlex.org/base/ilx_0791808,Seventh intercostal nerve,http://uri.interlex.org/base/ilx_0792908,Seventh posterior intercostal artery,http://purl.obolibrary.org/obo/UBERON_0012197,intercostal vein
http://purl.org/tara/ontology/TARA_1654197,TARA:1654197,ST 21,Stomach Meridian,http://uri.interlex.org/base/ilx_0795301,upper abdomen,http://uri.interlex.org/base/ilx_0795285,anterior median line,http://uri.interlex.org/base/ilx_0787969,Eighth intercostal nerve,http://purl.obolibrary.org/obo/UBERON_0007153,superior epigastric artery,http://purl.obolibrary.org/obo/UBERON_0007155,superior epigastric vein
http://purl.org/tara/ontology/TARA_1654197,TARA:1654197,ST 21,Stomach Meridian,http://uri.interlex.org/base/ilx_0795301,upper abdomen,http://uri.interlex.org/base/ilx_0795285,anterior median line,http://uri.interlex.org/base/ilx_0787969,Eighth intercostal nerve,http://purl.obolibrary.org/obo/UBERON_0007153,superior epigastric artery,http://purl.obolibrary.org/obo/UBERON_0012197,intercostal vein
http://purl.org/tara/ontology/TARA_1654197,TARA:1654197,ST 21,Stomach Meridian,http://uri.interlex.org/base/ilx_0795301,upper abdomen,http://uri.interlex.org/base/ilx_0795285,anterior median line,http://uri.interlex.org/base/ilx_0787969,Eighth intercostal nerve,http://uri.interlex.org/base/ilx_0792821,Eighth posterior intercostal artery,http://purl.obolibrary.org/obo/UBERON_0007155,superior epigastric vein
http://purl.org/tara/ontology/TARA_1654197,TARA:1654197,ST 21,Stomach Meridian,http://uri.interlex.org/base/ilx_0795301,upper abdomen,http://uri.interlex.org/base/ilx_0795285,anterior median line,http://uri.interlex.org/base/ilx_0787969,Eighth intercostal nerve,http://uri.interlex.org/base/ilx_0792821,Eighth posterior intercostal artery,http://purl.obolibrary.org/obo/UBERON_0012197,intercostal vein
http://purl.org/tara/ontology/TARA_1654197,TARA:1654197,ST 21,Stomach Meridian,http://uri.interlex.org/base/ilx_0795301,upper abdomen,http://purl.obolibrary.org/obo/UBERON_0007118,umbilicus,http://uri.interlex.org/base/ilx_0787969,Eighth intercostal nerve,http://purl.obolibrary.org/obo/UBERON_0007153,superior epigastric artery,http://purl.obolibrary.org/obo/UBERON_0007155,superior epigastric vein
http://purl.org/tara/ontology/TARA_1654197,TARA:1654197,ST 21,Stomach Meridian,http://uri.interlex.org/base/ilx_0795301,upper abdomen,http://purl.obolibrary.org/obo/UBERON_0007118,umbilicus,http://uri.interlex.org/base/ilx_0787969,Eighth intercostal nerve,http://purl.obolibrary.org/obo/UBERON_0007153,superior epigastric artery,http://purl.obolibrary.org/obo/UBERON_0012197,intercostal vein
http://purl.org/tara/ontology/TARA_1654197,TARA:1654197,ST 21,Stomach Meridian,http://uri.interlex.org/base/ilx_0795301,upper abdomen,http://purl.obolibrary.org/obo/UBERON_0007118,umbilicus,http://uri.interlex.org/base/ilx_0787969,Eighth intercostal nerve,http://uri.interlex.org/base/ilx_0792821,Eighth posterior intercostal artery,http://purl.obolibrary.org/obo/UBERON_0007155,superior epigastric vein
http://purl.org/tara/ontology/TARA_1654197,TARA:1654197,ST 21,Stomach Meridian,http://uri.interlex.org/base/ilx_0795301,upper abdomen,http://purl.obolibrary.org/obo/UBERON_0007118,umbilicus,http://uri.interlex.org/base/ilx_0787969,Eighth intercostal nerve,http://uri.interlex.org/base/ilx_0792821,Eighth posterior intercostal artery,http://purl.obolibrary.org/obo/UBERON_0012197,intercostal vein
http://purl.org/tara/ontology/TARA_9161776,TARA:9161776,ST 22,Stomach Meridian,http://uri.interlex.org/base/ilx_0795301,upper abdomen,http://uri.interlex.org/base/ilx_0795285,anterior median line,http://uri.interlex.org/base/ilx_0787969,Eighth intercostal nerve,http://purl.obolibrary.org/obo/UBERON_0007153,superior epigastric artery,http://purl.obolibrary.org/obo/UBERON_0007155,superior epigastric vein
http://purl.org/tara/ontology/TARA_9161776,TARA:9161776,ST 22,Stomach Meridian,http://uri.interlex.org/base/ilx_0795301,upper abdomen,http://uri.interlex.org/base/ilx_0795285,anterior median line,http://uri.interlex.org/base/ilx_0787969,Eighth intercostal nerve,http://purl.obolibrary.org/obo/UBERON_0007153,superior epigastric artery,http://purl.obolibrary.org/obo/UBERON_0012197,intercostal vein
http://purl.org/tara/ontology/TARA_9161776,TARA:9161776,ST 22,Stomach Meridian,http://uri.interlex.org/base/ilx_0795301,upper abdomen,http://uri.interlex.org/base/ilx_0795285,anterior median line,http://uri.interlex.org/base/ilx_0787969,Eighth intercostal nerve,http://uri.interlex.org/base/ilx_0792821,Eighth posterior intercostal artery,http://purl.obolibrary.org/obo/UBERON_0007155,superior epigastric vein
http://purl.org/tara/ontology/TARA_9161776,TARA:9161776,ST 22,Stomach Meridian,http://uri.interlex.org/base/ilx_0795301,upper abdomen,http://uri.interlex.org/base/ilx_0795285,anterior median line,http://uri.interlex.org/base/ilx_0787969,Eighth intercostal nerve,http://uri.interlex.org/base/ilx_0792821,Eighth posterior intercostal artery,http://purl.obolibrary.org/obo/UBERON_0012197,intercostal vein
http://purl.org/tara/ontology/TARA_9161776,TARA:9161776,ST 22,Stomach Meridian,http://uri.interlex.org/base/ilx_0795301,upper abdomen,http://purl.obolibrary.org/obo/UBERON_0007118,umbilicus,http://uri.interlex.org/base/ilx_0787969,Eighth intercostal nerve,http://purl.obolibrary.org/obo/UBERON_0007153,superior epigastric artery,http://purl.obolibrary.org/obo/UBERON_0007155,superior epigastric vein
http://purl.org/tara/ontology/TARA_9161776,TARA:9161776,ST 22,Stomach Meridian,http://uri.interlex.org/base/ilx_0795301,upper abdomen,http://purl.obolibrary.org/obo/UBERON_0007118,umbilicus,http://uri.interlex.org/base/ilx_0787969,Eighth intercostal nerve,http://purl.obolibrary.org/obo/UBERON_0007153,superior epigastric artery,http://purl.obolibrary.org/obo/UBERON_0012197,intercostal vein
http://purl.org/tara/ontology/TARA_9161776,TARA:9161776,ST 22,Stomach Meridian,http://uri.interlex.org/base/ilx_0795301,upper abdomen,http://purl.obolibrary.org/obo/UBERON_0007118,umbilicus,http://uri.interlex.org/base/ilx_0787969,Eighth intercostal nerve,http://uri.interlex.org/base/ilx_0792821,Eighth posterior intercostal artery,http://purl.obolibrary.org/obo/UBERON_0007155,superior epigastric vein
http://purl.org/tara/ontology/TARA_9161776,TARA:9161776,ST 22,Stomach Meridian,http://uri.interlex.org/base/ilx_0795301,upper abdomen,http://purl.obolibrary.org/obo/UBERON_0007118,umbilicus,http://uri.interlex.org/base/ilx_0787969,Eighth intercostal nerve,http://uri.interlex.org/base/ilx_0792821,Eighth posterior intercostal artery,http://purl.obolibrary.org/obo/UBERON_0012197,intercostal vein
http://purl.org/tara/ontology/TARA_2922507,TARA:2922507,ST 23,Stomach Meridian,http://uri.interlex.org/base/ilx_0795301,upper abdomen,http://uri.interlex.org/base/ilx_0795285,anterior median line,http://uri.interlex.org/base/ilx_0792543,Ninth intercostal nerve,http://uri.interlex.org/base/ilx_0791352,Ninth posterior intercostal artery,http://purl.obolibrary.org/obo/UBERON_0007154,inferior epigastric vein
http://purl.org/tara/ontology/TARA_2922507,TARA:2922507,ST 23,Stomach Meridian,http://uri.interlex.org/base/ilx_0795301,upper abdomen,http://uri.interlex.org/base/ilx_0795285,anterior median line,http://uri.interlex.org/base/ilx_0792543,Ninth intercostal nerve,http://uri.interlex.org/base/ilx_0791352,Ninth posterior intercostal artery,http://purl.obolibrary.org/obo/UBERON_0012197,intercostal vein
http://purl.org/tara/ontology/TARA_2922507,TARA:2922507,ST 23,Stomach Meridian,http://uri.interlex.org/base/ilx_0795301,upper abdomen,http://uri.interlex.org/base/ilx_0795285,anterior median line,http://uri.interlex.org/base/ilx_0792543,Ninth intercostal nerve,http://purl.obolibrary.org/obo/UBERON_0001354,inferior epigastric artery,http://purl.obolibrary.org/obo/UBERON_0007154,inferior epigastric vein
http://purl.org/tara/ontology/TARA_2922507,TARA:2922507,ST 23,Stomach Meridian,http://uri.interlex.org/base/ilx_0795301,upper abdomen,http://uri.interlex.org/base/ilx_0795285,anterior median line,http://uri.interlex.org/base/ilx_0792543,Ninth intercostal nerve,http://purl.obolibrary.org/obo/UBERON_0001354,inferior epigastric artery,http://purl.obolibrary.org/obo/UBERON_0012197,intercostal vein
http://purl.org/tara/ontology/TARA_2922507,TARA:2922507,ST 23,Stomach Meridian,http://uri.interlex.org/base/ilx_0795301,upper abdomen,http://uri.interlex.org/base/ilx_0795285,anterior median line,http://uri.interlex.org/base/ilx_0792543,Ninth intercostal nerve,http://uri.interlex.org/base/ilx_0792821,Eighth posterior intercostal artery,http://purl.obolibrary.org/obo/UBERON_0007154,inferior epigastric vein
http://purl.org/tara/ontology/TARA_2922507,TARA:2922507,ST 23,Stomach Meridian,http://uri.interlex.org/base/ilx_0795301,upper abdomen,http://uri.interlex.org/base/ilx_0795285,anterior median line,http://uri.interlex.org/base/ilx_0792543,Ninth intercostal nerve,http://uri.interlex.org/base/ilx_0792821,Eighth posterior intercostal artery,http://purl.obolibrary.org/obo/UBERON_0012197,intercostal vein
http://purl.org/tara/ontology/TARA_2922507,TARA:2922507,ST 23,Stomach Meridian,http://uri.interlex.org/base/ilx_0795301,upper abdomen,http://uri.interlex.org/base/ilx_0795285,anterior median line,http://uri.interlex.org/base/ilx_0787969,Eighth intercostal nerve,http://uri.interlex.org/base/ilx_0791352,Ninth posterior intercostal artery,http://purl.obolibrary.org/obo/UBERON_0007154,inferior epigastric vein
http://purl.org/tara/ontology/TARA_2922507,TARA:2922507,ST 23,Stomach Meridian,http://uri.interlex.org/base/ilx_0795301,upper abdomen,http://uri.interlex.org/base/ilx_0795285,anterior median line,http://uri.interlex.org/base/ilx_0787969,Eighth intercostal nerve,http://uri.interlex.org/base/ilx_0791352,Ninth posterior intercostal artery,http://purl.obolibrary.org/obo/UBERON_0012197,intercostal vein
http://purl.org/tara/ontology/TARA_2922507,TARA:2922507,ST 23,Stomach Meridian,http://uri.interlex.org/base/ilx_0795301,upper abdomen,http://uri.interlex.org/base/ilx_0795285,anterior median line,http://uri.interlex.org/base/ilx_0787969,Eighth intercostal nerve,http://purl.obolibrary.org/obo/UBERON_0001354,inferior epigastric artery,http://purl.obolibrary.org/obo/UBERON_0007154,inferior epigastric vein
http://purl.org/tara/ontology/TARA_2922507,TARA:2922507,ST 23,Stomach Meridian,http://uri.interlex.org/base/ilx_0795301,upper abdomen,http://uri.interlex.org/base/ilx_0795285,anterior median line,http://uri.interlex.org/base/ilx_0787969,Eighth intercostal nerve,http://purl.obolibrary.org/obo/UBERON_0001354,inferior epigastric artery,http://purl.obolibrary.org/obo/UBERON_0012197,intercostal vein
http://purl.org/tara/ontology/TARA_2922507,TARA:2922507,ST 23,Stomach Meridian,http://uri.interlex.org/base/ilx_0795301,upper abdomen,http://uri.interlex.org/base/ilx_0795285,anterior median line,http://uri.interlex.org/base/ilx_0787969,Eighth intercostal nerve,http://uri.interlex.org/base/ilx_0792821,Eighth posterior intercostal artery,http://purl.obolibrary.org/obo/UBERON_0007154,inferior epigastric vein
http://purl.org/tara/ontology/TARA_2922507,TARA:2922507,ST 23,Stomach Meridian,http://uri.interlex.org/base/ilx_0795301,upper abdomen,http://uri.interlex.org/base/ilx_0795285,anterior median line,http://uri.interlex.org/base/ilx_0787969,Eighth intercostal nerve,http://uri.interlex.org/base/ilx_0792821,Eighth posterior intercostal artery,http://purl.obolibrary.org/obo/UBERON_0012197,intercostal vein
http://purl.org/tara/ontology/TARA_2922507,TARA:2922507,ST 23,Stomach Meridian,http://uri.interlex.org/base/ilx_0795301,upper abdomen,http://purl.obolibrary.org/obo/UBERON_0007118,umbilicus,http://uri.interlex.org/base/ilx_0792543,Ninth intercostal nerve,http://uri.interlex.org/base/ilx_0791352,Ninth posterior intercostal artery,http://purl.obolibrary.org/obo/UBERON_0007154,inferior epigastric vein
http://purl.org/tara/ontology/TARA_2922507,TARA:2922507,ST 23,Stomach Meridian,http://uri.interlex.org/base/ilx_0795301,upper abdomen,http://purl.obolibrary.org/obo/UBERON_0007118,umbilicus,http://uri.interlex.org/base/ilx_0792543,Ninth intercostal nerve,http://uri.interlex.org/base/ilx_0791352,Ninth posterior intercostal artery,http://purl.obolibrary.org/obo/UBERON_0012197,intercostal vein
http://purl.org/tara/ontology/TARA_2922507,TARA:2922507,ST 23,Stomach Meridian,http://uri.interlex.org/base/ilx_0795301,upper abdomen,http://purl.obolibrary.org/obo/UBERON_0007118,umbilicus,http://uri.interlex.org/base/ilx_0792543,Ninth intercostal nerve,http://purl.obolibrary.org/obo/UBERON_0001354,inferior epigastric artery,http://purl.obolibrary.org/obo/UBERON_0007154,inferior epigastric vein
http://purl.org/tara/ontology/TARA_2922507,TARA:2922507,ST 23,Stomach Meridian,http://uri.interlex.org/base/ilx_0795301,upper abdomen,http://purl.obolibrary.org/obo/UBERON_0007118,umbilicus,http://uri.interlex.org/base/ilx_0792543,Ninth intercostal nerve,http://purl.obolibrary.org/obo/UBERON_0001354,inferior epigastric artery,http://purl.obolibrary.org/obo/UBERON_0012197,intercostal vein
http://purl.org/tara/ontology/TARA_2922507,TARA:2922507,ST 23,Stomach Meridian,http://uri.interlex.org/base/ilx_0795301,upper abdomen,http://purl.obolibrary.org/obo/UBERON_0007118,umbilicus,http://uri.interlex.org/base/ilx_0792543,Ninth intercostal nerve,http://uri.interlex.org/base/ilx_0792821,Eighth posterior intercostal artery,http://purl.obolibrary.org/obo/UBERON_0007154,inferior epigastric vein
http://purl.org/tara/ontology/TARA_2922507,TARA:2922507,ST 23,Stomach Meridian,http://uri.interlex.org/base/ilx_0795301,upper abdomen,http://purl.obolibrary.org/obo/UBERON_0007118,umbilicus,http://uri.interlex.org/base/ilx_0792543,Ninth intercostal nerve,http://uri.interlex.org/base/ilx_0792821,Eighth posterior intercostal artery,http://purl.obolibrary.org/obo/UBERON_0012197,intercostal vein
http://purl.org/tara/ontology/TARA_2922507,TARA:2922507,ST 23,Stomach Meridian,http://uri.interlex.org/base/ilx_0795301,upper abdomen,http://purl.obolibrary.org/obo/UBERON_0007118,umbilicus,http://uri.interlex.org/base/ilx_0787969,Eighth intercostal nerve,http://uri.interlex.org/base/ilx_0791352,Ninth posterior intercostal artery,http://purl.obolibrary.org/obo/UBERON_0007154,inferior epigastric vein
http://purl.org/tara/ontology/TARA_2922507,TARA:2922507,ST 23,Stomach Meridian,http://uri.interlex.org/base/ilx_0795301,upper abdomen,http://purl.obolibrary.org/obo/UBERON_0007118,umbilicus,http://uri.interlex.org/base/ilx_0787969,Eighth intercostal nerve,http://uri.interlex.org/base/ilx_0791352,Ninth posterior intercostal artery,http://purl.obolibrary.org/obo/UBERON_0012197,intercostal vein
http://purl.org/tara/ontology/TARA_2922507,TARA:2922507,ST 23,Stomach Meridian,http://uri.interlex.org/base/ilx_0795301,upper abdomen,http://purl.obolibrary.org/obo/UBERON_0007118,umbilicus,http://uri.interlex.org/base/ilx_0787969,Eighth intercostal nerve,http://purl.obolibrary.org/obo/UBERON_0001354,inferior epigastric artery,http://purl.obolibrary.org/obo/UBERON_0007154,inferior epigastric vein
http://purl.org/tara/ontology/TARA_2922507,TARA:2922507,ST 23,Stomach Meridian,http://uri.interlex.org/base/ilx_0795301,upper abdomen,http://purl.obolibrary.org/obo/UBERON_0007118,umbilicus,http://uri.interlex.org/base/ilx_0787969,Eighth intercostal nerve,http://purl.obolibrary.org/obo/UBERON_0001354,inferior epigastric artery,http://purl.obolibrary.org/obo/UBERON_0012197,intercostal vein
http://purl.org/tara/ontology/TARA_2922507,TARA:2922507,ST 23,Stomach Meridian,http://uri.interlex.org/base/ilx_0795301,upper abdomen,http://purl.obolibrary.org/obo/UBERON_0007118,umbilicus,http://uri.interlex.org/base/ilx_0787969,Eighth intercostal nerve,http://uri.interlex.org/base/ilx_0792821,Eighth posterior intercostal artery,http://purl.obolibrary.org/obo/UBERON_0007154,inferior epigastric vein
http://purl.org/tara/ontology/TARA_2922507,TARA:2922507,ST 23,Stomach Meridian,http://uri.interlex.org/base/ilx_0795301,upper abdomen,http://purl.obolibrary.org/obo/UBERON_0007118,umbilicus,http://uri.interlex.org/base/ilx_0787969,Eighth intercostal nerve,http://uri.interlex.org/base/ilx_0792821,Eighth posterior intercostal artery,http://purl.obolibrary.org/obo/UBERON_0012197,intercostal vein
http://purl.org/tara/ontology/TARA_1211048,TARA:1211048,ST 24,Stomach Meridian,http://uri.interlex.org/base/ilx_0795301,upper abdomen,http://uri.interlex.org/base/ilx_0795285,anterior median line,http://uri.interlex.org/base/ilx_0792543,Ninth intercostal nerve,http://uri.interlex.org/base/ilx_0791352,Ninth posterior intercostal artery,http://purl.obolibrary.org/obo/UBERON_0007154,inferior epigastric vein
http://purl.org/tara/ontology/TARA_1211048,TARA:1211048,ST 24,Stomach Meridian,http://uri.interlex.org/base/ilx_0795301,upper abdomen,http://uri.interlex.org/base/ilx_0795285,anterior median line,http://uri.interlex.org/base/ilx_0792543,Ninth intercostal nerve,http://uri.interlex.org/base/ilx_0791352,Ninth posterior intercostal artery,http://purl.obolibrary.org/obo/UBERON_0012197,intercostal vein
http://purl.org/tara/ontology/TARA_1211048,TARA:1211048,ST 24,Stomach Meridian,http://uri.interlex.org/base/ilx_0795301,upper abdomen,http://uri.interlex.org/base/ilx_0795285,anterior median line,http://uri.interlex.org/base/ilx_0792543,Ninth intercostal nerve,http://purl.obolibrary.org/obo/UBERON_0001354,inferior epigastric artery,http://purl.obolibrary.org/obo/UBERON_0007154,inferior epigastric vein
http://purl.org/tara/ontology/TARA_1211048,TARA:1211048,ST 24,Stomach Meridian,http://uri.interlex.org/base/ilx_0795301,upper abdomen,http://uri.interlex.org/base/ilx_0795285,anterior median line,http://uri.interlex.org/base/ilx_0792543,Ninth intercostal nerve,http://purl.obolibrary.org/obo/UBERON_0001354,inferior epigastric artery,http://purl.obolibrary.org/obo/UBERON_0012197,intercostal vein
http://purl.org/tara/ontology/TARA_1211048,TARA:1211048,ST 24,Stomach Meridian,http://uri.interlex.org/base/ilx_0795301,upper abdomen,http://purl.obolibrary.org/obo/UBERON_0007118,umbilicus,http://uri.interlex.org/base/ilx_0792543,Ninth intercostal nerve,http://uri.interlex.org/base/ilx_0791352,Ninth posterior intercostal artery,http://purl.obolibrary.org/obo/UBERON_0007154,inferior epigastric vein
http://purl.org/tara/ontology/TARA_1211048,TARA:1211048,ST 24,Stomach Meridian,http://uri.interlex.org/base/ilx_0795301,upper abdomen,http://purl.obolibrary.org/obo/UBERON_0007118,umbilicus,http://uri.interlex.org/base/ilx_0792543,Ninth intercostal nerve,http://uri.interlex.org/base/ilx_0791352,Ninth posterior intercostal artery,http://purl.obolibrary.org/obo/UBERON_0012197,intercostal vein
http://purl.org/tara/ontology/TARA_1211048,TARA:1211048,ST 24,Stomach Meridian,http://uri.interlex.org/base/ilx_0795301,upper abdomen,http://purl.obolibrary.org/obo/UBERON_0007118,umbilicus,http://uri.interlex.org/base/ilx_0792543,Ninth intercostal nerve,http://purl.obolibrary.org/obo/UBERON_0001354,inferior epigastric artery,http://purl.obolibrary.org/obo/UBERON_0007154,inferior epigastric vein
http://purl.org/tara/ontology/TARA_1211048,TARA:1211048,ST 24,Stomach Meridian,http://uri.interlex.org/base/ilx_0795301,upper abdomen,http://purl.obolibrary.org/obo/UBERON_0007118,umbilicus,http://uri.interlex.org/base/ilx_0792543,Ninth intercostal nerve,http://purl.obolibrary.org/obo/UBERON_0001354,inferior epigastric artery,http://purl.obolibrary.org/obo/UBERON_0012197,intercostal vein
http://purl.org/tara/ontology/TARA_5717468,TARA:5717468,ST 25,Stomach Meridian,http://uri.interlex.org/base/ilx_0795301,upper abdomen,http://purl.obolibrary.org/obo/UBERON_0007118,umbilicus,http://uri.interlex.org/base/ilx_0785076,Tenth intercostal nerve,http://uri.interlex.org/base/ilx_0791495,Tenth posterior intercostal artery,http://purl.obolibrary.org/obo/UBERON_0007154,inferior epigastric vein
http://purl.org/tara/ontology/TARA_5717468,TARA:5717468,ST 25,Stomach Meridian,http://uri.interlex.org/base/ilx_0795301,upper abdomen,http://purl.obolibrary.org/obo/UBERON_0007118,umbilicus,http://uri.interlex.org/base/ilx_0785076,Tenth intercostal nerve,http://uri.interlex.org/base/ilx_0791495,Tenth posterior intercostal artery,http://purl.obolibrary.org/obo/UBERON_0012197,intercostal vein
http://purl.org/tara/ontology/TARA_5717468,TARA:5717468,ST 25,Stomach Meridian,http://uri.interlex.org/base/ilx_0795301,upper abdomen,http://purl.obolibrary.org/obo/UBERON_0007118,umbilicus,http://uri.interlex.org/base/ilx_0785076,Tenth intercostal nerve,http://purl.obolibrary.org/obo/UBERON_0001354,inferior epigastric artery,http://purl.obolibrary.org/obo/UBERON_0007154,inferior epigastric vein
http://purl.org/tara/ontology/TARA_5717468,TARA:5717468,ST 25,Stomach Meridian,http://uri.interlex.org/base/ilx_0795301,upper abdomen,http://purl.obolibrary.org/obo/UBERON_0007118,umbilicus,http://uri.interlex.org/base/ilx_0785076,Tenth intercostal nerve,http://purl.obolibrary.org/obo/UBERON_0001354,inferior epigastric artery,http://purl.obolibrary.org/obo/UBERON_0012197,intercostal vein
http://purl.org/tara/ontology/TARA_8646804,TARA:8646804,ST 26,Stomach Meridian,http://uri.interlex.org/base/ilx_0795303,lower abdomen,http://uri.interlex.org/base/ilx_0795285,anterior median line,http://uri.interlex.org/base/ilx_0785076,Tenth intercostal nerve,http://uri.interlex.org/base/ilx_0791495,Tenth posterior intercostal artery,http://purl.obolibrary.org/obo/UBERON_0007154,inferior epigastric vein
http://purl.org/tara/ontology/TARA_8646804,TARA:8646804,ST 26,Stomach Meridian,http://uri.interlex.org/base/ilx_0795303,lower abdomen,http://uri.interlex.org/base/ilx_0795285,anterior median line,http://uri.interlex.org/base/ilx_0785076,Tenth intercostal nerve,http://uri.interlex.org/base/ilx_0791495,Tenth posterior intercostal artery,http://purl.obolibrary.org/obo/UBERON_0012197,intercostal vein
http://purl.org/tara/ontology/TARA_8646804,TARA:8646804,ST 26,Stomach Meridian,http://uri.interlex.org/base/ilx_0795303,lower abdomen,http://uri.interlex.org/base/ilx_0795285,anterior median line,http://uri.interlex.org/base/ilx_0785076,Tenth intercostal nerve,http://purl.obolibrary.org/obo/UBERON_0001354,inferior epigastric artery,http://purl.obolibrary.org/obo/UBERON_0007154,inferior epigastric vein
http://purl.org/tara/ontology/TARA_8646804,TARA:8646804,ST 26,Stomach Meridian,http://uri.interlex.org/base/ilx_0795303,lower abdomen,http://uri.interlex.org/base/ilx_0795285,anterior median line,http://uri.interlex.org/base/ilx_0785076,Tenth intercostal nerve,http://purl.obolibrary.org/obo/UBERON_0001354,inferior epigastric artery,http://purl.obolibrary.org/obo/UBERON_0012197,intercostal vein
http://purl.org/tara/ontology/TARA_8646804,TARA:8646804,ST 26,Stomach Meridian,http://uri.interlex.org/base/ilx_0795303,lower abdomen,http://purl.obolibrary.org/obo/UBERON_0007118,umbilicus,http://uri.interlex.org/base/ilx_0785076,Tenth intercostal nerve,http://uri.interlex.org/base/ilx_0791495,Tenth posterior intercostal artery,http://purl.obolibrary.org/obo/UBERON_0007154,inferior epigastric vein
http://purl.org/tara/ontology/TARA_8646804,TARA:8646804,ST 26,Stomach Meridian,http://uri.interlex.org/base/ilx_0795303,lower abdomen,http://purl.obolibrary.org/obo/UBERON_0007118,umbilicus,http://uri.interlex.org/base/ilx_0785076,Tenth intercostal nerve,http://uri.interlex.org/base/ilx_0791495,Tenth posterior intercostal artery,http://purl.obolibrary.org/obo/UBERON_0012197,intercostal vein
http://purl.org/tara/ontology/TARA_8646804,TARA:8646804,ST 26,Stomach Meridian,http://uri.interlex.org/base/ilx_0795303,lower abdomen,http://purl.obolibrary.org/obo/UBERON_0007118,umbilicus,http://uri.interlex.org/base/ilx_0785076,Tenth intercostal nerve,http://purl.obolibrary.org/obo/UBERON_0001354,inferior epigastric artery,http://purl.obolibrary.org/obo/UBERON_0007154,inferior epigastric vein
http://purl.org/tara/ontology/TARA_8646804,TARA:8646804,ST 26,Stomach Meridian,http://uri.interlex.org/base/ilx_0795303,lower abdomen,http://purl.obolibrary.org/obo/UBERON_0007118,umbilicus,http://uri.interlex.org/base/ilx_0785076,Tenth intercostal nerve,http://purl.obolibrary.org/obo/UBERON_0001354,inferior epigastric artery,http://purl.obolibrary.org/obo/UBERON_0012197,intercostal vein
http://purl.org/tara/ontology/TARA_1452771,TARA:1452771,ST 27,Stomach Meridian,http://uri.interlex.org/base/ilx_0795303,lower abdomen,http://uri.interlex.org/base/ilx_0795285,anterior median line,http://uri.interlex.org/base/ilx_0792132,Eleventh intercostal nerve,http://uri.interlex.org/base/ilx_0791079,Eleventh posterior intercostal artery,http://purl.obolibrary.org/obo/UBERON_0007154,inferior epigastric vein
http://purl.org/tara/ontology/TARA_1452771,TARA:1452771,ST 27,Stomach Meridian,http://uri.interlex.org/base/ilx_0795303,lower abdomen,http://uri.interlex.org/base/ilx_0795285,anterior median line,http://uri.interlex.org/base/ilx_0792132,Eleventh intercostal nerve,http://uri.interlex.org/base/ilx_0791079,Eleventh posterior intercostal artery,http://purl.obolibrary.org/obo/UBERON_0012197,intercostal vein
http://purl.org/tara/ontology/TARA_1452771,TARA:1452771,ST 27,Stomach Meridian,http://uri.interlex.org/base/ilx_0795303,lower abdomen,http://uri.interlex.org/base/ilx_0795285,anterior median line,http://uri.interlex.org/base/ilx_0792132,Eleventh intercostal nerve,http://purl.obolibrary.org/obo/UBERON_0001354,inferior epigastric artery,http://purl.obolibrary.org/obo/UBERON_0007154,inferior epigastric vein
http://purl.org/tara/ontology/TARA_1452771,TARA:1452771,ST 27,Stomach Meridian,http://uri.interlex.org/base/ilx_0795303,lower abdomen,http://uri.interlex.org/base/ilx_0795285,anterior median line,http://uri.interlex.org/base/ilx_0792132,Eleventh intercostal nerve,http://purl.obolibrary.org/obo/UBERON_0001354,inferior epigastric artery,http://purl.obolibrary.org/obo/UBERON_0012197,intercostal vein
http://purl.org/tara/ontology/TARA_1452771,TARA:1452771,ST 27,Stomach Meridian,http://uri.interlex.org/base/ilx_0795303,lower abdomen,http://purl.obolibrary.org/obo/UBERON_0007118,umbilicus,http://uri.interlex.org/base/ilx_0792132,Eleventh intercostal nerve,http://uri.interlex.org/base/ilx_0791079,Eleventh posterior intercostal artery,http://purl.obolibrary.org/obo/UBERON_0007154,inferior epigastric vein
http://purl.org/tara/ontology/TARA_1452771,TARA:1452771,ST 27,Stomach Meridian,http://uri.interlex.org/base/ilx_0795303,lower abdomen,http://purl.obolibrary.org/obo/UBERON_0007118,umbilicus,http://uri.interlex.org/base/ilx_0792132,Eleventh intercostal nerve,http://uri.interlex.org/base/ilx_0791079,Eleventh posterior intercostal artery,http://purl.obolibrary.org/obo/UBERON_0012197,intercostal vein
http://purl.org/tara/ontology/TARA_1452771,TARA:1452771,ST 27,Stomach Meridian,http://uri.interlex.org/base/ilx_0795303,lower abdomen,http://purl.obolibrary.org/obo/UBERON_0007118,umbilicus,http://uri.interlex.org/base/ilx_0792132,Eleventh intercostal nerve,http://purl.obolibrary.org/obo/UBERON_0001354,inferior epigastric artery,http://purl.obolibrary.org/obo/UBERON_0007154,inferior epigastric vein
http://purl.org/tara/ontology/TARA_1452771,TARA:1452771,ST 27,Stomach Meridian,http://uri.interlex.org/base/ilx_0795303,lower abdomen,http://purl.obolibrary.org/obo/UBERON_0007118,umbilicus,http://uri.interlex.org/base/ilx_0792132,Eleventh intercostal nerve,http://purl.obolibrary.org/obo/UBERON_0001354,inferior epigastric artery,http://purl.obolibrary.org/obo/UBERON_0012197,intercostal vein
http://purl.org/tara/ontology/TARA_5017471,TARA:5017471,ST 28,Stomach Meridian,http://uri.interlex.org/base/ilx_0795303,lower abdomen,http://uri.interlex.org/base/ilx_0795285,anterior median line,http://uri.interlex.org/base/ilx_0797451,subcostal nerve,http://purl.obolibrary.org/obo/UBERON_0001354,inferior epigastric artery,http://purl.obolibrary.org/obo/UBERON_0000985,axillary vein
http://purl.org/tara/ontology/TARA_5017471,TARA:5017471,ST 28,Stomach Meridian,http://uri.interlex.org/base/ilx_0795303,lower abdomen,http://uri.interlex.org/base/ilx_0795285,anterior median line,http://uri.interlex.org/base/ilx_0797451,subcostal nerve,http://purl.obolibrary.org/obo/UBERON_0001354,inferior epigastric artery,http://purl.obolibrary.org/obo/UBERON_0007154,inferior epigastric vein
http://purl.org/tara/ontology/TARA_5017471,TARA:5017471,ST 28,Stomach Meridian,http://uri.interlex.org/base/ilx_0795303,lower abdomen,http://uri.interlex.org/base/ilx_0795285,anterior median line,http://uri.interlex.org/base/ilx_0797451,subcostal nerve,http://purl.obolibrary.org/obo/UBERON_0001561,subcostal artery,http://purl.obolibrary.org/obo/UBERON_0000985,axillary vein
http://purl.org/tara/ontology/TARA_5017471,TARA:5017471,ST 28,Stomach Meridian,http://uri.interlex.org/base/ilx_0795303,lower abdomen,http://uri.interlex.org/base/ilx_0795285,anterior median line,http://uri.interlex.org/base/ilx_0797451,subcostal nerve,http://purl.obolibrary.org/obo/UBERON_0001561,subcostal artery,http://purl.obolibrary.org/obo/UBERON_0007154,inferior epigastric vein
http://purl.org/tara/ontology/TARA_5017471,TARA:5017471,ST 28,Stomach Meridian,http://uri.interlex.org/base/ilx_0795303,lower abdomen,http://purl.obolibrary.org/obo/UBERON_0007118,umbilicus,http://uri.interlex.org/base/ilx_0797451,subcostal nerve,http://purl.obolibrary.org/obo/UBERON_0001354,inferior epigastric artery,http://purl.obolibrary.org/obo/UBERON_0000985,axillary vein
http://purl.org/tara/ontology/TARA_5017471,TARA:5017471,ST 28,Stomach Meridian,http://uri.interlex.org/base/ilx_0795303,lower abdomen,http://purl.obolibrary.org/obo/UBERON_0007118,umbilicus,http://uri.interlex.org/base/ilx_0797451,subcostal nerve,http://purl.obolibrary.org/obo/UBERON_0001354,inferior epigastric artery,http://purl.obolibrary.org/obo/UBERON_0007154,inferior epigastric vein
http://purl.org/tara/ontology/TARA_5017471,TARA:5017471,ST 28,Stomach Meridian,http://uri.interlex.org/base/ilx_0795303,lower abdomen,http://purl.obolibrary.org/obo/UBERON_0007118,umbilicus,http://uri.interlex.org/base/ilx_0797451,subcostal nerve,http://purl.obolibrary.org/obo/UBERON_0001561,subcostal artery,http://purl.obolibrary.org/obo/UBERON_0000985,axillary vein
http://purl.org/tara/ontology/TARA_5017471,TARA:5017471,ST 28,Stomach Meridian,http://uri.interlex.org/base/ilx_0795303,lower abdomen,http://purl.obolibrary.org/obo/UBERON_0007118,umbilicus,http://uri.interlex.org/base/ilx_0797451,subcostal nerve,http://purl.obolibrary.org/obo/UBERON_0001561,subcostal artery,http://purl.obolibrary.org/obo/UBERON_0007154,inferior epigastric vein
http://purl.org/tara/ontology/TARA_5873796,TARA:5873796,ST 29,Stomach Meridian,http://uri.interlex.org/base/ilx_0795303,lower abdomen,http://uri.interlex.org/base/ilx_0795285,anterior median line,http://uri.interlex.org/base/ilx_0795002,iliohypogastric nerve,http://purl.obolibrary.org/obo/UBERON_0001354,inferior epigastric artery,http://purl.obolibrary.org/obo/UBERON_0007154,inferior epigastric vein
http://purl.org/tara/ontology/TARA_5873796,TARA:5873796,ST 29,Stomach Meridian,http://uri.interlex.org/base/ilx_0795303,lower abdomen,http://purl.obolibrary.org/obo/UBERON_0007118,umbilicus,http://uri.interlex.org/base/ilx_0795002,iliohypogastric nerve,http://purl.obolibrary.org/obo/UBERON_0001354,inferior epigastric artery,http://purl.obolibrary.org/obo/UBERON_0007154,inferior epigastric vein
http://purl.org/tara/ontology/TARA_5884251,TARA:5884251,ST 3,Stomach Meridian,http://purl.obolibrary.org/obo/UBERON_0001456,face,http://purl.obolibrary.org/obo/UBERON_0006906,ala of nose,http://purl.obolibrary.org/obo/UBERON_0018408,infra-orbital nerve,http://purl.obolibrary.org/obo/UBERON_0004646,infraorbital artery,http://uri.interlex.org/base/ilx_0797500,Infraorbital vein
http://purl.org/tara/ontology/TARA_5884251,TARA:5884251,ST 3,Stomach Meridian,http://purl.obolibrary.org/obo/UBERON_0001456,face,http://purl.obolibrary.org/obo/UBERON_0006906,ala of nose,http://purl.obolibrary.org/obo/UBERON_0018408,infra-orbital nerve,http://purl.obolibrary.org/obo/UBERON_0004646,infraorbital artery,http://purl.obolibrary.org/obo/UBERON_0001653,facial vein
http://purl.org/tara/ontology/TARA_5884251,TARA:5884251,ST 3,Stomach Meridian,http://purl.obolibrary.org/obo/UBERON_0001456,face,http://purl.obolibrary.org/obo/UBERON_0006906,ala of nose,http://purl.obolibrary.org/obo/UBERON_0018408,infra-orbital nerve,http://purl.obolibrary.org/obo/UBERON_0001612,facial artery,http://uri.interlex.org/base/ilx_0797500,Infraorbital vein
http://purl.org/tara/ontology/TARA_5884251,TARA:5884251,ST 3,Stomach Meridian,http://purl.obolibrary.org/obo/UBERON_0001456,face,http://purl.obolibrary.org/obo/UBERON_0006906,ala of nose,http://purl.obolibrary.org/obo/UBERON_0018408,infra-orbital nerve,http://purl.obolibrary.org/obo/UBERON_0001612,facial artery,http://purl.obolibrary.org/obo/UBERON_0001653,facial vein
http://purl.org/tara/ontology/TARA_5884251,TARA:5884251,ST 3,Stomach Meridian,http://purl.obolibrary.org/obo/UBERON_0001456,face,http://purl.obolibrary.org/obo/UBERON_0006906,ala of nose,http://purl.obolibrary.org/obo/UBERON_0001647,facial nerve,http://purl.obolibrary.org/obo/UBERON_0004646,infraorbital artery,http://uri.interlex.org/base/ilx_0797500,Infraorbital vein
http://purl.org/tara/ontology/TARA_5884251,TARA:5884251,ST 3,Stomach Meridian,http://purl.obolibrary.org/obo/UBERON_0001456,face,http://purl.obolibrary.org/obo/UBERON_0006906,ala of nose,http://purl.obolibrary.org/obo/UBERON_0001647,facial nerve,http://purl.obolibrary.org/obo/UBERON_0004646,infraorbital artery,http://purl.obolibrary.org/obo/UBERON_0001653,facial vein
http://purl.org/tara/ontology/TARA_5884251,TARA:5884251,ST 3,Stomach Meridian,http://purl.obolibrary.org/obo/UBERON_0001456,face,http://purl.obolibrary.org/obo/UBERON_0006906,ala of nose,http://purl.obolibrary.org/obo/UBERON_0001647,facial nerve,http://purl.obolibrary.org/obo/UBERON_0001612,facial artery,http://uri.interlex.org/base/ilx_0797500,Infraorbital vein
http://purl.org/tara/ontology/TARA_5884251,TARA:5884251,ST 3,Stomach Meridian,http://purl.obolibrary.org/obo/UBERON_0001456,face,http://purl.obolibrary.org/obo/UBERON_0006906,ala of nose,http://purl.obolibrary.org/obo/UBERON_0001647,facial nerve,http://purl.obolibrary.org/obo/UBERON_0001612,facial artery,http://purl.obolibrary.org/obo/UBERON_0001653,facial vein
http://purl.org/tara/ontology/TARA_5884251,TARA:5884251,ST 3,Stomach Meridian,http://purl.obolibrary.org/obo/UBERON_0001456,face,http://purl.obolibrary.org/obo/UBERON_0001771,pupil,http://purl.obolibrary.org/obo/UBERON_0018408,infra-orbital nerve,http://purl.obolibrary.org/obo/UBERON_0004646,infraorbital artery,http://uri.interlex.org/base/ilx_0797500,Infraorbital vein
http://purl.org/tara/ontology/TARA_5884251,TARA:5884251,ST 3,Stomach Meridian,http://purl.obolibrary.org/obo/UBERON_0001456,face,http://purl.obolibrary.org/obo/UBERON_0001771,pupil,http://purl.obolibrary.org/obo/UBERON_0018408,infra-orbital nerve,http://purl.obolibrary.org/obo/UBERON_0004646,infraorbital artery,http://purl.obolibrary.org/obo/UBERON_0001653,facial vein
http://purl.org/tara/ontology/TARA_5884251,TARA:5884251,ST 3,Stomach Meridian,http://purl.obolibrary.org/obo/UBERON_0001456,face,http://purl.obolibrary.org/obo/UBERON_0001771,pupil,http://purl.obolibrary.org/obo/UBERON_0018408,infra-orbital nerve,http://purl.obolibrary.org/obo/UBERON_0001612,facial artery,http://uri.interlex.org/base/ilx_0797500,Infraorbital vein
http://purl.org/tara/ontology/TARA_5884251,TARA:5884251,ST 3,Stomach Meridian,http://purl.obolibrary.org/obo/UBERON_0001456,face,http://purl.obolibrary.org/obo/UBERON_0001771,pupil,http://purl.obolibrary.org/obo/UBERON_0018408,infra-orbital nerve,http://purl.obolibrary.org/obo/UBERON_0001612,facial artery,http://purl.obolibrary.org/obo/UBERON_0001653,facial vein
http://purl.org/tara/ontology/TARA_5884251,TARA:5884251,ST 3,Stomach Meridian,http://purl.obolibrary.org/obo/UBERON_0001456,face,http://purl.obolibrary.org/obo/UBERON_0001771,pupil,http://purl.obolibrary.org/obo/UBERON_0001647,facial nerve,http://purl.obolibrary.org/obo/UBERON_0004646,infraorbital artery,http://uri.interlex.org/base/ilx_0797500,Infraorbital vein
http://purl.org/tara/ontology/TARA_5884251,TARA:5884251,ST 3,Stomach Meridian,http://purl.obolibrary.org/obo/UBERON_0001456,face,http://purl.obolibrary.org/obo/UBERON_0001771,pupil,http://purl.obolibrary.org/obo/UBERON_0001647,facial nerve,http://purl.obolibrary.org/obo/UBERON_0004646,infraorbital artery,http://purl.obolibrary.org/obo/UBERON_0001653,facial vein
http://purl.org/tara/ontology/TARA_5884251,TARA:5884251,ST 3,Stomach Meridian,http://purl.obolibrary.org/obo/UBERON_0001456,face,http://purl.obolibrary.org/obo/UBERON_0001771,pupil,http://purl.obolibrary.org/obo/UBERON_0001647,facial nerve,http://purl.obolibrary.org/obo/UBERON_0001612,facial artery,http://uri.interlex.org/base/ilx_0797500,Infraorbital vein
http://purl.org/tara/ontology/TARA_5884251,TARA:5884251,ST 3,Stomach Meridian,http://purl.obolibrary.org/obo/UBERON_0001456,face,http://purl.obolibrary.org/obo/UBERON_0001771,pupil,http://purl.obolibrary.org/obo/UBERON_0001647,facial nerve,http://purl.obolibrary.org/obo/UBERON_0001612,facial artery,http://purl.obolibrary.org/obo/UBERON_0001653,facial vein
http://purl.org/tara/ontology/TARA_9591551,TARA:9591551,ST 30,Stomach Meridian,http://purl.obolibrary.org/obo/UBERON_0008337,inguinal part of abdomen,http://uri.interlex.org/base/ilx_0795285,anterior median line,http://uri.interlex.org/base/ilx_0795002,iliohypogastric nerve,http://purl.obolibrary.org/obo/UBERON_0001354,inferior epigastric artery,http://purl.obolibrary.org/obo/UBERON_0007154,inferior epigastric vein
http://purl.org/tara/ontology/TARA_9591551,TARA:9591551,ST 30,Stomach Meridian,http://purl.obolibrary.org/obo/UBERON_0008337,inguinal part of abdomen,http://uri.interlex.org/base/ilx_0795285,anterior median line,http://uri.interlex.org/base/ilx_0795002,iliohypogastric nerve,http://purl.obolibrary.org/obo/UBERON_0001354,inferior epigastric artery,http://purl.obolibrary.org/obo/UBERON_0014692,superficial epigastric vein
http://purl.org/tara/ontology/TARA_9591551,TARA:9591551,ST 30,Stomach Meridian,http://purl.obolibrary.org/obo/UBERON_0008337,inguinal part of abdomen,http://uri.interlex.org/base/ilx_0795285,anterior median line,http://uri.interlex.org/base/ilx_0795002,iliohypogastric nerve,http://purl.obolibrary.org/obo/UBERON_0034964,superficial epigastric artery,http://purl.obolibrary.org/obo/UBERON_0007154,inferior epigastric vein
http://purl.org/tara/ontology/TARA_9591551,TARA:9591551,ST 30,Stomach Meridian,http://purl.obolibrary.org/obo/UBERON_0008337,inguinal part of abdomen,http://uri.interlex.org/base/ilx_0795285,anterior median line,http://uri.interlex.org/base/ilx_0795002,iliohypogastric nerve,http://purl.obolibrary.org/obo/UBERON_0034964,superficial epigastric artery,http://purl.obolibrary.org/obo/UBERON_0014692,superficial epigastric vein
http://purl.org/tara/ontology/TARA_9591551,TARA:9591551,ST 30,Stomach Meridian,http://purl.obolibrary.org/obo/UBERON_0008337,inguinal part of abdomen,http://purl.obolibrary.org/obo/UBERON_0002060,femoral artery,http://uri.interlex.org/base/ilx_0795002,iliohypogastric nerve,http://purl.obolibrary.org/obo/UBERON_0001354,inferior epigastric artery,http://purl.obolibrary.org/obo/UBERON_0007154,inferior epigastric vein
http://purl.org/tara/ontology/TARA_9591551,TARA:9591551,ST 30,Stomach Meridian,http://purl.obolibrary.org/obo/UBERON_0008337,inguinal part of abdomen,http://purl.obolibrary.org/obo/UBERON_0002060,femoral artery,http://uri.interlex.org/base/ilx_0795002,iliohypogastric nerve,http://purl.obolibrary.org/obo/UBERON_0001354,inferior epigastric artery,http://purl.obolibrary.org/obo/UBERON_0014692,superficial epigastric vein
http://purl.org/tara/ontology/TARA_9591551,TARA:9591551,ST 30,Stomach Meridian,http://purl.obolibrary.org/obo/UBERON_0008337,inguinal part of abdomen,http://purl.obolibrary.org/obo/UBERON_0002060,femoral artery,http://uri.interlex.org/base/ilx_0795002,iliohypogastric nerve,http://purl.obolibrary.org/obo/UBERON_0034964,superficial epigastric artery,http://purl.obolibrary.org/obo/UBERON_0007154,inferior epigastric vein
http://purl.org/tara/ontology/TARA_9591551,TARA:9591551,ST 30,Stomach Meridian,http://purl.obolibrary.org/obo/UBERON_0008337,inguinal part of abdomen,http://purl.obolibrary.org/obo/UBERON_0002060,femoral artery,http://uri.interlex.org/base/ilx_0795002,iliohypogastric nerve,http://purl.obolibrary.org/obo/UBERON_0034964,superficial epigastric artery,http://purl.obolibrary.org/obo/UBERON_0014692,superficial epigastric vein
http://purl.org/tara/ontology/TARA_9591551,TARA:9591551,ST 30,Stomach Meridian,http://purl.obolibrary.org/obo/UBERON_0008337,inguinal part of abdomen,http://purl.obolibrary.org/obo/UBERON_0003699,pubic symphysis,http://uri.interlex.org/base/ilx_0795002,iliohypogastric nerve,http://purl.obolibrary.org/obo/UBERON_0001354,inferior epigastric artery,http://purl.obolibrary.org/obo/UBERON_0007154,inferior epigastric vein
http://purl.org/tara/ontology/TARA_9591551,TARA:9591551,ST 30,Stomach Meridian,http://purl.obolibrary.org/obo/UBERON_0008337,inguinal part of abdomen,http://purl.obolibrary.org/obo/UBERON_0003699,pubic symphysis,http://uri.interlex.org/base/ilx_0795002,iliohypogastric nerve,http://purl.obolibrary.org/obo/UBERON_0001354,inferior epigastric artery,http://purl.obolibrary.org/obo/UBERON_0014692,superficial epigastric vein
http://purl.org/tara/ontology/TARA_9591551,TARA:9591551,ST 30,Stomach Meridian,http://purl.obolibrary.org/obo/UBERON_0008337,inguinal part of abdomen,http://purl.obolibrary.org/obo/UBERON_0003699,pubic symphysis,http://uri.interlex.org/base/ilx_0795002,iliohypogastric nerve,http://purl.obolibrary.org/obo/UBERON_0034964,superficial epigastric artery,http://purl.obolibrary.org/obo/UBERON_0007154,inferior epigastric vein
http://purl.org/tara/ontology/TARA_9591551,TARA:9591551,ST 30,Stomach Meridian,http://purl.obolibrary.org/obo/UBERON_0008337,inguinal part of abdomen,http://purl.obolibrary.org/obo/UBERON_0003699,pubic symphysis,http://uri.interlex.org/base/ilx_0795002,iliohypogastric nerve,http://purl.obolibrary.org/obo/UBERON_0034964,superficial epigastric artery,http://purl.obolibrary.org/obo/UBERON_0014692,superficial epigastric vein
http://purl.org/tara/ontology/TARA_9294655,TARA:9294655,ST 31,Stomach Meridian,http://purl.obolibrary.org/obo/UBERON_0000376,hindlimb stylopod,http://purl.obolibrary.org/obo/UBERON_0013708,anterior superior iliac spine,http://uri.interlex.org/base/ilx_0794999,Lateral cutaneous nerve of thigh,http://uri.interlex.org/base/ilx_0797501,Lateral circumflex femoral artery,http://uri.interlex.org/base/ilx_0797502,Lateral circumflex femoral vein
http://purl.org/tara/ontology/TARA_9294655,TARA:9294655,ST 31,Stomach Meridian,http://purl.obolibrary.org/obo/UBERON_0000376,hindlimb stylopod,http://purl.obolibrary.org/obo/UBERON_0002446,patella,http://uri.interlex.org/base/ilx_0794999,Lateral cutaneous nerve of thigh,http://uri.interlex.org/base/ilx_0797501,Lateral circumflex femoral artery,http://uri.interlex.org/base/ilx_0797502,Lateral circumflex femoral vein
http://purl.org/tara/ontology/TARA_9294655,TARA:9294655,ST 31,Stomach Meridian,http://purl.obolibrary.org/obo/UBERON_0000376,hindlimb stylopod,http://purl.obolibrary.org/obo/UBERON_0003699,pubic symphysis,http://uri.interlex.org/base/ilx_0794999,Lateral cutaneous nerve of thigh,http://uri.interlex.org/base/ilx_0797501,Lateral circumflex femoral artery,http://uri.interlex.org/base/ilx_0797502,Lateral circumflex femoral vein
http://purl.org/tara/ontology/TARA_9294655,TARA:9294655,ST 31,Stomach Meridian,http://purl.obolibrary.org/obo/UBERON_0000376,hindlimb stylopod,http://uri.interlex.org/base/ilx_0795304,rectus femoris muscle,http://uri.interlex.org/base/ilx_0794999,Lateral cutaneous nerve of thigh,http://uri.interlex.org/base/ilx_0797501,Lateral circumflex femoral artery,http://uri.interlex.org/base/ilx_0797502,Lateral circumflex femoral vein
http://purl.org/tara/ontology/TARA_9294655,TARA:9294655,ST 31,Stomach Meridian,http://purl.obolibrary.org/obo/UBERON_0000376,hindlimb stylopod,http://purl.obolibrary.org/obo/UBERON_0001373,sartorius muscle,http://uri.interlex.org/base/ilx_0794999,Lateral cutaneous nerve of thigh,http://uri.interlex.org/base/ilx_0797501,Lateral circumflex femoral artery,http://uri.interlex.org/base/ilx_0797502,Lateral circumflex femoral vein
http://purl.org/tara/ontology/TARA_9294655,TARA:9294655,ST 31,Stomach Meridian,http://purl.obolibrary.org/obo/UBERON_0000376,hindlimb stylopod,http://purl.obolibrary.org/obo/UBERON_0001376,tensor fasciae latae muscle,http://uri.interlex.org/base/ilx_0794999,Lateral cutaneous nerve of thigh,http://uri.interlex.org/base/ilx_0797501,Lateral circumflex femoral artery,http://uri.interlex.org/base/ilx_0797502,Lateral circumflex femoral vein
http://purl.org/tara/ontology/TARA_8826565,TARA:8826565,ST 32,Stomach Meridian,http://purl.obolibrary.org/obo/UBERON_0000376,hindlimb stylopod,http://purl.obolibrary.org/obo/UBERON_0013708,anterior superior iliac spine,http://uri.interlex.org/base/ilx_0794999,Lateral cutaneous nerve of thigh,http://uri.interlex.org/base/ilx_0797501,Lateral circumflex femoral artery,http://uri.interlex.org/base/ilx_0797502,Lateral circumflex femoral vein
http://purl.org/tara/ontology/TARA_8826565,TARA:8826565,ST 32,Stomach Meridian,http://purl.obolibrary.org/obo/UBERON_0000376,hindlimb stylopod,http://purl.obolibrary.org/obo/UBERON_0013708,anterior superior iliac spine,http://uri.interlex.org/base/ilx_0797481,Anterior cutaneous branch of femoral nerve,http://uri.interlex.org/base/ilx_0797501,Lateral circumflex femoral artery,http://uri.interlex.org/base/ilx_0797502,Lateral circumflex femoral vein
http://purl.org/tara/ontology/TARA_8826565,TARA:8826565,ST 32,Stomach Meridian,http://purl.obolibrary.org/obo/UBERON_0000376,hindlimb stylopod,http://purl.obolibrary.org/obo/UBERON_0002446,patella,http://uri.interlex.org/base/ilx_0794999,Lateral cutaneous nerve of thigh,http://uri.interlex.org/base/ilx_0797501,Lateral circumflex femoral artery,http://uri.interlex.org/base/ilx_0797502,Lateral circumflex femoral vein
http://purl.org/tara/ontology/TARA_8826565,TARA:8826565,ST 32,Stomach Meridian,http://purl.obolibrary.org/obo/UBERON_0000376,hindlimb stylopod,http://purl.obolibrary.org/obo/UBERON_0002446,patella,http://uri.interlex.org/base/ilx_0797481,Anterior cutaneous branch of femoral nerve,http://uri.interlex.org/base/ilx_0797501,Lateral circumflex femoral artery,http://uri.interlex.org/base/ilx_0797502,Lateral circumflex femoral vein
http://purl.org/tara/ontology/TARA_7756426,TARA:7756426,ST 33,Stomach Meridian,http://purl.obolibrary.org/obo/UBERON_0000376,hindlimb stylopod,http://purl.obolibrary.org/obo/UBERON_0002446,patella,http://uri.interlex.org/base/ilx_0794999,Lateral cutaneous nerve of thigh,http://uri.interlex.org/base/ilx_0797501,Lateral circumflex femoral artery,,
http://purl.org/tara/ontology/TARA_7756426,TARA:7756426,ST 33,Stomach Meridian,http://purl.obolibrary.org/obo/UBERON_0000376,hindlimb stylopod,http://purl.obolibrary.org/obo/UBERON_0002446,patella,http://uri.interlex.org/base/ilx_0797481,Anterior cutaneous branch of femoral nerve,http://uri.interlex.org/base/ilx_0797501,Lateral circumflex femoral artery,,
http://purl.org/tara/ontology/TARA_7756426,TARA:7756426,ST 33,Stomach Meridian,http://purl.obolibrary.org/obo/UBERON_0000376,hindlimb stylopod,http://purl.obolibrary.org/obo/UBERON_0014848,tendon of quadriceps femoris,http://uri.interlex.org/base/ilx_0794999,Lateral cutaneous nerve of thigh,http://uri.interlex.org/base/ilx_0797501,Lateral circumflex femoral artery,,
http://purl.org/tara/ontology/TARA_7756426,TARA:7756426,ST 33,Stomach Meridian,http://purl.obolibrary.org/obo/UBERON_0000376,hindlimb stylopod,http://purl.obolibrary.org/obo/UBERON_0014848,tendon of quadriceps femoris,http://uri.interlex.org/base/ilx_0797481,Anterior cutaneous branch of femoral nerve,http://uri.interlex.org/base/ilx_0797501,Lateral circumflex femoral artery,,
http://purl.org/tara/ontology/TARA_8773594,TARA:8773594,ST 34,Stomach Meridian,http://purl.obolibrary.org/obo/UBERON_0000376,hindlimb stylopod,http://purl.obolibrary.org/obo/UBERON_0002446,patella,http://uri.interlex.org/base/ilx_0794999,Lateral cutaneous nerve of thigh,http://uri.interlex.org/base/ilx_0797501,Lateral circumflex femoral artery,,
http://purl.org/tara/ontology/TARA_8773594,TARA:8773594,ST 34,Stomach Meridian,http://purl.obolibrary.org/obo/UBERON_0000376,hindlimb stylopod,http://purl.obolibrary.org/obo/UBERON_0002446,patella,http://uri.interlex.org/base/ilx_0797481,Anterior cutaneous branch of femoral nerve,http://uri.interlex.org/base/ilx_0797501,Lateral circumflex femoral artery,,
http://purl.org/tara/ontology/TARA_8773594,TARA:8773594,ST 34,Stomach Meridian,http://purl.obolibrary.org/obo/UBERON_0000376,hindlimb stylopod,http://purl.obolibrary.org/obo/UBERON_0014848,tendon of quadriceps femoris,http://uri.interlex.org/base/ilx_0794999,Lateral cutaneous nerve of thigh,http://uri.interlex.org/base/ilx_0797501,Lateral circumflex femoral artery,,
http://purl.org/tara/ontology/TARA_8773594,TARA:8773594,ST 34,Stomach Meridian,http://purl.obolibrary.org/obo/UBERON_0000376,hindlimb stylopod,http://purl.obolibrary.org/obo/UBERON_0014848,tendon of quadriceps femoris,http://uri.interlex.org/base/ilx_0797481,Anterior cutaneous branch of femoral nerve,http://uri.interlex.org/base/ilx_0797501,Lateral circumflex femoral artery,,
http://purl.org/tara/ontology/TARA_8773594,TARA:8773594,ST 34,Stomach Meridian,http://purl.obolibrary.org/obo/UBERON_0000376,hindlimb stylopod,http://purl.obolibrary.org/obo/UBERON_0001379,vastus lateralis,http://uri.interlex.org/base/ilx_0794999,Lateral cutaneous nerve of thigh,http://uri.interlex.org/base/ilx_0797501,Lateral circumflex femoral artery,,
http://purl.org/tara/ontology/TARA_8773594,TARA:8773594,ST 34,Stomach Meridian,http://purl.obolibrary.org/obo/UBERON_0000376,hindlimb stylopod,http://purl.obolibrary.org/obo/UBERON_0001379,vastus lateralis,http://uri.interlex.org/base/ilx_0797481,Anterior cutaneous branch of femoral nerve,http://uri.interlex.org/base/ilx_0797501,Lateral circumflex femoral artery,,
http://purl.org/tara/ontology/TARA_2454652,TARA:2454652,ST 35,Stomach Meridian,http://purl.obolibrary.org/obo/UBERON_0001465,knee,http://purl.obolibrary.org/obo/UBERON_0002446,patella,http://uri.interlex.org/base/ilx_0797521,Lateral sural cutaneous nerve,http://purl.obolibrary.org/obo/UBERON_0002250,popliteal artery,http://purl.obolibrary.org/obo/UBERON_0001544,popliteal vein
http://purl.org/tara/ontology/TARA_2454652,TARA:2454652,ST 35,Stomach Meridian,http://purl.obolibrary.org/obo/UBERON_0001465,knee,http://purl.obolibrary.org/obo/UBERON_0002446,patella,http://purl.obolibrary.org/obo/UBERON_0001324,common fibular nerve,http://purl.obolibrary.org/obo/UBERON_0002250,popliteal artery,http://purl.obolibrary.org/obo/UBERON_0001544,popliteal vein
http://purl.org/tara/ontology/TARA_2454652,TARA:2454652,ST 35,Stomach Meridian,http://purl.obolibrary.org/obo/UBERON_0001465,knee,http://purl.obolibrary.org/obo/UBERON_0003676,patellar ligament,http://uri.interlex.org/base/ilx_0797521,Lateral sural cutaneous nerve,http://purl.obolibrary.org/obo/UBERON_0002250,popliteal artery,http://purl.obolibrary.org/obo/UBERON_0001544,popliteal vein
http://purl.org/tara/ontology/TARA_2454652,TARA:2454652,ST 35,Stomach Meridian,http://purl.obolibrary.org/obo/UBERON_0001465,knee,http://purl.obolibrary.org/obo/UBERON_0003676,patellar ligament,http://purl.obolibrary.org/obo/UBERON_0001324,common fibular nerve,http://purl.obolibrary.org/obo/UBERON_0002250,popliteal artery,http://purl.obolibrary.org/obo/UBERON_0001544,popliteal vein
http://purl.org/tara/ontology/TARA_6463344,TARA:6463344,ST 36,Stomach Meridian,http://purl.obolibrary.org/obo/UBERON_0003823,hindlimb zeugopod,http://purl.obolibrary.org/obo/UBERON_0001385,tibialis anterior,http://uri.interlex.org/base/ilx_0797521,Lateral sural cutaneous nerve,http://purl.obolibrary.org/obo/UBERON_0001537,anterior tibial artery,http://purl.obolibrary.org/obo/UBERON_0001545,anterior tibial vein
http://purl.org/tara/ontology/TARA_6463344,TARA:6463344,ST 36,Stomach Meridian,http://purl.obolibrary.org/obo/UBERON_0003823,hindlimb zeugopod,http://purl.obolibrary.org/obo/UBERON_0001385,tibialis anterior,http://purl.obolibrary.org/obo/UBERON_0035207,deep fibular nerve,http://purl.obolibrary.org/obo/UBERON_0001537,anterior tibial artery,http://purl.obolibrary.org/obo/UBERON_0001545,anterior tibial vein
http://purl.org/tara/ontology/TARA_6463344,TARA:6463344,ST 36,Stomach Meridian,http://purl.obolibrary.org/obo/UBERON_0003823,hindlimb zeugopod,http://purl.obolibrary.org/obo/UBERON_0001385,tibialis anterior,http://purl.obolibrary.org/obo/UBERON_0002475,saphenous nerve,http://purl.obolibrary.org/obo/UBERON_0001537,anterior tibial artery,http://purl.obolibrary.org/obo/UBERON_0001545,anterior tibial vein
http://purl.org/tara/ontology/TARA_5918799,TARA:5918799,ST 37,Stomach Meridian,http://purl.obolibrary.org/obo/UBERON_0003823,hindlimb zeugopod,http://purl.obolibrary.org/obo/UBERON_0001385,tibialis anterior,http://uri.interlex.org/base/ilx_0797521,Lateral sural cutaneous nerve,http://purl.obolibrary.org/obo/UBERON_0001537,anterior tibial artery,http://purl.obolibrary.org/obo/UBERON_0001545,anterior tibial vein
http://purl.org/tara/ontology/TARA_5918799,TARA:5918799,ST 37,Stomach Meridian,http://purl.obolibrary.org/obo/UBERON_0003823,hindlimb zeugopod,http://purl.obolibrary.org/obo/UBERON_0001385,tibialis anterior,http://purl.obolibrary.org/obo/UBERON_0035207,deep fibular nerve,http://purl.obolibrary.org/obo/UBERON_0001537,anterior tibial artery,http://purl.obolibrary.org/obo/UBERON_0001545,anterior tibial vein
http://purl.org/tara/ontology/TARA_5918799,TARA:5918799,ST 37,Stomach Meridian,http://purl.obolibrary.org/obo/UBERON_0003823,hindlimb zeugopod,http://purl.obolibrary.org/obo/UBERON_0001385,tibialis anterior,http://purl.obolibrary.org/obo/UBERON_0002475,saphenous nerve,http://purl.obolibrary.org/obo/UBERON_0001537,anterior tibial artery,http://purl.obolibrary.org/obo/UBERON_0001545,anterior tibial vein
http://purl.org/tara/ontology/TARA_3182190,TARA:3182190,ST 38,Stomach Meridian,http://purl.obolibrary.org/obo/UBERON_0003823,hindlimb zeugopod,http://purl.obolibrary.org/obo/UBERON_0001385,tibialis anterior,http://uri.interlex.org/base/ilx_0797521,Lateral sural cutaneous nerve,http://purl.obolibrary.org/obo/UBERON_0001537,anterior tibial artery,http://purl.obolibrary.org/obo/UBERON_0001545,anterior tibial vein
http://purl.org/tara/ontology/TARA_3182190,TARA:3182190,ST 38,Stomach Meridian,http://purl.obolibrary.org/obo/UBERON_0003823,hindlimb zeugopod,http://purl.obolibrary.org/obo/UBERON_0001385,tibialis anterior,http://purl.obolibrary.org/obo/UBERON_0035207,deep fibular nerve,http://purl.obolibrary.org/obo/UBERON_0001537,anterior tibial artery,http://purl.obolibrary.org/obo/UBERON_0001545,anterior tibial vein
http://purl.org/tara/ontology/TARA_3182190,TARA:3182190,ST 38,Stomach Meridian,http://purl.obolibrary.org/obo/UBERON_0003823,hindlimb zeugopod,http://purl.obolibrary.org/obo/UBERON_0001385,tibialis anterior,http://purl.obolibrary.org/obo/UBERON_0002475,saphenous nerve,http://purl.obolibrary.org/obo/UBERON_0001537,anterior tibial artery,http://purl.obolibrary.org/obo/UBERON_0001545,anterior tibial vein
http://purl.org/tara/ontology/TARA_6728804,TARA:6728804,ST 39,Stomach Meridian,http://purl.obolibrary.org/obo/UBERON_0003823,hindlimb zeugopod,http://purl.obolibrary.org/obo/UBERON_0001385,tibialis anterior,http://purl.obolibrary.org/obo/UBERON_0035207,deep fibular nerve,http://purl.obolibrary.org/obo/UBERON_0001537,anterior tibial artery,http://purl.obolibrary.org/obo/UBERON_0001545,anterior tibial vein
http://purl.org/tara/ontology/TARA_6728804,TARA:6728804,ST 39,Stomach Meridian,http://purl.obolibrary.org/obo/UBERON_0003823,hindlimb zeugopod,http://purl.obolibrary.org/obo/UBERON_0001385,tibialis anterior,http://purl.obolibrary.org/obo/UBERON_0035526,superficial fibular nerve,http://purl.obolibrary.org/obo/UBERON_0001537,anterior tibial artery,http://purl.obolibrary.org/obo/UBERON_0001545,anterior tibial vein
http://purl.org/tara/ontology/TARA_1429314,TARA:1429314,ST 4,Stomach Meridian,http://purl.obolibrary.org/obo/UBERON_0001456,face,http://purl.obolibrary.org/obo/UBERON_0000165,mouth,http://purl.obolibrary.org/obo/UBERON_0018408,infra-orbital nerve,http://purl.obolibrary.org/obo/UBERON_0001612,facial artery,http://purl.obolibrary.org/obo/UBERON_0001653,facial vein
http://purl.org/tara/ontology/TARA_1429314,TARA:1429314,ST 4,Stomach Meridian,http://purl.obolibrary.org/obo/UBERON_0001456,face,http://purl.obolibrary.org/obo/UBERON_0000165,mouth,http://purl.obolibrary.org/obo/UBERON_0013646,buccal nerve,http://purl.obolibrary.org/obo/UBERON_0001612,facial artery,http://purl.obolibrary.org/obo/UBERON_0001653,facial vein
http://purl.org/tara/ontology/TARA_1429314,TARA:1429314,ST 4,Stomach Meridian,http://purl.obolibrary.org/obo/UBERON_0001456,face,http://purl.obolibrary.org/obo/UBERON_0000165,mouth,http://purl.obolibrary.org/obo/UBERON_0001647,facial nerve,http://purl.obolibrary.org/obo/UBERON_0001612,facial artery,http://purl.obolibrary.org/obo/UBERON_0001653,facial vein
http://purl.org/tara/ontology/TARA_1429314,TARA:1429314,ST 4,Stomach Meridian,http://purl.obolibrary.org/obo/UBERON_0001456,face,http://uri.interlex.org/base/ilx_0795290,nasolabial sulcus,http://purl.obolibrary.org/obo/UBERON_0018408,infra-orbital nerve,http://purl.obolibrary.org/obo/UBERON_0001612,facial artery,http://purl.obolibrary.org/obo/UBERON_0001653,facial vein
http://purl.org/tara/ontology/TARA_1429314,TARA:1429314,ST 4,Stomach Meridian,http://purl.obolibrary.org/obo/UBERON_0001456,face,http://uri.interlex.org/base/ilx_0795290,nasolabial sulcus,http://purl.obolibrary.org/obo/UBERON_0013646,buccal nerve,http://purl.obolibrary.org/obo/UBERON_0001612,facial artery,http://purl.obolibrary.org/obo/UBERON_0001653,facial vein
http://purl.org/tara/ontology/TARA_1429314,TARA:1429314,ST 4,Stomach Meridian,http://purl.obolibrary.org/obo/UBERON_0001456,face,http://uri.interlex.org/base/ilx_0795290,nasolabial sulcus,http://purl.obolibrary.org/obo/UBERON_0001647,facial nerve,http://purl.obolibrary.org/obo/UBERON_0001612,facial artery,http://purl.obolibrary.org/obo/UBERON_0001653,facial vein
http://purl.org/tara/ontology/TARA_9531666,TARA:9531666,ST 40,Stomach Meridian,http://purl.obolibrary.org/obo/UBERON_0003823,hindlimb zeugopod,http://purl.obolibrary.org/obo/UBERON_0012291,lateral malleolus of fibula,http://purl.obolibrary.org/obo/UBERON_0035526,superficial fibular nerve,http://purl.obolibrary.org/obo/UBERON_0001537,anterior tibial artery,http://purl.obolibrary.org/obo/UBERON_0001545,anterior tibial vein
http://purl.org/tara/ontology/TARA_9531666,TARA:9531666,ST 40,Stomach Meridian,http://purl.obolibrary.org/obo/UBERON_0003823,hindlimb zeugopod,http://purl.obolibrary.org/obo/UBERON_0001385,tibialis anterior,http://purl.obolibrary.org/obo/UBERON_0035526,superficial fibular nerve,http://purl.obolibrary.org/obo/UBERON_0001537,anterior tibial artery,http://purl.obolibrary.org/obo/UBERON_0001545,anterior tibial vein
http://purl.org/tara/ontology/TARA_6019290,TARA:6019290,ST 41,Stomach Meridian,http://purl.obolibrary.org/obo/UBERON_0004454,tarsal region,http://purl.obolibrary.org/obo/UBERON_0012291,lateral malleolus of fibula,http://purl.obolibrary.org/obo/UBERON_0035207,deep fibular nerve,http://purl.obolibrary.org/obo/UBERON_0001537,anterior tibial artery,http://purl.obolibrary.org/obo/UBERON_0001545,anterior tibial vein
http://purl.org/tara/ontology/TARA_6019290,TARA:6019290,ST 41,Stomach Meridian,http://purl.obolibrary.org/obo/UBERON_0004454,tarsal region,http://purl.obolibrary.org/obo/UBERON_0012291,lateral malleolus of fibula,http://purl.obolibrary.org/obo/UBERON_0035526,superficial fibular nerve,http://purl.obolibrary.org/obo/UBERON_0001537,anterior tibial artery,http://purl.obolibrary.org/obo/UBERON_0001545,anterior tibial vein
http://purl.org/tara/ontology/TARA_6019290,TARA:6019290,ST 41,Stomach Meridian,http://purl.obolibrary.org/obo/UBERON_0004454,tarsal region,http://uri.interlex.org/base/ilx_0795504,tendon of extensor digitorum longus,http://purl.obolibrary.org/obo/UBERON_0035207,deep fibular nerve,http://purl.obolibrary.org/obo/UBERON_0001537,anterior tibial artery,http://purl.obolibrary.org/obo/UBERON_0001545,anterior tibial vein
http://purl.org/tara/ontology/TARA_6019290,TARA:6019290,ST 41,Stomach Meridian,http://purl.obolibrary.org/obo/UBERON_0004454,tarsal region,http://uri.interlex.org/base/ilx_0795504,tendon of extensor digitorum longus,http://purl.obolibrary.org/obo/UBERON_0035526,superficial fibular nerve,http://purl.obolibrary.org/obo/UBERON_0001537,anterior tibial artery,http://purl.obolibrary.org/obo/UBERON_0001545,anterior tibial vein
http://purl.org/tara/ontology/TARA_6019290,TARA:6019290,ST 41,Stomach Meridian,http://purl.obolibrary.org/obo/UBERON_0004454,tarsal region,http://uri.interlex.org/base/ilx_0795503,tendon of extensor hallucis longus,http://purl.obolibrary.org/obo/UBERON_0035207,deep fibular nerve,http://purl.obolibrary.org/obo/UBERON_0001537,anterior tibial artery,http://purl.obolibrary.org/obo/UBERON_0001545,anterior tibial vein
http://purl.org/tara/ontology/TARA_6019290,TARA:6019290,ST 41,Stomach Meridian,http://purl.obolibrary.org/obo/UBERON_0004454,tarsal region,http://uri.interlex.org/base/ilx_0795503,tendon of extensor hallucis longus,http://purl.obolibrary.org/obo/UBERON_0035526,superficial fibular nerve,http://purl.obolibrary.org/obo/UBERON_0001537,anterior tibial artery,http://purl.obolibrary.org/obo/UBERON_0001545,anterior tibial vein
http://purl.org/tara/ontology/TARA_6019290,TARA:6019290,ST 41,Stomach Meridian,http://purl.obolibrary.org/obo/UBERON_0004454,tarsal region,http://purl.obolibrary.org/obo/UBERON_0012076,tibiotalar joint,http://purl.obolibrary.org/obo/UBERON_0035207,deep fibular nerve,http://purl.obolibrary.org/obo/UBERON_0001537,anterior tibial artery,http://purl.obolibrary.org/obo/UBERON_0001545,anterior tibial vein
http://purl.org/tara/ontology/TARA_6019290,TARA:6019290,ST 41,Stomach Meridian,http://purl.obolibrary.org/obo/UBERON_0004454,tarsal region,http://purl.obolibrary.org/obo/UBERON_0012076,tibiotalar joint,http://purl.obolibrary.org/obo/UBERON_0035526,superficial fibular nerve,http://purl.obolibrary.org/obo/UBERON_0001537,anterior tibial artery,http://purl.obolibrary.org/obo/UBERON_0001545,anterior tibial vein
http://purl.org/tara/ontology/TARA_7178938,TARA:7178938,ST 42,Stomach Meridian,http://purl.obolibrary.org/obo/UBERON_0002387,pes,http://purl.obolibrary.org/obo/UBERON_0001453,distal tarsal bone 2,http://purl.obolibrary.org/obo/UBERON_0035207,deep fibular nerve,http://purl.obolibrary.org/obo/UBERON_0001539,dorsalis pedis artery,http://purl.obolibrary.org/obo/UBERON_0008783,dorsal venous arch
http://purl.org/tara/ontology/TARA_7178938,TARA:7178938,ST 42,Stomach Meridian,http://purl.obolibrary.org/obo/UBERON_0002387,pes,http://purl.obolibrary.org/obo/UBERON_0001453,distal tarsal bone 2,http://uri.interlex.org/base/ilx_0797482,Medial dorsal cutaneous nerve of foot,http://purl.obolibrary.org/obo/UBERON_0001539,dorsalis pedis artery,http://purl.obolibrary.org/obo/UBERON_0008783,dorsal venous arch
http://purl.org/tara/ontology/TARA_7178938,TARA:7178938,ST 42,Stomach Meridian,http://purl.obolibrary.org/obo/UBERON_0002387,pes,http://purl.obolibrary.org/obo/UBERON_0001539,dorsalis pedis artery,http://purl.obolibrary.org/obo/UBERON_0035207,deep fibular nerve,http://purl.obolibrary.org/obo/UBERON_0001539,dorsalis pedis artery,http://purl.obolibrary.org/obo/UBERON_0008783,dorsal venous arch
http://purl.org/tara/ontology/TARA_7178938,TARA:7178938,ST 42,Stomach Meridian,http://purl.obolibrary.org/obo/UBERON_0002387,pes,http://purl.obolibrary.org/obo/UBERON_0001539,dorsalis pedis artery,http://uri.interlex.org/base/ilx_0797482,Medial dorsal cutaneous nerve of foot,http://purl.obolibrary.org/obo/UBERON_0001539,dorsalis pedis artery,http://purl.obolibrary.org/obo/UBERON_0008783,dorsal venous arch
http://purl.org/tara/ontology/TARA_7178938,TARA:7178938,ST 42,Stomach Meridian,http://purl.obolibrary.org/obo/UBERON_0002387,pes,http://purl.obolibrary.org/obo/UBERON_0003651,metatarsal bone of digit 2,http://purl.obolibrary.org/obo/UBERON_0035207,deep fibular nerve,http://purl.obolibrary.org/obo/UBERON_0001539,dorsalis pedis artery,http://purl.obolibrary.org/obo/UBERON_0008783,dorsal venous arch
http://purl.org/tara/ontology/TARA_7178938,TARA:7178938,ST 42,Stomach Meridian,http://purl.obolibrary.org/obo/UBERON_0002387,pes,http://purl.obolibrary.org/obo/UBERON_0003651,metatarsal bone of digit 2,http://uri.interlex.org/base/ilx_0797482,Medial dorsal cutaneous nerve of foot,http://purl.obolibrary.org/obo/UBERON_0001539,dorsalis pedis artery,http://purl.obolibrary.org/obo/UBERON_0008783,dorsal venous arch
http://purl.org/tara/ontology/TARA_7661549,TARA:7661549,ST 43,Stomach Meridian,http://purl.obolibrary.org/obo/UBERON_0002387,pes,http://purl.obolibrary.org/obo/UBERON_0003651,metatarsal bone of digit 2,http://uri.interlex.org/base/ilx_0797482,Medial dorsal cutaneous nerve of foot,,,http://purl.obolibrary.org/obo/UBERON_0008783,dorsal venous arch
http://purl.org/tara/ontology/TARA_7661549,TARA:7661549,ST 43,Stomach Meridian,http://purl.obolibrary.org/obo/UBERON_0002387,pes,http://purl.obolibrary.org/obo/UBERON_0003652,metatarsal bone of digit 3,http://uri.interlex.org/base/ilx_0797482,Medial dorsal cutaneous nerve of foot,,,http://purl.obolibrary.org/obo/UBERON_0008783,dorsal venous arch
http://purl.org/tara/ontology/TARA_7661549,TARA:7661549,ST 43,Stomach Meridian,http://purl.obolibrary.org/obo/UBERON_0002387,pes,http://purl.obolibrary.org/obo/UBERON_0007753,metatarsophalangeal joint of pedal digit 2,http://uri.interlex.org/base/ilx_0797482,Medial dorsal cutaneous nerve of foot,,,http://purl.obolibrary.org/obo/UBERON_0008783,dorsal venous arch
http://purl.org/tara/ontology/TARA_8440155,TARA:8440155,ST 44,Stomach Meridian,http://purl.obolibrary.org/obo/UBERON_0002387,pes,http://purl.obolibrary.org/obo/UBERON_0003632,pedal digit 2,http://purl.obolibrary.org/obo/UBERON_0035526,superficial fibular nerve,,,http://purl.obolibrary.org/obo/UBERON_0008783,dorsal venous arch
http://purl.org/tara/ontology/TARA_8440155,TARA:8440155,ST 44,Stomach Meridian,http://purl.obolibrary.org/obo/UBERON_0002387,pes,http://purl.obolibrary.org/obo/UBERON_0003633,pedal digit 3,http://purl.obolibrary.org/obo/UBERON_0035526,superficial fibular nerve,,,http://purl.obolibrary.org/obo/UBERON_0008783,dorsal venous arch
http://purl.org/tara/ontology/TARA_2260472,TARA:2260472,ST 45,Stomach Meridian,http://purl.obolibrary.org/obo/UBERON_0003632,pedal digit 2,http://purl.obolibrary.org/obo/UBERON_0004300,distal phalanx,http://purl.obolibrary.org/obo/UBERON_0035526,superficial fibular nerve,http://purl.obolibrary.org/obo/UBERON_0006145,dorsal digital artery of pes,http://uri.interlex.org/base/ilx_0797503,Dorsal digital vein of foot
http://purl.org/tara/ontology/TARA_2260472,TARA:2260472,ST 45,Stomach Meridian,http://purl.obolibrary.org/obo/UBERON_0003632,pedal digit 2,http://purl.obolibrary.org/obo/UBERON_0011279,nail of pedal digit 2,http://purl.obolibrary.org/obo/UBERON_0035526,superficial fibular nerve,http://purl.obolibrary.org/obo/UBERON_0006145,dorsal digital artery of pes,http://uri.interlex.org/base/ilx_0797503,Dorsal digital vein of foot
http://purl.org/tara/ontology/TARA_0095074,TARA:0095074,ST 5,Stomach Meridian,http://purl.obolibrary.org/obo/UBERON_0001456,face,http://purl.obolibrary.org/obo/UBERON_0001612,facial artery,http://purl.obolibrary.org/obo/UBERON_0013646,buccal nerve,http://purl.obolibrary.org/obo/UBERON_0001612,facial artery,http://purl.obolibrary.org/obo/UBERON_0001653,facial vein
http://purl.org/tara/ontology/TARA_0095074,TARA:0095074,ST 5,Stomach Meridian,http://purl.obolibrary.org/obo/UBERON_0001456,face,http://purl.obolibrary.org/obo/UBERON_0001612,facial artery,http://purl.obolibrary.org/obo/UBERON_0001647,facial nerve,http://purl.obolibrary.org/obo/UBERON_0001612,facial artery,http://purl.obolibrary.org/obo/UBERON_0001653,facial vein
http://purl.org/tara/ontology/TARA_0095074,TARA:0095074,ST 5,Stomach Meridian,http://purl.obolibrary.org/obo/UBERON_0001456,face,http://purl.obolibrary.org/obo/UBERON_0001684,mandible,http://purl.obolibrary.org/obo/UBERON_0013646,buccal nerve,http://purl.obolibrary.org/obo/UBERON_0001612,facial artery,http://purl.obolibrary.org/obo/UBERON_0001653,facial vein
http://purl.org/tara/ontology/TARA_0095074,TARA:0095074,ST 5,Stomach Meridian,http://purl.obolibrary.org/obo/UBERON_0001456,face,http://purl.obolibrary.org/obo/UBERON_0001684,mandible,http://purl.obolibrary.org/obo/UBERON_0001647,facial nerve,http://purl.obolibrary.org/obo/UBERON_0001612,facial artery,http://purl.obolibrary.org/obo/UBERON_0001653,facial vein
http://purl.org/tara/ontology/TARA_0095074,TARA:0095074,ST 5,Stomach Meridian,http://purl.obolibrary.org/obo/UBERON_0001456,face,http://purl.obolibrary.org/obo/UBERON_0001597,masseter muscle,http://purl.obolibrary.org/obo/UBERON_0013646,buccal nerve,http://purl.obolibrary.org/obo/UBERON_0001612,facial artery,http://purl.obolibrary.org/obo/UBERON_0001653,facial vein
http://purl.org/tara/ontology/TARA_0095074,TARA:0095074,ST 5,Stomach Meridian,http://purl.obolibrary.org/obo/UBERON_0001456,face,http://purl.obolibrary.org/obo/UBERON_0001597,masseter muscle,http://purl.obolibrary.org/obo/UBERON_0001647,facial nerve,http://purl.obolibrary.org/obo/UBERON_0001612,facial artery,http://purl.obolibrary.org/obo/UBERON_0001653,facial vein
http://purl.org/tara/ontology/TARA_7834226,TARA:7834226,ST 6,Stomach Meridian,http://purl.obolibrary.org/obo/UBERON_0001456,face,http://purl.obolibrary.org/obo/UBERON_0001684,mandible,http://purl.obolibrary.org/obo/UBERON_0008833,great auricular nerve,http://purl.obolibrary.org/obo/UBERON_0013648,masseteric artery,,
http://purl.org/tara/ontology/TARA_7834226,TARA:7834226,ST 6,Stomach Meridian,http://purl.obolibrary.org/obo/UBERON_0001456,face,http://purl.obolibrary.org/obo/UBERON_0001684,mandible,http://purl.obolibrary.org/obo/UBERON_0011321,masseteric nerve,http://purl.obolibrary.org/obo/UBERON_0013648,masseteric artery,,
http://purl.org/tara/ontology/TARA_7834226,TARA:7834226,ST 6,Stomach Meridian,http://purl.obolibrary.org/obo/UBERON_0001456,face,http://purl.obolibrary.org/obo/UBERON_0001684,mandible,http://purl.obolibrary.org/obo/UBERON_0001647,facial nerve,http://purl.obolibrary.org/obo/UBERON_0013648,masseteric artery,,
http://purl.org/tara/ontology/TARA_7834226,TARA:7834226,ST 6,Stomach Meridian,http://purl.obolibrary.org/obo/UBERON_0001456,face,http://purl.obolibrary.org/obo/UBERON_0001597,masseter muscle,http://purl.obolibrary.org/obo/UBERON_0008833,great auricular nerve,http://purl.obolibrary.org/obo/UBERON_0013648,masseteric artery,,
http://purl.org/tara/ontology/TARA_7834226,TARA:7834226,ST 6,Stomach Meridian,http://purl.obolibrary.org/obo/UBERON_0001456,face,http://purl.obolibrary.org/obo/UBERON_0001597,masseter muscle,http://purl.obolibrary.org/obo/UBERON_0011321,masseteric nerve,http://purl.obolibrary.org/obo/UBERON_0013648,masseteric artery,,
http://purl.org/tara/ontology/TARA_7834226,TARA:7834226,ST 6,Stomach Meridian,http://purl.obolibrary.org/obo/UBERON_0001456,face,http://purl.obolibrary.org/obo/UBERON_0001597,masseter muscle,http://purl.obolibrary.org/obo/UBERON_0001647,facial nerve,http://purl.obolibrary.org/obo/UBERON_0013648,masseteric artery,,
http://purl.org/tara/ontology/TARA_2990862,TARA:2990862,ST 7,Stomach Meridian,http://purl.obolibrary.org/obo/UBERON_0001456,face,http://uri.interlex.org/base/ilx_0795291,mandibular notch,http://uri.interlex.org/base/ilx_0793723,Auriculotemporal nerve,http://purl.obolibrary.org/obo/UBERON_0001615,transverse facial artery,http://purl.obolibrary.org/obo/UBERON_0001659,transverse facial vein
http://purl.org/tara/ontology/TARA_2990862,TARA:2990862,ST 7,Stomach Meridian,http://purl.obolibrary.org/obo/UBERON_0001456,face,http://uri.interlex.org/base/ilx_0795291,mandibular notch,http://uri.interlex.org/base/ilx_0793723,Auriculotemporal nerve,http://purl.obolibrary.org/obo/UBERON_0001615,transverse facial artery,http://purl.obolibrary.org/obo/UBERON_0001660,maxillary vein
http://purl.org/tara/ontology/TARA_2990862,TARA:2990862,ST 7,Stomach Meridian,http://purl.obolibrary.org/obo/UBERON_0001456,face,http://uri.interlex.org/base/ilx_0795291,mandibular notch,http://uri.interlex.org/base/ilx_0793723,Auriculotemporal nerve,http://purl.obolibrary.org/obo/UBERON_0001616,maxillary artery,http://purl.obolibrary.org/obo/UBERON_0001659,transverse facial vein
http://purl.org/tara/ontology/TARA_2990862,TARA:2990862,ST 7,Stomach Meridian,http://purl.obolibrary.org/obo/UBERON_0001456,face,http://uri.interlex.org/base/ilx_0795291,mandibular notch,http://uri.interlex.org/base/ilx_0793723,Auriculotemporal nerve,http://purl.obolibrary.org/obo/UBERON_0001616,maxillary artery,http://purl.obolibrary.org/obo/UBERON_0001660,maxillary vein
http://purl.org/tara/ontology/TARA_2990862,TARA:2990862,ST 7,Stomach Meridian,http://purl.obolibrary.org/obo/UBERON_0001456,face,http://uri.interlex.org/base/ilx_0795291,mandibular notch,http://uri.interlex.org/base/ilx_0797479,Zygomatic branch of the facial nerve,http://purl.obolibrary.org/obo/UBERON_0001615,transverse facial artery,http://purl.obolibrary.org/obo/UBERON_0001659,transverse facial vein
http://purl.org/tara/ontology/TARA_2990862,TARA:2990862,ST 7,Stomach Meridian,http://purl.obolibrary.org/obo/UBERON_0001456,face,http://uri.interlex.org/base/ilx_0795291,mandibular notch,http://uri.interlex.org/base/ilx_0797479,Zygomatic branch of the facial nerve,http://purl.obolibrary.org/obo/UBERON_0001615,transverse facial artery,http://purl.obolibrary.org/obo/UBERON_0001660,maxillary vein
http://purl.org/tara/ontology/TARA_2990862,TARA:2990862,ST 7,Stomach Meridian,http://purl.obolibrary.org/obo/UBERON_0001456,face,http://uri.interlex.org/base/ilx_0795291,mandibular notch,http://uri.interlex.org/base/ilx_0797479,Zygomatic branch of the facial nerve,http://purl.obolibrary.org/obo/UBERON_0001616,maxillary artery,http://purl.obolibrary.org/obo/UBERON_0001659,transverse facial vein
http://purl.org/tara/ontology/TARA_2990862,TARA:2990862,ST 7,Stomach Meridian,http://purl.obolibrary.org/obo/UBERON_0001456,face,http://uri.interlex.org/base/ilx_0795291,mandibular notch,http://uri.interlex.org/base/ilx_0797479,Zygomatic branch of the facial nerve,http://purl.obolibrary.org/obo/UBERON_0001616,maxillary artery,http://purl.obolibrary.org/obo/UBERON_0001660,maxillary vein
http://purl.org/tara/ontology/TARA_2990862,TARA:2990862,ST 7,Stomach Meridian,http://purl.obolibrary.org/obo/UBERON_0001456,face,http://purl.obolibrary.org/obo/UBERON_0002500,zygomatic arch,http://uri.interlex.org/base/ilx_0793723,Auriculotemporal nerve,http://purl.obolibrary.org/obo/UBERON_0001615,transverse facial artery,http://purl.obolibrary.org/obo/UBERON_0001659,transverse facial vein
http://purl.org/tara/ontology/TARA_2990862,TARA:2990862,ST 7,Stomach Meridian,http://purl.obolibrary.org/obo/UBERON_0001456,face,http://purl.obolibrary.org/obo/UBERON_0002500,zygomatic arch,http://uri.interlex.org/base/ilx_0793723,Auriculotemporal nerve,http://purl.obolibrary.org/obo/UBERON_0001615,transverse facial artery,http://purl.obolibrary.org/obo/UBERON_0001660,maxillary vein
http://purl.org/tara/ontology/TARA_2990862,TARA:2990862,ST 7,Stomach Meridian,http://purl.obolibrary.org/obo/UBERON_0001456,face,http://purl.obolibrary.org/obo/UBERON_0002500,zygomatic arch,http://uri.interlex.org/base/ilx_0793723,Auriculotemporal nerve,http://purl.obolibrary.org/obo/UBERON_0001616,maxillary artery,http://purl.obolibrary.org/obo/UBERON_0001659,transverse facial vein
http://purl.org/tara/ontology/TARA_2990862,TARA:2990862,ST 7,Stomach Meridian,http://purl.obolibrary.org/obo/UBERON_0001456,face,http://purl.obolibrary.org/obo/UBERON_0002500,zygomatic arch,http://uri.interlex.org/base/ilx_0793723,Auriculotemporal nerve,http://purl.obolibrary.org/obo/UBERON_0001616,maxillary artery,http://purl.obolibrary.org/obo/UBERON_0001660,maxillary vein
http://purl.org/tara/ontology/TARA_2990862,TARA:2990862,ST 7,Stomach Meridian,http://purl.obolibrary.org/obo/UBERON_0001456,face,http://purl.obolibrary.org/obo/UBERON_0002500,zygomatic arch,http://uri.interlex.org/base/ilx_0797479,Zygomatic branch of the facial nerve,http://purl.obolibrary.org/obo/UBERON_0001615,transverse facial artery,http://purl.obolibrary.org/obo/UBERON_0001659,transverse facial vein
http://purl.org/tara/ontology/TARA_2990862,TARA:2990862,ST 7,Stomach Meridian,http://purl.obolibrary.org/obo/UBERON_0001456,face,http://purl.obolibrary.org/obo/UBERON_0002500,zygomatic arch,http://uri.interlex.org/base/ilx_0797479,Zygomatic branch of the facial nerve,http://purl.obolibrary.org/obo/UBERON_0001615,transverse facial artery,http://purl.obolibrary.org/obo/UBERON_0001660,maxillary vein
http://purl.org/tara/ontology/TARA_2990862,TARA:2990862,ST 7,Stomach Meridian,http://purl.obolibrary.org/obo/UBERON_0001456,face,http://purl.obolibrary.org/obo/UBERON_0002500,zygomatic arch,http://uri.interlex.org/base/ilx_0797479,Zygomatic branch of the facial nerve,http://purl.obolibrary.org/obo/UBERON_0001616,maxillary artery,http://purl.obolibrary.org/obo/UBERON_0001659,transverse facial vein
http://purl.org/tara/ontology/TARA_2990862,TARA:2990862,ST 7,Stomach Meridian,http://purl.obolibrary.org/obo/UBERON_0001456,face,http://purl.obolibrary.org/obo/UBERON_0002500,zygomatic arch,http://uri.interlex.org/base/ilx_0797479,Zygomatic branch of the facial nerve,http://purl.obolibrary.org/obo/UBERON_0001616,maxillary artery,http://purl.obolibrary.org/obo/UBERON_0001660,maxillary vein
http://purl.org/tara/ontology/TARA_9946635,TARA:9946635,ST 8,Stomach Meridian,http://purl.obolibrary.org/obo/UBERON_0000033,head,http://uri.interlex.org/base/ilx_0795292,anterior hairline,http://uri.interlex.org/base/ilx_0793723,Auriculotemporal nerve,http://purl.obolibrary.org/obo/UBERON_0001614,superficial temporal artery,http://purl.obolibrary.org/obo/UBERON_0001657,superficial temporal vein
http://purl.org/tara/ontology/TARA_9946635,TARA:9946635,ST 8,Stomach Meridian,http://purl.obolibrary.org/obo/UBERON_0000033,head,http://uri.interlex.org/base/ilx_0795285,anterior median line,http://uri.interlex.org/base/ilx_0793723,Auriculotemporal nerve,http://purl.obolibrary.org/obo/UBERON_0001614,superficial temporal artery,http://purl.obolibrary.org/obo/UBERON_0001657,superficial temporal vein
http://purl.org/tara/ontology/TARA_9946635,TARA:9946635,ST 8,Stomach Meridian,http://purl.obolibrary.org/obo/UBERON_0000033,head,http://purl.obolibrary.org/obo/UBERON_0008200,forehead,http://uri.interlex.org/base/ilx_0793723,Auriculotemporal nerve,http://purl.obolibrary.org/obo/UBERON_0001614,superficial temporal artery,http://purl.obolibrary.org/obo/UBERON_0001657,superficial temporal vein
http://purl.org/tara/ontology/TARA_6890771,TARA:6890771,ST 9,Stomach Meridian,http://purl.obolibrary.org/obo/UBERON_0000974,neck,http://purl.obolibrary.org/obo/UBERON_0001128,sternocleidomastoid,http://uri.interlex.org/base/ilx_0797493,Cervical branch of the facial nerve,http://purl.obolibrary.org/obo/UBERON_0001532,internal carotid artery,,
http://purl.org/tara/ontology/TARA_6890771,TARA:6890771,ST 9,Stomach Meridian,http://purl.obolibrary.org/obo/UBERON_0000974,neck,http://purl.obolibrary.org/obo/UBERON_0001128,sternocleidomastoid,http://uri.interlex.org/base/ilx_0797493,Cervical branch of the facial nerve,http://purl.obolibrary.org/obo/UBERON_0007150,superior thyroid artery,,
http://purl.org/tara/ontology/TARA_6890771,TARA:6890771,ST 9,Stomach Meridian,http://purl.obolibrary.org/obo/UBERON_0000974,neck,http://purl.obolibrary.org/obo/UBERON_0001128,sternocleidomastoid,http://uri.interlex.org/base/ilx_0797493,Cervical branch of the facial nerve,http://purl.obolibrary.org/obo/UBERON_0001070,external carotid artery,,
http://purl.org/tara/ontology/TARA_6890771,TARA:6890771,ST 9,Stomach Meridian,http://purl.obolibrary.org/obo/UBERON_0000974,neck,http://purl.obolibrary.org/obo/UBERON_0001128,sternocleidomastoid,http://uri.interlex.org/base/ilx_0797480,Transverse cervical nerve,http://purl.obolibrary.org/obo/UBERON_0001532,internal carotid artery,,
http://purl.org/tara/ontology/TARA_6890771,TARA:6890771,ST 9,Stomach Meridian,http://purl.obolibrary.org/obo/UBERON_0000974,neck,http://purl.obolibrary.org/obo/UBERON_0001128,sternocleidomastoid,http://uri.interlex.org/base/ilx_0797480,Transverse cervical nerve,http://purl.obolibrary.org/obo/UBERON_0007150,superior thyroid artery,,
http://purl.org/tara/ontology/TARA_6890771,TARA:6890771,ST 9,Stomach Meridian,http://purl.obolibrary.org/obo/UBERON_0000974,neck,http://purl.obolibrary.org/obo/UBERON_0001128,sternocleidomastoid,http://uri.interlex.org/base/ilx_0797480,Transverse cervical nerve,http://purl.obolibrary.org/obo/UBERON_0001070,external carotid artery,,
http://purl.org/tara/ontology/TARA_6890771,TARA:6890771,ST 9,Stomach Meridian,http://purl.obolibrary.org/obo/UBERON_0000974,neck,http://purl.obolibrary.org/obo/UBERON_0001128,sternocleidomastoid,http://purl.obolibrary.org/obo/UBERON_0001759,vagus nerve,http://purl.obolibrary.org/obo/UBERON_0001532,internal carotid artery,,
http://purl.org/tara/ontology/TARA_6890771,TARA:6890771,ST 9,Stomach Meridian,http://purl.obolibrary.org/obo/UBERON_0000974,neck,http://purl.obolibrary.org/obo/UBERON_0001128,sternocleidomastoid,http://purl.obolibrary.org/obo/UBERON_0001759,vagus nerve,http://purl.obolibrary.org/obo/UBERON_0007150,superior thyroid artery,,
http://purl.org/tara/ontology/TARA_6890771,TARA:6890771,ST 9,Stomach Meridian,http://purl.obolibrary.org/obo/UBERON_0000974,neck,http://purl.obolibrary.org/obo/UBERON_0001128,sternocleidomastoid,http://purl.obolibrary.org/obo/UBERON_0001759,vagus nerve,http://purl.obolibrary.org/obo/UBERON_0001070,external carotid artery,,
http://purl.org/tara/ontology/TARA_6890771,TARA:6890771,ST 9,Stomach Meridian,http://purl.obolibrary.org/obo/UBERON_0000974,neck,http://purl.obolibrary.org/obo/UBERON_0001128,sternocleidomastoid,http://purl.obolibrary.org/obo/UBERON_0001650,hypoglossal nerve,http://purl.obolibrary.org/obo/UBERON_0001532,internal carotid artery,,
http://purl.org/tara/ontology/TARA_6890771,TARA:6890771,ST 9,Stomach Meridian,http://purl.obolibrary.org/obo/UBERON_0000974,neck,http://purl.obolibrary.org/obo/UBERON_0001128,sternocleidomastoid,http://purl.obolibrary.org/obo/UBERON_0001650,hypoglossal nerve,http://purl.obolibrary.org/obo/UBERON_0007150,superior thyroid artery,,
http://purl.org/tara/ontology/TARA_6890771,TARA:6890771,ST 9,Stomach Meridian,http://purl.obolibrary.org/obo/UBERON_0000974,neck,http://purl.obolibrary.org/obo/UBERON_0001128,sternocleidomastoid,http://purl.obolibrary.org/obo/UBERON_0001650,hypoglossal nerve,http://purl.obolibrary.org/obo/UBERON_0001070,external carotid artery,,
http://purl.org/tara/ontology/TARA_6890771,TARA:6890771,ST 9,Stomach Meridian,http://purl.obolibrary.org/obo/UBERON_0000974,neck,http://purl.obolibrary.org/obo/UBERON_0001738,thyroid cartilage,http://uri.interlex.org/base/ilx_0797493,Cervical branch of the facial nerve,http://purl.obolibrary.org/obo/UBERON_0001532,internal carotid artery,,
http://purl.org/tara/ontology/TARA_6890771,TARA:6890771,ST 9,Stomach Meridian,http://purl.obolibrary.org/obo/UBERON_0000974,neck,http://purl.obolibrary.org/obo/UBERON_0001738,thyroid cartilage,http://uri.interlex.org/base/ilx_0797493,Cervical branch of the facial nerve,http://purl.obolibrary.org/obo/UBERON_0007150,superior thyroid artery,,
http://purl.org/tara/ontology/TARA_6890771,TARA:6890771,ST 9,Stomach Meridian,http://purl.obolibrary.org/obo/UBERON_0000974,neck,http://purl.obolibrary.org/obo/UBERON_0001738,thyroid cartilage,http://uri.interlex.org/base/ilx_0797493,Cervical branch of the facial nerve,http://purl.obolibrary.org/obo/UBERON_0001070,external carotid artery,,
http://purl.org/tara/ontology/TARA_6890771,TARA:6890771,ST 9,Stomach Meridian,http://purl.obolibrary.org/obo/UBERON_0000974,neck,http://purl.obolibrary.org/obo/UBERON_0001738,thyroid cartilage,http://uri.interlex.org/base/ilx_0797480,Transverse cervical nerve,http://purl.obolibrary.org/obo/UBERON_0001532,internal carotid artery,,
http://purl.org/tara/ontology/TARA_6890771,TARA:6890771,ST 9,Stomach Meridian,http://purl.obolibrary.org/obo/UBERON_0000974,neck,http://purl.obolibrary.org/obo/UBERON_0001738,thyroid cartilage,http://uri.interlex.org/base/ilx_0797480,Transverse cervical nerve,http://purl.obolibrary.org/obo/UBERON_0007150,superior thyroid artery,,
http://purl.org/tara/ontology/TARA_6890771,TARA:6890771,ST 9,Stomach Meridian,http://purl.obolibrary.org/obo/UBERON_0000974,neck,http://purl.obolibrary.org/obo/UBERON_0001738,thyroid cartilage,http://uri.interlex.org/base/ilx_0797480,Transverse cervical nerve,http://purl.obolibrary.org/obo/UBERON_0001070,external carotid artery,,
http://purl.org/tara/ontology/TARA_6890771,TARA:6890771,ST 9,Stomach Meridian,http://purl.obolibrary.org/obo/UBERON_0000974,neck,http://purl.obolibrary.org/obo/UBERON_0001738,thyroid cartilage,http://purl.obolibrary.org/obo/UBERON_0001759,vagus nerve,http://purl.obolibrary.org/obo/UBERON_0001532,internal carotid artery,,
http://purl.org/tara/ontology/TARA_6890771,TARA:6890771,ST 9,Stomach Meridian,http://purl.obolibrary.org/obo/UBERON_0000974,neck,http://purl.obolibrary.org/obo/UBERON_0001738,thyroid cartilage,http://purl.obolibrary.org/obo/UBERON_0001759,vagus nerve,http://purl.obolibrary.org/obo/UBERON_0007150,superior thyroid artery,,
http://purl.org/tara/ontology/TARA_6890771,TARA:6890771,ST 9,Stomach Meridian,http://purl.obolibrary.org/obo/UBERON_0000974,neck,http://purl.obolibrary.org/obo/UBERON_0001738,thyroid cartilage,http://purl.obolibrary.org/obo/UBERON_0001759,vagus nerve,http://purl.obolibrary.org/obo/UBERON_0001070,external carotid artery,,
http://purl.org/tara/ontology/TARA_6890771,TARA:6890771,ST 9,Stomach Meridian,http://purl.obolibrary.org/obo/UBERON_0000974,neck,http://purl.obolibrary.org/obo/UBERON_0001738,thyroid cartilage,http://purl.obolibrary.org/obo/UBERON_0001650,hypoglossal nerve,http://purl.obolibrary.org/obo/UBERON_0001532,internal carotid artery,,
http://purl.org/tara/ontology/TARA_6890771,TARA:6890771,ST 9,Stomach Meridian,http://purl.obolibrary.org/obo/UBERON_0000974,neck,http://purl.obolibrary.org/obo/UBERON_0001738,thyroid cartilage,http://purl.obolibrary.org/obo/UBERON_0001650,hypoglossal nerve,http://purl.obolibrary.org/obo/UBERON_0007150,superior thyroid artery,,
http://purl.org/tara/ontology/TARA_6890771,TARA:6890771,ST 9,Stomach Meridian,http://purl.obolibrary.org/obo/UBERON_0000974,neck,http://purl.obolibrary.org/obo/UBERON_0001738,thyroid cartilage,http://purl.obolibrary.org/obo/UBERON_0001650,hypoglossal nerve,http://purl.obolibrary.org/obo/UBERON_0001070,external carotid artery,,
http://purl.org/tara/ontology/TARA_6890771,TARA:6890771,ST 9,Stomach Meridian,http://purl.obolibrary.org/obo/UBERON_0000974,neck,http://purl.obolibrary.org/obo/UBERON_0010197,trunk of common carotid artery,http://uri.interlex.org/base/ilx_0797493,Cervical branch of the facial nerve,http://purl.obolibrary.org/obo/UBERON_0001532,internal carotid artery,,
http://purl.org/tara/ontology/TARA_6890771,TARA:6890771,ST 9,Stomach Meridian,http://purl.obolibrary.org/obo/UBERON_0000974,neck,http://purl.obolibrary.org/obo/UBERON_0010197,trunk of common carotid artery,http://uri.interlex.org/base/ilx_0797493,Cervical branch of the facial nerve,http://purl.obolibrary.org/obo/UBERON_0007150,superior thyroid artery,,
http://purl.org/tara/ontology/TARA_6890771,TARA:6890771,ST 9,Stomach Meridian,http://purl.obolibrary.org/obo/UBERON_0000974,neck,http://purl.obolibrary.org/obo/UBERON_0010197,trunk of common carotid artery,http://uri.interlex.org/base/ilx_0797493,Cervical branch of the facial nerve,http://purl.obolibrary.org/obo/UBERON_0001070,external carotid artery,,
http://purl.org/tara/ontology/TARA_6890771,TARA:6890771,ST 9,Stomach Meridian,http://purl.obolibrary.org/obo/UBERON_0000974,neck,http://purl.obolibrary.org/obo/UBERON_0010197,trunk of common carotid artery,http://uri.interlex.org/base/ilx_0797480,Transverse cervical nerve,http://purl.obolibrary.org/obo/UBERON_0001532,internal carotid artery,,
http://purl.org/tara/ontology/TARA_6890771,TARA:6890771,ST 9,Stomach Meridian,http://purl.obolibrary.org/obo/UBERON_0000974,neck,http://purl.obolibrary.org/obo/UBERON_0010197,trunk of common carotid artery,http://uri.interlex.org/base/ilx_0797480,Transverse cervical nerve,http://purl.obolibrary.org/obo/UBERON_0007150,superior thyroid artery,,
http://purl.org/tara/ontology/TARA_6890771,TARA:6890771,ST 9,Stomach Meridian,http://purl.obolibrary.org/obo/UBERON_0000974,neck,http://purl.obolibrary.org/obo/UBERON_0010197,trunk of common carotid artery,http://uri.interlex.org/base/ilx_0797480,Transverse cervical nerve,http://purl.obolibrary.org/obo/UBERON_0001070,external carotid artery,,
http://purl.org/tara/ontology/TARA_6890771,TARA:6890771,ST 9,Stomach Meridian,http://purl.obolibrary.org/obo/UBERON_0000974,neck,http://purl.obolibrary.org/obo/UBERON_0010197,trunk of common carotid artery,http://purl.obolibrary.org/obo/UBERON_0001759,vagus nerve,http://purl.obolibrary.org/obo/UBERON_0001532,internal carotid artery,,
http://purl.org/tara/ontology/TARA_6890771,TARA:6890771,ST 9,Stomach Meridian,http://purl.obolibrary.org/obo/UBERON_0000974,neck,http://purl.obolibrary.org/obo/UBERON_0010197,trunk of common carotid artery,http://purl.obolibrary.org/obo/UBERON_0001759,vagus nerve,http://purl.obolibrary.org/obo/UBERON_0007150,superior thyroid artery,,
http://purl.org/tara/ontology/TARA_6890771,TARA:6890771,ST 9,Stomach Meridian,http://purl.obolibrary.org/obo/UBERON_0000974,neck,http://purl.obolibrary.org/obo/UBERON_0010197,trunk of common carotid artery,http://purl.obolibrary.org/obo/UBERON_0001759,vagus nerve,http://purl.obolibrary.org/obo/UBERON_0001070,external carotid artery,,
http://purl.org/tara/ontology/TARA_6890771,TARA:6890771,ST 9,Stomach Meridian,http://purl.obolibrary.org/obo/UBERON_0000974,neck,http://purl.obolibrary.org/obo/UBERON_0010197,trunk of common carotid artery,http://purl.obolibrary.org/obo/UBERON_0001650,hypoglossal nerve,http://purl.obolibrary.org/obo/UBERON_0001532,internal carotid artery,,
http://purl.org/tara/ontology/TARA_6890771,TARA:6890771,ST 9,Stomach Meridian,http://purl.obolibrary.org/obo/UBERON_0000974,neck,http://purl.obolibrary.org/obo/UBERON_0010197,trunk of common carotid artery,http://purl.obolibrary.org/obo/UBERON_0001650,hypoglossal nerve,http://purl.obolibrary.org/obo/UBERON_0007150,superior thyroid artery,,
http://purl.org/tara/ontology/TARA_6890771,TARA:6890771,ST 9,Stomach Meridian,http://purl.obolibrary.org/obo/UBERON_0000974,neck,http://purl.obolibrary.org/obo/UBERON_0010197,trunk of common carotid artery,http://purl.obolibrary.org/obo/UBERON_0001650,hypoglossal nerve,http://purl.obolibrary.org/obo/UBERON_0001070,external carotid artery,,
http://purl.org/tara/ontology/TARA_3369897,TARA:3369897,TE 1,Triple Energizer Meridian,http://purl.obolibrary.org/obo/UBERON_0003624,manual digit 4,http://purl.obolibrary.org/obo/UBERON_0004300,distal phalanx,,,,,,
http://purl.org/tara/ontology/TARA_3369897,TARA:3369897,TE 1,Triple Energizer Meridian,http://purl.obolibrary.org/obo/UBERON_0003624,manual digit 4,http://purl.obolibrary.org/obo/UBERON_0011276,nail of manual digit 4,,,,,,
http://purl.org/tara/ontology/TARA_7517723,TARA:7517723,TE 10,Triple Energizer Meridian,http://purl.obolibrary.org/obo/UBERON_0001461,elbow,http://purl.obolibrary.org/obo/UBERON_0006810,olecranon,,,,,,
http://purl.org/tara/ontology/TARA_7517723,TARA:7517723,TE 10,Triple Energizer Meridian,http://purl.obolibrary.org/obo/UBERON_0001461,elbow,http://purl.obolibrary.org/obo/UBERON_0012130,olecranon fossa,,,,,,
http://purl.org/tara/ontology/TARA_6299396,TARA:6299396,TE 11,Triple Energizer Meridian,http://purl.obolibrary.org/obo/UBERON_0001460,arm,http://purl.obolibrary.org/obo/UBERON_0001461,elbow,,,,,,
http://purl.org/tara/ontology/TARA_6299396,TARA:6299396,TE 11,Triple Energizer Meridian,http://purl.obolibrary.org/obo/UBERON_0001460,arm,http://purl.obolibrary.org/obo/UBERON_0006810,olecranon,,,,,,
http://purl.org/tara/ontology/TARA_8257616,TARA:8257616,TE 12,Triple Energizer Meridian,http://purl.obolibrary.org/obo/UBERON_0001460,arm,http://purl.obolibrary.org/obo/UBERON_0006810,olecranon,,,,,,
http://purl.org/tara/ontology/TARA_3682571,TARA:3682571,TE 13,Triple Energizer Meridian,http://purl.obolibrary.org/obo/UBERON_0001460,arm,http://purl.obolibrary.org/obo/UBERON_0001476,deltoid,,,,,,
http://purl.org/tara/ontology/TARA_5894876,TARA:5894876,TE 14,Triple Energizer Meridian,http://purl.obolibrary.org/obo/UBERON_0001421,pectoral girdle region,http://purl.obolibrary.org/obo/UBERON_0002497,acromion,,,,,,
http://purl.org/tara/ontology/TARA_5894876,TARA:5894876,TE 14,Triple Energizer Meridian,http://purl.obolibrary.org/obo/UBERON_0001421,pectoral girdle region,http://purl.obolibrary.org/obo/UBERON_0011187,ventral tubercle of humerus,,,,,,
http://purl.org/tara/ontology/TARA_5828993,TARA:5828993,TE 15,Triple Energizer Meridian,http://uri.interlex.org/base/ilx_0795319,scapular region,http://purl.obolibrary.org/obo/UBERON_0006849,scapula,,,,,,
http://purl.org/tara/ontology/TARA_9834019,TARA:9834019,TE 16,Triple Energizer Meridian,http://purl.obolibrary.org/obo/UBERON_0000974,neck,http://purl.obolibrary.org/obo/UBERON_0001684,mandible,,,,,,
http://purl.org/tara/ontology/TARA_9834019,TARA:9834019,TE 16,Triple Energizer Meridian,http://purl.obolibrary.org/obo/UBERON_0000974,neck,http://purl.obolibrary.org/obo/UBERON_0001128,sternocleidomastoid,,,,,,
http://purl.org/tara/ontology/TARA_6615149,TARA:6615149,TE 17,Triple Energizer Meridian,http://purl.obolibrary.org/obo/UBERON_0000974,neck,http://purl.obolibrary.org/obo/UBERON_0001847,lobule of pinna,,,,,,
http://purl.org/tara/ontology/TARA_6615149,TARA:6615149,TE 17,Triple Energizer Meridian,http://purl.obolibrary.org/obo/UBERON_0000974,neck,http://purl.obolibrary.org/obo/UBERON_0011220,mastoid process of temporal bone,,,,,,
http://purl.org/tara/ontology/TARA_0228386,TARA:0228386,TE 18,Triple Energizer Meridian,http://purl.obolibrary.org/obo/UBERON_0000033,head,http://purl.obolibrary.org/obo/UBERON_0011220,mastoid process of temporal bone,,,,,,
http://purl.org/tara/ontology/TARA_8876235,TARA:8876235,TE 19,Triple Energizer Meridian,http://purl.obolibrary.org/obo/UBERON_0000033,head,,,,,,,,
http://purl.org/tara/ontology/TARA_7896553,TARA:7896553,TE 2,Triple Energizer Meridian,http://uri.interlex.org/base/ilx_0794954,dorsum of the hand,http://purl.obolibrary.org/obo/UBERON_0003624,manual digit 4,,,,,,
http://purl.org/tara/ontology/TARA_7896553,TARA:7896553,TE 2,Triple Energizer Meridian,http://uri.interlex.org/base/ilx_0794954,dorsum of the hand,http://purl.obolibrary.org/obo/UBERON_0003625,manual digit 5,,,,,,
http://purl.org/tara/ontology/TARA_8854888,TARA:8854888,TE 20,Triple Energizer Meridian,http://purl.obolibrary.org/obo/UBERON_0000033,head,http://purl.obolibrary.org/obo/UBERON_0001690,ear,,,,,,
http://purl.org/tara/ontology/TARA_3361879,TARA:3361879,TE 21,Triple Energizer Meridian,http://purl.obolibrary.org/obo/UBERON_0001456,face,http://purl.obolibrary.org/obo/UBERON_0004657,mandible condylar process,,,,,,
http://purl.org/tara/ontology/TARA_1763744,TARA:1763744,TE 22,Triple Energizer Meridian,http://purl.obolibrary.org/obo/UBERON_0000033,head,http://purl.obolibrary.org/obo/UBERON_0004104,hairline,,,,,,
http://purl.org/tara/ontology/TARA_1763744,TARA:1763744,TE 22,Triple Energizer Meridian,http://purl.obolibrary.org/obo/UBERON_0000033,head,http://purl.obolibrary.org/obo/UBERON_0001614,superficial temporal artery,,,,,,
http://purl.org/tara/ontology/TARA_6752232,TARA:6752232,TE 23,Triple Energizer Meridian,http://purl.obolibrary.org/obo/UBERON_0000033,head,http://purl.obolibrary.org/obo/UBERON_0010163,eyebrow,,,,,,
http://purl.org/tara/ontology/TARA_5356503,TARA:5356503,TE 3,Triple Energizer Meridian,http://uri.interlex.org/base/ilx_0794954,dorsum of the hand,http://purl.obolibrary.org/obo/UBERON_0003648,metacarpal bone of digit 4,,,,,,
http://purl.org/tara/ontology/TARA_5356503,TARA:5356503,TE 3,Triple Energizer Meridian,http://uri.interlex.org/base/ilx_0794954,dorsum of the hand,http://purl.obolibrary.org/obo/UBERON_0003649,metacarpal bone of digit 5,,,,,,
http://purl.org/tara/ontology/TARA_5356503,TARA:5356503,TE 3,Triple Energizer Meridian,http://uri.interlex.org/base/ilx_0794954,dorsum of the hand,http://purl.obolibrary.org/obo/UBERON_0007744,metacarpophalangeal joint of manual digit 4,,,,,,
http://purl.org/tara/ontology/TARA_1594912,TARA:1594912,TE 4,Triple Energizer Meridian,http://purl.obolibrary.org/obo/UBERON_0004452,carpal region,http://uri.interlex.org/base/ilx_0795333,dorsal wrist crease,,,,,,
http://purl.org/tara/ontology/TARA_1594912,TARA:1594912,TE 4,Triple Energizer Meridian,http://purl.obolibrary.org/obo/UBERON_0004452,carpal region,http://purl.obolibrary.org/obo/UBERON_0003648,metacarpal bone of digit 4,,,,,,
http://purl.org/tara/ontology/TARA_1594912,TARA:1594912,TE 4,Triple Energizer Meridian,http://purl.obolibrary.org/obo/UBERON_0004452,carpal region,http://purl.obolibrary.org/obo/UBERON_0003649,metacarpal bone of digit 5,,,,,,
http://purl.org/tara/ontology/TARA_1594912,TARA:1594912,TE 4,Triple Energizer Meridian,http://purl.obolibrary.org/obo/UBERON_0004452,carpal region,http://uri.interlex.org/base/ilx_0795502,tendon of extensor digitorum,,,,,,
http://purl.org/tara/ontology/TARA_8393005,TARA:8393005,TE 5,Triple Energizer Meridian,http://purl.obolibrary.org/obo/UBERON_0002386,forelimb zeugopod,http://uri.interlex.org/base/ilx_0795333,dorsal wrist crease,,,,,,
http://purl.org/tara/ontology/TARA_8393005,TARA:8393005,TE 5,Triple Energizer Meridian,http://purl.obolibrary.org/obo/UBERON_0002386,forelimb zeugopod,http://purl.obolibrary.org/obo/UBERON_0006508,interosseous muscle of autopod,,,,,,
http://purl.org/tara/ontology/TARA_8393005,TARA:8393005,TE 5,Triple Energizer Meridian,http://purl.obolibrary.org/obo/UBERON_0002386,forelimb zeugopod,http://purl.obolibrary.org/obo/UBERON_0001423,radius bone,,,,,,
http://purl.org/tara/ontology/TARA_8393005,TARA:8393005,TE 5,Triple Energizer Meridian,http://purl.obolibrary.org/obo/UBERON_0002386,forelimb zeugopod,http://purl.obolibrary.org/obo/UBERON_0001424,ulna,,,,,,
http://purl.org/tara/ontology/TARA_7510801,TARA:7510801,TE 6,Triple Energizer Meridian,http://purl.obolibrary.org/obo/UBERON_0002386,forelimb zeugopod,http://uri.interlex.org/base/ilx_0795333,dorsal wrist crease,,,,,,
http://purl.org/tara/ontology/TARA_7510801,TARA:7510801,TE 6,Triple Energizer Meridian,http://purl.obolibrary.org/obo/UBERON_0002386,forelimb zeugopod,http://purl.obolibrary.org/obo/UBERON_0006508,interosseous muscle of autopod,,,,,,
http://purl.org/tara/ontology/TARA_7510801,TARA:7510801,TE 6,Triple Energizer Meridian,http://purl.obolibrary.org/obo/UBERON_0002386,forelimb zeugopod,http://purl.obolibrary.org/obo/UBERON_0001423,radius bone,,,,,,
http://purl.org/tara/ontology/TARA_7510801,TARA:7510801,TE 6,Triple Energizer Meridian,http://purl.obolibrary.org/obo/UBERON_0002386,forelimb zeugopod,http://purl.obolibrary.org/obo/UBERON_0001424,ulna,,,,,,
http://purl.org/tara/ontology/TARA_3810639,TARA:3810639,TE 7,Triple Energizer Meridian,http://purl.obolibrary.org/obo/UBERON_0002386,forelimb zeugopod,http://uri.interlex.org/base/ilx_0795333,dorsal wrist crease,,,,,,
http://purl.org/tara/ontology/TARA_3810639,TARA:3810639,TE 7,Triple Energizer Meridian,http://purl.obolibrary.org/obo/UBERON_0002386,forelimb zeugopod,http://purl.obolibrary.org/obo/UBERON_0001424,ulna,,,,,,
http://purl.org/tara/ontology/TARA_1698911,TARA:1698911,TE 8,Triple Energizer Meridian,http://purl.obolibrary.org/obo/UBERON_0002386,forelimb zeugopod,http://uri.interlex.org/base/ilx_0795333,dorsal wrist crease,,,,,,
http://purl.org/tara/ontology/TARA_1698911,TARA:1698911,TE 8,Triple Energizer Meridian,http://purl.obolibrary.org/obo/UBERON_0002386,forelimb zeugopod,http://purl.obolibrary.org/obo/UBERON_0001461,elbow,,,,,,
http://purl.org/tara/ontology/TARA_1698911,TARA:1698911,TE 8,Triple Energizer Meridian,http://purl.obolibrary.org/obo/UBERON_0002386,forelimb zeugopod,http://purl.obolibrary.org/obo/UBERON_0001423,radius bone,,,,,,
http://purl.org/tara/ontology/TARA_1698911,TARA:1698911,TE 8,Triple Energizer Meridian,http://purl.obolibrary.org/obo/UBERON_0002386,forelimb zeugopod,http://purl.obolibrary.org/obo/UBERON_0001424,ulna,,,,,,
http://purl.org/tara/ontology/TARA_5590422,TARA:5590422,TE 9,Triple Energizer Meridian,http://purl.obolibrary.org/obo/UBERON_0002386,forelimb zeugopod,http://purl.obolibrary.org/obo/UBERON_0006508,interosseous muscle of autopod,,,,,,
http://purl.org/tara/ontology/TARA_5590422,TARA:5590422,TE 9,Triple Energizer Meridian,http://purl.obolibrary.org/obo/UBERON_0002386,forelimb zeugopod,http://purl.obolibrary.org/obo/UBERON_0006810,olecranon,,,,,,
http://purl.org/tara/ontology/TARA_5590422,TARA:5590422,TE 9,Triple Energizer Meridian,http://purl.obolibrary.org/obo/UBERON_0002386,forelimb zeugopod,http://purl.obolibrary.org/obo/UBERON_0001423,radius bone,,,,,,
http://purl.org/tara/ontology/TARA_5590422,TARA:5590422,TE 9,Triple Energizer Meridian,http://purl.obolibrary.org/obo/UBERON_0002386,forelimb zeugopod,http://purl.obolibrary.org/obo/UBERON_0001424,ulna,,,,,,
