Acupoint_IRI,Acupoint_Curie,Acupoint,Acupoint_Category,Synonym,Pinyin_Name,Chinese_Name,Meridian,Special_Point_Role,Location,Locational_Anatomy,Acupuncture_Method,Indications,Innervation,Nearby_Nerve,Vasculature,Nearby_Artery,Nearby_Vein,Reference
http://purl.org/tara/ontology/TARA_3480360,TARA:3480360,Anmian,Extra Acupuncture Point,N-HN 54,,,,,Midpoint between Yifeng (TE 17) and Fengchi (GB 20).,,Puncture perpendicularly 0.5-0.8 inch.,"headache, insomnia, vertigo, palpitation, mental disorders",,,,,,"Chinese Acupuncture and Moxibustion. Edited by C. Xinnong, Rev. Ed., Foreign Languages Press, Beijing, China, 1999. Ch. 10, Sec. III, The Extra Points. ISBN 978-7-119-01758-7.
[Additional Synonyms] Acupuncture: A Comprehensive Text. Shanghai College of Traditional Medicine. Translated and edited by J. O'Connor and D. Bensky. Chicago: Eastland Press, 1981. Section II, Ch. 8: Other New and Miscellaneous Points."
http://purl.org/tara/ontology/TARA_6659923,TARA:6659923,Bafeng,Extra Acupuncture Point,"EX-LE 10, M-LE 8",,,,,"On the dorsum of foot, in the depressions on the webs between toes, proximal to the margins of the webs, at the junction of the red and white skin, eight points in all.",,Puncture obliquely 0.5-0.8 inch. Moxibustion is applicable.,"beriberi, redness of the dorsum of the foot, swelling of the dorsum of the foot, toe pain",,,,,,"Chinese Acupuncture and Moxibustion. Edited by C. Xinnong, Rev. Ed., Foreign Languages Press, Beijing, China, 1999. Ch. 10, Sec. III, The Extra Points. ISBN 978-7-119-01758-7.
[Additional Synonyms] Acupuncture: A Comprehensive Text. Shanghai College of Traditional Medicine. Translated and edited by J. O'Connor and D. Bensky. Chicago: Eastland Press, 1981. Section II, Ch. 8: Other New and Miscellaneous Points."
http://purl.org/tara/ontology/TARA_6941032,TARA:6941032,Baichongwo,Extra Acupuncture Point,M-LE 34,,,,,1 cun above Xuehai (SP 10).,,Pu ncture perpendicularly 1.0-1.2 inches. Moxibustion is applicable.,"eczema, gastrointestinal parasitic disease, rubella",,,,,,"Chinese Acupuncture and Moxibustion. Edited by C. Xinnong, Rev. Ed., Foreign Languages Press, Beijing, China, 1999. Ch. 10, Sec. III, The Extra Points. ISBN 978-7-119-01758-7.
[Additional Synonyms] Acupuncture: A Comprehensive Text. Shanghai College of Traditional Medicine. Translated and edited by J. O'Connor and D. Bensky. Chicago: Eastland Press, 1981. Section II, Ch. 8: Other New and Miscellaneous Points."
http://purl.org/tara/ontology/TARA_5153816,TARA:5153816,Bailao,Extra Acupuncture Point,"EX-HN 15, M-HN 30",,,,,"2 cun above Dazhui (GV 14), 1 cun lateral to the midline.",,Puncture perpendicularly 0.3-0.5 inch. Moxibustion is applicable.,"scrofula, asthma, cough, whooping cough, neck rigidity",,,,,,"Chinese Acupuncture and Moxibustion. Edited by C. Xinnong, Rev. Ed., Foreign Languages Press, Beijing, China, 1999. Ch. 10, Sec. III, The Extra Points. ISBN 978-7-119-01758-7.
[Additional Synonyms] Acupuncture: A Comprehensive Text. Shanghai College of Traditional Medicine. Translated and edited by J. O'Connor and D. Bensky. Chicago: Eastland Press, 1981. Section II, Ch. 8: Other New and Miscellaneous Points."
http://purl.org/tara/ontology/TARA_2491709,TARA:2491709,Baxie,Extra Acupuncture Point,"EX-UE 9, M-UE 22",,,,,"On the dorsum of the hand, at the junction of the white and red skin of the hand webs, eight in all, making a loose fist to locate the points.",,"Puncture obliquely 0.3-0.5 inch, or prick to cause bleeding. Moxibustion is applicable.","contracture of the fingers, excessive heat, finger numbness, redness of the dorsum of the hand, spasm of the fingers, swelling of the dorsum of the hand",,,,,,"Chinese Acupuncture and Moxibustion. Edited by C. Xinnong, Rev. Ed., Foreign Languages Press, Beijing, China, 1999. Ch. 10, Sec. III, The Extra Points. ISBN 978-7-119-01758-7.
[Additional Synonyms] Acupuncture: A Comprehensive Text. Shanghai College of Traditional Medicine. Translated and edited by J. O'Connor and D. Bensky. Chicago: Eastland Press, 1981. Section II, Ch. 8: Other New and Miscellaneous Points."
http://purl.org/tara/ontology/TARA_8343475,TARA:8343475,Bitong,Extra Acupuncture Point,M-HN 14,,,,,At the highest point of the nasolabial groove.,,Puncture subcutaneously upward 0.3-0.5 inch.,"rhinitis, nasal boils, nasal obstruction",,,,,,"Chinese Acupuncture and Moxibustion. Edited by C. Xinnong, Rev. Ed., Foreign Languages Press, Beijing, China, 1999. Ch. 10, Sec. III, The Extra Points. ISBN 978-7-119-01758-7.
[Additional Synonyms] Acupuncture: A Comprehensive Text. Shanghai College of Traditional Medicine. Translated and edited by J. O'Connor and D. Bensky. Chicago: Eastland Press, 1981. Section II, Ch. 8: Other New and Miscellaneous Points."
http://purl.org/tara/ontology/TARA_8574156,TARA:8574156,Bizhong,Extra Acupuncture Point,M-UE 30,,,,,"On the lateral aspect of the forearm, midway between the transverse wrist crease and elbow crease, between the radius and the ulna.",,Puncture perpendicularly 1.0-1.2 inches. Moxibustion is applicable.,"contracture of the upper extremities, pain of the forearm, paralysis, spasm of the upper extremities",,,,,,"Chinese Acupuncture and Moxibustion. Edited by C. Xinnong, Rev. Ed., Foreign Languages Press, Beijing, China, 1999. Ch. 10, Sec. III, The Extra Points. ISBN 978-7-119-01758-7.
[Additional Synonyms] Acupuncture: A Comprehensive Text. Shanghai College of Traditional Medicine. Translated and edited by J. O'Connor and D. Bensky. Chicago: Eastland Press, 1981. Section II, Ch. 8: Other New and Miscellaneous Points."
http://purl.org/tara/ontology/TARA_3145377,TARA:3145377,Dannangxue,Extra Acupuncture Point,"EX-LE 6, M-LE 23",,,,,The tender spot 1-2 cun directly below Yanglingquan (GB 34).,,Puncture perpendicularly 0.8-1.2 inches.,"acute cholecystitis, biliary ascariasis, cholelithiasis, chronic cholecystitis, muscular atrophy of the lower extremities, numbness of the lower extremities",,,,,,"Chinese Acupuncture and Moxibustion. Edited by C. Xinnong, Rev. Ed., Foreign Languages Press, Beijing, China, 1999. Ch. 10, Sec. III, The Extra Points. ISBN 978-7-119-01758-7.
[Additional Synonyms] Acupuncture: A Comprehensive Text. Shanghai College of Traditional Medicine. Translated and edited by J. O'Connor and D. Bensky. Chicago: Eastland Press, 1981. Section II, Ch. 8: Other New and Miscellaneous Points."
http://purl.org/tara/ontology/TARA_8009041,TARA:8009041,Dingchuan,Extra Acupuncture Point,"EX-B 1, M-BW 1",,,,,0.5 cun lateral to Dazhui (GV 14).,neck (mammalian cervical vertebra 7),Puncture perpendicularly 0.5-0.8 inch. Moxibustion is applicable.,"rubella, asthma, cough, pain in the shoulder, neck rigidity, pain in the back",,,,,,"Chinese Acupuncture and Moxibustion. Edited by C. Xinnong, Rev. Ed., Foreign Languages Press, Beijing, China, 1999. Ch. 10, Sec. III, The Extra Points. ISBN 978-7-119-01758-7.
[Additional Synonyms] Acupuncture: A Comprehensive Text. Shanghai College of Traditional Medicine. Translated and edited by J. O'Connor and D. Bensky. Chicago: Eastland Press, 1981. Section II, Ch. 8: Other New and Miscellaneous Points."
http://purl.org/tara/ontology/TARA_1317363,TARA:1317363,Erbai,Extra Acupuncture Point,"EX-UE 2, M-UE 29",,,,,"On the metacarpal aspect of the forearm, 4 cun above the transverse wrist crease, on the both sides of the tendon of m. flexor carpi radialis, two points on one hand.",,Puncture perpendicularly 0.5- 1.0 inch. Moxibustion is applicable.,"hemorrhoids, prolapse of the rectum",,,,,,"Chinese Acupuncture and Moxibustion. Edited by C. Xinnong, Rev. Ed., Foreign Languages Press, Beijing, China, 1999. Ch. 10, Sec. III, The Extra Points. ISBN 978-7-119-01758-7.
[Additional Synonyms] Acupuncture: A Comprehensive Text. Shanghai College of Traditional Medicine. Translated and edited by J. O'Connor and D. Bensky. Chicago: Eastland Press, 1981. Section II, Ch. 8: Other New and Miscellaneous Points."
http://purl.org/tara/ontology/TARA_5660399,TARA:5660399,Erjian,Extra Acupuncture Point,"EX-HN 6, M-HN 10",,,,,"Fold the auricle, the point is at the apex of the auricle.",,Puncture perpendicularly 0.1-0.2 inch or prick to cause bleeding.,"febrile disease, nebula, pain in the eye, redness of the eye, swelling of the eye",,,,,,"Chinese Acupuncture and Moxibustion. Edited by C. Xinnong, Rev. Ed., Foreign Languages Press, Beijing, China, 1999. Ch. 10, Sec. III, The Extra Points. ISBN 978-7-119-01758-7.
[Additional Synonyms] Acupuncture: A Comprehensive Text. Shanghai College of Traditional Medicine. Translated and edited by J. O'Connor and D. Bensky. Chicago: Eastland Press, 1981. Section II, Ch. 8: Other New and Miscellaneous Points."
http://purl.org/tara/ontology/TARA_3748376,TARA:3748376,Heding,Extra Acupuncture Point,"EX-LE 2, M-LE 27",,,,,In the depression of the midpoint of the superior patellar border.,knee (patella),Puncture perpendicularly 0.1-0.5 inch. Moxibustion is applicable.,"knee pain, paralysis, weakness of the foot, weakness of the leg",,,,,,"Chinese Acupuncture and Moxibustion. Edited by C. Xinnong, Rev. Ed., Foreign Languages Press, Beijing, China, 1999. Ch. 10, Sec. III, The Extra Points. ISBN 978-7-119-01758-7.
[Additional Synonyms] Acupuncture: A Comprehensive Text. Shanghai College of Traditional Medicine. Translated and edited by J. O'Connor and D. Bensky. Chicago: Eastland Press, 1981. Section II, Ch. 8: Other New and Miscellaneous Points."
http://purl.org/tara/ontology/TARA_3735582,TARA:3735582,Huanzhong,Extra Acupuncture Point,M-BW 34,,,,,Midway between Huantiao (GB 30) and Yaoshu (GV 2).,,Puncture perpendicularly 1.5-2.0 inches. Moxibustion is applicable.,"lumbar pain, thigh pain",,,,,,"Chinese Acupuncture and Moxibustion. Edited by C. Xinnong, Rev. Ed., Foreign Languages Press, Beijing, China, 1999. Ch. 10, Sec. III, The Extra Points. ISBN 978-7-119-01758-7.
[Additional Synonyms] Acupuncture: A Comprehensive Text. Shanghai College of Traditional Medicine. Translated and edited by J. O'Connor and D. Bensky. Chicago: Eastland Press, 1981. Section II, Ch. 8: Other New and Miscellaneous Points."
http://purl.org/tara/ontology/TARA_3734471,TARA:3734471,Huatuojiaji,Extra Acupuncture Point,"EX-B 2, Jiaji, M-BW 35",,,,,"A group of 34 points on both sides of the spinal column, 0.5 cun lateral to the lower border of each spinous process from the first thoracic vertebra to the fifth lumbar vertebra.","process of vertebra (thoracic vertebra 8, thoracic vertebra 2, thoracic vertebra 1, lumbar vertebra 3, lumbar vertebra 5, thoracic vertebra 6, thoracic vertebra 5, thoracic vertebra 3, thoracic vertebra 7, lumbar vertebra 4, thoracic vertebra 4, lumbar vertebra 1, lumbar vertebra 2)","Puncture perpendicularly 0.5-1.0 inch in the cervical and chest region, puncture perpendicularly 1.0-1.5 inches in the lumbar region. Moxibustion is applicable.",,,,,,,"Chinese Acupuncture and Moxibustion. Edited by C. Xinnong, Rev. Ed., Foreign Languages Press, Beijing, China, 1999. Ch. 10, Sec. III, The Extra Points. ISBN 978-7-119-01758-7.
[Additional Synonyms] Acupuncture: A Comprehensive Text. Shanghai College of Traditional Medicine. Translated and edited by J. O'Connor and D. Bensky. Chicago: Eastland Press, 1981. Section II, Ch. 8: Other New and Miscellaneous Points."
http://purl.org/tara/ontology/TARA_1338884,TARA:1338884,Jiachengjiang,Extra Acupuncture Point,M-HN 18,,,,,1 cun lateral to Chengjiang (CV 24).,,Puncture obliquely 0.5-1.0 inch..,"deviation of the eye, deviation of the mouth, pain in the face, spasm of facial muscle",,,,,,"Chinese Acupuncture and Moxibustion. Edited by C. Xinnong, Rev. Ed., Foreign Languages Press, Beijing, China, 1999. Ch. 10, Sec. III, The Extra Points. ISBN 978-7-119-01758-7.
[Additional Synonyms] Acupuncture: A Comprehensive Text. Shanghai College of Traditional Medicine. Translated and edited by J. O'Connor and D. Bensky. Chicago: Eastland Press, 1981. Section II, Ch. 8: Other New and Miscellaneous Points."
http://purl.org/tara/ontology/TARA_9492402,TARA:9492402,Jianqian,Extra Acupuncture Point,"Jianneiling, M-UE 48",,,,,Midway between the end of the anterior axillary fold and Jianyu (LI 15).,,Puncture perpendicularly 0.8-1.2 inches. Moxibustion is applicable.,"pain in the arm, pain in the shoulder, paralysis in the upper extremities",,,,,,"Chinese Acupuncture and Moxibustion. Edited by C. Xinnong, Rev. Ed., Foreign Languages Press, Beijing, China, 1999. Ch. 10, Sec. III, The Extra Points. ISBN 978-7-119-01758-7.
[Additional Synonyms] Acupuncture: A Comprehensive Text. Shanghai College of Traditional Medicine. Translated and edited by J. O'Connor and D. Bensky. Chicago: Eastland Press, 1981. Section II, Ch. 8: Other New and Miscellaneous Points."
http://purl.org/tara/ontology/TARA_3641900,TARA:3641900,Jinjing,Extra Acupuncture Point,"EX-HN 12, Jinjin, M-HN 20a",,,,,"On the veins on both sides of the frenulum of the tongue, Jinjin is on the left, Yuye, on the right.",,Prick to cause bleeding.,"vomiting, aphasia with stiffness of tongue, swelling of the tongue",,,,,,"Chinese Acupuncture and Moxibustion. Edited by C. Xinnong, Rev. Ed., Foreign Languages Press, Beijing, China, 1999. Ch. 10, Sec. III, The Extra Points. ISBN 978-7-119-01758-7.
[Additional Synonyms] Acupuncture: A Comprehensive Text. Shanghai College of Traditional Medicine. Translated and edited by J. O'Connor and D. Bensky. Chicago: Eastland Press, 1981. Section II, Ch. 8: Other New and Miscellaneous Points."
http://purl.org/tara/ontology/TARA_7532145,TARA:7532145,Lanweixue,Extra Acupuncture Point,"EX-LE 7, M-LE 13",,,,,The tender spot about 2 cun below Zusanli (ST 36).,,Puncture perpendicularly 1.0-1.2 inches.,"acute appendicitis, chronic appendicitis, indigestion, paralysis in the lower extremities",,,,,,"Chinese Acupuncture and Moxibustion. Edited by C. Xinnong, Rev. Ed., Foreign Languages Press, Beijing, China, 1999. Ch. 10, Sec. III, The Extra Points. ISBN 978-7-119-01758-7.
[Additional Synonyms] Acupuncture: A Comprehensive Text. Shanghai College of Traditional Medicine. Translated and edited by J. O'Connor and D. Bensky. Chicago: Eastland Press, 1981. Section II, Ch. 8: Other New and Miscellaneous Points."
http://purl.org/tara/ontology/TARA_5220479,TARA:5220479,Lateral Xiyan,Extra Acupuncture Point,"M-LE 26, Xiwai",,,,,"A Xiyan point located in the depression, lateral to the patellar ligament, locating the point with the knee flexed. Lateral Xiyan overlaps with Dubi (ST 35).",knee (patellar ligament),Puncture perpendicularly 0.5- 1.0 inch. Moxibustion is applicable.,"knee pain, weakness of the lower extremities",,,,,,"Chinese Acupuncture and Moxibustion. Edited by C. Xinnong, Rev. Ed., Foreign Languages Press, Beijing, China, 1999. Ch. 10, Sec. III, The Extra Points. ISBN 978-7-119-01758-7.
[Additional Synonyms] Acupuncture: A Comprehensive Text. Shanghai College of Traditional Medicine. Translated and edited by J. O'Connor and D. Bensky. Chicago: Eastland Press, 1981. Section II, Ch. 8: Other New and Miscellaneous Points."
http://purl.org/tara/ontology/TARA_7233436,TARA:7233436,Luozhen,Extra Acupuncture Point,M-UE 24,,,,,"On the dorsum of the hand, between the second and third metacarpal bones, about 0.5 cun posterior to metacarpophalangeal joint.",,Puncture perpendicularly 0.5-0.8 inch.,"pain in the arm, pain in the shoulder, sore neck",,,,,,"Chinese Acupuncture and Moxibustion. Edited by C. Xinnong, Rev. Ed., Foreign Languages Press, Beijing, China, 1999. Ch. 10, Sec. III, The Extra Points. ISBN 978-7-119-01758-7.
[Additional Synonyms] Acupuncture: A Comprehensive Text. Shanghai College of Traditional Medicine. Translated and edited by J. O'Connor and D. Bensky. Chicago: Eastland Press, 1981. Section II, Ch. 8: Other New and Miscellaneous Points."
http://purl.org/tara/ontology/TARA_8759132,TARA:8759132,Medial Xiyan,Extra Acupuncture Point,"EX-LE 4, Neixiyan",,,,,"A Xiyan point located in the depression, medial to the patellar ligament, locating the point with the knee flexed.",knee (patellar ligament),Puncture perpendicularly 0.5- 1.0 inch. Moxibustion is applicable.,"knee pain, weakness of the lower extremities",,,,,,"Chinese Acupuncture and Moxibustion. Edited by C. Xinnong, Rev. Ed., Foreign Languages Press, Beijing, China, 1999. Ch. 10, Sec. III, The Extra Points. ISBN 978-7-119-01758-7.
[Additional Synonyms] Acupuncture: A Comprehensive Text. Shanghai College of Traditional Medicine. Translated and edited by J. O'Connor and D. Bensky. Chicago: Eastland Press, 1981. Section II, Ch. 8: Other New and Miscellaneous Points."
http://purl.org/tara/ontology/TARA_0674193,TARA:0674193,Pigen,Extra Acupuncture Point,"EX-B 4, M-BW 16",,,,,3.5 cun lateral to the lower border of the spinous process of the first lumbar vertebra.,,Puncture perpendicularly 0.5-0.8 inch. Moxibustion is applicable.,"hepatosplenomegaly, lumbar pain",,,,,,"Chinese Acupuncture and Moxibustion. Edited by C. Xinnong, Rev. Ed., Foreign Languages Press, Beijing, China, 1999. Ch. 10, Sec. III, The Extra Points. ISBN 978-7-119-01758-7.
[Additional Synonyms] Acupuncture: A Comprehensive Text. Shanghai College of Traditional Medicine. Translated and edited by J. O'Connor and D. Bensky. Chicago: Eastland Press, 1981. Section II, Ch. 8: Other New and Miscellaneous Points."
http://purl.org/tara/ontology/TARA_2581598,TARA:2581598,Qianzheng,Extra Acupuncture Point,N-HN 20,,,,,0.5-1.0 cun anterior to the auricular lobe.,,Puncture obliquely 0.5- 1.0 inch.,"deviation of the eye, deviation of the mouth, ulceration on mouth, ulceration on tongue",,,,,,"Chinese Acupuncture and Moxibustion. Edited by C. Xinnong, Rev. Ed., Foreign Languages Press, Beijing, China, 1999. Ch. 10, Sec. III, The Extra Points. ISBN 978-7-119-01758-7.
[Additional Synonyms] Acupuncture: A Comprehensive Text. Shanghai College of Traditional Medicine. Translated and edited by J. O'Connor and D. Bensky. Chicago: Eastland Press, 1981. Section II, Ch. 8: Other New and Miscellaneous Points."
http://purl.org/tara/ontology/TARA_9268434,TARA:9268434,Qiuhou,Extra Acupuncture Point,"EX-HN 7, M-HN 8",,,,,At the junction of the lateral 1/4 and the medial 3/4 of the infraorbital margin.,,"Push the eyeball upward gently, then puncture perpendicularly 0.5-1.2 inches along the orbital margin slowly without movements of lifting, thrusting, twisting and rotating.",eye disease,,,,,,"Chinese Acupuncture and Moxibustion. Edited by C. Xinnong, Rev. Ed., Foreign Languages Press, Beijing, China, 1999. Ch. 10, Sec. III, The Extra Points. ISBN 978-7-119-01758-7.
[Additional Synonyms] Acupuncture: A Comprehensive Text. Shanghai College of Traditional Medicine. Translated and edited by J. O'Connor and D. Bensky. Chicago: Eastland Press, 1981. Section II, Ch. 8: Other New and Miscellaneous Points."
http://purl.org/tara/ontology/TARA_2358051,TARA:2358051,Shanglianquan,Extra Acupuncture Point,M-HN 21,,,,,"1 cun below the midpoint of the lower jaw, in the depression between the hyoid bone and the lower border of the jaw.",,Puncture obliquely 0.8-1.2 inches toward the tongue root.,"alalia, difficulty in swallowing, loss of voice, salivation with stiff tongue, sore throat",,,,,,"Chinese Acupuncture and Moxibustion. Edited by C. Xinnong, Rev. Ed., Foreign Languages Press, Beijing, China, 1999. Ch. 10, Sec. III, The Extra Points. ISBN 978-7-119-01758-7.
[Additional Synonyms] Acupuncture: A Comprehensive Text. Shanghai College of Traditional Medicine. Translated and edited by J. O'Connor and D. Bensky. Chicago: Eastland Press, 1981. Section II, Ch. 8: Other New and Miscellaneous Points."
http://purl.org/tara/ontology/TARA_9907701,TARA:9907701,Shiqizhui,Extra Acupuncture Point,"EX-B 8, M-BW 25, Shiqizhuixia",,,,,Below the spinous process of the fifth lumbar vertebra.,,Puncture perpendicularly 0.8-1.2 inches. Moxibustion is applicable.,"lumbar pain, thigh pain, paralysis in the lower extremities, irregular menstruation, dysmenorrhea",,,,,,"Chinese Acupuncture and Moxibustion. Edited by C. Xinnong, Rev. Ed., Foreign Languages Press, Beijing, China, 1999. Ch. 10, Sec. III, The Extra Points. ISBN 978-7-119-01758-7.
[Additional Synonyms] Acupuncture: A Comprehensive Text. Shanghai College of Traditional Medicine. Translated and edited by J. O'Connor and D. Bensky. Chicago: Eastland Press, 1981. Section II, Ch. 8: Other New and Miscellaneous Points."
http://purl.org/tara/ontology/TARA_2063814,TARA:2063814,Shixuan,Extra Acupuncture Point,"EX-UE 11, M-UE 49, Shiwang",,,,,"On the tips of the ten fingers, about 0.1 cun distal to the nails.",,"Puncture 0.1-0.2 inch superficially, or prick to cause bleeding.","acute tonsillitis, apoplexy, coma, epilepsy, high fever, infantile convulsion, numbness of the finger tips",,,,,,"Chinese Acupuncture and Moxibustion. Edited by C. Xinnong, Rev. Ed., Foreign Languages Press, Beijing, China, 1999. Ch. 10, Sec. III, The Extra Points. ISBN 978-7-119-01758-7.
[Additional Synonyms] Acupuncture: A Comprehensive Text. Shanghai College of Traditional Medicine. Translated and edited by J. O'Connor and D. Bensky. Chicago: Eastland Press, 1981. Section II, Ch. 8: Other New and Miscellaneous Points."
http://purl.org/tara/ontology/TARA_5850983,TARA:5850983,Sifeng,Extra Acupuncture Point,"EX-UE 10, M-UE 9",,,,,"On the palmar surface, in the midpoint of the transverse creases of the proximal interphalangeal joints of the index, middle, ring and little fingers.",,"Prick to cause bleeding, or squeeze out a small amount of yellowish viscous fluid locally.","malnutrition and indigestion syndrome in children, whooping cough",,,,,,"Chinese Acupuncture and Moxibustion. Edited by C. Xinnong, Rev. Ed., Foreign Languages Press, Beijing, China, 1999. Ch. 10, Sec. III, The Extra Points. ISBN 978-7-119-01758-7.
[Additional Synonyms] Acupuncture: A Comprehensive Text. Shanghai College of Traditional Medicine. Translated and edited by J. O'Connor and D. Bensky. Chicago: Eastland Press, 1981. Section II, Ch. 8: Other New and Miscellaneous Points."
http://purl.org/tara/ontology/TARA_9610280,TARA:9610280,Sishencong,Extra Acupuncture Point,"EX-HN 1, M-HN 1",,,,,"A group of 4 points, at the vertex, 1 cun respectively posterior, anterior and lateral to Baihui (GV 20). (See Fig. 119)",,Puncture subcutaneously 0.5-1.0 inch. Moxibustion is applicable.,"epilepsy, headache, insomnia, vertigo, poor memory",,,,,,"Chinese Acupuncture and Moxibustion. Edited by C. Xinnong, Rev. Ed., Foreign Languages Press, Beijing, China, 1999. Ch. 10, Sec. III, The Extra Points. ISBN 978-7-119-01758-7.
[Additional Synonyms] Acupuncture: A Comprehensive Text. Shanghai College of Traditional Medicine. Translated and edited by J. O'Connor and D. Bensky. Chicago: Eastland Press, 1981. Section II, Ch. 8: Other New and Miscellaneous Points."
http://purl.org/tara/ontology/TARA_9534465,TARA:9534465,Taiyang,Extra Acupuncture Point,"EX-HN 5, M-HN 9",,,,,In the depression about one finger breadth posterior to the midpoint between the lateral end of the eyebrow and the outer canthus.,"face (outer canthus, eyebrow)","Puncture perpendicularly 0.3-0.5 inch, or prick to cause bleeding.","deviation of the eye, deviation of the mouth, headache, eye disease",,,,,,"Chinese Acupuncture and Moxibustion. Edited by C. Xinnong, Rev. Ed., Foreign Languages Press, Beijing, China, 1999. Ch. 10, Sec. III, The Extra Points. ISBN 978-7-119-01758-7.
[Additional Synonyms] Acupuncture: A Comprehensive Text. Shanghai College of Traditional Medicine. Translated and edited by J. O'Connor and D. Bensky. Chicago: Eastland Press, 1981. Section II, Ch. 8: Other New and Miscellaneous Points."
http://purl.org/tara/ontology/TARA_4242691,TARA:4242691,Weiwanxiashu,Extra Acupuncture Point,"EX-B 3, M-BW 12, Yishu",,,,,1.5 cun lateral to the lower border of the spinous process of the eighth thoracic vertebra. (See Fig. 123),,Puncture obliquely 0.5-0.7 inch. Moxibustion is applicable.,"vomiting, pain in the chest, pain in the hypochondriac region, abdominal pain, diabetes",,,,,,"Chinese Acupuncture and Moxibustion. Edited by C. Xinnong, Rev. Ed., Foreign Languages Press, Beijing, China, 1999. Ch. 10, Sec. III, The Extra Points. ISBN 978-7-119-01758-7.
[Additional Synonyms] Acupuncture: A Comprehensive Text. Shanghai College of Traditional Medicine. Translated and edited by J. O'Connor and D. Bensky. Chicago: Eastland Press, 1981. Section II, Ch. 8: Other New and Miscellaneous Points."
http://purl.org/tara/ontology/TARA_0926802,TARA:0926802,Xiyan,Extra Acupuncture Point,"EX-LE 5, M-LE 16",,,,,"A pair of points in the two depressions, medial and lateral to the patellar ligament, locating the point with the knee flexed. These two points are also termed medial and lateral Xiyan respectively. Lateral Xiyan overlaps with Dubi (ST 35).",knee (patellar ligament),Puncture perpendicularly 0.5- 1.0 inch. Moxibustion is applicable.,"knee pain, weakness of the lower extremities",,,,,,"Chinese Acupuncture and Moxibustion. Edited by C. Xinnong, Rev. Ed., Foreign Languages Press, Beijing, China, 1999. Ch. 10, Sec. III, The Extra Points. ISBN 978-7-119-01758-7.
[Additional Synonyms] Acupuncture: A Comprehensive Text. Shanghai College of Traditional Medicine. Translated and edited by J. O'Connor and D. Bensky. Chicago: Eastland Press, 1981. Section II, Ch. 8: Other New and Miscellaneous Points."
http://purl.org/tara/ontology/TARA_4613316,TARA:4613316,Yaoqi,Extra Acupuncture Point,"EX-B 9, M-BW 29",,,,,2 cun directly above the tip of the coccyx.,,Puncture subcutaneously upward 1.0-2.0 inches. Moxibustion is applicable.,"epilepsy, constipation, headache, insomnia",,,,,,"Chinese Acupuncture and Moxibustion. Edited by C. Xinnong, Rev. Ed., Foreign Languages Press, Beijing, China, 1999. Ch. 10, Sec. III, The Extra Points. ISBN 978-7-119-01758-7.
[Additional Synonyms] Acupuncture: A Comprehensive Text. Shanghai College of Traditional Medicine. Translated and edited by J. O'Connor and D. Bensky. Chicago: Eastland Press, 1981. Section II, Ch. 8: Other New and Miscellaneous Points."
http://purl.org/tara/ontology/TARA_7584875,TARA:7584875,Yaotongxue,Extra Acupuncture Point,EX-UE 7,,,,,"On the dorsum of the hand, midway between the transverse wrist crease and metacarpophalangeal joint, between the second and third metacarpal bones, and between the fourth and fifth metacarpal bones, four points in all on both hands.",,Puncture obliquely 0.5-1.0 inch toward the centre of metacarpus from both sides.,acute lumbar sprain,,,,,,"Chinese Acupuncture and Moxibustion. Edited by C. Xinnong, Rev. Ed., Foreign Languages Press, Beijing, China, 1999. Ch. 10, Sec. III, The Extra Points. ISBN 978-7-119-01758-7.
[Additional Synonyms] Acupuncture: A Comprehensive Text. Shanghai College of Traditional Medicine. Translated and edited by J. O'Connor and D. Bensky. Chicago: Eastland Press, 1981. Section II, Ch. 8: Other New and Miscellaneous Points."
http://purl.org/tara/ontology/TARA_2630570,TARA:2630570,Yaoyan,Extra Acupuncture Point,"EX-B 7, M-BW 24",,,,,About 3.5-4 cun lateral to the lower border of the spinous process of the 4th lumbar vertebra. The point is in the depression appearing in prone position.,,Puncture perpendicularly 0.8-1.2 inches. Moxibustion is applicable.,"lumbar pain, frequency of urine, irregular menstruation",,,,,,"Chinese Acupuncture and Moxibustion. Edited by C. Xinnong, Rev. Ed., Foreign Languages Press, Beijing, China, 1999. Ch. 10, Sec. III, The Extra Points. ISBN 978-7-119-01758-7.
[Additional Synonyms] Acupuncture: A Comprehensive Text. Shanghai College of Traditional Medicine. Translated and edited by J. O'Connor and D. Bensky. Chicago: Eastland Press, 1981. Section II, Ch. 8: Other New and Miscellaneous Points."
http://purl.org/tara/ontology/TARA_7596288,TARA:7596288,Yiming,Extra Acupuncture Point,"EX-HN 14, M-HN 13",,,,,1 cun posterior to Yifeng (TE 17).,,Puncture perpendicularly 0.5-0.8 inch.,"insomnia, tinnitus, eye disease",,,,,,"Chinese Acupuncture and Moxibustion. Edited by C. Xinnong, Rev. Ed., Foreign Languages Press, Beijing, China, 1999. Ch. 10, Sec. III, The Extra Points. ISBN 978-7-119-01758-7.
[Additional Synonyms] Acupuncture: A Comprehensive Text. Shanghai College of Traditional Medicine. Translated and edited by J. O'Connor and D. Bensky. Chicago: Eastland Press, 1981. Section II, Ch. 8: Other New and Miscellaneous Points."
http://purl.org/tara/ontology/TARA_3135569,TARA:3135569,Yintang,Extra Acupuncture Point,"EX-HN 3, M-HN 3, Yingtang",,,,,Midway between the medial ends of the two eyebrows.,,Puncture subcutaneously 0.3-0.5 inch. Moxibustion is applicable.,"infantile convulsion, headache, insomnia, rhinorrhea, epistaxis, frontal headache, head heaviness",,,,,,"Chinese Acupuncture and Moxibustion. Edited by C. Xinnong, Rev. Ed., Foreign Languages Press, Beijing, China, 1999. Ch. 10, Sec. III, The Extra Points. ISBN 978-7-119-01758-7.
[Additional Synonyms] Acupuncture: A Comprehensive Text. Shanghai College of Traditional Medicine. Translated and edited by J. O'Connor and D. Bensky. Chicago: Eastland Press, 1981. Section II, Ch. 8: Other New and Miscellaneous Points."
http://purl.org/tara/ontology/TARA_6946713,TARA:6946713,Yuyao,Extra Acupuncture Point,"EX-HN 4, M-HN 6",,,,,"At the midpoint of the eyebrow, directly above the pupil.",,Puncture subcutaneously 0.3-0.5 inch.,"pain in the eye, redness of the eye, swelling of the eye, cloudiness of the cornea, pain in the supraorbital region, ptosis, twitching of the eyelids",,,,,,"Chinese Acupuncture and Moxibustion. Edited by C. Xinnong, Rev. Ed., Foreign Languages Press, Beijing, China, 1999. Ch. 10, Sec. III, The Extra Points. ISBN 978-7-119-01758-7.
[Additional Synonyms] Acupuncture: A Comprehensive Text. Shanghai College of Traditional Medicine. Translated and edited by J. O'Connor and D. Bensky. Chicago: Eastland Press, 1981. Section II, Ch. 8: Other New and Miscellaneous Points."
http://purl.org/tara/ontology/TARA_7471145,TARA:7471145,Yuye,Extra Acupuncture Point,"EX-HN 13, M-HN 20b",,,,,"On the veins on both sides of the frenulum of the tongue, Jinjin is on the left, Yuye, on the right.",,,"vomiting, aphasia with stiffness of tongue, swelling of the tongue",,,,,,"Chinese Acupuncture and Moxibustion. Edited by C. Xinnong, Rev. Ed., Foreign Languages Press, Beijing, China, 1999. Ch. 10, Sec. III, The Extra Points. ISBN 978-7-119-01758-7.
[Additional Synonyms] Acupuncture: A Comprehensive Text. Shanghai College of Traditional Medicine. Translated and edited by J. O'Connor and D. Bensky. Chicago: Eastland Press, 1981. Section II, Ch. 8: Other New and Miscellaneous Points."
http://purl.org/tara/ontology/TARA_6269212,TARA:6269212,Zhongkui,Extra Acupuncture Point,"EX-UE 4, M-UE 16",,,,,On the midpoint of the proximal interphalangeal joint of the middle finger at dorsum aspect.,,Moxibustion is applied with three moxa cones.,"hiccup, nausea, vomiting",,,,,,"Chinese Acupuncture and Moxibustion. Edited by C. Xinnong, Rev. Ed., Foreign Languages Press, Beijing, China, 1999. Ch. 10, Sec. III, The Extra Points. ISBN 978-7-119-01758-7.
[Additional Synonyms] Acupuncture: A Comprehensive Text. Shanghai College of Traditional Medicine. Translated and edited by J. O'Connor and D. Bensky. Chicago: Eastland Press, 1981. Section II, Ch. 8: Other New and Miscellaneous Points."
http://purl.org/tara/ontology/TARA_1216325,TARA:1216325,Zhongquan,Extra Acupuncture Point,"EX-UE 3, M-UE 33",,,,,"On the dorsal crease of the wrist, in the depression on the radial side of the tendon of common extensor muscle of fingers between Yangxi (Ll 5) and Yangchi (TE 4).",,Puncture perpendicularly 0.3-0.5 inch. Moxibustion is applicable.,"gastric pain, spitting of blood, stuffy chest",,,,,,"Chinese Acupuncture and Moxibustion. Edited by C. Xinnong, Rev. Ed., Foreign Languages Press, Beijing, China, 1999. Ch. 10, Sec. III, The Extra Points. ISBN 978-7-119-01758-7.
[Additional Synonyms] Acupuncture: A Comprehensive Text. Shanghai College of Traditional Medicine. Translated and edited by J. O'Connor and D. Bensky. Chicago: Eastland Press, 1981. Section II, Ch. 8: Other New and Miscellaneous Points."
http://purl.org/tara/ontology/TARA_8819424,TARA:8819424,Zhoujian,Extra Acupuncture Point,"EX-UE 1, M-UE 46",,,,,On the tip of the ulnar olecranon when the elbow is flexed.,,,scrofula,,,,,,"Chinese Acupuncture and Moxibustion. Edited by C. Xinnong, Rev. Ed., Foreign Languages Press, Beijing, China, 1999. Ch. 10, Sec. III, The Extra Points. ISBN 978-7-119-01758-7.
[Additional Synonyms] Acupuncture: A Comprehensive Text. Shanghai College of Traditional Medicine. Translated and edited by J. O'Connor and D. Bensky. Chicago: Eastland Press, 1981. Section II, Ch. 8: Other New and Miscellaneous Points."
http://purl.org/tara/ontology/TARA_4254258,TARA:4254258,Zigongxue,Extra Acupuncture Point,"Zigong, EX-CA 1, M-CA 18",,,,,3 cun lateral to Zhongji (CV 3).,,Puncture perpendicularly 0.8-1.2 inches. Moxibustion is applicable.,"irregular menstruation, prolapse of the uterus",,,,,,"Chinese Acupuncture and Moxibustion. Edited by C. Xinnong, Rev. Ed., Foreign Languages Press, Beijing, China, 1999. Ch. 10, Sec. III, The Extra Points. ISBN 978-7-119-01758-7.
[Additional Synonyms] Acupuncture: A Comprehensive Text. Shanghai College of Traditional Medicine. Translated and edited by J. O'Connor and D. Bensky. Chicago: Eastland Press, 1981. Section II, Ch. 8: Other New and Miscellaneous Points."
http://purl.org/tara/ontology/TARA_1460220,TARA:1460220,BL 1,Meridian Acupuncture Point,"B 1, Bladder 1, UB 1, Urinary Bladder 1",Jingming,睛(睛)明,Bladder Meridian,,"On the face, in the depression between the superomedial parts of the inner canthus of the eye and the medial wall of the orbit.
 - Note: When the eye is closed, BL 1 is located in the depression 0.1 B-cun superior and medial to the inner canthus of the eye.","face (camera-type eye, orbital cavity, inner canthus)","Ask the patient to close his eyes when pushing gently the eyeball to the lateral side. Puncture slowly perpendicularly 0.3-0.7 inch along the orbital wall. It is not advisable to twist of lift and thrust the needle vigorously. To avoid bleeding, press the puncturing site for a few seconds after withdrawal of the needle. Moxibustion is forbidden.","pain in the eye, redness of the eye, swelling of the eye, myopia, blurred vision, lacrimation, night blindness, color blindness, itching of the canthus","Superficially, the supratrochlear and infratrochlear nerves; deeper, the branches of the oculomotor nerve, the ophthalmic nerve.",,"The angular artery and vein, deeper, superiorly, the ophthalmic artery and vein.",,,"[Acupuncture Method, Vasculature, Innervation, Indications] Chinese Acupuncture and Moxibustion. Edited by C. Xinnong, Rev. Ed., Foreign Languages Press, Beijing, China, 1999. Ch. 8, Acupuncture Points of the Shaoyin and Taiyang Meridians. ISBN 978-7-119-01758-7.
[Acupoint Location, Pinyin Label, Chinese Label] WHO Standard Acupuncture Point Locations in the Western Pacific Region. World Health Organization (WHO), WHO Regional Office for the Western Pacific, 2008. Page 100. https://iris.who.int/handle/10665/353407"
http://purl.org/tara/ontology/TARA_0242146,TARA:0242146,BL 10,Meridian Acupuncture Point,"B 10, Bladder 10, UB 10, Urinary Bladder 10",Tianzhu,天柱,Bladder Meridian,,"In the posterior region of the neck, at the same level as the superior border of the spinous process of the second cervical vertebra (C2), in the depression lateral to the trapezius muscle.","neck (vertebral bone 2, trapezius muscle)",Puncture perpendicularly 0.5-0.8 inch.,"headache, sore throat, pain in the shoulder, nasal obstruction, neck rigidity, pain in the back",The great occipital nerve.,,The occipital artery and vein.,,,"[Acupuncture Method, Vasculature, Innervation, Indications] Chinese Acupuncture and Moxibustion. Edited by C. Xinnong, Rev. Ed., Foreign Languages Press, Beijing, China, 1999. Ch. 8, Acupuncture Points of the Shaoyin and Taiyang Meridians. ISBN 978-7-119-01758-7.
[Acupoint Location, Pinyin Label, Chinese Label] WHO Standard Acupuncture Point Locations in the Western Pacific Region. World Health Organization (WHO), WHO Regional Office for the Western Pacific, 2008. Page 104. https://iris.who.int/handle/10665/353407"
http://purl.org/tara/ontology/TARA_1985889,TARA:1985889,BL 11,Meridian Acupuncture Point,"Influential Point of Bone, B 11, Bladder 11, UB 11, Urinary Bladder 11",Dazhu,大杼,Bladder Meridian,Influential Point of Bone,"In the upper back region, at the same level as the inferior border of the spinous process of the first thoracic vertebra (T1), 1.5 B-cun lateral to the posterior median line.","dorsal thoracic segment of trunk (posterior median line, thoracic vertebra 1)",Puncture obliquely 0.5-0.7 inch. Moxibustion is applicable.,"headache, cough, neck rigidity, pain in the neck, pain in the back, fever, pain in the scapular region, soreness in the scapular region","The medial cutaneous branches of the posterior rami of the first and second thoracic nerves; deeper, their lateral cutaneous branches.",,The medial cutaneous branches of the posterior branches of the intercostal artery and vein.,,,"[Acupuncture Method, Vasculature, Innervation, Indications] Chinese Acupuncture and Moxibustion. Edited by C. Xinnong, Rev. Ed., Foreign Languages Press, Beijing, China, 1999. Ch. 8, Acupuncture Points of the Shaoyin and Taiyang Meridians. ISBN 978-7-119-01758-7.
[Acupoint Location, Pinyin Label, Chinese Label] WHO Standard Acupuncture Point Locations in the Western Pacific Region. World Health Organization (WHO), WHO Regional Office for the Western Pacific, 2008. Page 105. https://iris.who.int/handle/10665/353407"
http://purl.org/tara/ontology/TARA_5468609,TARA:5468609,BL 12,Meridian Acupuncture Point,"B 12, Bladder 12, UB 12, Urinary Bladder 12",Fengmen,風(风)門(门),Bladder Meridian,,"In the upper back region, at the same level as the inferior border of the spinous process of the second thoracic vertebra (T2), 1.5 B-cun lateral to the posterior median line.","dorsal thoracic segment of trunk (posterior median line, thoracic vertebra 2)",Puncture obliquely 0.5-0.7 inch. Moxibustion is applicable.,"headache, cough, common cold, neck rigidity, fever, backache","Superficially, the medial cutaneous branches of the posterior rami of the second and third thoracic nerves; deeper, their lateral cutaneous branches.",,,,,"[Acupuncture Method, Vasculature, Innervation, Indications] Chinese Acupuncture and Moxibustion. Edited by C. Xinnong, Rev. Ed., Foreign Languages Press, Beijing, China, 1999. Ch. 8, Acupuncture Points of the Shaoyin and Taiyang Meridians. ISBN 978-7-119-01758-7.
[Acupoint Location, Pinyin Label, Chinese Label] WHO Standard Acupuncture Point Locations in the Western Pacific Region. World Health Organization (WHO), WHO Regional Office for the Western Pacific, 2008. Page 105. https://iris.who.int/handle/10665/353407"
http://purl.org/tara/ontology/TARA_6050541,TARA:6050541,BL 13,Meridian Acupuncture Point,"Back-Shu Point of the Lung, B 13, Bladder 13, UB 13, Urinary Bladder 13",Feishu,肺兪(俞),Bladder Meridian,Back-Shu Point of the Lung,"In the upper back region, at the same level as the inferior border of the spinous process of the third thoracic vertebra (T3), 1.5 B-cun lateral to the posterior median line.","dorsal thoracic segment of trunk (posterior median line, thoracic vertebra 3)",Puncture obliquely 05-0.7 inch. Moxibustion is applicable.,"spitting of blood, asthma, cough, chest pain, night sweat, afternoon fever","The medial cutaneous branches of the posterior rami of the third and fourth thoracic nerves; deeper, their lateral branches.",,The medial cutaneous branches of the posterior branches of the intercostal artery and vein.,,,"[Acupuncture Method, Vasculature, Innervation, Indications] Chinese Acupuncture and Moxibustion. Edited by C. Xinnong, Rev. Ed., Foreign Languages Press, Beijing, China, 1999. Ch. 8, Acupuncture Points of the Shaoyin and Taiyang Meridians. ISBN 978-7-119-01758-7.
[Acupoint Location, Pinyin Label, Chinese Label] WHO Standard Acupuncture Point Locations in the Western Pacific Region. World Health Organization (WHO), WHO Regional Office for the Western Pacific, 2008. Page 106. https://iris.who.int/handle/10665/353407"
http://purl.org/tara/ontology/TARA_9523348,TARA:9523348,BL 14,Meridian Acupuncture Point,"Back-Shu Point of the Pericardium, B 14, Bladder 14, UB 14, Urinary Bladder 14",Jueyinshu,厥陰(阴)兪(俞),Bladder Meridian,Back-Shu Point of the Pericardium,"In the upper back region, at the same level as the inferior border of the spinous process of the fourth thoracic vertebra (T4), 1.5 B-cun lateral to the posterior median line.","dorsal thoracic segment of trunk (posterior median line, thoracic vertebra 4)",Puncture obliquely 0.5-0.7 inch. Moxibustion is applicable.,"stuffy chest, vomiting, cough, cardiac pain, palpitation","The medial cutaneous branches of the posterior rami of the fourth or fifth thoracic nerves; deeper, their lateral branches.",,The medial cutaneous branches of the posterior branches of the intercostal artery and vein.,,,"[Acupuncture Method, Vasculature, Innervation, Indications] Chinese Acupuncture and Moxibustion. Edited by C. Xinnong, Rev. Ed., Foreign Languages Press, Beijing, China, 1999. Ch. 8, Acupuncture Points of the Shaoyin and Taiyang Meridians. ISBN 978-7-119-01758-7.
[Acupoint Location, Pinyin Label, Chinese Label] WHO Standard Acupuncture Point Locations in the Western Pacific Region. World Health Organization (WHO), WHO Regional Office for the Western Pacific, 2008. Page 106. https://iris.who.int/handle/10665/353407"
http://purl.org/tara/ontology/TARA_5797983,TARA:5797983,BL 15,Meridian Acupuncture Point,"Back-Shu Point of the Heart, B 15, Bladder 15, UB 15, Urinary Bladder 15",Xinshu,心兪(俞),Bladder Meridian,Back-Shu Point of the Heart,"In the upper back region, at the same level as the inferior border of the spinous process of the fifth thoracic vertebra (T5), 1.5 B-cun lateral to the posterior median line.","dorsal thoracic segment of trunk (posterior median line, thoracic vertebra 5)",Puncture obliquely 0.5-0.7 inch. Moxibustion is applicable.,"spitting of blood, epilepsy, cough, nocturnal emission, mania, cardiac pain, palpitation, night sweat, loss of memory, panic","The medial cutaneous branches of the posterior rami of the fifth and sixth thoracic nerves; deeper, their lateral branches.",,The medial cutaneous branches of the posterior branches of the intercostal artery and vein.,,,"[Acupuncture Method, Vasculature, Innervation, Indications] Chinese Acupuncture and Moxibustion. Edited by C. Xinnong, Rev. Ed., Foreign Languages Press, Beijing, China, 1999. Ch. 8, Acupuncture Points of the Shaoyin and Taiyang Meridians. ISBN 978-7-119-01758-7.
[Acupoint Location, Pinyin Label, Chinese Label] WHO Standard Acupuncture Point Locations in the Western Pacific Region. World Health Organization (WHO), WHO Regional Office for the Western Pacific, 2008. Page 107. https://iris.who.int/handle/10665/353407"
http://purl.org/tara/ontology/TARA_1104010,TARA:1104010,BL 16,Meridian Acupuncture Point,"B 16, Bladder 16, UB 16, Urinary Bladder 16",Dushu,督兪(俞),Bladder Meridian,,"In the upper back region, level with the inferior border of the spinous process of the sixth thoracic vertebra (T6), 1.5 B-cun lateral to the posterior median line.","dorsal thoracic segment of trunk (posterior median line, thoracic vertebra 6)",Puncture obliquely 0.5-0.7 inch. Moxibustion is applicable.,,"The dorsal scapular nerve, the medial cutaneous branches of the dorsal rami of the sixth and seventh thoracic nerves; deeper, their lateral branches.",,"The medial branches of the posterior branches of the intercostal artery and vein, the descending branch of the transverse cervical artery.",,,"[Acupuncture Method, Vasculature, Innervation, Indications] Chinese Acupuncture and Moxibustion. Edited by C. Xinnong, Rev. Ed., Foreign Languages Press, Beijing, China, 1999. Ch. 8, Acupuncture Points of the Shaoyin and Taiyang Meridians. ISBN 978-7-119-01758-7.
[Acupoint Location, Pinyin Label, Chinese Label] WHO Standard Acupuncture Point Locations in the Western Pacific Region. World Health Organization (WHO), WHO Regional Office for the Western Pacific, 2008. Page 107. https://iris.who.int/handle/10665/353407"
http://purl.org/tara/ontology/TARA_1124682,TARA:1124682,BL 17,Meridian Acupuncture Point,"Influential Point of Blood, B 17, Bladder 17, UB 17, Urinary Bladder 17",Geshu,膈兪(俞),Bladder Meridian,Influential Point of Blood,"In the upper back region, at the same level as the inferior border of the spinous process of the seventh thoracic vertebra (T7), 1.5 B-cun lateral to the posterior median line.
 - Note: The inferior angle of the scapula is at the same level as the spinous process of the seventh thoracic vertebra.","dorsal thoracic segment of trunk (scapula, posterior median line, thoracic vertebra 7)",Puncture obliquely 0.5-0.7 inch. Moxibustion is applicable.,"spitting of blood, hiccup, vomiting, difficulty in swallowing, asthma, cough, belching, night sweat, afternoon fever, measles","The medial branches of the posterior rami of the seventh and eighth thoracic nerves; deeper, their lateral branches.",,The medial branches of the posterior branches of the intercostal artery and vein.,,,"[Acupuncture Method, Vasculature, Innervation, Indications] Chinese Acupuncture and Moxibustion. Edited by C. Xinnong, Rev. Ed., Foreign Languages Press, Beijing, China, 1999. Ch. 8, Acupuncture Points of the Shaoyin and Taiyang Meridians. ISBN 978-7-119-01758-7.
[Acupoint Location, Pinyin Label, Chinese Label] WHO Standard Acupuncture Point Locations in the Western Pacific Region. World Health Organization (WHO), WHO Regional Office for the Western Pacific, 2008. Page 108. https://iris.who.int/handle/10665/353407"
http://purl.org/tara/ontology/TARA_9655874,TARA:9655874,BL 18,Meridian Acupuncture Point,"Back-Shu Point of the Liver, B 18, Bladder 18, UB 18, Urinary Bladder 18",Ganshu,肝兪(俞),Bladder Meridian,Back-Shu Point of the Liver,"In the upper back region, at the same level as the inferior border of the spinous process of the ninth thoracic vertebra (T9), 1.5 B-cun lateral to the posterior median line.","dorsal thoracic segment of trunk (posterior median line, thoracic vertebra 9)",Puncture obliquely 0.5-0.7 inch. Moxibustion is applicable.,"spitting of blood, epilepsy, redness of the eye, jaundice, pain in the hypochondriac region, mental disorder, blurred vision, epistaxis, backache, night blindness","The medial cutaneous branches of the posterior rami of the ninth and tenth thoracic nerves; deeper, their lateral branches.",,The medial branches of the posterior branches of the intercostal artery and vein.,,,"[Acupuncture Method, Vasculature, Innervation, Indications] Chinese Acupuncture and Moxibustion. Edited by C. Xinnong, Rev. Ed., Foreign Languages Press, Beijing, China, 1999. Ch. 8, Acupuncture Points of the Shaoyin and Taiyang Meridians. ISBN 978-7-119-01758-7.
[Acupoint Location, Pinyin Label, Chinese Label] WHO Standard Acupuncture Point Locations in the Western Pacific Region. World Health Organization (WHO), WHO Regional Office for the Western Pacific, 2008. Page 108. https://iris.who.int/handle/10665/353407"
http://purl.org/tara/ontology/TARA_6145687,TARA:6145687,BL 19,Meridian Acupuncture Point,"Back-Shu Point of the Gallbladder, B 19, Bladder 19, UB 19, Urinary Bladder 19",Danshu,膽兪(俞),Bladder Meridian,Back-Shu Point of the Gallbladder,"In the upper back region, at the same level as the inferior border of the spinous process of the tenth thoracic vertebra (T10), 1.5 B-cun lateral to the posterior median line.","dorsal thoracic segment of trunk (posterior median line, thoracic vertebra 10)",Puncture obliquely 0.5-0.8 inch. Moxibustion is applicable.,"pain in the chest, jaundice, pain in the hypochondriac region, pulmonary tuberculosis, afternoon fever, bitter taste of the mouth","The medial cutaneous branches of the posterior rami of the tenth and eleventh thoracic nerves; deeper, their lateral branches.",,The medial branches of the posterior branches of the intercostal artery and vein.,,,"[Acupuncture Method, Vasculature, Innervation, Indications] Chinese Acupuncture and Moxibustion. Edited by C. Xinnong, Rev. Ed., Foreign Languages Press, Beijing, China, 1999. Ch. 8, Acupuncture Points of the Shaoyin and Taiyang Meridians. ISBN 978-7-119-01758-7.
[Acupoint Location, Pinyin Label, Chinese Label] WHO Standard Acupuncture Point Locations in the Western Pacific Region. World Health Organization (WHO), WHO Regional Office for the Western Pacific, 2008. Page 109. https://iris.who.int/handle/10665/353407"
http://purl.org/tara/ontology/TARA_8104948,TARA:8104948,BL 2,Meridian Acupuncture Point,"B 2, Bladder 2, UB 2, Urinary Bladder 2",Zanzhu,"攢(攒,攅)竹",Bladder Meridian,,"On the head, in the depression at the medial end of the eyebrow.
 - Note: A depression, the frontal notch, can often be palpated on the medial end of the eyebrow directly superior to BL 1.","head (frontal notch, eyebrow)","Puncture subcutaneously 0.3-0.5 inch, or prick with three-edged needle to cause bleeding.","headache, pain in the eye, redness of the eye, swelling of the eye, glaucoma, blurred vision, eyelid twitching, failing vision, lacrimation, pain in the supraorbital region",The medial branch of the frontal nerve.,,The frontal artery and vein.,,,"[Acupuncture Method, Vasculature, Innervation, Indications] Chinese Acupuncture and Moxibustion. Edited by C. Xinnong, Rev. Ed., Foreign Languages Press, Beijing, China, 1999. Ch. 8, Acupuncture Points of the Shaoyin and Taiyang Meridians. ISBN 978-7-119-01758-7.
[Acupoint Location, Pinyin Label, Chinese Label] WHO Standard Acupuncture Point Locations in the Western Pacific Region. World Health Organization (WHO), WHO Regional Office for the Western Pacific, 2008. Page 100. https://iris.who.int/handle/10665/353407"
http://purl.org/tara/ontology/TARA_3283628,TARA:3283628,BL 20,Meridian Acupuncture Point,"Back-Shu Point of the Spleen, B 20, Bladder 20, UB 20, Urinary Bladder 20",Pishu,脾兪(俞),Bladder Meridian,Back-Shu Point of the Spleen,"In the upper back region, at the same level as the inferior border of the spinous process of the 11th thoracic vertebra (T11), 1.5 B-cun lateral to the posterior median line.","dorsal thoracic segment of trunk (posterior median line, thoracic vertebra 11)",Puncture obliquely 0.5-0.7 inch. Moxibustion is applicable.,"vomiting, abdominal distension, jaundice, anorexia, dysentery, diarrhea, edema, epigastric pain, bloody stools, backache, profuse menstruation","The medial cutaneous branches of the posterior rami of the eleventh and twelfth thoracic nerves; deeper, their lateral branches.",,The medial branches of the posterior branches of the intercostal artery and vein.,,,"[Acupuncture Method, Vasculature, Innervation, Indications] Chinese Acupuncture and Moxibustion. Edited by C. Xinnong, Rev. Ed., Foreign Languages Press, Beijing, China, 1999. Ch. 8, Acupuncture Points of the Shaoyin and Taiyang Meridians. ISBN 978-7-119-01758-7.
[Acupoint Location, Pinyin Label, Chinese Label] WHO Standard Acupuncture Point Locations in the Western Pacific Region. World Health Organization (WHO), WHO Regional Office for the Western Pacific, 2008. Page 109. https://iris.who.int/handle/10665/353407"
http://purl.org/tara/ontology/TARA_4839095,TARA:4839095,BL 21,Meridian Acupuncture Point,"Back-Shu Point of the Stomach, B 21, Bladder 21, UB 21, Urinary Bladder 21",Weishu,胃兪(俞),Bladder Meridian,Back-Shu Point of the Stomach,"In the upper back region, at the same level as the inferior border of the spinous process of the 12th thoracic vertebra (T12), 1.5 B-cun lateral to the posterior median line.","dorsal thoracic segment of trunk (posterior median line, thoracic vertebra 12)",Puncture obliquely 0.5-0.8 inch. Moxibustion is applicable.,"nausea, vomiting, abdominal distension, pain in the chest, pain in the hypochondriac region, anorexia, borborygmus, diarrhea, pain in the epigastric region","The medial cutaneous branch of the posterior ramus of the twelfth thoracic nerve; deeper, its lateral branch.",,The medial branches of the posterior branches of the subcostal artery and vein.,,,"[Acupuncture Method, Vasculature, Innervation, Indications] Chinese Acupuncture and Moxibustion. Edited by C. Xinnong, Rev. Ed., Foreign Languages Press, Beijing, China, 1999. Ch. 8, Acupuncture Points of the Shaoyin and Taiyang Meridians. ISBN 978-7-119-01758-7.
[Acupoint Location, Pinyin Label, Chinese Label] WHO Standard Acupuncture Point Locations in the Western Pacific Region. World Health Organization (WHO), WHO Regional Office for the Western Pacific, 2008. Page 110. https://iris.who.int/handle/10665/353407"
http://purl.org/tara/ontology/TARA_3963382,TARA:3963382,BL 22,Meridian Acupuncture Point,"B 22, Back-Shu Point of Triple Energizer, Bladder 22, UB 22, Urinary Bladder 22",Sanjiaoshu,三焦兪(俞),Bladder Meridian,Back-Shu Point of the Triple Energizer,"In the lumbar region, at the same level as the inferior border of the spinous process of the first lumbar vertebra (L1), 1.5 B-cun lateral to the posterior median line.","lower back (posterior median line, lumbar vertebra 1)",Puncture perpendicularly 0.5-1.0 inch. Moxibustion is applicable.,"vomiting, indigestion, abdominal distension, borborygmus, dysentery, diarrhea, edema, pain in the lower back, stiffness of the lower back","The lateral cutaneous branch of the posterior ramus of the tenth thoracic nerve; deeper, the lateral branch of the posterior ramus of the first lumbar nerve.",,The posterior branches of the first lumber artery and vein.,,,"[Acupuncture Method, Vasculature, Innervation, Indications] Chinese Acupuncture and Moxibustion. Edited by C. Xinnong, Rev. Ed., Foreign Languages Press, Beijing, China, 1999. Ch. 8, Acupuncture Points of the Shaoyin and Taiyang Meridians. ISBN 978-7-119-01758-7.
[Acupoint Location, Pinyin Label, Chinese Label] WHO Standard Acupuncture Point Locations in the Western Pacific Region. World Health Organization (WHO), WHO Regional Office for the Western Pacific, 2008. Page 110. https://iris.who.int/handle/10665/353407"
http://purl.org/tara/ontology/TARA_0992296,TARA:0992296,BL 23,Meridian Acupuncture Point,"Back-Shu Point of the Kidney, B 23, Bladder 23, UB 23, Urinary Bladder 23",Shenshu,腎兪(俞),Bladder Meridian,Back-Shu Point of the Kidney,"In the lumbar region, at the same level as the inferior border of the spinous process of the second lumbar vertebra (L2), 1.5 B-cun lateral to the posterior median line.","lower back (posterior median line, lumbar vertebra 2)",Puncture perpendicularly 1-1.2 inches. Moxibustion is applicable.,"enuresis, irregular menstruation, asthma, nocturnal emission, deafness, dizziness, tinnitus, blurred vision, diarrhea, edema, leukorrhea, low back pain, impotence, weakness of the knee","The lateral branch of the posterior ramus of the first lumbar nerve; deeper, its lateral branch.",,The posterior branches of the second lumbar artery and vein.,,,"[Acupuncture Method, Vasculature, Innervation, Indications] Chinese Acupuncture and Moxibustion. Edited by C. Xinnong, Rev. Ed., Foreign Languages Press, Beijing, China, 1999. Ch. 8, Acupuncture Points of the Shaoyin and Taiyang Meridians. ISBN 978-7-119-01758-7.
[Acupoint Location, Pinyin Label, Chinese Label] WHO Standard Acupuncture Point Locations in the Western Pacific Region. World Health Organization (WHO), WHO Regional Office for the Western Pacific, 2008. Page 111. https://iris.who.int/handle/10665/353407"
http://purl.org/tara/ontology/TARA_7357260,TARA:7357260,BL 24,Meridian Acupuncture Point,"B 24, Bladder 24, UB 24, Urinary Bladder 24",Qihaishu,"氣(气,気)海(海)兪(俞)",Bladder Meridian,,"In the lumbar region, at the same level as the inferior border of the spinous process of the third lumbar vertebra (L3), 1.5 B-cun lateral to the posterior median line.","lower back (posterior median line, lumbar vertebra 3)",Puncture perpendicularly 0.8-1.2 inches. Moxibustion is applicable.,"irregular menstruation, asthma, low back pain, dysmenorrhea",The lateral cutaneous branch of the posterior ramus of the second lumbar nerve.,,,,,"[Acupuncture Method, Vasculature, Innervation, Indications] Chinese Acupuncture and Moxibustion. Edited by C. Xinnong, Rev. Ed., Foreign Languages Press, Beijing, China, 1999. Ch. 8, Acupuncture Points of the Shaoyin and Taiyang Meridians. ISBN 978-7-119-01758-7.
[Acupoint Location, Pinyin Label, Chinese Label] WHO Standard Acupuncture Point Locations in the Western Pacific Region. World Health Organization (WHO), WHO Regional Office for the Western Pacific, 2008. Page 111. https://iris.who.int/handle/10665/353407"
http://purl.org/tara/ontology/TARA_0906448,TARA:0906448,BL 25,Meridian Acupuncture Point,"Back-Shu Point of the Large Intestine, B 25, Bladder 25, UB 25, Urinary Bladder 25",Dachangshu,大腸兪(俞),Bladder Meridian,Back-Shu Point of the Large Intestine,"In the lumbar region, at the same level as the inferior border of the spinous process of the fourth lumbar vertebra (L4), 1.5 B-cun lateral to the posterior median line.","lower back (posterior median line, lumbar vertebra 4)",Puncture perpendicularly 0.8-1.2 inches. Moxibustion is applicable.,"muscular atrophy of the lower extremities, numbness of the lower extremities, constipation, abdominal distension, borborygmus, motor impairment of the lower extremities, pain in the lower extremities, diarrhea, low back pain, sciatica",The posterior ramus of the third lumbar nerve.,,The posterior branch of the fourth lumbar artery and vein.,,,"[Acupuncture Method, Vasculature, Innervation, Indications] Chinese Acupuncture and Moxibustion. Edited by C. Xinnong, Rev. Ed., Foreign Languages Press, Beijing, China, 1999. Ch. 8, Acupuncture Points of the Shaoyin and Taiyang Meridians. ISBN 978-7-119-01758-7.
[Acupoint Location, Pinyin Label, Chinese Label] WHO Standard Acupuncture Point Locations in the Western Pacific Region. World Health Organization (WHO), WHO Regional Office for the Western Pacific, 2008. Page 112. https://iris.who.int/handle/10665/353407"
http://purl.org/tara/ontology/TARA_4384020,TARA:4384020,BL 26,Meridian Acupuncture Point,"B 26, Bladder 26, UB 26, Urinary Bladder 26",Guanyuanshu,"關(关,関)元兪(俞)",Bladder Meridian,,"In the lumbar region, at the same level as the inferior border of the spinous process of the fifth lumbar vertebra (L5), 1.5 B-cun lateral to the posterior median line.","lower back (posterior median line, lumbar vertebra 5)",Puncture perpendicularly 0.8-1.2 inches. Moxibustion is applicable.,,The posterior ramus of the fifth lumbar nerve.,,The posterior branches of the lowest lumbar artery and vein.,,,"[Acupuncture Method, Vasculature, Innervation, Indications] Chinese Acupuncture and Moxibustion. Edited by C. Xinnong, Rev. Ed., Foreign Languages Press, Beijing, China, 1999. Ch. 8, Acupuncture Points of the Shaoyin and Taiyang Meridians. ISBN 978-7-119-01758-7.
[Acupoint Location, Pinyin Label, Chinese Label] WHO Standard Acupuncture Point Locations in the Western Pacific Region. World Health Organization (WHO), WHO Regional Office for the Western Pacific, 2008. Page 112. https://iris.who.int/handle/10665/353407"
http://purl.org/tara/ontology/TARA_6929444,TARA:6929444,BL 27,Meridian Acupuncture Point,"Back-Shu Point of the Small Intestine, B 27, Bladder 27, UB 27, Urinary Bladder 27",Xiaochangshu,小腸(肠)兪(俞),Bladder Meridian,Back-Shu Point of the Small Intestine,"In the sacral region, at the same level as the first posterior sacral foramen, and 1.5 B-cun lateral to the median sacral crest.
 - Note: At the same level as BL 31.","sacral region (median sacral crest, first posterior sacral foramen)",Puncture perpendicularly 0.8-1.2 inches. Moxibustion is applicable.,,The lateral branch of the posterior ramus of the first sacral nerve.,,The posterior branches of the lateral sacral artery and vein.,,,"[Acupuncture Method, Vasculature, Innervation, Indications] Chinese Acupuncture and Moxibustion. Edited by C. Xinnong, Rev. Ed., Foreign Languages Press, Beijing, China, 1999. Ch. 8, Acupuncture Points of the Shaoyin and Taiyang Meridians. ISBN 978-7-119-01758-7.
[Acupoint Location, Pinyin Label, Chinese Label] WHO Standard Acupuncture Point Locations in the Western Pacific Region. World Health Organization (WHO), WHO Regional Office for the Western Pacific, 2008. Page 113. https://iris.who.int/handle/10665/353407"
http://purl.org/tara/ontology/TARA_5318530,TARA:5318530,BL 28,Meridian Acupuncture Point,"Back-Shu Point of the Bladder, B 28, Bladder 28, UB 28, Urinary Bladder 28",Pangguangshu,膀胱兪(俞),Bladder Meridian,Back-Shu Point of the Bladder,"In the sacral region, at the same level as the second posterior sacral foramen, and 1.5 B-cun lateral to the median sacral crest.
 - Note: At the same level as BL 32.","sacral region (median sacral crest, second posterior sacral foramen)",Puncture perpendicularly 0.8-1.2 inches. Moxibustion is applicable.,,The lateral branches of the posterior rami of the first and second sacral nerves.,,The posterior branches of the lateral sacral artery and vein.,,,"[Acupuncture Method, Vasculature, Innervation, Indications] Chinese Acupuncture and Moxibustion. Edited by C. Xinnong, Rev. Ed., Foreign Languages Press, Beijing, China, 1999. Ch. 8, Acupuncture Points of the Shaoyin and Taiyang Meridians. ISBN 978-7-119-01758-7.
[Acupoint Location, Pinyin Label, Chinese Label] WHO Standard Acupuncture Point Locations in the Western Pacific Region. World Health Organization (WHO), WHO Regional Office for the Western Pacific, 2008. Page 113. https://iris.who.int/handle/10665/353407"
http://purl.org/tara/ontology/TARA_3079460,TARA:3079460,BL 29,Meridian Acupuncture Point,"B 29, Bladder 29, UB 29, Urinary Bladder 29",Zhonglushu,中膂兪(俞),Bladder Meridian,,"In the sacral region, at the same level as the third posterior sacral foramen, 1.5 B-cun lateral to the median sacral crest.
 - Note: At the same level as BL 33.","sacral region (median sacral crest, third posterior sacral foramen)",Puncture perpendicularly 0.8-1.2 inches. Moxibustion is applicable.,"hernia, dysentery, pain in the lower back, stiffness of the lower back",The lateral branches of the posterior rami of the third and fourth sacral nerves.,,"The posterior branches of the lateral sacral artery and vein, the branches of the inferior gluteal artery and vein.",,,"[Acupuncture Method, Vasculature, Innervation, Indications] Chinese Acupuncture and Moxibustion. Edited by C. Xinnong, Rev. Ed., Foreign Languages Press, Beijing, China, 1999. Ch. 8, Acupuncture Points of the Shaoyin and Taiyang Meridians. ISBN 978-7-119-01758-7.
[Acupoint Location, Pinyin Label, Chinese Label] WHO Standard Acupuncture Point Locations in the Western Pacific Region. World Health Organization (WHO), WHO Regional Office for the Western Pacific, 2008. Page 114. https://iris.who.int/handle/10665/353407"
http://purl.org/tara/ontology/TARA_1632803,TARA:1632803,BL 3,Meridian Acupuncture Point,"B 3, Bladder 3, UB 3, Urinary Bladder 3",Meichong,眉衝(冲),Bladder Meridian,,"On the head, superior to the frontal notch, 0.5 B-cun superior to the anterior hairline.
 - Note: Midway between GV 24 and BL 4.","head (anterior hairline, frontal notch)",Puncture subcutaneously 0.3-0.5 inch.,"epilepsy, headache, nasal obstruction, giddiness",,,The frontal artery and vein.,,,"[Acupuncture Method, Vasculature, Innervation, Indications] Chinese Acupuncture and Moxibustion. Edited by C. Xinnong, Rev. Ed., Foreign Languages Press, Beijing, China, 1999. Ch. 8, Acupuncture Points of the Shaoyin and Taiyang Meridians. ISBN 978-7-119-01758-7.
[Acupoint Location, Pinyin Label, Chinese Label] WHO Standard Acupuncture Point Locations in the Western Pacific Region. World Health Organization (WHO), WHO Regional Office for the Western Pacific, 2008. Page 101. https://iris.who.int/handle/10665/353407"
http://purl.org/tara/ontology/TARA_9128934,TARA:9128934,BL 30,Meridian Acupuncture Point,"B 30, Bladder 30, UB 30, Urinary Bladder 30",Baihuanshu,白環(环)兪(俞),Bladder Meridian,,"In the sacral region, at the same level as the fourth posterior sacral foramen, 1.5 B-cun lateral to the median sacral crest.
 - Note: 1.5 B-cun lateral to the sacral hiatus, at the same level as BL 34.","sacral region (median sacral crest, sacral hiatus, fourth posterior sacral foramen)",Puncture perpendicularly 0.8-1.2 inches.,"prolapse of the rectum, constipation, enuresis, irregular menstruation, dysuria, pain in the lower back, morbid leukorrhea, cold sensation of the lower back, pain due to hernia, tenesmus","The lateral branches of the posterior rami of the third and fourth sacral nerves, the inferior gluteal nerve.",,"The inferior gluteal artery and vein; deeper, the internal pudendal artery and vein.",,,"[Acupuncture Method, Vasculature, Innervation, Indications] Chinese Acupuncture and Moxibustion. Edited by C. Xinnong, Rev. Ed., Foreign Languages Press, Beijing, China, 1999. Ch. 8, Acupuncture Points of the Shaoyin and Taiyang Meridians. ISBN 978-7-119-01758-7.
[Acupoint Location, Pinyin Label, Chinese Label] WHO Standard Acupuncture Point Locations in the Western Pacific Region. World Health Organization (WHO), WHO Regional Office for the Western Pacific, 2008. Page 114. https://iris.who.int/handle/10665/353407"
http://purl.org/tara/ontology/TARA_2465151,TARA:2465151,BL 31,Meridian Acupuncture Point,"B 31, Bladder 31, UB 31, Urinary Bladder 31",Shangliao,上髎(髎),Bladder Meridian,,"In the sacral region, in the first posterior sacral foramen.
 - Note: The first posterior sacral foramen is palpated in the depression, moving superiorly from BL 32.",sacral region (first posterior sacral foramen),Puncture perpendicularly 0.8-1.2 inches. Moxibustion is applicable.,"constipation, irregular menstruation, dysuria, low back pain, prolapse of the uterus, morbid leukorrhea",At the site where the posterior ramus of the first sacral nerve passes.,,The posterior branches of the lateral sacral artery and vein.,,,"[Acupuncture Method, Vasculature, Innervation, Indications] Chinese Acupuncture and Moxibustion. Edited by C. Xinnong, Rev. Ed., Foreign Languages Press, Beijing, China, 1999. Ch. 8, Acupuncture Points of the Shaoyin and Taiyang Meridians. ISBN 978-7-119-01758-7.
[Acupoint Location, Pinyin Label, Chinese Label] WHO Standard Acupuncture Point Locations in the Western Pacific Region. World Health Organization (WHO), WHO Regional Office for the Western Pacific, 2008. Page 115. https://iris.who.int/handle/10665/353407"
http://purl.org/tara/ontology/TARA_6742407,TARA:6742407,BL 32,Meridian Acupuncture Point,"B 32, Bladder 32, UB 32, Urinary Bladder 32",Chiliao,次髎(髎),Bladder Meridian,,"In the sacral region, in the second posterior sacral foramen.
 - Note: The second posterior sacral foramen is located in the depression, midway between the posterior superior iliac spine and the spinous process of the second sacral vertebra.","sacral region (sacral vertebra 2, posterior superior iliac spine, second posterior sacral foramen)",Puncture perpendicularly 0.8-1.2 inches. Moxibustion is applicable.,"muscular atrophy of the lower extremities, numbness of the lower extremities, enuresis, irregular menstruation, nocturnal emission, hernia, dysuria, motor impairment of the lower extremities, pain in the lower extremities, leukorrhea, low back pain, dysmenorrhea, impotence",The posterior ramus of the second sacral nerve.,,The posterior branches of the lateral sacral artery and vein.,,,"[Acupuncture Method, Vasculature, Innervation, Indications] Chinese Acupuncture and Moxibustion. Edited by C. Xinnong, Rev. Ed., Foreign Languages Press, Beijing, China, 1999. Ch. 8, Acupuncture Points of the Shaoyin and Taiyang Meridians. ISBN 978-7-119-01758-7.
[Acupoint Location, Pinyin Label, Chinese Label] WHO Standard Acupuncture Point Locations in the Western Pacific Region. World Health Organization (WHO), WHO Regional Office for the Western Pacific, 2008. Page 115. https://iris.who.int/handle/10665/353407"
http://purl.org/tara/ontology/TARA_6927551,TARA:6927551,BL 33,Meridian Acupuncture Point,"B 33, Bladder 33, UB 33, Urinary Bladder 33",Zhongliao,中髎(髎),Bladder Meridian,,"In the sacral region, in the third posterior sacral foramen.
 - Note: The third posterior sacral foramen is located in the first depression, moving downward from BL 32.",sacral region (third posterior sacral foramen),Puncture perpendicularly 0.8-1.2 inches. Moxibustion is applicable.,"constipation, irregular menstruation, dysuria, diarrhea, low back pain, morbid leukorrhea",On the course of the posterior ramus of the third sacral nerve.,,The posterior branches of the lateral sacral artery and vein.,,,"[Acupuncture Method, Vasculature, Innervation, Indications] Chinese Acupuncture and Moxibustion. Edited by C. Xinnong, Rev. Ed., Foreign Languages Press, Beijing, China, 1999. Ch. 8, Acupuncture Points of the Shaoyin and Taiyang Meridians. ISBN 978-7-119-01758-7.
[Acupoint Location, Pinyin Label, Chinese Label] WHO Standard Acupuncture Point Locations in the Western Pacific Region. World Health Organization (WHO), WHO Regional Office for the Western Pacific, 2008. Page 116. https://iris.who.int/handle/10665/353407"
http://purl.org/tara/ontology/TARA_1522109,TARA:1522109,BL 34,Meridian Acupuncture Point,"B 34, Bladder 34, UB 34, Urinary Bladder 34",Xialiao,下髎(髎),Bladder Meridian,,"In the sacral region, in the fourth posterior sacral foramen.
 - Note: The fourth posterior sacral foramen is located in the second depression, moving downward from BL 32, at the same level as the sacral hiatus.","sacral region (sacral hiatus, fourth posterior sacral foramen)",Puncture perpendicularly 0.8-1.2 inches. Moxibustion is applicable.,"constipation, lower abdominal pain, dysuria, low back pain, morbid leukorrhea",On the course of the posterior ramus of the fourth sacral nerve.,,The branches of the inferior gluteal artery and vein.,,,"[Acupuncture Method, Vasculature, Innervation, Indications] Chinese Acupuncture and Moxibustion. Edited by C. Xinnong, Rev. Ed., Foreign Languages Press, Beijing, China, 1999. Ch. 8, Acupuncture Points of the Shaoyin and Taiyang Meridians. ISBN 978-7-119-01758-7.
[Acupoint Location, Pinyin Label, Chinese Label] WHO Standard Acupuncture Point Locations in the Western Pacific Region. World Health Organization (WHO), WHO Regional Office for the Western Pacific, 2008. Page 116. https://iris.who.int/handle/10665/353407"
http://purl.org/tara/ontology/TARA_8458036,TARA:8458036,BL 35,Meridian Acupuncture Point,"B 35, Bladder 35, UB 35, Urinary Bladder 35",Huiyang,會(会)陽(阳),Bladder Meridian,,"In the buttock region, 0.5 B-cun lateral to the extremity of the coccyx.
 - Note: The subject may be in prone position or knee-chest position. BL 35 is located at the soft depression lateral to the extremity of the coccyx.",buttock (coccyx),Puncture perpendicularly 0.5-1.0 inch. Moxibustion is applicable.,"hemorrhoids, dysentery, diarrhea, bloody stools, impotence, morbid leukorrhea",The coccygeal nerve.,,The branches of the inferior gluteal artery and vein.,,,"[Acupuncture Method, Vasculature, Innervation, Indications] Chinese Acupuncture and Moxibustion. Edited by C. Xinnong, Rev. Ed., Foreign Languages Press, Beijing, China, 1999. Ch. 8, Acupuncture Points of the Shaoyin and Taiyang Meridians. ISBN 978-7-119-01758-7.
[Acupoint Location, Pinyin Label, Chinese Label] WHO Standard Acupuncture Point Locations in the Western Pacific Region. World Health Organization (WHO), WHO Regional Office for the Western Pacific, 2008. Page 117. https://iris.who.int/handle/10665/353407"
http://purl.org/tara/ontology/TARA_9927213,TARA:9927213,BL 36,Meridian Acupuncture Point,"B 36, Bladder 36, UB 36, Urinary Bladder 36",Chengfu,承扶,Bladder Meridian,,"In the buttock region, at the midpoint of the gluteal fold.",buttock (gluteal sulcus),Puncture perpendicularly 1.0-1.5 inches. Moxibustion is applicable.,"muscular atrophy of the lower extremities, numbness of the lower extremities, constipation, motor impairment of the lower extremities, pain in the lower extremities, pain in the lower back, pain in the gluteal region","The posterior femoral cutaneous nerve; deeper, the sciatic nerve.",,The artery and vein running alongside the sciatic nerve.,,,"[Acupuncture Method, Vasculature, Innervation, Indications] Chinese Acupuncture and Moxibustion. Edited by C. Xinnong, Rev. Ed., Foreign Languages Press, Beijing, China, 1999. Ch. 8, Acupuncture Points of the Shaoyin and Taiyang Meridians. ISBN 978-7-119-01758-7.
[Acupoint Location, Pinyin Label, Chinese Label] WHO Standard Acupuncture Point Locations in the Western Pacific Region. World Health Organization (WHO), WHO Regional Office for the Western Pacific, 2008. Page 117. https://iris.who.int/handle/10665/353407"
http://purl.org/tara/ontology/TARA_2678584,TARA:2678584,BL 37,Meridian Acupuncture Point,"B 37, Bladder 37, UB 37, Urinary Bladder 37",Yinmen,殷門(门),Bladder Meridian,,"On the posterior aspect of the thigh, between the biceps femoris and the semitendinosus muscles, 6 B-cun inferior to the gluteal fold.
 - Note 1: In the prone position, the semitendinosus and the biceps femoris muscles are more distinct when the knee is flexed against resistance. In addition, it is easier to find the two muscles with internal and external rotation of the hip.
 - Note 2: 1 B-cun superior to the midpoint of the line connecting BL 36 with BL 40.","hindlimb stylopod (semitendinosus, biceps femoris, gluteal sulcus)",Puncture perpendicularly 1.0-2.0 inches. Moxibustion is applicable.,"muscular atrophy of the lower extremities, numbness of the lower extremities, motor impairment of the lower extremities, pain in the lower extremities, pain in the thigh, pain in the lower back, hemiplegia","The posterior femoral cutaneous nerve; deeper, the sciatic nerve.",,"Laterally, the third perforating branches of the deep femoral artery and vein.",,,"[Acupuncture Method, Vasculature, Innervation, Indications] Chinese Acupuncture and Moxibustion. Edited by C. Xinnong, Rev. Ed., Foreign Languages Press, Beijing, China, 1999. Ch. 8, Acupuncture Points of the Shaoyin and Taiyang Meridians. ISBN 978-7-119-01758-7.
[Acupoint Location, Pinyin Label, Chinese Label] WHO Standard Acupuncture Point Locations in the Western Pacific Region. World Health Organization (WHO), WHO Regional Office for the Western Pacific, 2008. Page 118. https://iris.who.int/handle/10665/353407"
http://purl.org/tara/ontology/TARA_3339722,TARA:3339722,BL 38,Meridian Acupuncture Point,"B 38, Bladder 38, UB 38, Urinary Bladder 38",Fuxi,(浮)郄,Bladder Meridian,,"On the posterior aspect of the knee, just medial to the biceps femoris tendon, 1 B-cun proximal to the popliteal crease.
 - Note: With the knee in slight flexion, BL 38 is located medial to the biceps femoris tendon, 1 B-cun proximal to BL 39.","knee (biceps femoris, biceps femoris tendon, popliteal crease)",Puncture perpendicularly 0.5-1.0 inch. Moxibustion is applicable.,"contracture of the tendons in the popliteal fossa, numbness of the femoral region, numbness of the gluteal region",The posterior femoral cutaneous nerve and the common peroneal nerve.,,The superolateral genicular artery and vein.,,,"[Acupuncture Method, Vasculature, Innervation, Indications] Chinese Acupuncture and Moxibustion. Edited by C. Xinnong, Rev. Ed., Foreign Languages Press, Beijing, China, 1999. Ch. 8, Acupuncture Points of the Shaoyin and Taiyang Meridians. ISBN 978-7-119-01758-7.
[Acupoint Location, Pinyin Label, Chinese Label] WHO Standard Acupuncture Point Locations in the Western Pacific Region. World Health Organization (WHO), WHO Regional Office for the Western Pacific, 2008. Page 118. https://iris.who.int/handle/10665/353407"
http://purl.org/tara/ontology/TARA_2186848,TARA:2186848,BL 39,Meridian Acupuncture Point,"B 39, Bladder 39, Lower He-Sea Point of Triple Energizer, UB 39, Urinary Bladder 39",Weiyang,委陽(阳),Bladder Meridian,Lower He-Sea Point of the Triple Energizer,"On the posterolateral aspect of the knee, just medial to the biceps femoris tendon in the popliteal crease.
 - Note: The biceps femoris tendon is more prominent when the knee is slightly flexed.","knee (biceps femoris tendon, popliteal crease)",Puncture perpendicularly 0.5-1.0 inch. Moxibustion is applicable.,"dysuria, edema, pain in the lower back, stiffness of the lower back, cramp of the foot, cramp of the leg, distension of the lower abdomen, fullness of the lower abdomen",,,The superolateral genicular artery and vein.,,,"[Acupuncture Method, Vasculature, Innervation, Indications] Chinese Acupuncture and Moxibustion. Edited by C. Xinnong, Rev. Ed., Foreign Languages Press, Beijing, China, 1999. Ch. 8, Acupuncture Points of the Shaoyin and Taiyang Meridians. ISBN 978-7-119-01758-7.
[Acupoint Location, Pinyin Label, Chinese Label] WHO Standard Acupuncture Point Locations in the Western Pacific Region. World Health Organization (WHO), WHO Regional Office for the Western Pacific, 2008. Page 119. https://iris.who.int/handle/10665/353407"
http://purl.org/tara/ontology/TARA_0598260,TARA:0598260,BL 4,Meridian Acupuncture Point,"B 4, Bladder 4, UB 4, Urinary Bladder 4",Qucha,曲差,Bladder Meridian,,"On the head, 0.5 B-cun superior to the anterior hairline, 1.5 B-cun lateral to the anterior median line.
 - Note: At the junction of the medial one third and lateral two thirds of the line connecting GV 24 with ST 8.","head (anterior median line, anterior hairline)",Puncture subcutaneously 0.3-0.5 inch. Moxibustion is applicable.,"headache, nasal obstruction, blurred vision, epistaxis, failing vision",The lateral branch of the frontal nerve.,,The frontal artery and vein.,,,"[Acupuncture Method, Vasculature, Innervation, Indications] Chinese Acupuncture and Moxibustion. Edited by C. Xinnong, Rev. Ed., Foreign Languages Press, Beijing, China, 1999. Ch. 8, Acupuncture Points of the Shaoyin and Taiyang Meridians. ISBN 978-7-119-01758-7.
[Acupoint Location, Pinyin Label, Chinese Label] WHO Standard Acupuncture Point Locations in the Western Pacific Region. World Health Organization (WHO), WHO Regional Office for the Western Pacific, 2008. Page 101. https://iris.who.int/handle/10665/353407"
http://purl.org/tara/ontology/TARA_5290080,TARA:5290080,BL 40,Meridian Acupuncture Point,"B 40, Bladder 40, UB 40, Urinary Bladder 40",Weizhong,委中,Bladder Meridian,"Lower He-Sea Point of the Bladder, He-Sea Point","On the posterior aspect of the knee, at the midpoint of the popliteal crease.",knee (popliteal crease),"Puncture perpendicularly 0.5-1.0 inch, or prick the popliteal vein with three-edged needle to cause bleedmg.","muscular atrophy of the lower extremities, numbness of the lower extremities, vomiting, erysipelas, abdominal pain, motor impairment of the lower extremities, pain in the lower extremities, diarrhea, contracture of the tendons in the popliteal fossa, low back pain, hemiplegia, motor impairment of the hip joint","The posterior femoral cutaneous nerve, the tibial nerve.",,"Superficially, the femoro-popliteal vein; deeper and medially, the popliteal vein; deepest, the popliteal artery.",,,"[Acupuncture Method, Vasculature, Innervation, Indications] Chinese Acupuncture and Moxibustion. Edited by C. Xinnong, Rev. Ed., Foreign Languages Press, Beijing, China, 1999. Ch. 8, Acupuncture Points of the Shaoyin and Taiyang Meridians. ISBN 978-7-119-01758-7.
[Acupoint Location, Pinyin Label, Chinese Label] WHO Standard Acupuncture Point Locations in the Western Pacific Region. World Health Organization (WHO), WHO Regional Office for the Western Pacific, 2008. Page 119. https://iris.who.int/handle/10665/353407"
http://purl.org/tara/ontology/TARA_7423288,TARA:7423288,BL 41,Meridian Acupuncture Point,"B 41, Bladder 41, UB 41, Urinary Bladder 41",Fufen,附分,Bladder Meridian,,"In the upper back region, at the same level as the inferior border of the spinous process of the second thoracic vertebra (T2), 3 B-cun lateral to the posterior median line.
 - Note: BL 41 and BL 12 are located at the same level as the inferior border of the spinous process of the second thoracic vertebra (T2).","dorsal thoracic segment of trunk (posterior median line, thoracic vertebra 2)",Puncture perpendicularly 0.3-0.5 inch. Moxibustion is applicable.,"pain in the shoulder, pain in the neck, stiffness of the neck, numbness of the arm, numbness of the elbow, pain in the back, stiffness of the back, stiffness of the shoulder","The lateral branches of the posterior rami of the first and second thoracic nerves; deeper, the dorsal scapular nerve.",,"The descending branch of the transverse cervical artery, the posterior branches of the intercostal artery and vein.",,,"[Acupuncture Method, Vasculature, Innervation, Indications] Chinese Acupuncture and Moxibustion. Edited by C. Xinnong, Rev. Ed., Foreign Languages Press, Beijing, China, 1999. Ch. 8, Acupuncture Points of the Shaoyin and Taiyang Meridians. ISBN 978-7-119-01758-7.
[Acupoint Location, Pinyin Label, Chinese Label] WHO Standard Acupuncture Point Locations in the Western Pacific Region. World Health Organization (WHO), WHO Regional Office for the Western Pacific, 2008. Page 120. https://iris.who.int/handle/10665/353407"
http://purl.org/tara/ontology/TARA_1068174,TARA:1068174,BL 42,Meridian Acupuncture Point,"B 42, Bladder 42, UB 42, Urinary Bladder 42",Pohu,魄户,Bladder Meridian,,"In the upper back region, at the same level as the inferior border of the spinous process of the third thoracic vertebra (T3), 3 B-cun lateral to the posterior median line.
 - Note: BL 42, BL 13 and GV 12 are located at the same level as the inferior border of the third thoracic vertebra (T3).","dorsal thoracic segment of trunk (posterior median line, thoracic vertebra 3)",Puncture obliquely 0.3-0.5 inch. Moxibustion is applicable.,"asthma, cough, pain in the shoulder, neck rigidity, pain in the back, hemoptysis, pulmonary tuberculosis",,,"The posterior branch of the intercostal artery, the descending branch of the transverse cervical artery.",,,"[Acupuncture Method, Vasculature, Innervation, Indications] Chinese Acupuncture and Moxibustion. Edited by C. Xinnong, Rev. Ed., Foreign Languages Press, Beijing, China, 1999. Ch. 8, Acupuncture Points of the Shaoyin and Taiyang Meridians. ISBN 978-7-119-01758-7.
[Acupoint Location, Pinyin Label, Chinese Label] WHO Standard Acupuncture Point Locations in the Western Pacific Region. World Health Organization (WHO), WHO Regional Office for the Western Pacific, 2008. Page 120. https://iris.who.int/handle/10665/353407"
http://purl.org/tara/ontology/TARA_5367032,TARA:5367032,BL 43,Meridian Acupuncture Point,"B 43, Bladder 43, UB 43, Urinary Bladder 43",Gaohuang,膏肓,Bladder Meridian,,"In the upper back region, at the same level as the inferior border of the spinous process of the fourth thoracic vertebra (T4), 3 B-cun lateral to the posterior median line.
 - Note: BL 43 and BL 14 are located at the same level as the inferior border of the spinous process of the fourth thoracic vertebra (T4).","dorsal thoracic segment of trunk (posterior median line, thoracic vertebra 4)",Puncture obliquely 0.3-0.5 inch. Moxibustion is applicable.,"spitting of blood, asthma, cough, nocturnal emission, poor memory, pulmonary tuberculosis, night sweat","The medial cutaneous branches of the posterior rami of the second and third thoracic nerves; deeper, their lateral branches and the dorsoscapular nerve.",,The posterior branch of the intercostal artery and the descending branch of the transverse cervical artery.,,,"[Acupuncture Method, Vasculature, Innervation, Indications] Chinese Acupuncture and Moxibustion. Edited by C. Xinnong, Rev. Ed., Foreign Languages Press, Beijing, China, 1999. Ch. 8, Acupuncture Points of the Shaoyin and Taiyang Meridians. ISBN 978-7-119-01758-7.
[Acupoint Location, Pinyin Label, Chinese Label] WHO Standard Acupuncture Point Locations in the Western Pacific Region. World Health Organization (WHO), WHO Regional Office for the Western Pacific, 2008. Page 121. https://iris.who.int/handle/10665/353407"
http://purl.org/tara/ontology/TARA_7646636,TARA:7646636,BL 44,Meridian Acupuncture Point,"B 44, Bladder 44, UB 44, Urinary Bladder 44",Shentang,神(神)堂,Bladder Meridian,,"In the upper back region, at the same level as the inferior border of the spinous process of the fifth thoracic vertebra (T5), 3 B-cun lateral to the posterior median line.
 - Note: BL 44, BL 15 and GV 11 are located at the same level as the inferior border of the spinous process of the fifth thoracic vertebra (T5).","dorsal thoracic segment of trunk (posterior median line, thoracic vertebra 5)",Puncture obliquely 0.3-0.5 inch. Moxibustion is applicable.,"stuffy chest, asthma, cough, pain in the back, stiffness of the back, cardiac pain, palpitation","The medial cutaneous branches of the posterior rami of the fourth and fifth thoracic nerves; deeper, their lateral branches and the dorsoscapular nerve.",,"The posterior branches of the intercostal artery and vein, the descending branch of the transverse cervical artery.",,,"[Acupuncture Method, Vasculature, Innervation, Indications] Chinese Acupuncture and Moxibustion. Edited by C. Xinnong, Rev. Ed., Foreign Languages Press, Beijing, China, 1999. Ch. 8, Acupuncture Points of the Shaoyin and Taiyang Meridians. ISBN 978-7-119-01758-7.
[Acupoint Location, Pinyin Label, Chinese Label] WHO Standard Acupuncture Point Locations in the Western Pacific Region. World Health Organization (WHO), WHO Regional Office for the Western Pacific, 2008. Page 121. https://iris.who.int/handle/10665/353407"
http://purl.org/tara/ontology/TARA_8937265,TARA:8937265,BL 45,Meridian Acupuncture Point,"B 45, Bladder 45, UB 45, Urinary Bladder 45",Yixi,譩譆,Bladder Meridian,,"In the upper back region, at the same level as the inferior border of the spinous process of the sixth thoracic vertebra (T6), 3 B-cun lateral to the posterior median line.
 - Note: BL 45, BL 16 and GV 10 are located at the same level as the inferior border of the spinous process of the sixth thoracic vertebra (T6).","dorsal thoracic segment of trunk (posterior median line, thoracic vertebra 6)",Puncture obliquely downward 0.3-0.5 inch. Moxibustion is applicable.,"asthma, cough, pain in the shoulder, pain in the back","The medial cutaneous branches of the posterior rami of the fifth and sixth thoracic nerves; deeper, their lateral branches.",,The posterior branches of the intercostal artery and vein.,,,"[Acupuncture Method, Vasculature, Innervation, Indications] Chinese Acupuncture and Moxibustion. Edited by C. Xinnong, Rev. Ed., Foreign Languages Press, Beijing, China, 1999. Ch. 8, Acupuncture Points of the Shaoyin and Taiyang Meridians. ISBN 978-7-119-01758-7.
[Acupoint Location, Pinyin Label, Chinese Label] WHO Standard Acupuncture Point Locations in the Western Pacific Region. World Health Organization (WHO), WHO Regional Office for the Western Pacific, 2008. Page 122. https://iris.who.int/handle/10665/353407"
http://purl.org/tara/ontology/TARA_0607588,TARA:0607588,BL 46,Meridian Acupuncture Point,"B 46, Bladder 46, UB 46, Urinary Bladder 46",Geguan,"膈關(关,関)",Bladder Meridian,,"In the upper back region, at the same level as the inferior border of the spinous process of the seventh thoracic vertebra (T7), 3 B-cun lateral to the posterior median line.
 - Note: BL 46, BL 17 and GV 9 are located at the same level as the inferior border of the spinous process of the seventh thoracic vertebra (T7).","dorsal thoracic segment of trunk (posterior median line, thoracic vertebra 7)",Puncture obliquely 0.3-0.5 inch. Moxibustion is applicable.,"hiccup, vomiting, pain in the back, stiffness of the back, belching, dysphagia","The medial cutaneous branches of the posterior rami of the sixth and seventh thoracic nerves; deeper, their lateral branches.",,The posterior branches of the intercostal artery and vein.,,,"[Acupuncture Method, Vasculature, Innervation, Indications] Chinese Acupuncture and Moxibustion. Edited by C. Xinnong, Rev. Ed., Foreign Languages Press, Beijing, China, 1999. Ch. 8, Acupuncture Points of the Shaoyin and Taiyang Meridians. ISBN 978-7-119-01758-7.
[Acupoint Location, Pinyin Label, Chinese Label] WHO Standard Acupuncture Point Locations in the Western Pacific Region. World Health Organization (WHO), WHO Regional Office for the Western Pacific, 2008. Page 122. https://iris.who.int/handle/10665/353407"
http://purl.org/tara/ontology/TARA_1766712,TARA:1766712,BL 47,Meridian Acupuncture Point,"B 47, Bladder 47, UB 47, Urinary Bladder 47",Hunmen,魂門(门),Bladder Meridian,,"In the upper back region, at the same level as the inferior border of the spinous process of the ninth thoracic vertebra (T9), 3 B-cun lateral to the posterior median line.
 - Note: BL 47, BL 18 and GV 8 are located at the same level as the inferior border of the spinous process of the ninth thoracic vertebra (T9).","dorsal thoracic segment of trunk (posterior median line, thoracic vertebra 9)",Puncture obliquely 0.3-0.5 inch. Moxibustion is applicable.,"vomiting, pain in the chest, pain in the hypochondriac region, diarrhea, back pain",,,The posterior branches of the intercostal artery and vein. Innervation: The lateral cutaneous branches of the posterior rami of the seventh and eighth thoracic nerves.,,,"[Acupuncture Method, Vasculature, Innervation, Indications] Chinese Acupuncture and Moxibustion. Edited by C. Xinnong, Rev. Ed., Foreign Languages Press, Beijing, China, 1999. Ch. 8, Acupuncture Points of the Shaoyin and Taiyang Meridians. ISBN 978-7-119-01758-7.
[Acupoint Location, Pinyin Label, Chinese Label] WHO Standard Acupuncture Point Locations in the Western Pacific Region. World Health Organization (WHO), WHO Regional Office for the Western Pacific, 2008. Page 123. https://iris.who.int/handle/10665/353407"
http://purl.org/tara/ontology/TARA_6893448,TARA:6893448,BL 48,Meridian Acupuncture Point,"B 48, Bladder 48, UB 48, Urinary Bladder 48",Yanggang,陽(阳)綱(纲),Bladder Meridian,,"In the upper back region, at the same level as the inferior border of the spinous process of the tenth thoracic vertebra (T10), 3 B-cun lateral to the posterior median line.
 - Note: BL 48, BL 19 and GV 7 are located at the same level as the inferior border of the spinous process of the tenth thoracic vertebra (T10).","dorsal thoracic segment of trunk (posterior median line, thoracic vertebra 10)",Puncture obliquely 0.3-0.5 inch. Moxibustion is applicable.,"jaundice, pain in the hypochondriac region, abdominal pain, borborygmus, diarrhea",,,The posterior branches of the intercostal artery and vein. Innervation: The lateral cutaneous branches of the posterior rami of the eighth and ninth thoracic nerves.,,,"[Acupuncture Method, Vasculature, Innervation, Indications] Chinese Acupuncture and Moxibustion. Edited by C. Xinnong, Rev. Ed., Foreign Languages Press, Beijing, China, 1999. Ch. 8, Acupuncture Points of the Shaoyin and Taiyang Meridians. ISBN 978-7-119-01758-7.
[Acupoint Location, Pinyin Label, Chinese Label] WHO Standard Acupuncture Point Locations in the Western Pacific Region. World Health Organization (WHO), WHO Regional Office for the Western Pacific, 2008. Page 123. https://iris.who.int/handle/10665/353407"
http://purl.org/tara/ontology/TARA_6846652,TARA:6846652,BL 49,Meridian Acupuncture Point,"B 49, Bladder 49, UB 49, Urinary Bladder 49",Yishe,意舍(舎),Bladder Meridian,,"In the upper back region, at the same level as the inferior border of the spinous process of the 11th thoracic vertebra (T11), 3 B-cun lateral to the posterior median line.
 - Note: BL 49, BL 20 and GV 6 are located at the same level as the inferior border of the spinous process of the 11th thoracic vertebra (T11).","dorsal thoracic segment of trunk (posterior median line, thoracic vertebra 11)",Puncture obliquely 0.3-0.5 inch. Moxibustion is applicable.,"vomiting, abdominal distension, difficulty in swallowing, borborygmus, diarrhea",The lateral branches of the posterior rami of the tenth and eleventh thoracic nerves.,,The posterior branches of the intercostal artery and vein.,,,"[Acupuncture Method, Vasculature, Innervation, Indications] Chinese Acupuncture and Moxibustion. Edited by C. Xinnong, Rev. Ed., Foreign Languages Press, Beijing, China, 1999. Ch. 8, Acupuncture Points of the Shaoyin and Taiyang Meridians. ISBN 978-7-119-01758-7.
[Acupoint Location, Pinyin Label, Chinese Label] WHO Standard Acupuncture Point Locations in the Western Pacific Region. World Health Organization (WHO), WHO Regional Office for the Western Pacific, 2008. Page 124. https://iris.who.int/handle/10665/353407"
http://purl.org/tara/ontology/TARA_7280334,TARA:7280334,BL 5,Meridian Acupuncture Point,"B 5, Bladder 5, UB 5, Urinary Bladder 5",Wuchu,"五處(处,処)",Bladder Meridian,,"On the head, 1 B-cun superior to the anterior hairline, 1.5 B-cun lateral to the anterior median line.
 - Note: 0.5 B-cun superior to BL 4, at the same level as GV 23.","head (anterior median line, anterior hairline)",Puncture subcutaneously 0.3-0.5 inch. Moxibustion is applicable.,"epilepsy, headache, convulsion, blurred vision",,,The frontal artery and vein.,,,"[Acupuncture Method, Vasculature, Innervation, Indications] Chinese Acupuncture and Moxibustion. Edited by C. Xinnong, Rev. Ed., Foreign Languages Press, Beijing, China, 1999. Ch. 8, Acupuncture Points of the Shaoyin and Taiyang Meridians. ISBN 978-7-119-01758-7.
[Acupoint Location, Pinyin Label, Chinese Label] WHO Standard Acupuncture Point Locations in the Western Pacific Region. World Health Organization (WHO), WHO Regional Office for the Western Pacific, 2008. Page 102. https://iris.who.int/handle/10665/353407"
http://purl.org/tara/ontology/TARA_1208891,TARA:1208891,BL 50,Meridian Acupuncture Point,"B 50, Bladder 50, UB 50, Urinary Bladder 50",Weicang,胃倉(仓),Bladder Meridian,,"In the upper back region, at the same level as the inferior border of the spinous process of the 12th thoracic vertebra (T12), 3 B-cun lateral to the posterior median line.
 - Note: BL 50 and BL 21 are located at the same level as the inferior border of the spinous process of the 12th thoracic vertebra (T12).","dorsal thoracic segment of trunk (posterior median line, thoracic vertebra 12)",Puncture obliquely 0.3-0.5 inch. Moxibustion is applicable.,"abdominal distension, pain in the back, infantile indigestion, pain in the epigastric region",The lateral cutaneous branches of the posterior ramus of the eleventh thoracic nerve.,,The posterior branches of the subcostal artery and vein.,,,"[Acupuncture Method, Vasculature, Innervation, Indications] Chinese Acupuncture and Moxibustion. Edited by C. Xinnong, Rev. Ed., Foreign Languages Press, Beijing, China, 1999. Ch. 8, Acupuncture Points of the Shaoyin and Taiyang Meridians. ISBN 978-7-119-01758-7.
[Acupoint Location, Pinyin Label, Chinese Label] WHO Standard Acupuncture Point Locations in the Western Pacific Region. World Health Organization (WHO), WHO Regional Office for the Western Pacific, 2008. Page 124. https://iris.who.int/handle/10665/353407"
http://purl.org/tara/ontology/TARA_4667633,TARA:4667633,BL 51,Meridian Acupuncture Point,"B 51, Bladder 51, UB 51, Urinary Bladder 51",Huangmen,肓門(门),Bladder Meridian,,"In the lumbar region, at the same level as the inferior border of the spinous process of the first lumbar vertebra (L1), 3 B-cun lateral to the posterior median line.
 - Note: BL 51, BL 22 and GV 5 are located at the same level as the inferior border of the spinous process of the first lumbar vertebra (L1).","lower back (posterior median line, lumbar vertebra 1)",Puncture obliquely 0.3-0.5 inch. Moxibustion is applicable.,"constipation, abdominal pain, abdominal mass",The lateral branch of the posterior ramus of the twelfth thoracic nerve.,,The posterior branches of the first lumbar artery and vein.,,,"[Acupuncture Method, Vasculature, Innervation, Indications] Chinese Acupuncture and Moxibustion. Edited by C. Xinnong, Rev. Ed., Foreign Languages Press, Beijing, China, 1999. Ch. 8, Acupuncture Points of the Shaoyin and Taiyang Meridians. ISBN 978-7-119-01758-7.
[Acupoint Location, Pinyin Label, Chinese Label] WHO Standard Acupuncture Point Locations in the Western Pacific Region. World Health Organization (WHO), WHO Regional Office for the Western Pacific, 2008. Page 125. https://iris.who.int/handle/10665/353407"
http://purl.org/tara/ontology/TARA_7228895,TARA:7228895,BL 52,Meridian Acupuncture Point,"B 52, Bladder 52, UB 52, Urinary Bladder 52",Zhishi,志室,Bladder Meridian,,"In the lumbar region, at the same level as the inferior border of the spinous process of the second lumbar vertebra (L2), 3 B-cun lateral to the posterior median line.
 - Note: BL 52, BL 23 and GV 4 are located at the same level as the inferior border of the spinous process of the second lumbar vertebra (L2).","lower back (posterior median line, lumbar vertebra 2)",Puncture perpendicularly 0.5-1.0 inch. Moxibustion is applicable.,"enuresis, irregular menstruation, nocturnal emission, dysuria, edema, pain in the back, pain in the knee, impotence, frequency of urination",The lateral branch of the posterior ramus of the twelfth thoracic nerve and the lateral branch of the first lumbar nerve.,,The posterior branches of the second lumbar artery and vein.,,,"[Acupuncture Method, Vasculature, Innervation, Indications] Chinese Acupuncture and Moxibustion. Edited by C. Xinnong, Rev. Ed., Foreign Languages Press, Beijing, China, 1999. Ch. 8, Acupuncture Points of the Shaoyin and Taiyang Meridians. ISBN 978-7-119-01758-7.
[Acupoint Location, Pinyin Label, Chinese Label] WHO Standard Acupuncture Point Locations in the Western Pacific Region. World Health Organization (WHO), WHO Regional Office for the Western Pacific, 2008. Page 125. https://iris.who.int/handle/10665/353407"
http://purl.org/tara/ontology/TARA_8423766,TARA:8423766,BL 53,Meridian Acupuncture Point,"B 53, Bladder 53, UB 53, Urinary Bladder 53",Baohuang,胞(胞)肓,Bladder Meridian,,"In the buttock region, at the same level as the second posterior sacral foramen, 3 B-cun lateral to the median sacral crest.
 - Note: BL 53, BL 28 and BL 32 are located at the same level as the second posterior sacral foramen.","buttock (median sacral crest, second posterior sacral foramen)",Puncture perpendicularly 0.8-1.2 inches. Moxibustion is applicable.,"abdominal distension, borborygmus, pain in the lower back, anuria","The superior cluneal nerves; deeper, the superior gluteal nerve.",,The superior gluteal artery and vein.,,,"[Acupuncture Method, Vasculature, Innervation, Indications] Chinese Acupuncture and Moxibustion. Edited by C. Xinnong, Rev. Ed., Foreign Languages Press, Beijing, China, 1999. Ch. 8, Acupuncture Points of the Shaoyin and Taiyang Meridians. ISBN 978-7-119-01758-7.
[Acupoint Location, Pinyin Label, Chinese Label] WHO Standard Acupuncture Point Locations in the Western Pacific Region. World Health Organization (WHO), WHO Regional Office for the Western Pacific, 2008. Page 126. https://iris.who.int/handle/10665/353407"
http://purl.org/tara/ontology/TARA_0488267,TARA:0488267,BL 54,Meridian Acupuncture Point,"B 54, Bladder 54, UB 54, Urinary Bladder 54",Zhibian,"秩邊(边,辺)",Bladder Meridian,,"In the buttock region, at the same level as the fourth posterior sacral foramen, 3 B-cun lateral to the median sacral crest.
 - Note: 3 B-cun lateral to the sacral hiatus, at the same level as BL 30.","buttock (median sacral crest, sacral hiatus, fourth posterior sacral foramen)",Puncture perpendicularly 1.5-2.0 inches. Moxibustion is applicable.,"hemorrhoids, constipation, dysuria, motor impairment of the lower extremities, pain in the lumbosacral region, muscular atrophy, swelling around external genitalia","The inferior gluteal nerve, the posterior femoral cutaneous nerve and the sciatic nerve.",,The inferior gluteal artery and vein.,,,"[Acupuncture Method, Vasculature, Innervation, Indications] Chinese Acupuncture and Moxibustion. Edited by C. Xinnong, Rev. Ed., Foreign Languages Press, Beijing, China, 1999. Ch. 8, Acupuncture Points of the Shaoyin and Taiyang Meridians. ISBN 978-7-119-01758-7.
[Acupoint Location, Pinyin Label, Chinese Label] WHO Standard Acupuncture Point Locations in the Western Pacific Region. World Health Organization (WHO), WHO Regional Office for the Western Pacific, 2008. Page 126. https://iris.who.int/handle/10665/353407"
http://purl.org/tara/ontology/TARA_4648540,TARA:4648540,BL 55,Meridian Acupuncture Point,"B 55, Bladder 55, UB 55, Urinary Bladder 55",Heyang,合陽(阳),Bladder Meridian,,"On the posterior aspect of the leg, between the lateral head and medial head of the gastrocnemius muscle, 2 B-cun distal to the popliteal crease.
 - Note: 2 B-cun distal to BL 40, on the line connecting BL 40 with BL 57.","hindlimb zeugopod (popliteal crease, gastrocnemius)",Puncture perpendicularly 0.7- 1.0 inch. Moxibustion is applicable.,"paralysis in the lower extremities, pain in the lower extremities, low back pain","The medial sural cutaneous nerve; deeper, the tibial nerve.",,"The small saphenous vein; deeper, the popliteal artery and vem.",,,"[Acupuncture Method, Vasculature, Innervation, Indications] Chinese Acupuncture and Moxibustion. Edited by C. Xinnong, Rev. Ed., Foreign Languages Press, Beijing, China, 1999. Ch. 8, Acupuncture Points of the Shaoyin and Taiyang Meridians. ISBN 978-7-119-01758-7.
[Acupoint Location, Pinyin Label, Chinese Label] WHO Standard Acupuncture Point Locations in the Western Pacific Region. World Health Organization (WHO), WHO Regional Office for the Western Pacific, 2008. Page 127. https://iris.who.int/handle/10665/353407"
http://purl.org/tara/ontology/TARA_7641637,TARA:7641637,BL 56,Meridian Acupuncture Point,"B 56, Bladder 56, UB 56, Urinary Bladder 56",Chengjin,承筋,Bladder Meridian,,"On the posterior aspect of the leg, between the two muscle bellies of the gastrocnemius muscle, 5 B-cun distal to the popliteal crease.
 - Note: Midway between BL 55 and BL 57.","hindlimb zeugopod (popliteal crease, gastrocnemius)",Puncture perpendicularly 0.8-1.2 inches. Moxibustion is applicable.,"hemorrhoids, acute lower back pain, spasm of the gastrocnemius","The medial sural cutaneous nerve; deeper, the tibial nerve.",,"The small saphenous vein; deeper, the posterior tibial artery and vein.",,,"[Acupuncture Method, Vasculature, Innervation, Indications] Chinese Acupuncture and Moxibustion. Edited by C. Xinnong, Rev. Ed., Foreign Languages Press, Beijing, China, 1999. Ch. 8, Acupuncture Points of the Shaoyin and Taiyang Meridians. ISBN 978-7-119-01758-7.
[Acupoint Location, Pinyin Label, Chinese Label] WHO Standard Acupuncture Point Locations in the Western Pacific Region. World Health Organization (WHO), WHO Regional Office for the Western Pacific, 2008. Page 127. https://iris.who.int/handle/10665/353407"
http://purl.org/tara/ontology/TARA_4589241,TARA:4589241,BL 57,Meridian Acupuncture Point,"B 57, Bladder 57, UB 57, Urinary Bladder 57",Chengshan,承山,Bladder Meridian,,"On the posterior aspect of the leg, at the connecting point of the calcaneal tendon with the two muscle bellies of the gastrocnemius muscle.
 - Note: With the leg stretched (plantar flexion) or the heel up, BL 57 is located at the sharp angled depression inferior to the muscle belly of the gastrocnemius muscle. the two heads of the gastrocnemius muscle are separated to make a lambda shape (Λ).","hindlimb zeugopod (gastrocnemius, calcaneal tendon)",Puncture perpendicularly 0.8-1.2 inches. Moxibustion is applicable.,"hemorrhoids, constipation, low back pain, beriberi, spasm of the gastrocnemius",,,"The small saphenous vein; deeper, the posterior tibial artery and vein.",,,"[Acupuncture Method, Vasculature, Innervation, Indications] Chinese Acupuncture and Moxibustion. Edited by C. Xinnong, Rev. Ed., Foreign Languages Press, Beijing, China, 1999. Ch. 8, Acupuncture Points of the Shaoyin and Taiyang Meridians. ISBN 978-7-119-01758-7.
[Acupoint Location, Pinyin Label, Chinese Label] WHO Standard Acupuncture Point Locations in the Western Pacific Region. World Health Organization (WHO), WHO Regional Office for the Western Pacific, 2008. Page 128. https://iris.who.int/handle/10665/353407"
http://purl.org/tara/ontology/TARA_5362994,TARA:5362994,BL 58,Meridian Acupuncture Point,"B 58, Bladder 58, UB 58, Urinary Bladder 58",Feiyang,飛(飞)揚(扬),Bladder Meridian,Luo-Connecting Point,"On the posterolateral aspect of the leg, between the inferior border of the lateral head of the gastrocnemius muscle and the calcaneal tendon, at the same level as 7 B-cun proximal to BL 60.
 - Note: BL 58 is located 1 B-cun lateral and distal to BL 57, proximal to BL 60.","hindlimb zeugopod (gastrocnemius, calcaneal tendon)",Puncture perpendicularly 0.7-1.0 inch. Moxibustion is applicable.,"hemorrhoids, headache, nasal obstruction, blurred vision, epistaxis, back pain, weakness of the leg",,,,,,"[Acupuncture Method, Vasculature, Innervation, Indications] Chinese Acupuncture and Moxibustion. Edited by C. Xinnong, Rev. Ed., Foreign Languages Press, Beijing, China, 1999. Ch. 8, Acupuncture Points of the Shaoyin and Taiyang Meridians. ISBN 978-7-119-01758-7.
[Acupoint Location, Pinyin Label, Chinese Label] WHO Standard Acupuncture Point Locations in the Western Pacific Region. World Health Organization (WHO), WHO Regional Office for the Western Pacific, 2008. Page 128. https://iris.who.int/handle/10665/353407"
http://purl.org/tara/ontology/TARA_4995021,TARA:4995021,BL 59,Meridian Acupuncture Point,"B 59, Bladder 59, UB 59, Urinary Bladder 59",Fuyang,跗陽(阳),Bladder Meridian,Xi-Cleft Point of the Yang Heel Vessel,"On the posterolateral aspect of the leg, between the fibula and the calcaneal tendon, at the same level as 3 B-cun proximal to BL 60.","hindlimb zeugopod (fibula, calcaneal tendon)",Puncture perpendicularly 0.5-1.0 inch. Moxibustion is applicable.,"headache, paralysis in the lower extremities, low back pain, heavy sensation of the head, redness of the external malleolus, swelling of the external malleolus",The sural nerve.,,"The small saphenous vein; deeper, the terminal branch of the peroneal artery.",,,"[Acupuncture Method, Vasculature, Innervation, Indications] Chinese Acupuncture and Moxibustion. Edited by C. Xinnong, Rev. Ed., Foreign Languages Press, Beijing, China, 1999. Ch. 8, Acupuncture Points of the Shaoyin and Taiyang Meridians. ISBN 978-7-119-01758-7.
[Acupoint Location, Pinyin Label, Chinese Label] WHO Standard Acupuncture Point Locations in the Western Pacific Region. World Health Organization (WHO), WHO Regional Office for the Western Pacific, 2008. Page 129. https://iris.who.int/handle/10665/353407"
http://purl.org/tara/ontology/TARA_1565977,TARA:1565977,BL 6,Meridian Acupuncture Point,"B 6, Bladder 6, UB 6, Urinary Bladder 6",Chengguang,承光,Bladder Meridian,,"On the head, 2.5 B-cun superior to the anterior hairline, 1.5 B-cun lateral to the anterior median line.
 - Note: 1.5 B-cun superior to BL 5. 2 B-cun superior to BL 4","head (anterior median line, anterior hairline)",Puncture subcutaneously 0.3-0.5 inch.,"headache, nasal obstruction, blurred vision",The anastomotic branch of the lateral branch of the frontal nerve and the great occipital nerve.,,"The anastomotic network of the frontal artery and vein, the superficial temporal artery and vein, the occipital artery and vein.",,,"[Acupuncture Method, Vasculature, Innervation, Indications] Chinese Acupuncture and Moxibustion. Edited by C. Xinnong, Rev. Ed., Foreign Languages Press, Beijing, China, 1999. Ch. 8, Acupuncture Points of the Shaoyin and Taiyang Meridians. ISBN 978-7-119-01758-7.
[Acupoint Location, Pinyin Label, Chinese Label] WHO Standard Acupuncture Point Locations in the Western Pacific Region. World Health Organization (WHO), WHO Regional Office for the Western Pacific, 2008. Page 102. https://iris.who.int/handle/10665/353407"
http://purl.org/tara/ontology/TARA_5047947,TARA:5047947,BL 60,Meridian Acupuncture Point,"B 60, Bladder 60, UB 60, Urinary Bladder 60",Kunlun,"崑(昆)崙(侖,仑)",Bladder Meridian,Jing-River Point,"On the posterolateral aspect of the ankle, in the depression between the prominence of the lateral malleolus and the calcaneal tendon.","tarsal region (lateral malleolus of fibula, calcaneal tendon)",Puncture perpendicularly 0.5-1.0 inch. Moxibustion is applicable.,"epilepsy, headache, pain in the arm, pain in the shoulder, neck rigidity, blurred vision, epistaxis, pain in the back, pain in the heel, difficult labor, swelling of the heel",The sural nerve.,,"The small saphenous vein, the posteroexternal malleolar artery and vein.",,,"[Acupuncture Method, Vasculature, Innervation, Indications] Chinese Acupuncture and Moxibustion. Edited by C. Xinnong, Rev. Ed., Foreign Languages Press, Beijing, China, 1999. Ch. 8, Acupuncture Points of the Shaoyin and Taiyang Meridians. ISBN 978-7-119-01758-7.
[Acupoint Location, Pinyin Label, Chinese Label] WHO Standard Acupuncture Point Locations in the Western Pacific Region. World Health Organization (WHO), WHO Regional Office for the Western Pacific, 2008. Page 129. https://iris.who.int/handle/10665/353407"
http://purl.org/tara/ontology/TARA_0093665,TARA:0093665,BL 61,Meridian Acupuncture Point,"B 61, Bladder 61, UB 61, Urinary Bladder 61","Pucan, Pushen",僕(仆)參(参),Bladder Meridian,,"On the lateral aspect of the foot, distal to BL 60, lateral to the calcaneus, at the border between the red and white flesh.",pes (calcaneus),Puncture perpendicularly 0.3-0.5 inch. Moxibustion is applicable.,"muscular atrophy of the lower extremities, weakness of the lower extremities, pain in the heel",The external calcaneal branch of the sural nerve.,,The external calcaneal branches of the peroneal artery and vein.,,,"[Acupuncture Method, Vasculature, Innervation, Indications] Chinese Acupuncture and Moxibustion. Edited by C. Xinnong, Rev. Ed., Foreign Languages Press, Beijing, China, 1999. Ch. 8, Acupuncture Points of the Shaoyin and Taiyang Meridians. ISBN 978-7-119-01758-7.
[Acupoint Location, Pinyin Label, Chinese Label] WHO Standard Acupuncture Point Locations in the Western Pacific Region. World Health Organization (WHO), WHO Regional Office for the Western Pacific, 2008. Page 130. https://iris.who.int/handle/10665/353407"
http://purl.org/tara/ontology/TARA_1628341,TARA:1628341,BL 62,Meridian Acupuncture Point,"B 62, Bladder 62, UB 62, Urinary Bladder 62",Shenmai,申脈(脉),Bladder Meridian,Confluent Point,"On the lateral aspect of the foot, directly inferior to the prominence of the lateral malleolus, in the depression between the inferior border of the lateral malleolus and the calcaneus.
 - Note: BL 62 is located in the depression distal to the inferior border of the lateral malleolus. the corresponding medial acupuncture point to BL 62 is KI 6.","pes (calcaneus, lateral malleolus of fibula)",Puncture perpendicularly 0.3-0.5 inch. Moxibustion is applicable.,"epilepsy, headache, insomnia, dizziness, mania, backache, aching of the leg",The sural nerve.,,The external malleolar arterial network.,,,"[Acupuncture Method, Vasculature, Innervation, Indications] Chinese Acupuncture and Moxibustion. Edited by C. Xinnong, Rev. Ed., Foreign Languages Press, Beijing, China, 1999. Ch. 8, Acupuncture Points of the Shaoyin and Taiyang Meridians. ISBN 978-7-119-01758-7.
[Acupoint Location, Pinyin Label, Chinese Label] WHO Standard Acupuncture Point Locations in the Western Pacific Region. World Health Organization (WHO), WHO Regional Office for the Western Pacific, 2008. Page 130. https://iris.who.int/handle/10665/353407"
http://purl.org/tara/ontology/TARA_8435800,TARA:8435800,BL 63,Meridian Acupuncture Point,"B 63, Bladder 63, UB 63, Urinary Bladder 63",Jinmen,金門(门),Bladder Meridian,Xi-Cleft Point,"On the dorsum of the foot, distal to the anterior border of the lateral malleolus, posterior to the tuberosity of the fifth metatarsal bone, in the depression inferior to the cuboid bone.","pes (cuboid bone, lateral malleolus of fibula, metatarsal bone of digit 5)",Puncture perpendicularly 0.3-0.5 inch. Moxibustion is applicable.,"epilepsy, infantile convulsion, mania, motor impairment of the lower extremities, pain in the lower extremities, backache, pain in the external malleolus","The lateral dorsal cutaneous nerve of foot; deeper, the lateral plantar nerve.",,The lateral plantar artery and vein.,,,"[Acupuncture Method, Vasculature, Innervation, Indications] Chinese Acupuncture and Moxibustion. Edited by C. Xinnong, Rev. Ed., Foreign Languages Press, Beijing, China, 1999. Ch. 8, Acupuncture Points of the Shaoyin and Taiyang Meridians. ISBN 978-7-119-01758-7.
[Acupoint Location, Pinyin Label, Chinese Label] WHO Standard Acupuncture Point Locations in the Western Pacific Region. World Health Organization (WHO), WHO Regional Office for the Western Pacific, 2008. Page 131. https://iris.who.int/handle/10665/353407"
http://purl.org/tara/ontology/TARA_0471803,TARA:0471803,BL 64,Meridian Acupuncture Point,"B 64, Bladder 64, UB 64, Urinary Bladder 64",Jinggu,京骨(骨),Bladder Meridian,Yuan-Primary Point,"On the lateral aspect of the foot, distal to the tuberosity of the fifth metatarsal bone, at the border between the red and white flesh.
 - Note: The tuberosity of the fifth metatarsal bone is located approximately midway between the heel and the fifth metatarsophalangeal joint.","pes (metatarsal bone of digit 5, metatarsophalangeal joint of pedal digit 5)",Puncture perpendicularly 0.3-0.5 inch. Moxibustion is applicable.,"epilepsy, headache, neck rigidity, pain in the thigh, pain in the lower back",,,The lateral plantar artery and vein.,,,"[Acupuncture Method, Vasculature, Innervation, Indications] Chinese Acupuncture and Moxibustion. Edited by C. Xinnong, Rev. Ed., Foreign Languages Press, Beijing, China, 1999. Ch. 8, Acupuncture Points of the Shaoyin and Taiyang Meridians. ISBN 978-7-119-01758-7.
[Acupoint Location, Pinyin Label, Chinese Label] WHO Standard Acupuncture Point Locations in the Western Pacific Region. World Health Organization (WHO), WHO Regional Office for the Western Pacific, 2008. Page 131. https://iris.who.int/handle/10665/353407"
http://purl.org/tara/ontology/TARA_7430197,TARA:7430197,BL 65,Meridian Acupuncture Point,"B 65, Bladder 65, UB 65, Urinary Bladder 65",Shugu,束骨(骨),Bladder Meridian,Shu-Stream Point,"On the lateral aspect of the foot, in the depression proximal to the fifth metatarsophalangeal joint, at the border between the red and white flesh.",pes (metatarsophalangeal joint of pedal digit 5),Puncture perpendicularly 0.3-0.5 inch. Moxibustion is applicable.,"headache, mania, neck rigidity, blurred vision, pain in the lower extremities, backache",The fourth common plantar digital nerve and the lateral dorsal cutaneous nerve of foot.,,The fourth common plantar digital artery and vein.,,,"[Acupuncture Method, Vasculature, Innervation, Indications] Chinese Acupuncture and Moxibustion. Edited by C. Xinnong, Rev. Ed., Foreign Languages Press, Beijing, China, 1999. Ch. 8, Acupuncture Points of the Shaoyin and Taiyang Meridians. ISBN 978-7-119-01758-7.
[Acupoint Location, Pinyin Label, Chinese Label] WHO Standard Acupuncture Point Locations in the Western Pacific Region. World Health Organization (WHO), WHO Regional Office for the Western Pacific, 2008. Page 132. https://iris.who.int/handle/10665/353407"
http://purl.org/tara/ontology/TARA_7734076,TARA:7734076,BL 66,Meridian Acupuncture Point,"B 66, Bladder 66, UB 66, Urinary Bladder 66",Zutonggu,足通(通)谷,Bladder Meridian,Ying-Spring Point,"On the little toe, in the depression distal and lateral to the fifth metatarsophalangeal joint, at the border between the red and white flesh.",pedal digit 5 (metatarsophalangeal joint of pedal digit 5),Puncture perpendicularly 0.2-0.3 inch. Moxibustion is applicable.,"headache, mania, neck rigidity, blurred vision, epistaxis",The plantar digital proprial nerve and the lateral dorsal cutaneous nerve of foot.,,,,,"[Acupuncture Method, Vasculature, Innervation, Indications] Chinese Acupuncture and Moxibustion. Edited by C. Xinnong, Rev. Ed., Foreign Languages Press, Beijing, China, 1999. Ch. 8, Acupuncture Points of the Shaoyin and Taiyang Meridians. ISBN 978-7-119-01758-7.
[Acupoint Location, Pinyin Label, Chinese Label] WHO Standard Acupuncture Point Locations in the Western Pacific Region. World Health Organization (WHO), WHO Regional Office for the Western Pacific, 2008. Page 132. https://iris.who.int/handle/10665/353407"
http://purl.org/tara/ontology/TARA_7218725,TARA:7218725,BL 67,Meridian Acupuncture Point,"UB 67, B 67, Bladder 67, Urinary Bladder 67",Zhiyin,至陰(阴),Bladder Meridian,Jing-Well Point,"On the little toe, lateral to the distal phalanx, 0.1 f-cun proximal to the lateral corner of the toenail; at the intersection of the vertical line of the lateral side of the nail and the horizontal line of the base of the toenail.",pedal digit 5 (nail of pedal digit),Puncture superficially 0.1 inch. Moxibustion is applicable.,"headache, nasal obstruction, epistaxis, ophthalmalgia, detention of after birth, difficult labor, feverish sensation in the sole, malposition of fetus",The plantar digital proprial nerve and the lateral dorsal cutaneous nerve of foot.,,The network formed by the dorsal digital artery and plantar digital proprial artery.,,,"[Acupuncture Method, Vasculature, Innervation, Indications] Chinese Acupuncture and Moxibustion. Edited by C. Xinnong, Rev. Ed., Foreign Languages Press, Beijing, China, 1999. Ch. 8, Acupuncture Points of the Shaoyin and Taiyang Meridians. ISBN 978-7-119-01758-7.
[Acupoint Location, Pinyin Label, Chinese Label] WHO Standard Acupuncture Point Locations in the Western Pacific Region. World Health Organization (WHO), WHO Regional Office for the Western Pacific, 2008. Page 133. https://iris.who.int/handle/10665/353407"
http://purl.org/tara/ontology/TARA_9927492,TARA:9927492,BL 7,Meridian Acupuncture Point,"B 7, Bladder 7, UB 7, Urinary Bladder 7",Tongtian,通(通)天,Bladder Meridian,,"On the head, 4 B-cun superior to the anterior hairline, 1.5 B-cun lateral to the anterior median line.
 - Note: Midway between BL 6 and BL 8.","head (anterior median line, anterior hairline)",Puncture subcutaneously 0.3-0.5 inch. Moxibustion is applicable.,"headache, nasal obstruction, giddiness, rhinorrhea, epistaxis",The branch of the great occipital nerve.,,The superficial temporal artery and vein and the occipital artery and vein.,,,"[Acupuncture Method, Vasculature, Innervation, Indications] Chinese Acupuncture and Moxibustion. Edited by C. Xinnong, Rev. Ed., Foreign Languages Press, Beijing, China, 1999. Ch. 8, Acupuncture Points of the Shaoyin and Taiyang Meridians. ISBN 978-7-119-01758-7.
[Acupoint Location, Pinyin Label, Chinese Label] WHO Standard Acupuncture Point Locations in the Western Pacific Region. World Health Organization (WHO), WHO Regional Office for the Western Pacific, 2008. Page 103. https://iris.who.int/handle/10665/353407"
http://purl.org/tara/ontology/TARA_8298978,TARA:8298978,BL 8,Meridian Acupuncture Point,"B 8, Bladder 8, UB 8, Urinary Bladder 8",Luoque,絡(络)卻(却),Bladder Meridian,,"On the head, 5.5 B-cun superior to the anterior hairline, 1.5 B-cun lateral to the anterior median line.
 - Note: 0.5 B-cun posterior and 1.5 B-cun lateral to GV 20.","head (anterior median line, anterior hairline)",Puncture subcutaneously 0.3-0.5 inch.,"dizziness, mania, tinnitus, blurred vision",The branch of the great occipital nerve.,,The branches of the occipital artery and vein.,,,"[Acupuncture Method, Vasculature, Innervation, Indications] Chinese Acupuncture and Moxibustion. Edited by C. Xinnong, Rev. Ed., Foreign Languages Press, Beijing, China, 1999. Ch. 8, Acupuncture Points of the Shaoyin and Taiyang Meridians. ISBN 978-7-119-01758-7.
[Acupoint Location, Pinyin Label, Chinese Label] WHO Standard Acupuncture Point Locations in the Western Pacific Region. World Health Organization (WHO), WHO Regional Office for the Western Pacific, 2008. Page 103. https://iris.who.int/handle/10665/353407"
http://purl.org/tara/ontology/TARA_6794934,TARA:6794934,BL 9,Meridian Acupuncture Point,"B 9, Bladder 9, UB 9, Urinary Bladder 9",Yuzhen,玉枕,Bladder Meridian,,"On the head, at the same level as the superior border of the external occipital protuberance, and 1.3 B-cun lateral to the posterior median line.
 - Note: BL 9 is located at the intersection of two imaginary lines: the vertical line of the lateral border of the trapezius muscle and the horizontal line of the superior border of the external occipital protuberance. at the same level as GV 17.","head (posterior median line, trapezius muscle, external occipital protuberance)",Puncture subcutaneously 0.3-0.5 inch. Moxibustion is applicable.,"headache, nasal obstruction, dizziness, neck pain, ophthalmalgia",The branch of the great occipital nerve.,,The occipital artery and vein.,,,"[Acupuncture Method, Vasculature, Innervation, Indications] Chinese Acupuncture and Moxibustion. Edited by C. Xinnong, Rev. Ed., Foreign Languages Press, Beijing, China, 1999. Ch. 8, Acupuncture Points of the Shaoyin and Taiyang Meridians. ISBN 978-7-119-01758-7.
[Acupoint Location, Pinyin Label, Chinese Label] WHO Standard Acupuncture Point Locations in the Western Pacific Region. World Health Organization (WHO), WHO Regional Office for the Western Pacific, 2008. Page 104. https://iris.who.int/handle/10665/353407"
http://purl.org/tara/ontology/TARA_8693603,TARA:8693603,CV 1,Meridian Acupuncture Point,"Conception Vessel 1, RN 1, Ren 1, VC 1",Huiyin,會(会)陰(阴),Conception Vessel,,"In the perineal region, at the midpoint of the line connecting the anus with the posterior border of the scrotum in males and the posterior commissure of labium majoris in females.
 - Note: CV 1 is located midway between the anus and the genital organ, with the subject lying on the side or in knee-chest position.","perineum (anus, reproductive organ)",Puncture perpendicularly 0.5-1.0 inch. Moxibustion is applicable.,"hemorrhoids, enuresis, irregular menstruation, mental disorder, nocturnal emission, retention of urine, vaginitis",The branch of the perineal nerve.,,The branches of the perineal artery and vein.,,,"[Acupoint Location, Pinyin Label, Chinese Label] WHO Standard Acupuncture Point Locations in the Western Pacific Region. World Health Organization (WHO), WHO Regional Office for the Western Pacific, 2008. Page 220. https://iris.who.int/handle/10665/353407
[Acupuncture Method, Vasculature, Innervation, Indications] Chinese Acupuncture and Moxibustion. Edited by C. Xinnong, Rev. Ed., Foreign Languages Press, Beijing, China, 1999. Ch. 10, Acupuncture Points of the Governor and the Conception Vessels and the Extra Points. ISBN 978-7-119-01758-7."
http://purl.org/tara/ontology/TARA_7927421,TARA:7927421,CV 1 (Female),Meridian Acupuncture Point,Conception Vessel 1 (Female),,,Conception Vessel,,"In the perineal region, at the midpoint of the line connecting the anus with the posterior border of the scrotum in males and the posterior commissure of labium majoris in females.
 - Note: CV 1 is located midway between the anus and the genital organ, with the subject lying on the side or in knee-chest position.","perineum (anus, reproductive organ, genital labium)",Puncture perpendicularly 0.5-1.0 inch. Moxibustion is applicable.,"hemorrhoids, enuresis, irregular menstruation, mental disorder, nocturnal emission, retention of urine, vaginitis",The branch of the perineal nerve.,,The branches of the perineal artery and vein.,,,"[Acupoint Location, Pinyin Label, Chinese Label] WHO Standard Acupuncture Point Locations in the Western Pacific Region. World Health Organization (WHO), WHO Regional Office for the Western Pacific, 2008. Page 220. https://iris.who.int/handle/10665/353407
[Acupuncture Method, Vasculature, Innervation, Indications] Chinese Acupuncture and Moxibustion. Edited by C. Xinnong, Rev. Ed., Foreign Languages Press, Beijing, China, 1999. Ch. 10, Acupuncture Points of the Governor and the Conception Vessels and the Extra Points. ISBN 978-7-119-01758-7."
http://purl.org/tara/ontology/TARA_7793286,TARA:7793286,CV 1 (Male),Meridian Acupuncture Point,Conception Vessel 1 (Male),,,Conception Vessel,,"In the perineal region, at the midpoint of the line connecting the anus with the posterior border of the scrotum in males and the posterior commissure of labium majoris in females.
 - Note: CV 1 is located midway between the anus and the genital organ, with the subject lying on the side or in knee-chest position.","perineum (scrotum, anus, reproductive organ)",Puncture perpendicularly 0.5-1.0 inch. Moxibustion is applicable.,"hemorrhoids, enuresis, irregular menstruation, mental disorder, nocturnal emission, retention of urine, vaginitis",The branch of the perineal nerve.,,The branches of the perineal artery and vein.,,,"[Acupoint Location, Pinyin Label, Chinese Label] WHO Standard Acupuncture Point Locations in the Western Pacific Region. World Health Organization (WHO), WHO Regional Office for the Western Pacific, 2008. Page 220. https://iris.who.int/handle/10665/353407
[Acupuncture Method, Vasculature, Innervation, Indications] Chinese Acupuncture and Moxibustion. Edited by C. Xinnong, Rev. Ed., Foreign Languages Press, Beijing, China, 1999. Ch. 10, Acupuncture Points of the Governor and the Conception Vessels and the Extra Points. ISBN 978-7-119-01758-7."
http://purl.org/tara/ontology/TARA_1822260,TARA:1822260,CV 10,Meridian Acupuncture Point,"Conception Vessel 10, RN 10, Ren 10, VC 10",Xiawan,下脘,Conception Vessel,,"On the upper abdomen, 2 B-cun superior to the centre of the umbilicus, on the anterior median line.","upper abdomen (anterior median line, umbilicus)",Puncture perpendicularly 0.5-1.2 inches. Moxibustion is applicable.,"vomiting, indigestion, abdominal pain, borborygmus, diarrhea, epigastric pain",The anterior cutaneous branch of the eighth intercostal nerve.,,The inferior epigastric artery and vein.,,,"[Acupuncture Method, Vasculature, Innervation, Indications] Chinese Acupuncture and Moxibustion. Edited by C. Xinnong, Rev. Ed., Foreign Languages Press, Beijing, China, 1999. Ch. 10, Acupuncture Points of the Governor and the Conception Vessels and the Extra Points. ISBN 978-7-119-01758-7.
[Acupoint Location, Pinyin Label, Chinese Label] WHO Standard Acupuncture Point Locations in the Western Pacific Region. World Health Organization (WHO), WHO Regional Office for the Western Pacific, 2008. Page 224. https://iris.who.int/handle/10665/353407"
http://purl.org/tara/ontology/TARA_4904054,TARA:4904054,CV 11,Meridian Acupuncture Point,"Conception Vessel 11, RN 11, Ren 11, VC 11",Jianli,建里,Conception Vessel,,"On the upper abdomen, 3 B-cun superior to the centre of the umbilicus, on the anterior median line.","upper abdomen (anterior median line, umbilicus)",Puncture perpendicularly 0.5-1.2 inches. Moxibustion is applicable.,"vomiting, abdominal distension, anorexia, borborygmus, edema, stomachache",The anterior cutaneous branch of the eighth intercostal nerve.,,The branches of the superior and inferior epigastric arteries.,,,"[Acupuncture Method, Vasculature, Innervation, Indications] Chinese Acupuncture and Moxibustion. Edited by C. Xinnong, Rev. Ed., Foreign Languages Press, Beijing, China, 1999. Ch. 10, Acupuncture Points of the Governor and the Conception Vessels and the Extra Points. ISBN 978-7-119-01758-7.
[Acupoint Location, Pinyin Label, Chinese Label] WHO Standard Acupuncture Point Locations in the Western Pacific Region. World Health Organization (WHO), WHO Regional Office for the Western Pacific, 2008. Page 225. https://iris.who.int/handle/10665/353407"
http://purl.org/tara/ontology/TARA_0434959,TARA:0434959,CV 12,Meridian Acupuncture Point,"Front-Mu Point of the Stomach, Conception Vessel 12, RN 12, Ren 12, VC 12",Zhongwan,中脘,Conception Vessel,"Front-Mu Point of the Stomach, Influential Point of the Fu Organs","On the upper abdomen, 4 B-cun superior to the centre of the umbilicus, on the anterior median line.
 - Note: CV 12 is located at the midpoint of the line connecting the xiphisternal junction and the centre of umbilicus.","upper abdomen (anterior median line, xiphisternal joint, umbilicus)",Puncture perpendicularly 0.5-1.2 inches. Moxibustion is applicable.,"insomnia, nausea, vomiting, indigestion, abdominal distension, acid regurgitation, jaundice, borborygmus, dysentery, diarrhea, stomachache",The anterior cutaneous branch of the seventh intercostal nerve.,,The superior epigastric artery and vein.,,,"[Acupuncture Method, Vasculature, Innervation, Indications] Chinese Acupuncture and Moxibustion. Edited by C. Xinnong, Rev. Ed., Foreign Languages Press, Beijing, China, 1999. Ch. 10, Acupuncture Points of the Governor and the Conception Vessels and the Extra Points. ISBN 978-7-119-01758-7.
[Acupoint Location, Pinyin Label, Chinese Label] WHO Standard Acupuncture Point Locations in the Western Pacific Region. World Health Organization (WHO), WHO Regional Office for the Western Pacific, 2008. Page 225. https://iris.who.int/handle/10665/353407"
http://purl.org/tara/ontology/TARA_4525270,TARA:4525270,CV 13,Meridian Acupuncture Point,"Conception Vessel 13, RN 13, Ren 13, VC 13",Shangwan,上脘,Conception Vessel,,"On the upper abdomen, 5 B-cun superior to the centre of the umbilicus, on the anterior median line.","upper abdomen (anterior median line, umbilicus)",Puncture perpendicularly 0.5-1.2 inches. Moxibustion is applicable.,"epilepsy, insomnia, nausea, vomiting, abdominal distension, stomachache",,,The superior epigastric artery and vein.,,,"[Acupuncture Method, Vasculature, Innervation, Indications] Chinese Acupuncture and Moxibustion. Edited by C. Xinnong, Rev. Ed., Foreign Languages Press, Beijing, China, 1999. Ch. 10, Acupuncture Points of the Governor and the Conception Vessels and the Extra Points. ISBN 978-7-119-01758-7.
[Acupoint Location, Pinyin Label, Chinese Label] WHO Standard Acupuncture Point Locations in the Western Pacific Region. World Health Organization (WHO), WHO Regional Office for the Western Pacific, 2008. Page 226. https://iris.who.int/handle/10665/353407"
http://purl.org/tara/ontology/TARA_4823591,TARA:4823591,CV 14,Meridian Acupuncture Point,"Front-Mu Point of the Heart, Conception Vessel 14, RN 14, Ren 14, VC 14",Juque,巨闕(阙),Conception Vessel,Front-Mu Point of the Heart,"On the upper abdomen, 6 B-cun superior to the centre of the umbilicus, on the anterior median line.","upper abdomen (anterior median line, umbilicus)",Puncture perpendicularly 0.3-0.8 inch. Moxibustion is applicable.,"epilepsy, nausea, vomiting, acid regurgitation, difficulty in swallowing, pain in the chest, mental disorder, pain in the cardiac region, palpitation",,,The superior epigastric artery and vein.,,,"[Acupuncture Method, Vasculature, Innervation, Indications] Chinese Acupuncture and Moxibustion. Edited by C. Xinnong, Rev. Ed., Foreign Languages Press, Beijing, China, 1999. Ch. 10, Acupuncture Points of the Governor and the Conception Vessels and the Extra Points. ISBN 978-7-119-01758-7.
[Acupoint Location, Pinyin Label, Chinese Label] WHO Standard Acupuncture Point Locations in the Western Pacific Region. World Health Organization (WHO), WHO Regional Office for the Western Pacific, 2008. Page 226. https://iris.who.int/handle/10665/353407"
http://purl.org/tara/ontology/TARA_7624267,TARA:7624267,CV 15,Meridian Acupuncture Point,"Conception Vessel 15, RN 15, Ren 15, VC 15",Jiuwei,鳩(鸠)尾,Conception Vessel,Luo-Connecting Point,"On the upper abdomen, 1 B-cun inferior to the xiphisternal junction, on the anterior median line.","upper abdomen (anterior median line, xiphisternal joint)",Puncture obliquely downward 0.4-0.6 inch. Moxibustion is applicable.,"epilepsy, nausea, pain in the chest, mental disorder, pain in the cardiac region",,,The superior epigastric artery and vein.,,,"[Acupuncture Method, Vasculature, Innervation, Indications] Chinese Acupuncture and Moxibustion. Edited by C. Xinnong, Rev. Ed., Foreign Languages Press, Beijing, China, 1999. Ch. 10, Acupuncture Points of the Governor and the Conception Vessels and the Extra Points. ISBN 978-7-119-01758-7.
[Acupoint Location, Pinyin Label, Chinese Label] WHO Standard Acupuncture Point Locations in the Western Pacific Region. World Health Organization (WHO), WHO Regional Office for the Western Pacific, 2008. Page 227. https://iris.who.int/handle/10665/353407"
http://purl.org/tara/ontology/TARA_4631343,TARA:4631343,CV 16,Meridian Acupuncture Point,"Conception Vessel 16, RN 16, Ren 16, VC 16",Zhongting,中庭,Conception Vessel,,"In the anterior thoracic region, at the midpoint of the xiphisternal junction, on the anterior median line.","anterior chest (anterior median line, xiphisternal joint)",Puncture subcutaneously 0.3-0.5 inch. Moxibustion is applicable.,"hiccup, nausea, fullness in the chest, anorexia, distension in the chest, distension in the intercostal region, fullness in the intercostal region",The medial branch of the anterior cutaneous branch of the sixth intercostal nerve.,,The anterior perforating branches of the internal mammary artery and vein.,,,"[Acupuncture Method, Vasculature, Innervation, Indications] Chinese Acupuncture and Moxibustion. Edited by C. Xinnong, Rev. Ed., Foreign Languages Press, Beijing, China, 1999. Ch. 10, Acupuncture Points of the Governor and the Conception Vessels and the Extra Points. ISBN 978-7-119-01758-7.
[Acupoint Location, Pinyin Label, Chinese Label] WHO Standard Acupuncture Point Locations in the Western Pacific Region. World Health Organization (WHO), WHO Regional Office for the Western Pacific, 2008. Page 227. https://iris.who.int/handle/10665/353407"
http://purl.org/tara/ontology/TARA_3472408,TARA:3472408,CV 17,Meridian Acupuncture Point,"Front-Mu Point of the Pericardium, Conception Vessel 17, RN 17, Ren 17, VC 17",Tanzhong,膻中,Conception Vessel,"Front-Mu Point of the Pericardium, Influential Point of Qi","In the anterior thoracic region, at the same level as the fourth intercostal space, on the anterior median line.","anterior chest (anterior median line, fourth intercostal space)",Puncture subcutaneously 0.3-0.5 inch. Moxibustion is applicable.,"hiccup, difficulty in swallowing, asthma, insufficient lactation, pain in the chest, fullness in the chest, palpitation",The anterior cutaneous branch of the fourth intercostal nerve.,,The anterior perforating branches of the internal mammary artery and vein.,,,"[Acupuncture Method, Vasculature, Innervation, Indications] Chinese Acupuncture and Moxibustion. Edited by C. Xinnong, Rev. Ed., Foreign Languages Press, Beijing, China, 1999. Ch. 10, Acupuncture Points of the Governor and the Conception Vessels and the Extra Points. ISBN 978-7-119-01758-7.
[Acupoint Location, Pinyin Label, Chinese Label] WHO Standard Acupuncture Point Locations in the Western Pacific Region. World Health Organization (WHO), WHO Regional Office for the Western Pacific, 2008. Page 228. https://iris.who.int/handle/10665/353407"
http://purl.org/tara/ontology/TARA_7813782,TARA:7813782,CV 18,Meridian Acupuncture Point,"Conception Vessel 18, RN 18, Ren 18, VC 18",Yutang,玉堂,Conception Vessel,,"In the anterior thoracic region, at the same level as the third intercostal space, on the anterior median line.","anterior chest (anterior median line, third intercostal space)",Puncture subcutaneously 0.3-0.5 inch. Moxibustion is applicable.,"vomiting, asthma, cough, pain in the chest",The anterior cutaneous branch of the third intercostal nerve.,,The anterior perforating branches of the internal mammary artery and vein.,,,"[Acupuncture Method, Vasculature, Innervation, Indications] Chinese Acupuncture and Moxibustion. Edited by C. Xinnong, Rev. Ed., Foreign Languages Press, Beijing, China, 1999. Ch. 10, Acupuncture Points of the Governor and the Conception Vessels and the Extra Points. ISBN 978-7-119-01758-7.
[Acupoint Location, Pinyin Label, Chinese Label] WHO Standard Acupuncture Point Locations in the Western Pacific Region. World Health Organization (WHO), WHO Regional Office for the Western Pacific, 2008. Page 228. https://iris.who.int/handle/10665/353407"
http://purl.org/tara/ontology/TARA_5928999,TARA:5928999,CV 19,Meridian Acupuncture Point,"Conception Vessel 19, RN 19, Ren 19, VC 19",Zigong,紫宮(宫),Conception Vessel,,"In the anterior thoracic region, at the same level as the second intercostal space, on the anterior median line.","anterior chest (anterior median line, second intercostal space)",Puncture subcutaneously 0.3-0.5 inch. Moxibustion is applicable.,"asthma, cough, pain in the chest",The anterior cutaneous branch of the second intercostal nerve.,,The anterior perforating branches of the internal mammary artery and vein.,,,"[Acupuncture Method, Vasculature, Innervation, Indications] Chinese Acupuncture and Moxibustion. Edited by C. Xinnong, Rev. Ed., Foreign Languages Press, Beijing, China, 1999. Ch. 10, Acupuncture Points of the Governor and the Conception Vessels and the Extra Points. ISBN 978-7-119-01758-7.
[Acupoint Location, Pinyin Label, Chinese Label] WHO Standard Acupuncture Point Locations in the Western Pacific Region. World Health Organization (WHO), WHO Regional Office for the Western Pacific, 2008. Page 229. https://iris.who.int/handle/10665/353407"
http://purl.org/tara/ontology/TARA_6969962,TARA:6969962,CV 2,Meridian Acupuncture Point,"Conception Vessel 2, RN 2, Ren 2, VC 2",Qugu,曲骨(骨),Conception Vessel,,"On the lower abdomen, superior to the pubic symphysis, on the anterior median line.","lower abdomen (anterior median line, pubic symphysis)",Puncture perpendicularly 0.5-1.0 inch. Great care should be taken to puncture the points from Qugu (CV 2) to Shangwan (CV 13) of this meridian in pregnant women. Moxibustion is applicable.,"enuresis, irregular menstruation, nocturnal emission, retention of urine, hernia, dysmenorrhea, impotence, morbid leukorrhea, dribbling of urine",The branch of the iliohypogastric nerve.,,The branches of the inferior epigastric artery and the obturator artery.,,,"[Acupoint Location, Pinyin Label, Chinese Label] WHO Standard Acupuncture Point Locations in the Western Pacific Region. World Health Organization (WHO), WHO Regional Office for the Western Pacific, 2008. Page 220. https://iris.who.int/handle/10665/353407
[Acupuncture Method, Vasculature, Innervation, Indications] Chinese Acupuncture and Moxibustion. Edited by C. Xinnong, Rev. Ed., Foreign Languages Press, Beijing, China, 1999. Ch. 10, Acupuncture Points of the Governor and the Conception Vessels and the Extra Points. ISBN 978-7-119-01758-7."
http://purl.org/tara/ontology/TARA_0726105,TARA:0726105,CV 20,Meridian Acupuncture Point,"Conception Vessel 20, RN 20, Ren 20, VC 20",Huagai,華(华)蓋(盖),Conception Vessel,,"In the anterior thoracic region, at the same level as the first intercostal space, on the anterior median line.","anterior chest (anterior median line, first intercostal space)",Puncture subcutaneously 0.3-0.5 inch. Moxibustion is applicable.,"asthma, cough, pain in the chest, fullness in the chest, fullness in the intercostal region, pain in the intercostal region",The anterior cutaneous branch of the first intercostal nerve.,,The anterior perforating branches of the internal mammary artery and vein.,,,"[Acupuncture Method, Vasculature, Innervation, Indications] Chinese Acupuncture and Moxibustion. Edited by C. Xinnong, Rev. Ed., Foreign Languages Press, Beijing, China, 1999. Ch. 10, Acupuncture Points of the Governor and the Conception Vessels and the Extra Points. ISBN 978-7-119-01758-7.
[Acupoint Location, Pinyin Label, Chinese Label] WHO Standard Acupuncture Point Locations in the Western Pacific Region. World Health Organization (WHO), WHO Regional Office for the Western Pacific, 2008. Page 229. https://iris.who.int/handle/10665/353407"
http://purl.org/tara/ontology/TARA_1450183,TARA:1450183,CV 21,Meridian Acupuncture Point,"Conception Vessel 21, RN 21, Ren 21, VC 21",Xuanji,璇璣(玑),Conception Vessel,,"In the anterior thoracic region, 1 B-cun inferior to the suprasternal fossa, on the anterior median line.
 - Note: CV 21 is located 1 B-cun inferior to CV 22.","anterior chest (anterior median line, suprasternal fossa)",Puncture subcutaneously 0.3-0.5 inch. Moxibustion is applicable.,"asthma, cough, pain in the chest",The anterior branch of the supraclavicular nerve and the anterior cutaneous branch of the first intercostal nerve.,,See Zhongting (CV 16).,,,"[Acupuncture Method, Vasculature, Innervation, Indications] Chinese Acupuncture and Moxibustion. Edited by C. Xinnong, Rev. Ed., Foreign Languages Press, Beijing, China, 1999. Ch. 10, Acupuncture Points of the Governor and the Conception Vessels and the Extra Points. ISBN 978-7-119-01758-7.
[Acupoint Location, Pinyin Label, Chinese Label] WHO Standard Acupuncture Point Locations in the Western Pacific Region. World Health Organization (WHO), WHO Regional Office for the Western Pacific, 2008. Page 230. https://iris.who.int/handle/10665/353407"
http://purl.org/tara/ontology/TARA_6472655,TARA:6472655,CV 22,Meridian Acupuncture Point,"Conception Vessel 22, RN 22, Ren 22, VC 22",Tiantu,天突,Conception Vessel,,"In the anterior region of the neck, in the centre of the suprasternal fossa, on the anterior median line.
 - Note: CV 22 is located in the depression midway between the medial ends of each clavicle.","neck (anterior median line, clavicle bone, suprasternal fossa)",First puncture perpendicularly 0.2 inch and then insert the needle tip downward along the posterior aspect of the sternum 0.5-1.0 inch. Moxibustion is applicable.,"hiccup, difficulty in swallowing, sore throat, asthma, cough, goiter, sudden hoarseness of the voice, dry throat",The anterior branch of the supraclavicular nerve.,,"Superficially, the jugular arch and the branch of the inferior thyroid artery; deeper, the trachea; inferiorly, at the posterior aspect of the sternum, the inominate vein at aortic arch.",,,"[Acupuncture Method, Vasculature, Innervation, Indications] Chinese Acupuncture and Moxibustion. Edited by C. Xinnong, Rev. Ed., Foreign Languages Press, Beijing, China, 1999. Ch. 10, Acupuncture Points of the Governor and the Conception Vessels and the Extra Points. ISBN 978-7-119-01758-7.
[Acupoint Location, Pinyin Label, Chinese Label] WHO Standard Acupuncture Point Locations in the Western Pacific Region. World Health Organization (WHO), WHO Regional Office for the Western Pacific, 2008. Page 230. https://iris.who.int/handle/10665/353407"
http://purl.org/tara/ontology/TARA_5804897,TARA:5804897,CV 23,Meridian Acupuncture Point,"Conception Vessel 23, RN 23, Ren 23, VC 23",Lianquan,廉泉,Conception Vessel,,"In the anterior region of the neck, superior to superior border to thyroid cartilage, in the depression superior to the hyoid bone, on the anterior median line.
 - Note: With the head slightly extended, the hyoid tubercle can be palpated between the mandible and the thyroid cartilage.","neck (mandible, anterior median line, hyoid bone, thyroid cartilage, hyoid tubercle)",Puncture obliquely 0.5-1.0 inch toward the tongue root. Moxibustion is applicable.,"difficulty in swallowing, sudden hoarseness of the voice, aphasia with stiffness of tongue by apoplexy, pain in the subglossal region, salivation with glossoplegia, swelling of the subglossal region","The branch of the cutaneous cervical nerve, the hypoglossal nerve, and the branch of the glossopharyngeal nerve.",,The anterior jugular vein.,,,"[Acupuncture Method, Vasculature, Innervation, Indications] Chinese Acupuncture and Moxibustion. Edited by C. Xinnong, Rev. Ed., Foreign Languages Press, Beijing, China, 1999. Ch. 10, Acupuncture Points of the Governor and the Conception Vessels and the Extra Points. ISBN 978-7-119-01758-7.
[Acupoint Location, Pinyin Label, Chinese Label] WHO Standard Acupuncture Point Locations in the Western Pacific Region. World Health Organization (WHO), WHO Regional Office for the Western Pacific, 2008. Page 231. https://iris.who.int/handle/10665/353407"
http://purl.org/tara/ontology/TARA_8876563,TARA:8876563,CV 24,Meridian Acupuncture Point,"Conception Vessel 24, RN 24, Ren 24, VC 24",Chengjiang,承漿(浆),Conception Vessel,,"On the face, in the depression in the centre of the mentolabial sulcus.",face (mentolabial sulcus),Puncture obliquely upward 0.2-0.3 inch. Moxibustion is applicable.,"deviation of the eye, deviation of the mouth, mental disorder, swelling of the gums, toothache, facial puffiness, salivation",The branch of the facial nerve.,,The branches of the inferior labial artery and vein.,,,"[Acupuncture Method, Vasculature, Innervation, Indications] Chinese Acupuncture and Moxibustion. Edited by C. Xinnong, Rev. Ed., Foreign Languages Press, Beijing, China, 1999. Ch. 10, Acupuncture Points of the Governor and the Conception Vessels and the Extra Points. ISBN 978-7-119-01758-7.
[Acupoint Location, Pinyin Label, Chinese Label] WHO Standard Acupuncture Point Locations in the Western Pacific Region. World Health Organization (WHO), WHO Regional Office for the Western Pacific, 2008. Page 231. https://iris.who.int/handle/10665/353407"
http://purl.org/tara/ontology/TARA_0022762,TARA:0022762,CV 3,Meridian Acupuncture Point,"Front-Mu Point of the Bladder, Conception Vessel 3, RN 3, Ren 3, VC 3",Zhongji,中極(极),Conception Vessel,Front-Mu Point of the Bladder,"On the lower abdomen, 4 B-cun inferior to the centre of the umbilicus, on the anterior median line.","lower abdomen (anterior median line, umbilicus)",Puncture perpendicularly 0.5-1.0 inch. Moxibustion is applicable.,"enuresis, irregular menstruation, nocturnal emission, retention of urine, vaginitis, hernia, prolapse of the uterus, dysmenorrhea, uterine bleeding, impotence, morbid leukorrhea, pain in the lower abdomen, frequency of urination",The branch of the iliohypogastric nerve.,,"The branches of superficial epigastric artery and vein, and the branches of inferior epigastric artery and vein.",,,"[Acupuncture Method, Vasculature, Innervation, Indications] Chinese Acupuncture and Moxibustion. Edited by C. Xinnong, Rev. Ed., Foreign Languages Press, Beijing, China, 1999. Ch. 10, Acupuncture Points of the Governor and the Conception Vessels and the Extra Points. ISBN 978-7-119-01758-7.
[Acupoint Location, Pinyin Label, Chinese Label] WHO Standard Acupuncture Point Locations in the Western Pacific Region. World Health Organization (WHO), WHO Regional Office for the Western Pacific, 2008. Page 221. https://iris.who.int/handle/10665/353407"
http://purl.org/tara/ontology/TARA_9921528,TARA:9921528,CV 4,Meridian Acupuncture Point,"Front-Mu Point of the Small Intestine, Conception Vessel 4, RN 4, Ren 4, VC 4",Guanyuan,"關(关,関)元",Conception Vessel,Front-Mu Point of the Small Intestine,"On the lower abdomen, 3 B-cun inferior to the centre of the umbilicus, on the anterior median line.","lower abdomen (anterior median line, umbilicus)",Puncture perpendicularly 0.8-1.2 inches. This is one of the important points for tonification. Moxibustion is applicable.,"prolapse of the rectum, indigestion, enuresis, irregular menstruation, nocturnal emission, retention of urine, hernia, lower abdominal pain, diarrhea, dysmenorrhea, uterine bleeding, morbid leukorrhea, postpartum hemorrhage, flaccid type of apoplexy, frequency of urination",The medial branch of the anterior cutaneous branch of the twelfth intercostal nerve.,,"The branches of superficial epigastric artery and vein, and the branches of inferior epigastric artery and vein.",,,"[Acupuncture Method, Vasculature, Innervation, Indications] Chinese Acupuncture and Moxibustion. Edited by C. Xinnong, Rev. Ed., Foreign Languages Press, Beijing, China, 1999. Ch. 10, Acupuncture Points of the Governor and the Conception Vessels and the Extra Points. ISBN 978-7-119-01758-7.
[Acupoint Location, Pinyin Label, Chinese Label] WHO Standard Acupuncture Point Locations in the Western Pacific Region. World Health Organization (WHO), WHO Regional Office for the Western Pacific, 2008. Page 221. https://iris.who.int/handle/10665/353407"
http://purl.org/tara/ontology/TARA_1205186,TARA:1205186,CV 5,Meridian Acupuncture Point,"Front-Mu Point of Triple Energizer, Conception Vessel 5, RN 5, Ren 5, VC 5",Shimen,石門(门),Conception Vessel,Front-Mu Point of Triple Energizer,"On the lower abdomen, 2 B-cun inferior to the centre of the umbilicus, on the anterior median line.","lower abdomen (anterior median line, umbilicus)",Puncture perpendicularly 0.5-1.0 inch. Moxibustion is applicable.,"amenorrhea, enuresis, hernia, abdominal pain, diarrhea, edema, uterine bleeding, anuria, morbid leukorrhea, postpartum hemorrhage",The anterior cutaneous branch of the eleventh intercostal nerve.,,"The branches of superficial epigastric artery and vein, and the branches of inferior epigastric artery and vein.",,,"[Acupuncture Method, Vasculature, Innervation, Indications] Chinese Acupuncture and Moxibustion. Edited by C. Xinnong, Rev. Ed., Foreign Languages Press, Beijing, China, 1999. Ch. 10, Acupuncture Points of the Governor and the Conception Vessels and the Extra Points. ISBN 978-7-119-01758-7.
[Acupoint Location, Pinyin Label, Chinese Label] WHO Standard Acupuncture Point Locations in the Western Pacific Region. World Health Organization (WHO), WHO Regional Office for the Western Pacific, 2008. Page 222. https://iris.who.int/handle/10665/353407"
http://purl.org/tara/ontology/TARA_8833337,TARA:8833337,CV 6,Meridian Acupuncture Point,"Conception Vessel 6, RN 6, Ren 6, VC 6",Qihai,"氣(气,気)海(海)",Conception Vessel,,"On the lower abdomen, 1.5 B-cun inferior to the centre of the umbilicus, on the anterior median line.","lower abdomen (anterior median line, umbilicus)",Puncture perpendicularly 0.8-1.2 inches. This is one of the important points for tonification. Moxibustion is applicable.,"constipation, amenorrhea, enuresis, irregular menstruation, asthma, nocturnal emission, hernia, abdominal pain, dysentery, diarrhea, edema, dysmenorrhea, uterine bleeding, impotence, morbid leukorrhea, postpartum hemorrhage, flaccid type of apoplexy",,,"The branches of superficial epigastric artery and vein, and the branches of inferior epigastric artery and vein.",,,"[Acupuncture Method, Vasculature, Innervation, Indications] Chinese Acupuncture and Moxibustion. Edited by C. Xinnong, Rev. Ed., Foreign Languages Press, Beijing, China, 1999. Ch. 10, Acupuncture Points of the Governor and the Conception Vessels and the Extra Points. ISBN 978-7-119-01758-7.
[Acupoint Location, Pinyin Label, Chinese Label] WHO Standard Acupuncture Point Locations in the Western Pacific Region. World Health Organization (WHO), WHO Regional Office for the Western Pacific, 2008. Page 222. https://iris.who.int/handle/10665/353407"
http://purl.org/tara/ontology/TARA_0411625,TARA:0411625,CV 7,Meridian Acupuncture Point,"Conception Vessel 7, RN 7, Ren 7, VC 7",Yinjiao,陰(阴)交,Conception Vessel,,"On the lower abdomen, 1 B-cun inferior to the centre of the umbilicus, on the anterior median line.","lower abdomen (anterior median line, umbilicus)",Puncture perpendicularly 0.8-1.2 inches. Moxibustion is applicable.,"abdominal distension, irregular menstruation, hernia, edema",The anterior cutaneous branch of the tenth intercostal nerve.,,,,,"[Acupuncture Method, Vasculature, Innervation, Indications] Chinese Acupuncture and Moxibustion. Edited by C. Xinnong, Rev. Ed., Foreign Languages Press, Beijing, China, 1999. Ch. 10, Acupuncture Points of the Governor and the Conception Vessels and the Extra Points. ISBN 978-7-119-01758-7.
[Acupoint Location, Pinyin Label, Chinese Label] WHO Standard Acupuncture Point Locations in the Western Pacific Region. World Health Organization (WHO), WHO Regional Office for the Western Pacific, 2008. Page 223. https://iris.who.int/handle/10665/353407"
http://purl.org/tara/ontology/TARA_9392275,TARA:9392275,CV 8,Meridian Acupuncture Point,"Conception Vessel 8, RN 8, Ren 8, VC 8",Shenque,神(神)闕(阙),Conception Vessel,,"On the upper abdomen, in the centre of the umbilicus.",upper abdomen (umbilicus),Puncture is prohibited! Moxibustion is applicable.,"prolapse of the rectum, abdominal pain, borborygmus, flaccid type of apoplexy, unchecked diarrhea",The anterior cutaneous branch of the tenth intercostal nerve.,,The inferior epigastric artery and vein.,,,"[Acupuncture Method, Vasculature, Innervation, Indications] Chinese Acupuncture and Moxibustion. Edited by C. Xinnong, Rev. Ed., Foreign Languages Press, Beijing, China, 1999. Ch. 10, Acupuncture Points of the Governor and the Conception Vessels and the Extra Points. ISBN 978-7-119-01758-7.
[Acupoint Location, Pinyin Label, Chinese Label] WHO Standard Acupuncture Point Locations in the Western Pacific Region. World Health Organization (WHO), WHO Regional Office for the Western Pacific, 2008. Page 223. https://iris.who.int/handle/10665/353407"
http://purl.org/tara/ontology/TARA_4534524,TARA:4534524,CV 9,Meridian Acupuncture Point,"Conception Vessel 9, RN 9, Ren 9, VC 9",Shuifen,水分,Conception Vessel,,"On the upper abdomen, 1 B-cun superior to the centre of the umbilicus, on the anterior median line.","upper abdomen (anterior median line, umbilicus)",Puncture perpendicularly 0.5-1.0 inch. Moxibustion is applicable.,"retention of urine, abdominal pain, borborygmus, diarrhea, edema",The anterior cutaneous branch of the eighth and ninth intercostal nerves.,,,,,"[Acupuncture Method, Vasculature, Innervation, Indications] Chinese Acupuncture and Moxibustion. Edited by C. Xinnong, Rev. Ed., Foreign Languages Press, Beijing, China, 1999. Ch. 10, Acupuncture Points of the Governor and the Conception Vessels and the Extra Points. ISBN 978-7-119-01758-7.
[Acupoint Location, Pinyin Label, Chinese Label] WHO Standard Acupuncture Point Locations in the Western Pacific Region. World Health Organization (WHO), WHO Regional Office for the Western Pacific, 2008. Page 224. https://iris.who.int/handle/10665/353407"
http://purl.org/tara/ontology/TARA_1092703,TARA:1092703,Conception Vessel Acupoint,Meridian Acupuncture Point,"Acupoint of Conception Vessel, Acupoint of Ren Channel, Acupoint of the Conception Vessel, Acupoint of the Ren channel, Acupouncture point of the Conception Vessel, Acupuncture point of the Ren channel, CV Acupoint, RN Acupoint, Ren Acupoint",,,Conception Vessel,,,,,,,,,,,"WHO Standard Acupuncture Point Locations in the Western Pacific Region. World Health Organization (WHO), WHO Regional Office for the Western Pacific, 2008. https://iris.who.int/handle/10665/353407"
http://purl.org/tara/ontology/TARA_5541141,TARA:5541141,GB 1,Meridian Acupuncture Point,"G 1, Gallbladder 1",Tongziliao,瞳子髎(髎),Gallbladder Meridian,,"On the head, in the depression, 0.5 B-cun lateral to the outer canthus of the eye.","head (eye, outer canthus)",Puncture subcutaneously 0.3-0.5 inch.,"deviation of the eye, deviation of the mouth, headache, pain in the eye, redness of the eye, lacrimation, failing of vision","The zygomaticofacial and zygomaticotemporal nerve, the temporal branch of the facial nerve.",,The zygomaticoorbital artery and vein.,,,"[Acupuncture Method, Vasculature, Innervation, Indications] Chinese Acupuncture and Moxibustion. Edited by C. Xinnong, Rev. Ed., Foreign Languages Press, Beijing, China, 1999. Ch. 9, Acupuncture Points of the Jueyin and Shaoyang Meridians. ISBN 978-7-119-01758-7.
[Acupoint Location, Pinyin Label, Chinese Label] WHO Standard Acupuncture Point Locations in the Western Pacific Region. World Health Organization (WHO), WHO Regional Office for the Western Pacific, 2008. Page 172. https://iris.who.int/handle/10665/353407"
http://purl.org/tara/ontology/TARA_2125533,TARA:2125533,GB 10,Meridian Acupuncture Point,"G 10, Gallbladder 10",Fubai,(浮)白,Gallbladder Meridian,,"On the head, posterosuperior to the mastoid process, at the junction of the upper one third and lower two thirds of the curved line from GB 9 to GB 12.
 - Note: Posterior to the auricular apex, 1 B-cun superior to the hairline.","head (ear, hairline, mastoid process of temporal bone)",Puncture subcutaneously 0.3-0.5 inch. Moxibustion is applicable.,"headache, deafness, tinnitus",,,The posterior auricular artery and vein.,,,"[Acupuncture Method, Vasculature, Innervation, Indications] Chinese Acupuncture and Moxibustion. Edited by C. Xinnong, Rev. Ed., Foreign Languages Press, Beijing, China, 1999. Ch. 9, Acupuncture Points of the Jueyin and Shaoyang Meridians. ISBN 978-7-119-01758-7.
[Acupoint Location, Pinyin Label, Chinese Label] WHO Standard Acupuncture Point Locations in the Western Pacific Region. World Health Organization (WHO), WHO Regional Office for the Western Pacific, 2008. Page 176. https://iris.who.int/handle/10665/353407"
http://purl.org/tara/ontology/TARA_5102514,TARA:5102514,GB 11,Meridian Acupuncture Point,"G 11, Gallbladder 11",Touqiaoyin,頭(头)竅(窍)陰(阴),Gallbladder Meridian,,"On the head, posterior and superior to the mastoid process, at the junction of the upper two thirds and lower one third of the curved line from GB 9 to GB 12.",head (mastoid process of temporal bone),Puncture subcutaneously 0.3-0.5 inch. Moxibustion is applicable.,"deafness, pain in the ear, pain in the neck, pain in the head, tinnitus",The anastomotic branch of the great and lesser occipital nerves.,,The branches of the posterior auricular artery and vein.,,,"[Acupuncture Method, Vasculature, Innervation, Indications] Chinese Acupuncture and Moxibustion. Edited by C. Xinnong, Rev. Ed., Foreign Languages Press, Beijing, China, 1999. Ch. 9, Acupuncture Points of the Jueyin and Shaoyang Meridians. ISBN 978-7-119-01758-7.
[Acupoint Location, Pinyin Label, Chinese Label] WHO Standard Acupuncture Point Locations in the Western Pacific Region. World Health Organization (WHO), WHO Regional Office for the Western Pacific, 2008. Page 177. https://iris.who.int/handle/10665/353407"
http://purl.org/tara/ontology/TARA_1031890,TARA:1031890,GB 12,Meridian Acupuncture Point,"G 12, Gallbladder 12",Wangu,完骨(骨),Gallbladder Meridian,,"In the anterior region of the neck, in the depression posteroinferior to the mastoid process.",neck (mastoid process of temporal bone),Puncture obliquely 0.3-0.5 inch. Moxibustion is applicable.,"deviation of the eye, deviation of the mouth, headache, insomnia, swelling of the cheek, toothache, retroauricular pain",The lesser occipital nerve.,,The posterior auricular artery and vein.,,,"[Acupuncture Method, Vasculature, Innervation, Indications] Chinese Acupuncture and Moxibustion. Edited by C. Xinnong, Rev. Ed., Foreign Languages Press, Beijing, China, 1999. Ch. 9, Acupuncture Points of the Jueyin and Shaoyang Meridians. ISBN 978-7-119-01758-7.
[Acupoint Location, Pinyin Label, Chinese Label] WHO Standard Acupuncture Point Locations in the Western Pacific Region. World Health Organization (WHO), WHO Regional Office for the Western Pacific, 2008. Page 177. https://iris.who.int/handle/10665/353407"
http://purl.org/tara/ontology/TARA_4994509,TARA:4994509,GB 13,Meridian Acupuncture Point,"G 13, Gallbladder 13",Benshen,本神(神),Gallbladder Meridian,,"On the head, 0.5 B-cun superior to the anterior hairline, 3 B-cun lateral to the anterior median line.
 - Note: GB 13 is at the junction of the medial two thirds and lateral one third of the curved line from GV 24 to ST 8.","head (anterior median line, anterior hairline)",Puncture subcutaneously 0.3-0.5 inch. Moxibustion is applicable.,"epilepsy, headache, insomnia, vertigo",The lateral branch of the frontal nerve.,,"The frontal branches of the superficial temporal artery and vein, and the lateral branches of the frontal artery and vein.",,,"[Acupuncture Method, Vasculature, Innervation, Indications] Chinese Acupuncture and Moxibustion. Edited by C. Xinnong, Rev. Ed., Foreign Languages Press, Beijing, China, 1999. Ch. 9, Acupuncture Points of the Jueyin and Shaoyang Meridians. ISBN 978-7-119-01758-7.
[Acupoint Location, Pinyin Label, Chinese Label] WHO Standard Acupuncture Point Locations in the Western Pacific Region. World Health Organization (WHO), WHO Regional Office for the Western Pacific, 2008. Page 178. https://iris.who.int/handle/10665/353407"
http://purl.org/tara/ontology/TARA_9987270,TARA:9987270,GB 14,Meridian Acupuncture Point,"G 14, Gallbladder 14",Yangbai,陽(阳)白,Gallbladder Meridian,,"On the head, 1 B-cun superior to the eyebrow, directly superior to the centre of the pupil.","head (pupil, eyebrow)",Puncture subcutaneously 0.3-0.5 inch. Moxibustion is applicable.,"pain in the eye, vertigo, eyelid twitching, lacrimation, headache in the frontal region, pain of the orbital ridge, ptosis of the eyelids",The lateral branch of the frontal nerve.,,The lateral branches of the frontal artery and vein.,,,"[Acupuncture Method, Vasculature, Innervation, Indications] Chinese Acupuncture and Moxibustion. Edited by C. Xinnong, Rev. Ed., Foreign Languages Press, Beijing, China, 1999. Ch. 9, Acupuncture Points of the Jueyin and Shaoyang Meridians. ISBN 978-7-119-01758-7.
[Acupoint Location, Pinyin Label, Chinese Label] WHO Standard Acupuncture Point Locations in the Western Pacific Region. World Health Organization (WHO), WHO Regional Office for the Western Pacific, 2008. Page 178. https://iris.who.int/handle/10665/353407"
http://purl.org/tara/ontology/TARA_6739423,TARA:6739423,GB 15,Meridian Acupuncture Point,"G 15, Gallbladder 15",Toulinqi,頭(头)臨(临)泣,Gallbladder Meridian,,"On the head, 0.5 B-cun within the anterior hairline, directly superior to the centre of the pupil.
 - Note: When looking straight ahead, GB 15 is superior to the centre of the pupil, at the midpoint of the curved line from GV 24 to ST 8.","head (pupil, anterior hairline)",Puncture subcutaneously 0.3-0.5 inch. Moxibustion is applicable.,"headache, nasal obstruction, vertigo, rhinorrhea, pain in the outer canthus, lacrimation",The anastomotic branch of the medial and lateral branches of the frontal nerve.,,The frontal artery and vein.,,,"[Acupuncture Method, Vasculature, Innervation, Indications] Chinese Acupuncture and Moxibustion. Edited by C. Xinnong, Rev. Ed., Foreign Languages Press, Beijing, China, 1999. Ch. 9, Acupuncture Points of the Jueyin and Shaoyang Meridians. ISBN 978-7-119-01758-7.
[Acupoint Location, Pinyin Label, Chinese Label] WHO Standard Acupuncture Point Locations in the Western Pacific Region. World Health Organization (WHO), WHO Regional Office for the Western Pacific, 2008. Page 179. https://iris.who.int/handle/10665/353407"
http://purl.org/tara/ontology/TARA_1336342,TARA:1336342,GB 16,Meridian Acupuncture Point,"G 16, Gallbladder 16",Muchuang,目窗(窓),Gallbladder Meridian,,"On the head, 1.5 B-cun within the anterior hairline, directly superior to the centre of the pupil.
 - Note: GB 16 is 1 B-cun superior to GB 15.","head (pupil, anterior hairline)",Puncture subcutaneously 0.3-0.5 inch. Moxibustion is applicable.,"headache, pain in the eye, redness of the eye, nasal obstruction, vertigo",The anastomotic branch of the medial and lateral branches of the frontal nerve.,,The frontal branches of the superficial temporal artery and vein.,,,"[Acupuncture Method, Vasculature, Innervation, Indications] Chinese Acupuncture and Moxibustion. Edited by C. Xinnong, Rev. Ed., Foreign Languages Press, Beijing, China, 1999. Ch. 9, Acupuncture Points of the Jueyin and Shaoyang Meridians. ISBN 978-7-119-01758-7.
[Acupoint Location, Pinyin Label, Chinese Label] WHO Standard Acupuncture Point Locations in the Western Pacific Region. World Health Organization (WHO), WHO Regional Office for the Western Pacific, 2008. Page 179. https://iris.who.int/handle/10665/353407"
http://purl.org/tara/ontology/TARA_1285513,TARA:1285513,GB 17,Meridian Acupuncture Point,"G 17, Gallbladder 17",Zhengying,"正營(营,営)",Gallbladder Meridian,,"On the head, 2.5 B-cun within the anterior hairline, directly superior to the centre of the pupil.
 - Note: GB 17 is 2 B-cun superior to GB 15.","head (pupil, anterior hairline)",Puncture subcutaneously 0.3-0‚Ä¢.5 inch. Moxibustion is applicable.,"migraine, vertigo",The anastomotic branch of the frontal and great occipital nerves.,,The anastomotic plexus formed by the parietal branches of the superficial temporal artery and vein and the occipital artery and vein.,,,"[Acupuncture Method, Vasculature, Innervation, Indications] Chinese Acupuncture and Moxibustion. Edited by C. Xinnong, Rev. Ed., Foreign Languages Press, Beijing, China, 1999. Ch. 9, Acupuncture Points of the Jueyin and Shaoyang Meridians. ISBN 978-7-119-01758-7.
[Acupoint Location, Pinyin Label, Chinese Label] WHO Standard Acupuncture Point Locations in the Western Pacific Region. World Health Organization (WHO), WHO Regional Office for the Western Pacific, 2008. Page 180. https://iris.who.int/handle/10665/353407"
http://purl.org/tara/ontology/TARA_8907823,TARA:8907823,GB 18,Meridian Acupuncture Point,"G 18, Gallbladder 18",Chengling,"承靈(灵,霊)",Gallbladder Meridian,,"On the head, 4 B-cun within the anterior hairline, directly superior to the centre of the pupil.
 - Note: GB 18 is 1.5 B-cun posterior to GB 17, at the same level as BL 7.","head (pupil, anterior hairline)",Puncture subcutaneously 0.3-0.5 inch. Moxibustion is applicable.,,The branch of the great occipital nerve.,,The branches of the occipital artery and vein.,,,"[Acupuncture Method, Vasculature, Innervation, Indications] Chinese Acupuncture and Moxibustion. Edited by C. Xinnong, Rev. Ed., Foreign Languages Press, Beijing, China, 1999. Ch. 9, Acupuncture Points of the Jueyin and Shaoyang Meridians. ISBN 978-7-119-01758-7.
[Acupoint Location, Pinyin Label, Chinese Label] WHO Standard Acupuncture Point Locations in the Western Pacific Region. World Health Organization (WHO), WHO Regional Office for the Western Pacific, 2008. Page 180. https://iris.who.int/handle/10665/353407"
http://purl.org/tara/ontology/TARA_3493245,TARA:3493245,GB 19,Meridian Acupuncture Point,"G 19, Gallbladder 19",Naokong,"腦(脑,脳)空",Gallbladder Meridian,,"On the head, at the same level as the superior border of the external occipital protuberance, directly superior to GB 20.
 - Note: GB 19 is at the same level as GV 17 and BL 9.",head (external occipital protuberance),Puncture subcutaneously 0.3-0.5 inch. Moxibustion is applicable.,"epilepsy, headache, vertigo, tinnitus, stiffness of the neck, painful eye",,,The branches of the occipital artery and vein.,,,"[Acupuncture Method, Vasculature, Innervation, Indications] Chinese Acupuncture and Moxibustion. Edited by C. Xinnong, Rev. Ed., Foreign Languages Press, Beijing, China, 1999. Ch. 9, Acupuncture Points of the Jueyin and Shaoyang Meridians. ISBN 978-7-119-01758-7.
[Acupoint Location, Pinyin Label, Chinese Label] WHO Standard Acupuncture Point Locations in the Western Pacific Region. World Health Organization (WHO), WHO Regional Office for the Western Pacific, 2008. Page 181. https://iris.who.int/handle/10665/353407"
http://purl.org/tara/ontology/TARA_2849795,TARA:2849795,GB 2,Meridian Acupuncture Point,"G 2, Gallbladder 2",Tinghui,"聽(听,聴)會(会)",Gallbladder Meridian,,"On the face, in the depression between the intertragic notch and the condylar process of the mandible.
 - Note: When the mouth is opened, GB 2 is located in the depression anterior to the intertragic notch.","face (intertragic incisure, mandible condylar process)",Puncture perpendicularly 0.5-0.7 inch. Moxibustion is applicable.,"deviation of the eye, deviation of the mouth, deafness, tinnitus, mumps, toothache, motor impairment of the temporomandibular joint",The great auricular nerve and facial nerve.,,The superficial temporal artery.,,,"[Acupuncture Method, Vasculature, Innervation, Indications] Chinese Acupuncture and Moxibustion. Edited by C. Xinnong, Rev. Ed., Foreign Languages Press, Beijing, China, 1999. Ch. 9, Acupuncture Points of the Jueyin and Shaoyang Meridians. ISBN 978-7-119-01758-7.
[Acupoint Location, Pinyin Label, Chinese Label] WHO Standard Acupuncture Point Locations in the Western Pacific Region. World Health Organization (WHO), WHO Regional Office for the Western Pacific, 2008. Page 172. https://iris.who.int/handle/10665/353407"
http://purl.org/tara/ontology/TARA_2324295,TARA:2324295,GB 20,Meridian Acupuncture Point,"G 20, Gallbladder 20",Fengchi,風(风)池,Gallbladder Meridian,,"In the anterior region of the neck, inferior to the occipital bone, in the depression between the origins of sternocleidomastoid and the trapezius muscles.
 - Note: GB 20 is at the same level as GV 16.","neck (occipital bone, sternocleidomastoid, trapezius muscle)",Puncture 0.5-0.8 inch towards the tip of the nose. Moxibustion is applicable.,"epilepsy, infantile convulsion, headache, insomnia, febrile disease, pain in the eye, redness of the eye, nasal obstruction, glaucoma, common cold, convulsion, vertigo, pain in the neck, tinnitus, blurred vision, rhinorrhea, stiffness of the neck",The branch of the lesser occipital nerve.,,The branches of the occipital artery and vein.,,,"[Acupuncture Method, Vasculature, Innervation, Indications] Chinese Acupuncture and Moxibustion. Edited by C. Xinnong, Rev. Ed., Foreign Languages Press, Beijing, China, 1999. Ch. 9, Acupuncture Points of the Jueyin and Shaoyang Meridians. ISBN 978-7-119-01758-7.
[Acupoint Location, Pinyin Label, Chinese Label] WHO Standard Acupuncture Point Locations in the Western Pacific Region. World Health Organization (WHO), WHO Regional Office for the Western Pacific, 2008. Page 181. https://iris.who.int/handle/10665/353407"
http://purl.org/tara/ontology/TARA_5389461,TARA:5389461,GB 21,Meridian Acupuncture Point,"G 21, Gallbladder 21",Jianjing,肩井,Gallbladder Meridian,,"In the posterior region of the neck, at the midpoint of the line connecting the spinous process of the seventh cervical vertebra (C7) with the lateral end of the acromion.","neck (acromion, mammalian cervical vertebra 7)",Puncture perpendicularly 0.3-0.5 inch. Moxibustion is applicable.,"apoplexy, scrofula, mastitis, insufficient lactation, pain in the shoulder, rigidity of the neck, pain in the neck, motor impairment of the arm, pain in the back, difficult labor","The posterior branch of the supraclavicular nerve, the accessory nerve.",,The transverse cervical artery and vein.,,,"[Acupuncture Method, Vasculature, Innervation, Indications] Chinese Acupuncture and Moxibustion. Edited by C. Xinnong, Rev. Ed., Foreign Languages Press, Beijing, China, 1999. Ch. 9, Acupuncture Points of the Jueyin and Shaoyang Meridians. ISBN 978-7-119-01758-7.
[Acupoint Location, Pinyin Label, Chinese Label] WHO Standard Acupuncture Point Locations in the Western Pacific Region. World Health Organization (WHO), WHO Regional Office for the Western Pacific, 2008. Page 182. https://iris.who.int/handle/10665/353407"
http://purl.org/tara/ontology/TARA_6091821,TARA:6091821,GB 22,Meridian Acupuncture Point,"G 22, Gallbladder 22",Yuanye,淵(渊)液,Gallbladder Meridian,,"In the lateral thoracic region, in the fourth intercostal space, on the midaxillary line.","lateral thoracic region (fourth intercostal space, midaxillary line)",Puncture obliquely 0.3-0.5 inch.,"pain in the hypochondriac region, pain in the arm, fullness in the chest, motor impairment of the arm, swelling of the axillary region","The lateral cutaneous branch of the fifth intercostal nerve, the branch of the long thoracic nerve.",,"The thoracoepigastric vein, the lateral thoracic artery and vein, the fifth intercostal artery and vein.",,,"[Acupuncture Method, Vasculature, Innervation, Indications] Chinese Acupuncture and Moxibustion. Edited by C. Xinnong, Rev. Ed., Foreign Languages Press, Beijing, China, 1999. Ch. 9, Acupuncture Points of the Jueyin and Shaoyang Meridians. ISBN 978-7-119-01758-7.
[Acupoint Location, Pinyin Label, Chinese Label] WHO Standard Acupuncture Point Locations in the Western Pacific Region. World Health Organization (WHO), WHO Regional Office for the Western Pacific, 2008. Page 182. https://iris.who.int/handle/10665/353407"
http://purl.org/tara/ontology/TARA_6515979,TARA:6515979,GB 23,Meridian Acupuncture Point,"G 23, Gallbladder 23",Zhejin,輒(辄)筋,Gallbladder Meridian,,"In the lateral thoracic region, in the fourth intercostal space, 1 B-cun anterior to the midaxillary line.","lateral thoracic region (fourth intercostal space, midaxillary line)",Puncture obliquely 0.3-0.5 inch. Moxibustion is applicable.,"asthma, pain in the hypochondriac region, fullness in the chest",The lateral cutaneous branch of the fifth intercostal nerve.,,"The lateral thoracic artery and vein, the fifth intercostal artery and vein.",,,"[Acupuncture Method, Vasculature, Innervation, Indications] Chinese Acupuncture and Moxibustion. Edited by C. Xinnong, Rev. Ed., Foreign Languages Press, Beijing, China, 1999. Ch. 9, Acupuncture Points of the Jueyin and Shaoyang Meridians. ISBN 978-7-119-01758-7.
[Acupoint Location, Pinyin Label, Chinese Label] WHO Standard Acupuncture Point Locations in the Western Pacific Region. World Health Organization (WHO), WHO Regional Office for the Western Pacific, 2008. Page 183. https://iris.who.int/handle/10665/353407"
http://purl.org/tara/ontology/TARA_0214009,TARA:0214009,GB 24,Meridian Acupuncture Point,"Front-Mu Point of the Gallbladder, G 24, Gallbladder 24",Riyue,日月,Gallbladder Meridian,Front-Mu Point of the Gallbladder,"In the anterior thoracic region, in the seventh intercostal space, 4 B-cun lateral to the anterior median line.
 - Note 1: GB 24 is inferior to the centre of the nipple, one rib inferior to LR 14.
 - Note 2: In females, GB 24 can be found at the intersection of the midclavicular line and the seventh intercostal space.","anterior chest (nipple, anterior median line, midclavicular line, seventh intercostal space)",Puncture obliquely 0.3-0.5 inch. Moxibustion is applicable.,"hiccup, vomiting, acid regurgitation, mastitis, jaundice, pain in the hypochondriac region",The seventh intercostal nerve.,,The seventh intercostal artery and vein.,,,"[Acupuncture Method, Vasculature, Innervation, Indications] Chinese Acupuncture and Moxibustion. Edited by C. Xinnong, Rev. Ed., Foreign Languages Press, Beijing, China, 1999. Ch. 9, Acupuncture Points of the Jueyin and Shaoyang Meridians. ISBN 978-7-119-01758-7.
[Acupoint Location, Pinyin Label, Chinese Label] WHO Standard Acupuncture Point Locations in the Western Pacific Region. World Health Organization (WHO), WHO Regional Office for the Western Pacific, 2008. Page 183. https://iris.who.int/handle/10665/353407"
http://purl.org/tara/ontology/TARA_5698325,TARA:5698325,GB 24 (Female),Meridian Acupuncture Point,Gallbladder 24 (Female),,,Gallbladder Meridian,,"In the anterior thoracic region, in the seventh intercostal space, 4 B-cun lateral to the anterior median line.
 - Note 1: GB 24 is inferior to the centre of the nipple, one rib inferior to LR 14.
 - Note 2: In females, GB 24 can be found at the intersection of the midclavicular line and the seventh intercostal space.","anterior chest (nipple, anterior median line, midclavicular line, seventh intercostal space)",Puncture obliquely 0.3-0.5 inch. Moxibustion is applicable.,"hiccup, vomiting, acid regurgitation, mastitis, jaundice, pain in the hypochondriac region",The seventh intercostal nerve.,,The seventh intercostal artery and vein.,,,"[Acupuncture Method, Vasculature, Innervation, Indications] Chinese Acupuncture and Moxibustion. Edited by C. Xinnong, Rev. Ed., Foreign Languages Press, Beijing, China, 1999. Ch. 9, Acupuncture Points of the Jueyin and Shaoyang Meridians. ISBN 978-7-119-01758-7.
[Acupoint Location, Pinyin Label, Chinese Label] WHO Standard Acupuncture Point Locations in the Western Pacific Region. World Health Organization (WHO), WHO Regional Office for the Western Pacific, 2008. Page 183. https://iris.who.int/handle/10665/353407"
http://purl.org/tara/ontology/TARA_6308255,TARA:6308255,GB 24 (Male),Meridian Acupuncture Point,Gallbladder 24 (Male),,,Gallbladder Meridian,,"In the anterior thoracic region, in the seventh intercostal space, 4 B-cun lateral to the anterior median line.
 - Note 1: GB 24 is inferior to the centre of the nipple, one rib inferior to LR 14.
 - Note 2: In females, GB 24 can be found at the intersection of the midclavicular line and the seventh intercostal space.","anterior chest (nipple, anterior median line, seventh intercostal space)",Puncture obliquely 0.3-0.5 inch. Moxibustion is applicable.,"hiccup, vomiting, acid regurgitation, mastitis, jaundice, pain in the hypochondriac region",The seventh intercostal nerve.,,The seventh intercostal artery and vein.,,,"[Acupuncture Method, Vasculature, Innervation, Indications] Chinese Acupuncture and Moxibustion. Edited by C. Xinnong, Rev. Ed., Foreign Languages Press, Beijing, China, 1999. Ch. 9, Acupuncture Points of the Jueyin and Shaoyang Meridians. ISBN 978-7-119-01758-7.
[Acupoint Location, Pinyin Label, Chinese Label] WHO Standard Acupuncture Point Locations in the Western Pacific Region. World Health Organization (WHO), WHO Regional Office for the Western Pacific, 2008. Page 183. https://iris.who.int/handle/10665/353407"
http://purl.org/tara/ontology/TARA_1882219,TARA:1882219,GB 25,Meridian Acupuncture Point,"Front-Mu Point of the Kidney, G 25, Gallbladder 25",Jingmen,京門(门),Gallbladder Meridian,Front-Mu Point of the Kidney,"On the lateral abdomen, inferior to the free extremity of the 12th rib.
 - Note: GB 25 can be located while the subject is lying on the side with the shoulder flexed. The free extremity of the 12th rib can be palpated below the inferior border of the costal arch posterior to the posterior axillary line.","abdomen (rib 12, posterior axillary line, costal arch)",Puncture perpendicularly 0.3-0.5 inch. Moxibustion is applicable.,"abdominal distension, pain in the hypochondriac region, borborygmus, diarrhea, pain in the lumbar region",The eleventh intercostal nerve.,,,,,"[Acupuncture Method, Vasculature, Innervation, Indications] Chinese Acupuncture and Moxibustion. Edited by C. Xinnong, Rev. Ed., Foreign Languages Press, Beijing, China, 1999. Ch. 9, Acupuncture Points of the Jueyin and Shaoyang Meridians. ISBN 978-7-119-01758-7.
[Acupoint Location, Pinyin Label, Chinese Label] WHO Standard Acupuncture Point Locations in the Western Pacific Region. World Health Organization (WHO), WHO Regional Office for the Western Pacific, 2008. Page 184. https://iris.who.int/handle/10665/353407"
http://purl.org/tara/ontology/TARA_8088170,TARA:8088170,GB 26,Meridian Acupuncture Point,"G 26, Gallbladder 26",Daimai,"帶(带,帯)脈(脉)",Gallbladder Meridian,,"On the lateral abdomen, inferior to the free extremity of the 11th rib, at the same level as the centre of umbilicus.
 - Note 1: GB 26 can be located by first locating the tenth rib, then searching for the free extremity of the 11th rib that is situated immediately below the inferior border of the costal arch.
 - Note 2: GB 26 is inferior to LR 13, at the same level as CV 8.","abdomen (umbilicus, rib 11, costal arch)",Puncture perpendicularly 0.5-0.8 inch. Moxibustion is applicable.,"amenorrhea, irregular menstruation, pain in the hypochondriac region, hernia, abdominal pain, leukorrhea, pain in the lumbar region",The subcostal nerve.,,The subcostal artery and vem.,,,"[Acupuncture Method, Vasculature, Innervation, Indications] Chinese Acupuncture and Moxibustion. Edited by C. Xinnong, Rev. Ed., Foreign Languages Press, Beijing, China, 1999. Ch. 9, Acupuncture Points of the Jueyin and Shaoyang Meridians. ISBN 978-7-119-01758-7.
[Acupoint Location, Pinyin Label, Chinese Label] WHO Standard Acupuncture Point Locations in the Western Pacific Region. World Health Organization (WHO), WHO Regional Office for the Western Pacific, 2008. Page 184. https://iris.who.int/handle/10665/353407"
http://purl.org/tara/ontology/TARA_8757342,TARA:8757342,GB 27,Meridian Acupuncture Point,"G 27, Gallbladder 27",Wushu,五樞(枢),Gallbladder Meridian,,"On the lower abdomen, 3 B-cun inferior to the centre of umbilicus, medial to the anterior superior iliac spine.
 - Note: GB 27 is 3 B-cun inferior to GB 26, at the same level as CV 4.","lower abdomen (umbilicus, anterior superior iliac spine)",Puncture perpendicularly 0.5-1.0 inch. Moxibustion is applicable.,"lumbar pain, constipation, hernia, lower abdominal pain, leukorrhea",The iliohypogastric nerve.,,The superficial and deep circumflex iliac arteries and veins.,,,"[Acupuncture Method, Vasculature, Innervation, Indications] Chinese Acupuncture and Moxibustion. Edited by C. Xinnong, Rev. Ed., Foreign Languages Press, Beijing, China, 1999. Ch. 9, Acupuncture Points of the Jueyin and Shaoyang Meridians. ISBN 978-7-119-01758-7.
[Acupoint Location, Pinyin Label, Chinese Label] WHO Standard Acupuncture Point Locations in the Western Pacific Region. World Health Organization (WHO), WHO Regional Office for the Western Pacific, 2008. Page 185. https://iris.who.int/handle/10665/353407"
http://purl.org/tara/ontology/TARA_4771986,TARA:4771986,GB 28,Meridian Acupuncture Point,"G 28, Gallbladder 28",Weidao,維(维)道(道),Gallbladder Meridian,,"On the lower abdomen, 0.5 B-cun medioinferior to the anterior superior iliac spine.
 - Note: GB 28 is 0.5 B-cun medioinferior to GB 27.",lower abdomen (anterior superior iliac spine),Puncture perpendicularly 0.5-1.0 inch. Moxibustion is applicable.,"hernia, lower abdominal pain, leukorrhea, prolapse of the uterus",The ilioinguinal nerve.,,The superficial and deep circumflex iliac arteries and veins.,,,"[Acupuncture Method, Vasculature, Innervation, Indications] Chinese Acupuncture and Moxibustion. Edited by C. Xinnong, Rev. Ed., Foreign Languages Press, Beijing, China, 1999. Ch. 9, Acupuncture Points of the Jueyin and Shaoyang Meridians. ISBN 978-7-119-01758-7.
[Acupoint Location, Pinyin Label, Chinese Label] WHO Standard Acupuncture Point Locations in the Western Pacific Region. World Health Organization (WHO), WHO Regional Office for the Western Pacific, 2008. Page 185. https://iris.who.int/handle/10665/353407"
http://purl.org/tara/ontology/TARA_0427594,TARA:0427594,GB 29,Meridian Acupuncture Point,"G 29, Gallbladder 29",Juliao,居髎(髎),Gallbladder Meridian,,"In the buttock region, midpoint of the line connecting the anterior superior iliac spine and the prominence of the greater trochanter.","buttock (anterior superior iliac spine, greater trochanter)",Puncture perpendicularly 0.5-1.0 inch. Moxibustion is applicable.,"paralysis, pain in the thigh, muscular atrophy of the lower limbs, numbness in the lumbar region, numbness in the thigh, pain in the lumbar region",The lateral femoral cutaneous nerve.,,"The branches of the superficial circumflex iliac artery and vein, the ascending branches of the lateral circumflex femoral artery and vein.",,,"[Acupuncture Method, Vasculature, Innervation, Indications] Chinese Acupuncture and Moxibustion. Edited by C. Xinnong, Rev. Ed., Foreign Languages Press, Beijing, China, 1999. Ch. 9, Acupuncture Points of the Jueyin and Shaoyang Meridians. ISBN 978-7-119-01758-7.
[Acupoint Location, Pinyin Label, Chinese Label] WHO Standard Acupuncture Point Locations in the Western Pacific Region. World Health Organization (WHO), WHO Regional Office for the Western Pacific, 2008. Page 186. https://iris.who.int/handle/10665/353407"
http://purl.org/tara/ontology/TARA_9191188,TARA:9191188,GB 3,Meridian Acupuncture Point,"G 3, Gallbladder 3",Shangguan,"上關(关,関)",Gallbladder Meridian,,"On the head, in the depression superior to the midpoint of the zygomatic arch.
 - Note: In the depression superior to the zygomatic arch, superior to ST 7.",head (zygomatic arch),Puncture perpendicularly 0.3-0.5 inch. Deep puncture is not advisable. Moxibustion is applicable.,"deviation of the eye, deviation of the mouth, headache, deafness, tinnitus, toothache, diplacusis",The zygomatic branch of the facial nerve and the zygomaticofacial nerve.,,The zygomaticoorbital artery and vein.,,,"[Acupuncture Method, Vasculature, Innervation, Indications] Chinese Acupuncture and Moxibustion. Edited by C. Xinnong, Rev. Ed., Foreign Languages Press, Beijing, China, 1999. Ch. 9, Acupuncture Points of the Jueyin and Shaoyang Meridians. ISBN 978-7-119-01758-7.
[Acupoint Location, Pinyin Label, Chinese Label] WHO Standard Acupuncture Point Locations in the Western Pacific Region. World Health Organization (WHO), WHO Regional Office for the Western Pacific, 2008. Page 173. https://iris.who.int/handle/10665/353407"
http://purl.org/tara/ontology/TARA_9378285,TARA:9378285,GB 30,Meridian Acupuncture Point,"G 30, Gallbladder 30",Huantiao,環(环)跳,Gallbladder Meridian,,"In the buttock region, at the junction of the lateral one third and medial two thirds of the line connecting the prominence of the greater trochanter with the sacral hiatus.
 - Note: GB 30 is easier to locate when the subject is lying on the side with the thigh flexed. Remarks: Alternative location for GB 30 - in the buttock region, at the junction of the lateral one third and medial two thirds of the distance between the prominence of the greater trochanter and the anterior superior iliac spine.","buttock (anterior superior iliac spine, greater trochanter, sacral hiatus)",Puncture perpendicularly 1.5-2.5 inches. Moxibustion is applicable.,"pain in the thigh, hemiplegia, muscular atrophy of the lower limbs, pain in the lumbar region","The inferior gluteal cutaneous nerve, the inferior gluteal nerve; deeper, the sciatic nerve.",,"Medially, the inferior gluteal artery and vein.",,,"[Acupuncture Method, Vasculature, Innervation, Indications] Chinese Acupuncture and Moxibustion. Edited by C. Xinnong, Rev. Ed., Foreign Languages Press, Beijing, China, 1999. Ch. 9, Acupuncture Points of the Jueyin and Shaoyang Meridians. ISBN 978-7-119-01758-7.
[Acupoint Location, Pinyin Label, Chinese Label] WHO Standard Acupuncture Point Locations in the Western Pacific Region. World Health Organization (WHO), WHO Regional Office for the Western Pacific, 2008. Page 186. https://iris.who.int/handle/10665/353407"
http://purl.org/tara/ontology/TARA_5264783,TARA:5264783,GB 31,Meridian Acupuncture Point,"G 31, Gallbladder 31",Fengshi,風(风)市,Gallbladder Meridian,,"On the lateral aspect of the thigh, in the depression posterior to the iliotibial band where the tip of the middle finger rests, when standing up with the arms hanging alongside the thigh.
 - Note: GB 31 is located by first finding the iliotibial band when the knee is slightly flexed and the hip is abducted against resistance.",hindlimb stylopod (iliotibial band),Puncture perpendicularly 0.7-1.2 inches. Moxibustion is applicable.,"pain in the thigh, beriberi, pain in the lumbar region, general pruritus, paralysis in the lower limbs, soreness in the lumbar region, soreness in the thigh","The lateral femoral cutaneous nerve, the muscular branch of the femoral nerve.",,The muscular branches of the lateral circumflex femoral artery and vein.,,,"[Acupuncture Method, Vasculature, Innervation, Indications] Chinese Acupuncture and Moxibustion. Edited by C. Xinnong, Rev. Ed., Foreign Languages Press, Beijing, China, 1999. Ch. 9, Acupuncture Points of the Jueyin and Shaoyang Meridians. ISBN 978-7-119-01758-7.
[Acupoint Location, Pinyin Label, Chinese Label] WHO Standard Acupuncture Point Locations in the Western Pacific Region. World Health Organization (WHO), WHO Regional Office for the Western Pacific, 2008. Page 187. https://iris.who.int/handle/10665/353407"
http://purl.org/tara/ontology/TARA_5786369,TARA:5786369,GB 32,Meridian Acupuncture Point,"G 32, Gallbladder 32",Zhongdu,中瀆(渎),Gallbladder Meridian,,"On the lateral aspect of the thigh, posterior to the iliotibial band, 7 B-cun superior to the popliteal crease.","hindlimb stylopod (popliteal crease, iliotibial band)",Puncture perpendicularly 0.7-1.0 inch. Moxibustion is applicable.,"pain in the thigh, hemiplegia, numbness of the lower limbs, pain in the knee, soreness of the knee, soreness of the thigh, weakness of the lower limbs",,,The muscular branches of the lateral circumflex femoral artery and vein.,,,"[Acupuncture Method, Vasculature, Innervation, Indications] Chinese Acupuncture and Moxibustion. Edited by C. Xinnong, Rev. Ed., Foreign Languages Press, Beijing, China, 1999. Ch. 9, Acupuncture Points of the Jueyin and Shaoyang Meridians. ISBN 978-7-119-01758-7.
[Acupoint Location, Pinyin Label, Chinese Label] WHO Standard Acupuncture Point Locations in the Western Pacific Region. World Health Organization (WHO), WHO Regional Office for the Western Pacific, 2008. Page 187. https://iris.who.int/handle/10665/353407"
http://purl.org/tara/ontology/TARA_3201959,TARA:3201959,GB 33,Meridian Acupuncture Point,"G 33, Gallbladder 33",Xiyangguan,"膝陽(阳)關(关,関)",Gallbladder Meridian,,"On the lateral aspect of the knee, in the depression between the biceps femoris tendon and the iliotibial band, posterior and proximal to the lateral epicondyle of the femur.","knee (femur, biceps femoris tendon, iliotibial band)",Puncture perpendicularly 0.5-1.0 inch.,"pain in the knee, numbness of the leg, contracture of the tendons in popliteal fossa, swelling of the knee",The terminal branch of the lateral femoral cutaneous nerve.,,The superior lateral genicular artery and vein.,,,"[Acupuncture Method, Vasculature, Innervation, Indications] Chinese Acupuncture and Moxibustion. Edited by C. Xinnong, Rev. Ed., Foreign Languages Press, Beijing, China, 1999. Ch. 9, Acupuncture Points of the Jueyin and Shaoyang Meridians. ISBN 978-7-119-01758-7.
[Acupoint Location, Pinyin Label, Chinese Label] WHO Standard Acupuncture Point Locations in the Western Pacific Region. World Health Organization (WHO), WHO Regional Office for the Western Pacific, 2008. Page 188. https://iris.who.int/handle/10665/353407"
http://purl.org/tara/ontology/TARA_8758950,TARA:8758950,GB 34,Meridian Acupuncture Point,"G 34, Gallbladder 34",Yanglingquan,陽(阳)陵泉,Gallbladder Meridian,"Influential Point of Tendons, Lower He-Sea Point of the Gallbladder, He-Sea Point","On the fibular aspect of the leg, in the depression anterior and distal to the head of the fibula.",hindlimb zeugopod (fibula),Puncture perpendicularly 0.8-1.2 inches. Moxibustion is applicable.,,Just where the common peroneal nerve bifurcates into the superficial and deep peroneal nerves.,,The inferior lateral genicular artery and vein.,,,"[Acupuncture Method, Vasculature, Innervation, Indications] Chinese Acupuncture and Moxibustion. Edited by C. Xinnong, Rev. Ed., Foreign Languages Press, Beijing, China, 1999. Ch. 9, Acupuncture Points of the Jueyin and Shaoyang Meridians. ISBN 978-7-119-01758-7.
[Acupoint Location, Pinyin Label, Chinese Label] WHO Standard Acupuncture Point Locations in the Western Pacific Region. World Health Organization (WHO), WHO Regional Office for the Western Pacific, 2008. Page 188. https://iris.who.int/handle/10665/353407"
http://purl.org/tara/ontology/TARA_6714942,TARA:6714942,GB 35,Meridian Acupuncture Point,"G 35, Gallbladder 35",Yangjiao,陽(阳)交,Gallbladder Meridian,Xi-Cleft Point of the Yang Link Vessel,"On the fibular aspect of the leg, posterior to the fibula, 7 B-cun proximal to the prominence of the lateral malleolus.
 - Note: GB 35 is located 1 B-cun distal to the midpoint of the line connecting the prominence of the lateral malleolus and the lateral end of the popliteal crease, posterior to GB 36.","hindlimb zeugopod (fibula, popliteal crease, lateral malleolus of fibula)",Puncture perpendicularly 0.5-0.8 inch. Moxibustion is applicable.,"fullness in the chest, fullness in the hypochondriac region, muscular atrophy of the leg, paralysis in the leg",The lateral sural cutaneous nerve.,,The branches of the peroneal artery and vein.,,,"[Acupuncture Method, Vasculature, Innervation, Indications] Chinese Acupuncture and Moxibustion. Edited by C. Xinnong, Rev. Ed., Foreign Languages Press, Beijing, China, 1999. Ch. 9, Acupuncture Points of the Jueyin and Shaoyang Meridians. ISBN 978-7-119-01758-7.
[Acupoint Location, Pinyin Label, Chinese Label] WHO Standard Acupuncture Point Locations in the Western Pacific Region. World Health Organization (WHO), WHO Regional Office for the Western Pacific, 2008. Page 189. https://iris.who.int/handle/10665/353407"
http://purl.org/tara/ontology/TARA_1144697,TARA:1144697,GB 36,Meridian Acupuncture Point,"G 36, Gallbladder 36",Waiqiu,外丘(邱),Gallbladder Meridian,Xi-Cleft Point,"On the fibular aspect of the leg, anterior to the fibula, 7 B-cun proximal to the prominence of the lateral malleolus.
 - Note: GB 36 is located 1 B-cun distal to the midpoint of the line connecting the prominence of the lateral malleolus and the lateral end of the popliteal crease, anterior to GB 35.","hindlimb zeugopod (fibula, popliteal crease, lateral malleolus of fibula)",Puncture perpendicularly 0.5-0.8 inch. Moxibustion is applicable.,"pain in the chest, pain in the hypochondriac region, pain in the neck, pain in the thigh, rabies",The superficial peroneal nerve.,,The branches of the anterior tibial artery and vein.,,,"[Acupuncture Method, Vasculature, Innervation, Indications] Chinese Acupuncture and Moxibustion. Edited by C. Xinnong, Rev. Ed., Foreign Languages Press, Beijing, China, 1999. Ch. 9, Acupuncture Points of the Jueyin and Shaoyang Meridians. ISBN 978-7-119-01758-7.
[Acupoint Location, Pinyin Label, Chinese Label] WHO Standard Acupuncture Point Locations in the Western Pacific Region. World Health Organization (WHO), WHO Regional Office for the Western Pacific, 2008. Page 189. https://iris.who.int/handle/10665/353407"
http://purl.org/tara/ontology/TARA_6320058,TARA:6320058,GB 37,Meridian Acupuncture Point,"G 37, Gallbladder 37",Guangming,光明,Gallbladder Meridian,Luo-Connecting Point,"On the fibular aspect of the leg, anterior to the fibula, 5 B-cun proximal to the prominence of the lateral malleolus.","hindlimb zeugopod (fibula, lateral malleolus of fibula)",Puncture perpendicularly 0.7-1.0 inch. Moxibustion is applicable.,"muscular atrophy of the lower extremities, blurred vision, motor impairment of the lower extremities, pain in the lower extremities, pain in the knee, ophthalmalgia, distending pain of the breast, night blindness",The superficial peroneal nerve.,,The branches of the anterior tibial artery and vein.,,,"[Acupuncture Method, Vasculature, Innervation, Indications] Chinese Acupuncture and Moxibustion. Edited by C. Xinnong, Rev. Ed., Foreign Languages Press, Beijing, China, 1999. Ch. 9, Acupuncture Points of the Jueyin and Shaoyang Meridians. ISBN 978-7-119-01758-7.
[Acupoint Location, Pinyin Label, Chinese Label] WHO Standard Acupuncture Point Locations in the Western Pacific Region. World Health Organization (WHO), WHO Regional Office for the Western Pacific, 2008. Page 190. https://iris.who.int/handle/10665/353407"
http://purl.org/tara/ontology/TARA_9968219,TARA:9968219,GB 38,Meridian Acupuncture Point,"G 38, Gallbladder 38",Yangfu,陽(阳)輔(辅),Gallbladder Meridian,Jing-River Point,"On the fibular aspect of the leg, anterior to the fibula, 4 B-cun proximal to the prominence of the lateral malleolus.","hindlimb zeugopod (fibula, lateral malleolus of fibula)",Puncture perpendicularly 0.5-0.7 inch. Moxibustion is applicable.,"lumbar pain, scrofula, pain in the chest, pain in the hypochondriac region, migraine, malaria, pain in the axillary region, pain in the lateral aspect of the lower extremities, pain of the outer canthus",,,The branches of the anterior tibial artery and vein.,,,"[Acupuncture Method, Vasculature, Innervation, Indications] Chinese Acupuncture and Moxibustion. Edited by C. Xinnong, Rev. Ed., Foreign Languages Press, Beijing, China, 1999. Ch. 9, Acupuncture Points of the Jueyin and Shaoyang Meridians. ISBN 978-7-119-01758-7.
[Acupoint Location, Pinyin Label, Chinese Label] WHO Standard Acupuncture Point Locations in the Western Pacific Region. World Health Organization (WHO), WHO Regional Office for the Western Pacific, 2008. Page 190. https://iris.who.int/handle/10665/353407"
http://purl.org/tara/ontology/TARA_3770332,TARA:3770332,GB 39,Meridian Acupuncture Point,"G 39, Gallbladder 39",Xuanzhong,懸(悬)鍾(钟),Gallbladder Meridian,Influential Point of the Marrow,"On the fibular aspect of the leg, anterior to the fibula, 3 B-cun proximal to the prominence of the lateral malleolus.","hindlimb zeugopod (fibula, lateral malleolus of fibula)",Puncture perpendicularly 0.3-0.5 inch. Moxibustion is applicable.,"apoplexy, abdominal distension, pain in the hypochondriac region, hemiplegia, beriberi, muscular atrophy of the lower limbs, pain of the neck, spastic pain of the leg",,,The branches of the anterior tibial artery and vein.,,,"[Acupuncture Method, Vasculature, Innervation, Indications] Chinese Acupuncture and Moxibustion. Edited by C. Xinnong, Rev. Ed., Foreign Languages Press, Beijing, China, 1999. Ch. 9, Acupuncture Points of the Jueyin and Shaoyang Meridians. ISBN 978-7-119-01758-7.
[Acupoint Location, Pinyin Label, Chinese Label] WHO Standard Acupuncture Point Locations in the Western Pacific Region. World Health Organization (WHO), WHO Regional Office for the Western Pacific, 2008. Page 191. https://iris.who.int/handle/10665/353407"
http://purl.org/tara/ontology/TARA_4352504,TARA:4352504,GB 4,Meridian Acupuncture Point,"G 4, Gallbladder 4",Hanyan,頷(颔)厭(厌),Gallbladder Meridian,,"On the head, at the junction of the upper one fourth and lower three fourths of the curved line from ST 8 to GB 7.",head,Puncture subcutaneously 0.3-0.5 inch. Moxibustion is applicable.,"epilepsy, convulsion, migraine, vertigo, tinnitus, toothache, pain in the outer canthus",The temporal branch of the auriculotemporal nerve.,,The parietal branches of the superficial temporal artery and vein.,,,"[Acupuncture Method, Vasculature, Innervation, Indications] Chinese Acupuncture and Moxibustion. Edited by C. Xinnong, Rev. Ed., Foreign Languages Press, Beijing, China, 1999. Ch. 9, Acupuncture Points of the Jueyin and Shaoyang Meridians. ISBN 978-7-119-01758-7.
[Acupoint Location, Pinyin Label, Chinese Label] WHO Standard Acupuncture Point Locations in the Western Pacific Region. World Health Organization (WHO), WHO Regional Office for the Western Pacific, 2008. Page 173. https://iris.who.int/handle/10665/353407"
http://purl.org/tara/ontology/TARA_9254368,TARA:9254368,GB 40,Meridian Acupuncture Point,"G 40, Gallbladder 40",Qiuxu,丘(坵)墟(墟),Gallbladder Meridian,Yuan-Primary Point,"On the anterolateral aspect of the ankle, in the depression lateral to the extensor digitorum longus tendon, anterior and distal to the lateral malleolus.
 - Note: GB 40 is easier to locate by finding the extensor digitorum longus tendon when the second to fifth toes are extended against resistance.","tarsal region (lateral malleolus of fibula, tendon of extensor digitorum longus)",Puncture perpendicularly 0.5-0.8 inch. Moxibustion is applicable.,"vomiting, acid regurgitation, pain in the hypochondriac region, pain in the neck, malaria, pain in the external malleolus, muscular atrophy of the lower limbs, swelling of the external malleolus, swelling in the axillary region",The branches of the intermediate dorsal cutaneous nerve and superficial peroneal nerve.,,The branch of the anterolateral malleolar artery.,,,"[Acupuncture Method, Vasculature, Innervation, Indications] Chinese Acupuncture and Moxibustion. Edited by C. Xinnong, Rev. Ed., Foreign Languages Press, Beijing, China, 1999. Ch. 9, Acupuncture Points of the Jueyin and Shaoyang Meridians. ISBN 978-7-119-01758-7.
[Acupoint Location, Pinyin Label, Chinese Label] WHO Standard Acupuncture Point Locations in the Western Pacific Region. World Health Organization (WHO), WHO Regional Office for the Western Pacific, 2008. Page 191. https://iris.who.int/handle/10665/353407"
http://purl.org/tara/ontology/TARA_3668538,TARA:3668538,GB 41,Meridian Acupuncture Point,"G 41, Gallbladder 41",Zulinqi,足臨(临)泣,Gallbladder Meridian,"Shu-Stream Point, Confluent Point","On the dorsum of the foot, distal to the junction of the bases of the fourth and fifth metatarsal bones, in the depression lateral to the fifth extensor digitorum longus tendon.","pes (metatarsal bone of digit 4, metatarsal bone of digit 5, tendon of extensor digitorum longus)",Puncture perpendicularly 0.3-0.5 inch. Moxibustion is applicable.,"headache, scrofula, irregular menstruation, pain in the hypochondriac region, vertigo, distending pain of the breast, pain in the dorsum of foot, swelling of the dorsum of foot, pain of the outer canthus, spastic pain of the foot, spastic pain of the toe",The branch of the intermediate dorsal cutaneous nerve of the foot.,,"The dorsal arterial and venous network of foot, the fourth dorsal metatarsal artery and vein.",,,"[Acupuncture Method, Vasculature, Innervation, Indications] Chinese Acupuncture and Moxibustion. Edited by C. Xinnong, Rev. Ed., Foreign Languages Press, Beijing, China, 1999. Ch. 9, Acupuncture Points of the Jueyin and Shaoyang Meridians. ISBN 978-7-119-01758-7.
[Acupoint Location, Pinyin Label, Chinese Label] WHO Standard Acupuncture Point Locations in the Western Pacific Region. World Health Organization (WHO), WHO Regional Office for the Western Pacific, 2008. Page 192. https://iris.who.int/handle/10665/353407"
http://purl.org/tara/ontology/TARA_0337120,TARA:0337120,GB 42,Meridian Acupuncture Point,"G 42, Gallbladder 42",Diwuhui,地五會(会),Gallbladder Meridian,,"On the dorsum of the foot, between the fourth and fifth metatarsal bones, in the depression proximal to the fourth metatarsophalangeal joint.","pes (metatarsophalangeal joint of pedal digit 4, metatarsal bone of digit 4, metatarsal bone of digit 5)",Puncture perpendicularly 0.3-0.5 inch.,"tinnitus, distending pain of the breast, pain in the dorsum of foot, pain of the canthus, swelling of the dorsum of foot",,,"The dorsal arterial and venous network of foot, the fourth dorsal metatarsal artery and vein.",,,"[Acupuncture Method, Vasculature, Innervation, Indications] Chinese Acupuncture and Moxibustion. Edited by C. Xinnong, Rev. Ed., Foreign Languages Press, Beijing, China, 1999. Ch. 9, Acupuncture Points of the Jueyin and Shaoyang Meridians. ISBN 978-7-119-01758-7.
[Acupoint Location, Pinyin Label, Chinese Label] WHO Standard Acupuncture Point Locations in the Western Pacific Region. World Health Organization (WHO), WHO Regional Office for the Western Pacific, 2008. Page 192. https://iris.who.int/handle/10665/353407"
http://purl.org/tara/ontology/TARA_8885103,TARA:8885103,GB 43,Meridian Acupuncture Point,"G 43, Gallbladder 43",Xiaxi,俠(侠)谿(溪),Gallbladder Meridian,Ying-Spring Point,"On the dorsum of the foot, between the fourth and fifth toes, proximal to the web margin, at the border between the red and white flesh.","pes (pedal digit 4, pedal digit 5)",Puncture perpendicularly 0.5 inch. Moxibustion is applicable.,"headache, febrile disease, pain in the hypochondriac region, deafness, dizziness, vertigo, tinnitus, swelling of the cheek, distending pain of the breast, pain of the outer canthus",The dorsal digital nerve.,,The dorsal digital artery and vein.,,,"[Acupuncture Method, Vasculature, Innervation, Indications] Chinese Acupuncture and Moxibustion. Edited by C. Xinnong, Rev. Ed., Foreign Languages Press, Beijing, China, 1999. Ch. 9, Acupuncture Points of the Jueyin and Shaoyang Meridians. ISBN 978-7-119-01758-7.
[Acupoint Location, Pinyin Label, Chinese Label] WHO Standard Acupuncture Point Locations in the Western Pacific Region. World Health Organization (WHO), WHO Regional Office for the Western Pacific, 2008. Page 193. https://iris.who.int/handle/10665/353407"
http://purl.org/tara/ontology/TARA_6845331,TARA:6845331,GB 44,Meridian Acupuncture Point,"G 44, Gallbladder 44",Zuqiaoyin,足竅(窍)陰(阴),Gallbladder Meridian,Jing-Well Point,"On the fourth toe, lateral to the distal phalanx, 0.1 f-cun proximal to the lateral corner of the toenail, at the intersection of the vertical line of the lateral side of the nail and the horizontal line of the base of the fourth toenail.","pedal digit 4 (nail of pedal digit, nail of pedal digit 4, distal phalanx)",Puncture superficially about 0.1 inch. Moxibustion is applicable.,"febrile disease, deafness, migraine, tinnitus, ophthalmalgia, dream-disturbed sleep",The dorsal digital nerve.,,The arterial and venous network formed by the dorsal digital artery and vein and plantar digital artery and vein.,,,"[Acupuncture Method, Vasculature, Innervation, Indications] Chinese Acupuncture and Moxibustion. Edited by C. Xinnong, Rev. Ed., Foreign Languages Press, Beijing, China, 1999. Ch. 9, Acupuncture Points of the Jueyin and Shaoyang Meridians. ISBN 978-7-119-01758-7.
[Acupoint Location, Pinyin Label, Chinese Label] WHO Standard Acupuncture Point Locations in the Western Pacific Region. World Health Organization (WHO), WHO Regional Office for the Western Pacific, 2008. Page 193. https://iris.who.int/handle/10665/353407"
http://purl.org/tara/ontology/TARA_3549064,TARA:3549064,GB 5,Meridian Acupuncture Point,"G 5, Gallbladder 5",Xuanlu,懸(悬)顱(颅),Gallbladder Meridian,,"On the head, at the midpoint of the curved line from ST 8 to GB 7.",head,Puncture subcutaneously 0.3-0.5 inch. Moxibustion is applicable.,"migraine, pain in the outer canthus, facial swelling",,,The parietal branches of the superficial temporal artery and vein.,,,"[Acupuncture Method, Vasculature, Innervation, Indications] Chinese Acupuncture and Moxibustion. Edited by C. Xinnong, Rev. Ed., Foreign Languages Press, Beijing, China, 1999. Ch. 9, Acupuncture Points of the Jueyin and Shaoyang Meridians. ISBN 978-7-119-01758-7.
[Acupoint Location, Pinyin Label, Chinese Label] WHO Standard Acupuncture Point Locations in the Western Pacific Region. World Health Organization (WHO), WHO Regional Office for the Western Pacific, 2008. Page 174. https://iris.who.int/handle/10665/353407"
http://purl.org/tara/ontology/TARA_0316650,TARA:0316650,GB 6,Meridian Acupuncture Point,"G 6, Gallbladder 6",Xuanli,懸(悬)釐(厘),Gallbladder Meridian,,"On the head, at the junction of the upper three fourths and lower one fourth of the curved line from ST 8 to GB 7.",head,Puncture subcutaneously 0.3-0.5 inch. Moxibustion is applicable.,"migraine, tinnitus, pain in the outer canthus, frequent sneezing",,,The parietal branches of the superficial temporal artery and vein.,,,"[Acupuncture Method, Vasculature, Innervation, Indications] Chinese Acupuncture and Moxibustion. Edited by C. Xinnong, Rev. Ed., Foreign Languages Press, Beijing, China, 1999. Ch. 9, Acupuncture Points of the Jueyin and Shaoyang Meridians. ISBN 978-7-119-01758-7.
[Acupoint Location, Pinyin Label, Chinese Label] WHO Standard Acupuncture Point Locations in the Western Pacific Region. World Health Organization (WHO), WHO Regional Office for the Western Pacific, 2008. Page 174. https://iris.who.int/handle/10665/353407"
http://purl.org/tara/ontology/TARA_0478496,TARA:0478496,GB 7,Meridian Acupuncture Point,"G 7, Gallbladder 7",Qubin,曲鬢(鬓),Gallbladder Meridian,,"On the head, at the junction of the vertical line of the posterior border of the temple hairline and the horizontal line of the apex of the auricle.","head (ear, hairline)",Puncture subcutaneously 0.3-0.5 inch. Moxibustion is applicable.,"infantile convulsion, headache, swelling of the cheek, trismus, pain in the temporal region",,,The parietal branches of the superficial temporal artery and vein.,,,"[Acupuncture Method, Vasculature, Innervation, Indications] Chinese Acupuncture and Moxibustion. Edited by C. Xinnong, Rev. Ed., Foreign Languages Press, Beijing, China, 1999. Ch. 9, Acupuncture Points of the Jueyin and Shaoyang Meridians. ISBN 978-7-119-01758-7.
[Acupoint Location, Pinyin Label, Chinese Label] WHO Standard Acupuncture Point Locations in the Western Pacific Region. World Health Organization (WHO), WHO Regional Office for the Western Pacific, 2008. Page 175. https://iris.who.int/handle/10665/353407"
http://purl.org/tara/ontology/TARA_5363236,TARA:5363236,GB 8,Meridian Acupuncture Point,"G 8, Gallbladder 8",Shuaigu,率谷,Gallbladder Meridian,,"On the head, directly superior to the auricular apex, 1.5 B-cun superior to the temporal hairline.
 - Note: Superior to TE 20, 1.5 B-cun within the hairline, it is easier to palpate the point while the subject is chewing.","head (ear, hairline)",Puncture subcutaneously 0.3-0.5 inch. Moxibustion is applicable.,"infantile convulsion, vomiting, migraine, vertigo",The anastomotic branch of the auriculotemporal nerve and great occipital nerve.,,The parietal branches of the superficial temporal artery and vein.,,,"[Acupuncture Method, Vasculature, Innervation, Indications] Chinese Acupuncture and Moxibustion. Edited by C. Xinnong, Rev. Ed., Foreign Languages Press, Beijing, China, 1999. Ch. 9, Acupuncture Points of the Jueyin and Shaoyang Meridians. ISBN 978-7-119-01758-7.
[Acupoint Location, Pinyin Label, Chinese Label] WHO Standard Acupuncture Point Locations in the Western Pacific Region. World Health Organization (WHO), WHO Regional Office for the Western Pacific, 2008. Page 175. https://iris.who.int/handle/10665/353407"
http://purl.org/tara/ontology/TARA_0307907,TARA:0307907,GB 9,Meridian Acupuncture Point,"G 9, Gallbladder 9",Tianchong,天衝(冲),Gallbladder Meridian,,"On the head, directly superior to the posterior border of the auricular root, 2 B-cun superior to the hairline.
 - Note: GB 9 is 0.5 B-cun posterior to GB 8.",head (hairline),Puncture subcutaneously 0.3-0.5 inch.,"epilepsy, headache, convulsion, pain in the gums, swelling of the gums",The branch of the great occipital nerve.,,The posterior auricular artery and vein.,,,"[Acupuncture Method, Vasculature, Innervation, Indications] Chinese Acupuncture and Moxibustion. Edited by C. Xinnong, Rev. Ed., Foreign Languages Press, Beijing, China, 1999. Ch. 9, Acupuncture Points of the Jueyin and Shaoyang Meridians. ISBN 978-7-119-01758-7.
[Acupoint Location, Pinyin Label, Chinese Label] WHO Standard Acupuncture Point Locations in the Western Pacific Region. World Health Organization (WHO), WHO Regional Office for the Western Pacific, 2008. Page 176. https://iris.who.int/handle/10665/353407"
http://purl.org/tara/ontology/TARA_3865403,TARA:3865403,GV 1,Meridian Acupuncture Point,"Du 1, Governor Vessel 1, VG 1",Changqiang,長(长)強,Governor Vessel,Luo-Connecting Point,"In the perineal region, inferior to the coccyx, midway between the tip of the coccyx and the anus.
 - Note: The subject may be in prone position or knee-chest position.","perineum (anus, coccyx)",Puncture perpendicularly 0.5-0.1 inch. Moxibustion is applicable.,"hemorrhoids, prolapse of the rectum, epilepsy, constipation, diarrhea, pain in the lower back, bloody stools","The posterior ramus of the coccygeal nerve, the hemorrhoid nerve.",,The branches of the inferior hemorrhoid artery and vein.,,,"[Acupuncture Method, Vasculature, Innervation, Indications] Chinese Acupuncture and Moxibustion. Edited by C. Xinnong, Rev. Ed., Foreign Languages Press, Beijing, China, 1999. Ch. 10, Acupuncture Points of the Governor and the Conception Vessels and the Extra Points. ISBN 978-7-119-01758-7.
[Acupoint Location, Pinyin Label, Chinese Label] WHO Standard Acupuncture Point Locations in the Western Pacific Region. World Health Organization (WHO), WHO Regional Office for the Western Pacific, 2008. Page 204. https://iris.who.int/handle/10665/353407"
http://purl.org/tara/ontology/TARA_3683574,TARA:3683574,GV 10,Meridian Acupuncture Point,"Du 10, Governor Vessel 10, VG 10",Lingtai,"靈(灵,霊)臺(台)",Governor Vessel,,"In the upper back region, in the depression inferior to the spinous process of the sixth thoracic vertebra (T6), on the posterior median line.","dorsal thoracic segment of trunk (posterior median line, thoracic vertebra 6)",Puncture obliquely upward 0.5-1.0 inch. Moxibustion is applicable.,"asthma, cough, neck rigidity, back pain, furuncle",The medial branch of the posterior ramus of the thoracic nerve.,,The posterior branch of the sixth intercostal artery.,,,"[Acupuncture Method, Vasculature, Innervation, Indications] Chinese Acupuncture and Moxibustion. Edited by C. Xinnong, Rev. Ed., Foreign Languages Press, Beijing, China, 1999. Ch. 10, Acupuncture Points of the Governor and the Conception Vessels and the Extra Points. ISBN 978-7-119-01758-7.
[Acupoint Location, Pinyin Label, Chinese Label] WHO Standard Acupuncture Point Locations in the Western Pacific Region. World Health Organization (WHO), WHO Regional Office for the Western Pacific, 2008. Page 208. https://iris.who.int/handle/10665/353407"
http://purl.org/tara/ontology/TARA_8300996,TARA:8300996,GV 11,Meridian Acupuncture Point,"Du 11, Governor Vessel 11, VG 11",Shendao,神(神)道(道),Governor Vessel,,"In the upper back region, in the depression inferior to the spinous process of the fifth thoracic vertebra (T5), on the posterior median line.","dorsal thoracic segment of trunk (posterior median line, thoracic vertebra 5)",Puncture obliquely upward 0.5-1.0 inch. Moxibustion is applicable.,"cough, pain in the back, stiffness of the back, anxiety, cardiac pain, palpitation, poor memory",The medial branch of the posterior ramus of the fifth thoracic nerve.,,The posterior branch of the' fifth intercostal artery.,,,"[Acupuncture Method, Vasculature, Innervation, Indications] Chinese Acupuncture and Moxibustion. Edited by C. Xinnong, Rev. Ed., Foreign Languages Press, Beijing, China, 1999. Ch. 10, Acupuncture Points of the Governor and the Conception Vessels and the Extra Points. ISBN 978-7-119-01758-7.
[Acupoint Location, Pinyin Label, Chinese Label] WHO Standard Acupuncture Point Locations in the Western Pacific Region. World Health Organization (WHO), WHO Regional Office for the Western Pacific, 2008. Page 209. https://iris.who.int/handle/10665/353407"
http://purl.org/tara/ontology/TARA_8607646,TARA:8607646,GV 12,Meridian Acupuncture Point,"Du 12, Governor Vessel 12, VG 12",Shenzhu,身柱,Governor Vessel,,"In the upper back region, in the depression inferior to the spinous process of the third thoracic vertebra (T3), on the posterior median line.
 - Note: The depression inferior to the spinous process of the third thoracic vertebra (T3) which is at the intersection of two imaginary lines: the posterior median line and the horizontal line of the medial end of the spine of the scapula.","dorsal thoracic segment of trunk (scapula, posterior median line, thoracic vertebra 3)",Puncture obliquely upward 0.5-1.0 inch. Moxibustion is applicable.,"epilepsy, asthma, cough, pain in the back, stiffness of the back, furuncle",The medial branch of the posterior ramus of the third thoracic nerve.,,The posterior branch of the third intercostal artery.,,,"[Acupuncture Method, Vasculature, Innervation, Indications] Chinese Acupuncture and Moxibustion. Edited by C. Xinnong, Rev. Ed., Foreign Languages Press, Beijing, China, 1999. Ch. 10, Acupuncture Points of the Governor and the Conception Vessels and the Extra Points. ISBN 978-7-119-01758-7.
[Acupoint Location, Pinyin Label, Chinese Label] WHO Standard Acupuncture Point Locations in the Western Pacific Region. World Health Organization (WHO), WHO Regional Office for the Western Pacific, 2008. Page 209. https://iris.who.int/handle/10665/353407"
http://purl.org/tara/ontology/TARA_8998025,TARA:8998025,GV 13,Meridian Acupuncture Point,"Du 13, Governor Vessel 13, VG 13",Taodao,陶道(道),Governor Vessel,,"In the upper back region, in the depression inferior to the spinous process of the first thoracic vertebra (T1), on the posterior median line.","dorsal thoracic segment of trunk (posterior median line, thoracic vertebra 1)",Puncture obliquely upward 0.5-1.0 inch. Moxibustion is applicable.,"headache, febrile disease, malaria, stiffness of the back",The medial branch of the posterior ramus of the first thoracic nerve.,,The posterior branch of the first intercostal artery.,,,"[Acupuncture Method, Vasculature, Innervation, Indications] Chinese Acupuncture and Moxibustion. Edited by C. Xinnong, Rev. Ed., Foreign Languages Press, Beijing, China, 1999. Ch. 10, Acupuncture Points of the Governor and the Conception Vessels and the Extra Points. ISBN 978-7-119-01758-7.
[Acupoint Location, Pinyin Label, Chinese Label] WHO Standard Acupuncture Point Locations in the Western Pacific Region. World Health Organization (WHO), WHO Regional Office for the Western Pacific, 2008. Page 210. https://iris.who.int/handle/10665/353407"
http://purl.org/tara/ontology/TARA_8452754,TARA:8452754,GV 14,Meridian Acupuncture Point,"Du 14, Governor Vessel 14, VG 14",Dazhui,大椎,Governor Vessel,,"In the posterior region of the neck, in the depression inferior to the spinous process of the seventh cervical vertebra (C7), on the posterior median line.
 - Note 1: When the head is in a neutral position while the subject is seated, the most prominent site on the posterior aspect of the neck is the spinous process of the seventh cervical vertebra (C7). Forward flexion of the neck may facilitate palpation of the C7 spinous process.
 - Note 2: Slight rotation of C7 can be palpated by rotating the head with the neck slightly flexed.","neck (posterior median line, mammalian cervical vertebra 7)",Puncture obliquely upward 0.5-1.0 inch. Moxibustion is applicable.,"epilepsy, febrile disease, asthma, cough, common cold, neck rigidity, malaria, neck pain, afternoon fever, back stiffness",The posterior ramus of the eighth cervical nerve and the medial branch of the posterior ramus of the first thoracic nerve.,,The branch of the transverse cervical artery.,,,"[Acupuncture Method, Vasculature, Innervation, Indications] Chinese Acupuncture and Moxibustion. Edited by C. Xinnong, Rev. Ed., Foreign Languages Press, Beijing, China, 1999. Ch. 10, Acupuncture Points of the Governor and the Conception Vessels and the Extra Points. ISBN 978-7-119-01758-7.
[Acupoint Location, Pinyin Label, Chinese Label] WHO Standard Acupuncture Point Locations in the Western Pacific Region. World Health Organization (WHO), WHO Regional Office for the Western Pacific, 2008. Page 210. https://iris.who.int/handle/10665/353407"
http://purl.org/tara/ontology/TARA_4427404,TARA:4427404,GV 15,Meridian Acupuncture Point,"Du 15, Governor Vessel 15, VG 15",Yamen,瘂(哑)門(门),Governor Vessel,,"In the posterior region of the neck, in the depression superior to the spinous process of the second cervical vertebra (C2), on the posterior median line.
 - Note: After locating GV 16, GV 15 is located 0.5 B-cun inferior to GV 16.","neck (posterior median line, vertebral bone 2)","Puncture perpendicularly 0.5-0.8 inch. Neither upward obliquely nor deep puncture is advisable. It is near the medullary bulb in the deep layer, and the depth and angle of the puncture should be paid strict attention to.","apoplexy, epilepsy, aphasia, mental disorder, deafness, neck rigidity, stiffness of the tongue, sudden hoarseness of the voice, muteness, occipital headache",The third occipital nerve.,,The branches of the occipital artery and vein.,,,"[Acupuncture Method, Vasculature, Innervation, Indications] Chinese Acupuncture and Moxibustion. Edited by C. Xinnong, Rev. Ed., Foreign Languages Press, Beijing, China, 1999. Ch. 10, Acupuncture Points of the Governor and the Conception Vessels and the Extra Points. ISBN 978-7-119-01758-7.
[Acupoint Location, Pinyin Label, Chinese Label] WHO Standard Acupuncture Point Locations in the Western Pacific Region. World Health Organization (WHO), WHO Regional Office for the Western Pacific, 2008. Page 211. https://iris.who.int/handle/10665/353407"
http://purl.org/tara/ontology/TARA_3361967,TARA:3361967,GV 16,Meridian Acupuncture Point,"Du 16, Governor Vessel 16, VG 16",Fengfu,風(风)府,Governor Vessel,,"In the posterior region of the neck, directly inferior to the external occipital protuberance, in the depression between the trapezius muscles.
 - Note: With the head slightly extended in the seated position, loosen the trapezius muscle, then move superiorly from the midpoint of the posterior hairline to the occipital bone, GV 16 will be found.","neck (trapezius muscle, external occipital protuberance)","Puncture perpendicularly 0.5-0.8 inch. Deep puncture is not advisable. Medullary bulb is in the deep layer, special attention should be paid in acupuncture.","headache, sore throat, mental disorder, neck rigidity, blurred vision, epistaxis, hemiplegia, post-apoplexy aphasia",The branches of the third cervical nerve and the great occipital nerve.,,,,,"[Acupuncture Method, Vasculature, Innervation, Indications] Chinese Acupuncture and Moxibustion. Edited by C. Xinnong, Rev. Ed., Foreign Languages Press, Beijing, China, 1999. Ch. 10, Acupuncture Points of the Governor and the Conception Vessels and the Extra Points. ISBN 978-7-119-01758-7.
[Acupoint Location, Pinyin Label, Chinese Label] WHO Standard Acupuncture Point Locations in the Western Pacific Region. World Health Organization (WHO), WHO Regional Office for the Western Pacific, 2008. Page 211. https://iris.who.int/handle/10665/353407"
http://purl.org/tara/ontology/TARA_6135195,TARA:6135195,GV 17,Meridian Acupuncture Point,"Du 17, Governor Vessel 17, VG 17",Naohu,"腦(脑,脳)戶",Governor Vessel,,"On the head, in the depression superior to the external occipital protuberance.
 - Note: GV 17 is located in the depression at the intersection of two imaginary lines: the vertical line of the posterior median line and the horizontal line of the superior border of the external occipital protuberance, at the same level as BL 9.","head (posterior median line, external occipital protuberance)",Puncture subcutaneously 0.3-0.5 inch. Moxibustion is applicable.,"epilepsy, dizziness, pain in the neck, stiffness of the neck",The branch of the great occipital nerve.,,The branches of the occipital arteries and veins of the both sides.,,,"[Acupuncture Method, Vasculature, Innervation, Indications] Chinese Acupuncture and Moxibustion. Edited by C. Xinnong, Rev. Ed., Foreign Languages Press, Beijing, China, 1999. Ch. 10, Acupuncture Points of the Governor and the Conception Vessels and the Extra Points. ISBN 978-7-119-01758-7.
[Acupoint Location, Pinyin Label, Chinese Label] WHO Standard Acupuncture Point Locations in the Western Pacific Region. World Health Organization (WHO), WHO Regional Office for the Western Pacific, 2008. Page 212. https://iris.who.int/handle/10665/353407"
http://purl.org/tara/ontology/TARA_7589061,TARA:7589061,GV 18,Meridian Acupuncture Point,"Du 18, Governor Vessel 18, VG 18",Qiangjian,強間(间),Governor Vessel,,"On the head, 4 B-cun superior to the posterior hairline, on the posterior median line.
 - Note: GV 18 is located in the depression 1.5 B-cun superior to GV 17.","head (posterior median line, posterior hairline)",Puncture subcutaneously 0.3-0.5 inch. Moxibustion is applicable.,"headache, mania, neck rigidity, blurred vision",,,The branches of the occipital arteries and veins of the both sides.,,,"[Acupuncture Method, Vasculature, Innervation, Indications] Chinese Acupuncture and Moxibustion. Edited by C. Xinnong, Rev. Ed., Foreign Languages Press, Beijing, China, 1999. Ch. 10, Acupuncture Points of the Governor and the Conception Vessels and the Extra Points. ISBN 978-7-119-01758-7.
[Acupoint Location, Pinyin Label, Chinese Label] WHO Standard Acupuncture Point Locations in the Western Pacific Region. World Health Organization (WHO), WHO Regional Office for the Western Pacific, 2008. Page 212. https://iris.who.int/handle/10665/353407"
http://purl.org/tara/ontology/TARA_5455543,TARA:5455543,GV 19,Meridian Acupuncture Point,"Du 19, Governor Vessel 19, VG 19",Houding,後(后)頂(顶),Governor Vessel,,"On the head, 5.5 B-cun superior to the posterior hairline, on the posterior median line.
 - Note: GV 19 is located 1.5 B-cun posterior to GV 20.","head (posterior median line, posterior hairline)",Puncture subcutaneously 0.3-0.5 inch. Moxibustion is applicable. .,"epilepsy, headache, mania, vertigo",,,The branches of the occipital arteries and veins of the both sides.,,,"[Acupuncture Method, Vasculature, Innervation, Indications] Chinese Acupuncture and Moxibustion. Edited by C. Xinnong, Rev. Ed., Foreign Languages Press, Beijing, China, 1999. Ch. 10, Acupuncture Points of the Governor and the Conception Vessels and the Extra Points. ISBN 978-7-119-01758-7.
[Acupoint Location, Pinyin Label, Chinese Label] WHO Standard Acupuncture Point Locations in the Western Pacific Region. World Health Organization (WHO), WHO Regional Office for the Western Pacific, 2008. Page 213. https://iris.who.int/handle/10665/353407"
http://purl.org/tara/ontology/TARA_2678362,TARA:2678362,GV 2,Meridian Acupuncture Point,"Du 2, Governor Vessel 2, VG 2",Yaoshu,腰兪(俞),Governor Vessel,,"In the sacral region, at the sacral hiatus, on the posterior median line.
 - Note: The sacral hiatus is a small depression immediately above the anal cleft.","sacral region (intergluteal cleft, posterior median line)",Puncture obliquely upward 0.5-1.0 inch. Moxibustion is applicable.,"hemorrhoids, epilepsy, muscular atrophy of the lower extremities, irregular menstruation, pain in the lower back, stiffness of the lower back",The branch of the coccygeal nerve.,,The branches of the median sacral artery and vein.,,,"[Acupuncture Method, Vasculature, Innervation, Indications] Chinese Acupuncture and Moxibustion. Edited by C. Xinnong, Rev. Ed., Foreign Languages Press, Beijing, China, 1999. Ch. 10, Acupuncture Points of the Governor and the Conception Vessels and the Extra Points. ISBN 978-7-119-01758-7.
[Acupoint Location, Pinyin Label, Chinese Label] WHO Standard Acupuncture Point Locations in the Western Pacific Region. World Health Organization (WHO), WHO Regional Office for the Western Pacific, 2008. Page 204. https://iris.who.int/handle/10665/353407"
http://purl.org/tara/ontology/TARA_3386254,TARA:3386254,GV 20,Meridian Acupuncture Point,"Du 20, Governor Vessel 20, VG 20",Baihui,百會(会),Governor Vessel,,"On the head, 5 B-cun superior to the anterior hairline, on the anterior median line.
 - Note 1: GV 20 is located in the depression 1 B-cun anterior to the midpoint of the line from the anterior hairline to the posterior hairline.
 - Note 2: When the ears are folded, GV 20 is located at the midpoint of the connecting line between the auricular apices.","head (anterior median line, anterior hairline, posterior hairline)",Puncture subcutaneously 0.3-0.5 inch. Moxibustion is applicable.,"prolapse of the rectum, coma, headache, mental disorder, nasal obstruction, vertigo, tinnitus, prolapse of the uterus, aphasia by apoplexy",The branch of the great occipital nerve.,,The anastomotic network formed by the superficial temporal arteries and veins and the occipital arteries and veins on both sides.,,,"[Acupuncture Method, Vasculature, Innervation, Indications] Chinese Acupuncture and Moxibustion. Edited by C. Xinnong, Rev. Ed., Foreign Languages Press, Beijing, China, 1999. Ch. 10, Acupuncture Points of the Governor and the Conception Vessels and the Extra Points. ISBN 978-7-119-01758-7.
[Acupoint Location, Pinyin Label, Chinese Label] WHO Standard Acupuncture Point Locations in the Western Pacific Region. World Health Organization (WHO), WHO Regional Office for the Western Pacific, 2008. Page 213. https://iris.who.int/handle/10665/353407"
http://purl.org/tara/ontology/TARA_4510130,TARA:4510130,GV 21,Meridian Acupuncture Point,"Du 21, Governor Vessel 21, VG 21",Qianding,前頂(顶),Governor Vessel,,"On the head, 3.5 B-cun superior to the anterior hairline, on the anterior median line.
 - Note: GV 21 is located at the midpoint of the line connecting GV 20 and GV 22.","head (anterior median line, anterior hairline)",Puncture subcutaneously 0.3-0.5 inch. Moxibustion is applicable.,"epilepsy, dizziness, blurred vision, rhinorrhea, vertical headache",On the communicating site of the branch of the frontal nerve with the branch of the great occipital nerve.,,The anastomotic network formed by the right and left superficial temporal arteries and veins.,,,"[Acupuncture Method, Vasculature, Innervation, Indications] Chinese Acupuncture and Moxibustion. Edited by C. Xinnong, Rev. Ed., Foreign Languages Press, Beijing, China, 1999. Ch. 10, Acupuncture Points of the Governor and the Conception Vessels and the Extra Points. ISBN 978-7-119-01758-7.
[Acupoint Location, Pinyin Label, Chinese Label] WHO Standard Acupuncture Point Locations in the Western Pacific Region. World Health Organization (WHO), WHO Regional Office for the Western Pacific, 2008. Page 214. https://iris.who.int/handle/10665/353407"
http://purl.org/tara/ontology/TARA_2168429,TARA:2168429,GV 22,Meridian Acupuncture Point,"Du 22, Governor Vessel 22, VG 22",Xinhui,顖(囟)會(会),Governor Vessel,,"On the head, 2 B-cun superior to the anterior hairline, on the anterior median line.","head (anterior median line, anterior hairline)",Puncture subcutaneously 0.3-0.5 inch. This point is prohibited in infants with metopism. Moxibustion is applicable.,"infantile convulsion, headache, blurred vision, rhinorrhea",The branch of the frontal nerve.,,The anastomotic network formed by the right and left superficial tempor-al artery and vein and the frontal artery and vein.,,,"[Acupuncture Method, Vasculature, Innervation, Indications] Chinese Acupuncture and Moxibustion. Edited by C. Xinnong, Rev. Ed., Foreign Languages Press, Beijing, China, 1999. Ch. 10, Acupuncture Points of the Governor and the Conception Vessels and the Extra Points. ISBN 978-7-119-01758-7.
[Acupoint Location, Pinyin Label, Chinese Label] WHO Standard Acupuncture Point Locations in the Western Pacific Region. World Health Organization (WHO), WHO Regional Office for the Western Pacific, 2008. Page 214. https://iris.who.int/handle/10665/353407"
http://purl.org/tara/ontology/TARA_7690229,TARA:7690229,GV 23,Meridian Acupuncture Point,"Du 23, Governor Vessel 23, VG 23",Shangxing,上星,Governor Vessel,,"On the head, 1 B-cun superior to the anterior hairline, on the anterior median line.","head (anterior median line, anterior hairline)",Puncture subcutaneously 0.3-0.5 inch or prick to cause bleeding. This point is prohibited in infants with metopism. Moxibustion is applicable.,"headache, mental disorder, rhinorrhea, epistaxis, ophthalmalgia",The branch of the frontal nerve.,,"The branches of the frontal artery and vein, and the branches of the superficial temporal artery and vein.",,,"[Acupuncture Method, Vasculature, Innervation, Indications] Chinese Acupuncture and Moxibustion. Edited by C. Xinnong, Rev. Ed., Foreign Languages Press, Beijing, China, 1999. Ch. 10, Acupuncture Points of the Governor and the Conception Vessels and the Extra Points. ISBN 978-7-119-01758-7.
[Acupoint Location, Pinyin Label, Chinese Label] WHO Standard Acupuncture Point Locations in the Western Pacific Region. World Health Organization (WHO), WHO Regional Office for the Western Pacific, 2008. Page 215. https://iris.who.int/handle/10665/353407"
http://purl.org/tara/ontology/TARA_7679931,TARA:7679931,GV 24,Meridian Acupuncture Point,"Du 24, Governor Vessel 24, VG 24",Shenting,神(神)庭,Governor Vessel,,"On the head, 0.5 B-cun superior to the anterior hairline, on the anterior median line.
 - Note: When the anterior hairline is unclear or changed, GV 24 is located 3.5 B-cun superior to the midpoint between the medial ends of the eyebrows.","head (anterior median line, anterior hairline, eyebrow)","Puncture subcutaneously 0.3-0.5 inch, or prick to cause bleeding.","epilepsy, headache, insomnia, vertigo, rhinorrhea, anxiety, palpitation",The branch of the frontal nerve.,,The branch of the frontal artery and vein.,,,"[Acupuncture Method, Vasculature, Innervation, Indications] Chinese Acupuncture and Moxibustion. Edited by C. Xinnong, Rev. Ed., Foreign Languages Press, Beijing, China, 1999. Ch. 10, Acupuncture Points of the Governor and the Conception Vessels and the Extra Points. ISBN 978-7-119-01758-7.
[Acupoint Location, Pinyin Label, Chinese Label] WHO Standard Acupuncture Point Locations in the Western Pacific Region. World Health Organization (WHO), WHO Regional Office for the Western Pacific, 2008. Page 215. https://iris.who.int/handle/10665/353407"
http://purl.org/tara/ontology/TARA_6924908,TARA:6924908,GV 25,Meridian Acupuncture Point,"Du 25, Governor Vessel 25, VG 25",Suliao,素髎(髎),Governor Vessel,,"On the face, at the tip of the nose.","face (nose, nose tip)","Puncture perpendicularly 0.2-0.3 inch, or prick to cause bleeding.","nasal obstruction, rhinorrhea, epistaxis, loss of consciousness, rosacea",The external nasal branch of the anterior ethmoidal nerve.,,The lateral nasal branches of the facial artery and vein.,,,"[Acupuncture Method, Vasculature, Innervation, Indications] Chinese Acupuncture and Moxibustion. Edited by C. Xinnong, Rev. Ed., Foreign Languages Press, Beijing, China, 1999. Ch. 10, Acupuncture Points of the Governor and the Conception Vessels and the Extra Points. ISBN 978-7-119-01758-7.
[Acupoint Location, Pinyin Label, Chinese Label] WHO Standard Acupuncture Point Locations in the Western Pacific Region. World Health Organization (WHO), WHO Regional Office for the Western Pacific, 2008. Page 216. https://iris.who.int/handle/10665/353407"
http://purl.org/tara/ontology/TARA_0829128,TARA:0829128,GV 26,Meridian Acupuncture Point,"Du 26, Governor Vessel 26, VG 26","Renzhong, Shuigou",水溝(沟),Governor Vessel,,"On the face, at the midpoint of the philtrum midline. Remarks: Alternative location for GV 26 at the junction of the upper one third and lower two thirds of the philtrum midline.",face (philtrum),Puncture obliquely upward OJ-0.5 inch.,,"The buccal branch of the facial nerve, and the branch of the intraorbital nerve.",,The superior labial artery and vein.,,,"[Acupuncture Method, Vasculature, Innervation, Indications] Chinese Acupuncture and Moxibustion. Edited by C. Xinnong, Rev. Ed., Foreign Languages Press, Beijing, China, 1999. Ch. 10, Acupuncture Points of the Governor and the Conception Vessels and the Extra Points. ISBN 978-7-119-01758-7.
[Acupoint Location, Pinyin Label, Chinese Label] WHO Standard Acupuncture Point Locations in the Western Pacific Region. World Health Organization (WHO), WHO Regional Office for the Western Pacific, 2008. Page 216. https://iris.who.int/handle/10665/353407"
http://purl.org/tara/ontology/TARA_6574583,TARA:6574583,GV 27,Meridian Acupuncture Point,"Du 27, Governor Vessel 27, VG 27",Duiduan,兌(兑)端,Governor Vessel,,"On the face, at the midpoint of the tubercle of the upper lip.",face (upper lip),Puncture obliquely upward 0.2-0.3 inch.,"mental disorder, pain in the gums, swelling of the gums, lip stiffness, lip twitching","The buccal branch of the facial nerve, and the branch of the infraorbital nerve.",,The superior labial artery and vein.,,,"[Acupuncture Method, Vasculature, Innervation, Indications] Chinese Acupuncture and Moxibustion. Edited by C. Xinnong, Rev. Ed., Foreign Languages Press, Beijing, China, 1999. Ch. 10, Acupuncture Points of the Governor and the Conception Vessels and the Extra Points. ISBN 978-7-119-01758-7.
[Acupoint Location, Pinyin Label, Chinese Label] WHO Standard Acupuncture Point Locations in the Western Pacific Region. World Health Organization (WHO), WHO Regional Office for the Western Pacific, 2008. Page 217. https://iris.who.int/handle/10665/353407"
http://purl.org/tara/ontology/TARA_8131302,TARA:8131302,GV 28,Meridian Acupuncture Point,"Du 28, Governor Vessel 28, VG 28",Yinjiao,齦(龈)交,Governor Vessel,,"On the face, at the junction of the frenulum of the upper lip with the upper gum.
 - Note: With the head extended in the seated posture and the upper lip lifted, GV 28 is located at the junction of the frenulum of the upper lip with the upper gum.","face (gingiva of upper jaw, frenulum of lip)","Puncture obliquely upward 0.1 -0.2 inch, or prick to cause bleeding.","mental disorder, pain in the gums, swelling of the gums, rhinorrhea",The branch of the superior alveolar nerve.,,The superior labial artery and vein.,,,"[Acupuncture Method, Vasculature, Innervation, Indications] Chinese Acupuncture and Moxibustion. Edited by C. Xinnong, Rev. Ed., Foreign Languages Press, Beijing, China, 1999. Ch. 10, Acupuncture Points of the Governor and the Conception Vessels and the Extra Points. ISBN 978-7-119-01758-7.
[Acupoint Location, Pinyin Label, Chinese Label] WHO Standard Acupuncture Point Locations in the Western Pacific Region. World Health Organization (WHO), WHO Regional Office for the Western Pacific, 2008. Page 217. https://iris.who.int/handle/10665/353407"
http://purl.org/tara/ontology/TARA_8807122,TARA:8807122,GV 3,Meridian Acupuncture Point,"Du 3, Governor Vessel 3, VG 3",Yaoyangguan,"腰陽(阳)關(关,関)",Governor Vessel,,"In the lumbar region, in the depression inferior to the spinous process of the fourth lumbar vertebra (L4), on the posterior median line.
 - Note: GV 3 can be located by first palpating the highest points of the iliac crests and the spinous process of the fourth lumbar vertebra (L4) can then be found at the midpoint of the highest points of both iliac crests.","lower back (iliac crest, posterior median line, lumbar vertebra 4)",Puncture perpendicularly 0.5-1.0 inch. Moxibustion is applicable.,,The medial branch of the posterior ramus of the lumbar nerve.,,The posterior branch of the lumbar artery.,,,"[Acupuncture Method, Vasculature, Innervation, Indications] Chinese Acupuncture and Moxibustion. Edited by C. Xinnong, Rev. Ed., Foreign Languages Press, Beijing, China, 1999. Ch. 10, Acupuncture Points of the Governor and the Conception Vessels and the Extra Points. ISBN 978-7-119-01758-7.
[Acupoint Location, Pinyin Label, Chinese Label] WHO Standard Acupuncture Point Locations in the Western Pacific Region. World Health Organization (WHO), WHO Regional Office for the Western Pacific, 2008. Page 205. https://iris.who.int/handle/10665/353407"
http://purl.org/tara/ontology/TARA_8557069,TARA:8557069,GV 4,Meridian Acupuncture Point,"Mingmen, Du 4, Governor Vessel 4, VG 4",Mingmen,命門(门),Governor Vessel,,"In the lumbar region, in the depression inferior to the spinous process of the second lumbar vertebra (L2), on the posterior median line.","lower back (posterior median line, lumbar vertebra 2)",Puncture perpendicularly 0.5-1.0 inch. Moxibustion is applicable.,"indigestion, irregular menstruation, nocturnal emission, diarrhea, lumbago, leukorrhea, stiffness of the back, impotence",,,The posterior branch of the lumbar artery.,,,"[Acupuncture Method, Vasculature, Innervation, Indications] Chinese Acupuncture and Moxibustion. Edited by C. Xinnong, Rev. Ed., Foreign Languages Press, Beijing, China, 1999. Ch. 10, Acupuncture Points of the Governor and the Conception Vessels and the Extra Points. ISBN 978-7-119-01758-7.
[Acupoint Location, Pinyin Label, Chinese Label] WHO Standard Acupuncture Point Locations in the Western Pacific Region. World Health Organization (WHO), WHO Regional Office for the Western Pacific, 2008. Page 205. https://iris.who.int/handle/10665/353407"
http://purl.org/tara/ontology/TARA_1697302,TARA:1697302,GV 5,Meridian Acupuncture Point,"Du 5, Governor Vessel 5, VG 5",Xuanshu,懸(悬)樞(枢),Governor Vessel,,"In the lumbar region, in the depression inferior to the spinous process of the first lumbar vertebra (L1), on the posterior median line.","lower back (posterior median line, lumbar vertebra 1)",Puncture perpendicularly 0.5-1.0 inch. Moxibustion is applicable.,"indigestion, diarrhea, pain in the lower back, stiffness of the lower back",,,The posterior branch of the lumbar artery.,,,"[Acupuncture Method, Vasculature, Innervation, Indications] Chinese Acupuncture and Moxibustion. Edited by C. Xinnong, Rev. Ed., Foreign Languages Press, Beijing, China, 1999. Ch. 10, Acupuncture Points of the Governor and the Conception Vessels and the Extra Points. ISBN 978-7-119-01758-7.
[Acupoint Location, Pinyin Label, Chinese Label] WHO Standard Acupuncture Point Locations in the Western Pacific Region. World Health Organization (WHO), WHO Regional Office for the Western Pacific, 2008. Page 206. https://iris.who.int/handle/10665/353407"
http://purl.org/tara/ontology/TARA_5902217,TARA:5902217,GV 6,Meridian Acupuncture Point,"Du 6, Governor Vessel 6, VG 6",Jizhong,脊中,Governor Vessel,,"In the upper back region, in the depression inferior to the spinous process of the 11th thoracic vertebra (T11), on the posterior median line.","dorsal thoracic segment of trunk (posterior median line, thoracic vertebra 11)",Puncture perpendicularly 0.5-1.0 inch.,"epilepsy, jaundice, diarrhea, pain in the back, stiffness of the back, pain in the epigastric region",The medial branch of the posterior ramus of the eleventh thoracic nerve.,,The posterior branch of the eleventh intercostal artery.,,,"[Acupuncture Method, Vasculature, Innervation, Indications] Chinese Acupuncture and Moxibustion. Edited by C. Xinnong, Rev. Ed., Foreign Languages Press, Beijing, China, 1999. Ch. 10, Acupuncture Points of the Governor and the Conception Vessels and the Extra Points. ISBN 978-7-119-01758-7.
[Acupoint Location, Pinyin Label, Chinese Label] WHO Standard Acupuncture Point Locations in the Western Pacific Region. World Health Organization (WHO), WHO Regional Office for the Western Pacific, 2008. Page 206. https://iris.who.int/handle/10665/353407"
http://purl.org/tara/ontology/TARA_9586774,TARA:9586774,GV 7,Meridian Acupuncture Point,"Du 7, Governor Vessel 7, VG 7",Zhongshu,中樞(枢),Governor Vessel,,"In the upper back region, in the depression inferior to the spinous process of the tenth thoracic vertebra (T10), on the posterior median line.","dorsal thoracic segment of trunk (posterior median line, thoracic vertebra 10)",Puncture perpendicularly 0.5-1.0 inch. Moxibustion is applicable.,"low back pain, stiffness of the back, pain in the epigastric region",The medial branch of the posterior ramus of the tenth thoracic nerve.,,The posterior branch of the tenth intercostal artery.,,,"[Acupuncture Method, Vasculature, Innervation, Indications] Chinese Acupuncture and Moxibustion. Edited by C. Xinnong, Rev. Ed., Foreign Languages Press, Beijing, China, 1999. Ch. 10, Acupuncture Points of the Governor and the Conception Vessels and the Extra Points. ISBN 978-7-119-01758-7.
[Acupoint Location, Pinyin Label, Chinese Label] WHO Standard Acupuncture Point Locations in the Western Pacific Region. World Health Organization (WHO), WHO Regional Office for the Western Pacific, 2008. Page 207. https://iris.who.int/handle/10665/353407"
http://purl.org/tara/ontology/TARA_8093645,TARA:8093645,GV 8,Meridian Acupuncture Point,"Du 8, Governor Vessel 8, VG 8",Jinsuo,筋縮(缩),Governor Vessel,,"In the upper back region, in the depression inferior to the spinous process of the ninth thoracic vertebra (T9), on the posterior median line.","dorsal thoracic segment of trunk (posterior median line, thoracic vertebra 9)",Puncture perpendicularly 0.5-1.0 inch. Moxibustion is applicable.,"gastric pain, epilepsy, stiffness of the back",The medial branch of the posterior ramus of the ninth thoracic nerve.,,The posterior branch of the ninth intercostal artery.,,,"[Acupuncture Method, Vasculature, Innervation, Indications] Chinese Acupuncture and Moxibustion. Edited by C. Xinnong, Rev. Ed., Foreign Languages Press, Beijing, China, 1999. Ch. 10, Acupuncture Points of the Governor and the Conception Vessels and the Extra Points. ISBN 978-7-119-01758-7.
[Acupoint Location, Pinyin Label, Chinese Label] WHO Standard Acupuncture Point Locations in the Western Pacific Region. World Health Organization (WHO), WHO Regional Office for the Western Pacific, 2008. Page 207. https://iris.who.int/handle/10665/353407"
http://purl.org/tara/ontology/TARA_8982235,TARA:8982235,GV 9,Meridian Acupuncture Point,"Du 9, Governor Vessel 9, VG 9",Zhiyang,至陽(阳),Governor Vessel,,"In the upper back region, in the depression inferior to the spinous process of the seventh thoracic vertebra (T7), on the posterior median line.
 - Note: The depression inferior to the spinous process of the seventh thoracic vertebra (T7) which is at the intersection of two imaginary lines: the posterior midline and the horizontal line of the inferior border of the inferior angle of the scapula.","dorsal thoracic segment of trunk (scapula, posterior median line, thoracic vertebra 7)",Puncture obliquely upward 0.5-1.0 inch. Moxibustion is applicable.,"asthma, cough, pain in the chest, jaundice, pain in the back, stiffness of the back",The medial branch of the posterior ramus of the seventh thoracic nerve.,,The posterior branch of the seventh intercostal artery.,,,"[Acupuncture Method, Vasculature, Innervation, Indications] Chinese Acupuncture and Moxibustion. Edited by C. Xinnong, Rev. Ed., Foreign Languages Press, Beijing, China, 1999. Ch. 10, Acupuncture Points of the Governor and the Conception Vessels and the Extra Points. ISBN 978-7-119-01758-7.
[Acupoint Location, Pinyin Label, Chinese Label] WHO Standard Acupuncture Point Locations in the Western Pacific Region. World Health Organization (WHO), WHO Regional Office for the Western Pacific, 2008. Page 208. https://iris.who.int/handle/10665/353407"
http://purl.org/tara/ontology/TARA_8364824,TARA:8364824,Governor Vessel Acupoint,Meridian Acupuncture Point,"Acupoint of Governor Vessel, Acupoint of the Du channel, Acupoint of the Governor Vessel, Acupuncture point of the Du channel, Acupuncture point of the Governor Vessel, Du Acupoint, Du Channel Acupoint, GV Acupoint",,,Governor Vessel,,,,,,,,,,,"WHO Standard Acupuncture Point Locations in the Western Pacific Region. World Health Organization (WHO), WHO Regional Office for the Western Pacific, 2008. https://iris.who.int/handle/10665/353407"
http://purl.org/tara/ontology/TARA_0420802,TARA:0420802,HT 1,Meridian Acupuncture Point,"H 1, HE 1, Heart 1",Jiquan,極(极)泉,Heart Meridian,,"In the axilla, in the centre of the axillary fossa, over the axillary artery.","axilla (axillary fossa, axillary artery)",Avoid puncturing the axillary artery. Puncture perpendicularly 0.5-1.0 inch. Moxibustion is applicable.,"scrofula, pain in the costal region, pain in the cardiac region, cold pain of the arm, cold pain of the elbow, dryness of the throat","The ulnar nerve, median nerve and medial brachial cutaneous nerve.","ulnar nerve, Medial cutaneous nerve of the arm, medial cutaneous nerve of the arm, median nerve","Laterally, the axillary artery.",axillary artery,,"[Acupuncture Method, Vasculature, Innervation, Indications] Chinese Acupuncture and Moxibustion. Edited by C. Xinnong, Rev. Ed., Foreign Languages Press, Beijing, China, 1999. Ch. 8, Acupuncture Points of the Shaoyin and Taiyang Meridians. ISBN 978-7-119-01758-7.
[Acupoint Location, Pinyin Label, Chinese Label] WHO Standard Acupuncture Point Locations in the Western Pacific Region. World Health Organization (WHO), WHO Regional Office for the Western Pacific, 2008. Page 82. https://iris.who.int/handle/10665/353407"
http://purl.org/tara/ontology/TARA_9830532,TARA:9830532,HT 2,Meridian Acupuncture Point,"H 2, HE 2, Heart 2",Qingling,"靑(青)靈(灵,霊)",Heart Meridian,,"On the medial aspect of the arm, just medial to the biceps brachii muscle, 3 B-cun superior to the cubital crease.
 - Note: With the elbow flexed and the arm abducted, HT 2 is located at the junction of the upper two thirds and lower one third of the line connecting HT 1 with HT 3.","arm (biceps brachii, cubital crease)",Puncture perpendicularly 0.3-0.5 inch. Moxibustion is applicable.,"pain in the hypochondriac region, pain in the arm, pain in the shoulder, pain in the cardiac region","The medial antebrachial cutaneous nerve, the medial brachial cutaneous nerve and the ulnar nerve.","medial cutaneous nerve of the forearm, ulnar nerve, Medial cutaneous nerve of the arm, medial cutaneous nerve of the arm","The basilic vein, the superior ulnar collateral artery.",Superior ulnar collateral artery,basilic vein,"[Acupuncture Method, Vasculature, Innervation, Indications] Chinese Acupuncture and Moxibustion. Edited by C. Xinnong, Rev. Ed., Foreign Languages Press, Beijing, China, 1999. Ch. 8, Acupuncture Points of the Shaoyin and Taiyang Meridians. ISBN 978-7-119-01758-7.
[Acupoint Location, Pinyin Label, Chinese Label] WHO Standard Acupuncture Point Locations in the Western Pacific Region. World Health Organization (WHO), WHO Regional Office for the Western Pacific, 2008. Page 82. https://iris.who.int/handle/10665/353407"
http://purl.org/tara/ontology/TARA_2385378,TARA:2385378,HT 3,Meridian Acupuncture Point,"H 3, HE 3, Heart 3",Shaohai,少海(海),Heart Meridian,He-Sea Point,"On the anteromedial aspect of the elbow, just anterior to the medial epicondyle of the humerus, at the same level as the cubital crease.
 - Note: With the elbow is flexed, HT 3 is located at the midpoint of the line connecting the medial end of the cubital crease and the medial epicondyle of the humerus.","elbow (cubital crease, entepicondyle of humerus)",Puncture perpendicularly 0.5-1.0 inch. Moxibustion is applicable.,"scrofula, pain in the hypochondriac region, numbness of the arm, numbness of the hand, cardiac pain, spasmodic pain of the arm, tremor of the hand, pain in the axilla, spasmodic pain of the hand",The medial antebrachial cutaneous nerve.,medial cutaneous nerve of the forearm,"The basilic vein, the inferior ulnar collateral artery, the ulnar recurrent artery and vein.","Superior ulnar collateral artery, Ulnar recurrent artery","Ulnar recurrent vein, basilic vein","[Acupuncture Method, Vasculature, Innervation, Indications] Chinese Acupuncture and Moxibustion. Edited by C. Xinnong, Rev. Ed., Foreign Languages Press, Beijing, China, 1999. Ch. 8, Acupuncture Points of the Shaoyin and Taiyang Meridians. ISBN 978-7-119-01758-7.
[Acupoint Location, Pinyin Label, Chinese Label] WHO Standard Acupuncture Point Locations in the Western Pacific Region. World Health Organization (WHO), WHO Regional Office for the Western Pacific, 2008. Page 83. https://iris.who.int/handle/10665/353407"
http://purl.org/tara/ontology/TARA_2718726,TARA:2718726,HT 4,Meridian Acupuncture Point,"H 4, HE 4, Heart 4",Lingdao,"靈(灵,霊)道(道)",Heart Meridian,Jing-River Point,"On the anteromedial aspect of the forearm, just radial to the flexor carpi ulnaris tendon, 1.5 B-cun proximal to the palmar wrist crease.
 - Note 1: 1.5 B-cun proximal to HT 7, at the same level as the superior border of the head of the ulna.
 - Note 2: 1.5 B-cun proximal to the radial side of the superior border of the pisiform bone.","forelimb zeugopod (ulna, pisiform, palmar wrist crease, Tendon of flexor carpi ulnaris)",Puncture perpendicularly 0.3-0.5 inch. Moxibustion is applicable.,"sudden loss of voice, cardiac pain, spasmodic pain of the arm, spasmodic pain of the elbow","The medial antebrachial cutaneous nerve; on the ulnar side, the ulnar nerve.","medial cutaneous nerve of the forearm, ulnar nerve",The ulnar artery.,ulnar artery,,"[Acupuncture Method, Vasculature, Innervation, Indications] Chinese Acupuncture and Moxibustion. Edited by C. Xinnong, Rev. Ed., Foreign Languages Press, Beijing, China, 1999. Ch. 8, Acupuncture Points of the Shaoyin and Taiyang Meridians. ISBN 978-7-119-01758-7.
[Acupoint Location, Pinyin Label, Chinese Label] WHO Standard Acupuncture Point Locations in the Western Pacific Region. World Health Organization (WHO), WHO Regional Office for the Western Pacific, 2008. Page 83. https://iris.who.int/handle/10665/353407"
http://purl.org/tara/ontology/TARA_1282828,TARA:1282828,HT 5,Meridian Acupuncture Point,"H 5, HE 5, Heart 5",Tongli,通(通)里,Heart Meridian,Luo-Connecting Point,"On the anteromedial aspect of the forearm, radial to the flexor carpi ulnaris tendon, 1 B-cun proximal to the palmar wrist crease.
 - Note 1: 1 B-cun proximal to HT 7. HT 4 is located at the level with the root of the head of the ulna, HT 5, the body of the head of the ulna and HT 6, the base of the head of the ulna.
 - Note 2: 1 B-cun proximal to the radial side of the proximal border of the pisiform bone.","forelimb zeugopod (ulna, pisiform, palmar wrist crease, Tendon of flexor carpi ulnaris)",Puncture perpendicularly 0.3-0.5 inch. Moxibustion is applicable.,"sore throat, dizziness, pain in the wrist, pain in the elbow, blurred vision, sudden loss of voice, aphasia with stiffness of the tongue, palpitation","The medial antebrachial cutaneous nerve; on the ulnar side, the ulnar nerve.","medial cutaneous nerve of the forearm, ulnar nerve",The ulnar artery.,ulnar artery,,"[Acupuncture Method, Vasculature, Innervation, Indications] Chinese Acupuncture and Moxibustion. Edited by C. Xinnong, Rev. Ed., Foreign Languages Press, Beijing, China, 1999. Ch. 8, Acupuncture Points of the Shaoyin and Taiyang Meridians. ISBN 978-7-119-01758-7.
[Acupoint Location, Pinyin Label, Chinese Label] WHO Standard Acupuncture Point Locations in the Western Pacific Region. World Health Organization (WHO), WHO Regional Office for the Western Pacific, 2008. Page 84. https://iris.who.int/handle/10665/353407"
http://purl.org/tara/ontology/TARA_6421594,TARA:6421594,HT 6,Meridian Acupuncture Point,"H 6, HE 6, Heart 6",Yinxi,陰(阴)郄,Heart Meridian,Xi-Cleft Point,"On the anteromedial aspect of the forearm, radial to the flexor carpi ulnaris tendon, 0.5 B-cun proximal to the palmar wrist crease.
 - Note 1: 0.5 B-cun proximal to HT 7, at the same level as the distal border of the head of the ulna.
 - Note 2: 0.5 B-cun proximal to the radial side of the proximal border of the pisiform bone.","forelimb zeugopod (ulna, pisiform, palmar wrist crease, Tendon of flexor carpi ulnaris)",Puncture perpendicularly 0.3-0.5 inch. Moxibustion is applicable.,"sudden loss of voice, epistaxis, cardiac pain, hemoptysis, night sweat, hysteria","The medial antebrachial cutaneous nerve; on the ulnar side, the ulnar nerve.","medial cutaneous nerve of the forearm, ulnar nerve",The ulnar artery.,ulnar artery,,"[Acupuncture Method, Vasculature, Innervation, Indications] Chinese Acupuncture and Moxibustion. Edited by C. Xinnong, Rev. Ed., Foreign Languages Press, Beijing, China, 1999. Ch. 8, Acupuncture Points of the Shaoyin and Taiyang Meridians. ISBN 978-7-119-01758-7.
[Acupoint Location, Pinyin Label, Chinese Label] WHO Standard Acupuncture Point Locations in the Western Pacific Region. World Health Organization (WHO), WHO Regional Office for the Western Pacific, 2008. Page 84. https://iris.who.int/handle/10665/353407"
http://purl.org/tara/ontology/TARA_2442762,TARA:2442762,HT 7,Meridian Acupuncture Point,"H 7, HE 7, Heart 7",Shenmen,神(神)門(门),Heart Meridian,"Yuan-Primary Point, Shu-Stream Point","On the anteromedial aspect of the wrist, radial to the flexor carpi ulnaris tendon, on the palmar wrist crease.
 - Note: In the depression radial to the proximal border of the pisiform bone, on the palmar wrist crease.","carpal region (pisiform, palmar wrist crease, Tendon of flexor carpi ulnaris)",Puncture perpendicularly 0.3-0.5 inch. Moxibustion is applicable.,"epilepsy, insomnia, pain in the hypochondriac region, mania, irritability, cardiac pain, feverish sensation in the palm, palpitation, dementia, yellowish sclera, hysteria, amnesia","The medial antebrachial cutaneous nerve; on the ulnar side, the ulnar nerve.","medial cutaneous nerve of the forearm, ulnar nerve",The ulnar artery.,ulnar artery,,"[Acupuncture Method, Vasculature, Innervation, Indications] Chinese Acupuncture and Moxibustion. Edited by C. Xinnong, Rev. Ed., Foreign Languages Press, Beijing, China, 1999. Ch. 8, Acupuncture Points of the Shaoyin and Taiyang Meridians. ISBN 978-7-119-01758-7.
[Acupoint Location, Pinyin Label, Chinese Label] WHO Standard Acupuncture Point Locations in the Western Pacific Region. World Health Organization (WHO), WHO Regional Office for the Western Pacific, 2008. Page 85. https://iris.who.int/handle/10665/353407"
http://purl.org/tara/ontology/TARA_6707910,TARA:6707910,HT 8,Meridian Acupuncture Point,"H 8, HE 8, Heart 8",Shaofu,少府,Heart Meridian,Ying-Spring Point,"On the palm of the hand, in the depression between the fourth and fifth metacarpal bones, proximal to the fifth metacarpophalangeal joint.
 - Note: Between the fourth and fifth metacarpal bones, where the tip of the little finger rests when a fist is made, at the same level as PC 8.","manus, palmar part of manus (metacarpophalangeal joint of manual digit 5, manual digit 5, metacarpal bone of digit 5, metacarpal bone of digit 4)",Puncture perpendicularly 0.3-0.5 inch. Moxibustion is applicable.,"enuresis, pain in the chest, dysuria, feverish sensation in the palm, palpitation, pruritus of the external genitalia, spasmodic pain of the little finger",The fourth common palmar digital nerve derived from the ulnar nerve.,"ulnar nerve, Fourth common palmar digital nerve",The common palmar digital artery and vein.,common palmar digital artery,common palmar digital vein,"[Acupuncture Method, Vasculature, Innervation, Indications] Chinese Acupuncture and Moxibustion. Edited by C. Xinnong, Rev. Ed., Foreign Languages Press, Beijing, China, 1999. Ch. 8, Acupuncture Points of the Shaoyin and Taiyang Meridians. ISBN 978-7-119-01758-7.
[Acupoint Location, Pinyin Label, Chinese Label] WHO Standard Acupuncture Point Locations in the Western Pacific Region. World Health Organization (WHO), WHO Regional Office for the Western Pacific, 2008. Page 85. https://iris.who.int/handle/10665/353407"
http://purl.org/tara/ontology/TARA_8651539,TARA:8651539,HT 9,Meridian Acupuncture Point,"H 9, HE 9, Heart 9",Shaochong,少衝(冲),Heart Meridian,Jing-Well Point,"On the little finger, radial to the distal phalanx, 0.1 f-cun proximal-lateral to the radial corner of the little fingernail, at the intersection of the vertical line of the radial border of the nail and horizontal line of the base of the little fingernail.","manual digit 5 (distal phalanx, nail of manual digit 5)","Puncture subcutaneously 0.1 inch, or prick with a three-edged needle to cause bleeding. Moxibustion is applicable.","febrile disease, pain in the chest, pain in the hypochondriac region, mania, loss of consciousness, cardiac pain, palpitation",The palmar digital proprial nerve derived from the ulnar nerve.,"Proper palmar digital nerve, ulnar nerve",The arterial and venous network formed by the palmar digital proprial artery and vein.,proper palmar digital artery,proper palmar digital vein,"[Acupuncture Method, Vasculature, Innervation, Indications] Chinese Acupuncture and Moxibustion. Edited by C. Xinnong, Rev. Ed., Foreign Languages Press, Beijing, China, 1999. Ch. 8, Acupuncture Points of the Shaoyin and Taiyang Meridians. ISBN 978-7-119-01758-7.
[Acupoint Location, Pinyin Label, Chinese Label] WHO Standard Acupuncture Point Locations in the Western Pacific Region. World Health Organization (WHO), WHO Regional Office for the Western Pacific, 2008. Page 86. https://iris.who.int/handle/10665/353407"
http://purl.org/tara/ontology/TARA_4512048,TARA:4512048,KI 1,Meridian Acupuncture Point,"K 1, KD 1, KID 1, Kidney 1",Yongquan,湧(涌)泉,Kidney Meridian,Jing-Well Point,"On the sole of the foot, in the deepest depression of the sole when the toes are flexed.
 - Note: When the toes are flexed, KI 1 is located approximately in the depression at the junction of the anterior one third and the posterior two thirds of the line connecting the heel with the web margin between the bases of the second and third toes.","plantar part of pes (pedal digit 2, pedal digit 3)",,"infantile convulsion, headache, loss of voice, sore throat, dizziness, blurred vision, dysuria, loss of consciousness, feverish sensation in the sole, dryness of the tongue",The second common plantar digital nerve.,,"Deeper, the plantar arterial arch.",,,"[Acupuncture Method, Vasculature, Innervation, Indications] Chinese Acupuncture and Moxibustion. Edited by C. Xinnong, Rev. Ed., Foreign Languages Press, Beijing, China, 1999. Ch. 8, Acupuncture Points of the Shaoyin and Taiyang Meridians. ISBN 978-7-119-01758-7.
[Acupoint Location, Pinyin Label, Chinese Label] WHO Standard Acupuncture Point Locations in the Western Pacific Region. World Health Organization (WHO), WHO Regional Office for the Western Pacific, 2008. Page 136. https://iris.who.int/handle/10665/353407"
http://purl.org/tara/ontology/TARA_8716769,TARA:8716769,KI 10,Meridian Acupuncture Point,"K 10, KD 10, KID 10, Kidney 10",Yingu,陰(阴)谷,Kidney Meridian,He-Sea Point,"On the posteromedial aspect of the knee, just lateral to the semitendinosus tendon, in the popliteal crease.","knee (popliteal crease, tendon of semitendinosus)",,"mental disorder, hernia, dysuria, pain in the knee, uterine bleeding, impotence, pain in the popliteal fossa",The medial femoral cutaneous nerve.,,The medial superior genicular artery and vein.,,,"[Acupuncture Method, Vasculature, Innervation, Indications] Chinese Acupuncture and Moxibustion. Edited by C. Xinnong, Rev. Ed., Foreign Languages Press, Beijing, China, 1999. Ch. 8, Acupuncture Points of the Shaoyin and Taiyang Meridians. ISBN 978-7-119-01758-7.
[Acupoint Location, Pinyin Label, Chinese Label] WHO Standard Acupuncture Point Locations in the Western Pacific Region. World Health Organization (WHO), WHO Regional Office for the Western Pacific, 2008. Page 140. https://iris.who.int/handle/10665/353407"
http://purl.org/tara/ontology/TARA_9609679,TARA:9609679,KI 11,Meridian Acupuncture Point,"K 11, KD 11, KID 11, Kidney 11",Henggu,橫骨(骨),Kidney Meridian,,"On the lower abdomen, 5 B-cun inferior to the centre of the umbilicus, 0.5 B-cun lateral to the anterior median line.","lower abdomen (anterior median line, umbilicus)",,"enuresis, nocturnal emission, dysuria, impotence, fullness of the lower abdomen, pain in the lower abdomen, pain of genitalia",The branch of the iliohypogastric nerve.,,The inferior epigastric artery and external pudendal artery.,,,"[Acupuncture Method, Vasculature, Innervation, Indications] Chinese Acupuncture and Moxibustion. Edited by C. Xinnong, Rev. Ed., Foreign Languages Press, Beijing, China, 1999. Ch. 8, Acupuncture Points of the Shaoyin and Taiyang Meridians. ISBN 978-7-119-01758-7.
[Acupoint Location, Pinyin Label, Chinese Label] WHO Standard Acupuncture Point Locations in the Western Pacific Region. World Health Organization (WHO), WHO Regional Office for the Western Pacific, 2008. Page 141. https://iris.who.int/handle/10665/353407"
http://purl.org/tara/ontology/TARA_9217640,TARA:9217640,KI 12,Meridian Acupuncture Point,"K 12, KD 12, KID 12, Kidney 12",Dahe,大赫,Kidney Meridian,,"On the lower abdomen, 4 B-cun inferior to the centre of the umbilicus, 0.5 B-cun lateral to the anterior median line.","lower abdomen (anterior median line, umbilicus)",,"nocturnal emission, pain in the external genitalia, prolapse of the uterus, impotence, morbid leukorrhea",The branches of subcostal nerve and the iliohypogastric nerve.,,The muscular branches of the inferior epigastric artery and vein.,,,"[Acupuncture Method, Vasculature, Innervation, Indications] Chinese Acupuncture and Moxibustion. Edited by C. Xinnong, Rev. Ed., Foreign Languages Press, Beijing, China, 1999. Ch. 8, Acupuncture Points of the Shaoyin and Taiyang Meridians. ISBN 978-7-119-01758-7.
[Acupoint Location, Pinyin Label, Chinese Label] WHO Standard Acupuncture Point Locations in the Western Pacific Region. World Health Organization (WHO), WHO Regional Office for the Western Pacific, 2008. Page 141. https://iris.who.int/handle/10665/353407"
http://purl.org/tara/ontology/TARA_5358142,TARA:5358142,KI 13,Meridian Acupuncture Point,"K 13, KD 13, KID 13, Kidney 13",Qixue,"氣(气,気)穴",Kidney Meridian,,"On the lower abdomen, 3 B-cun inferior to the centre of the umbilicus, 0.5 B-cun lateral to the anterior median line.","lower abdomen (anterior median line, umbilicus)",,"irregular menstruation, abdominal pain, dysuria, diarrhea, dysmenorrhea",The subcostal nerve.,,The muscular branches of the inferior epigastric artery and vein.,,,"[Acupuncture Method, Vasculature, Innervation, Indications] Chinese Acupuncture and Moxibustion. Edited by C. Xinnong, Rev. Ed., Foreign Languages Press, Beijing, China, 1999. Ch. 8, Acupuncture Points of the Shaoyin and Taiyang Meridians. ISBN 978-7-119-01758-7.
[Acupoint Location, Pinyin Label, Chinese Label] WHO Standard Acupuncture Point Locations in the Western Pacific Region. World Health Organization (WHO), WHO Regional Office for the Western Pacific, 2008. Page 142. https://iris.who.int/handle/10665/353407"
http://purl.org/tara/ontology/TARA_7443484,TARA:7443484,KI 14,Meridian Acupuncture Point,"K 14, KD 14, KID 14, Kidney 14",Siman,"四滿(满,満)",Kidney Meridian,,"On the lower abdomen, 2 B-cun inferior to the centre of the umbilicus, 0.5 B-cun lateral to the anterior median line.","lower abdomen (anterior median line, umbilicus)",,"abdominal distension, irregular menstruation, nocturnal emission, abdominal pain, diarrhea, postpartum abdominal pain, dysmenorrhea",The eleventh intercostal nerve.,,The muscular branches of the inferior epigastric artery and vein.,,,"[Acupuncture Method, Vasculature, Innervation, Indications] Chinese Acupuncture and Moxibustion. Edited by C. Xinnong, Rev. Ed., Foreign Languages Press, Beijing, China, 1999. Ch. 8, Acupuncture Points of the Shaoyin and Taiyang Meridians. ISBN 978-7-119-01758-7.
[Acupoint Location, Pinyin Label, Chinese Label] WHO Standard Acupuncture Point Locations in the Western Pacific Region. World Health Organization (WHO), WHO Regional Office for the Western Pacific, 2008. Page 142. https://iris.who.int/handle/10665/353407"
http://purl.org/tara/ontology/TARA_7875820,TARA:7875820,KI 15,Meridian Acupuncture Point,"K 15, KD 15, KID 15, Kidney 15",Zhongzhu,中注,Kidney Meridian,,"On the lower abdomen, 1 B-cun inferior to umbilicus, 0.5 B-cun lateral to the anterior median line.","lower abdomen (anterior median line, umbilicus)",,"constipation, irregular menstruation, abdominal pain",The tenth intercostal nerve.,,The muscular branches of the inferior epigastric artery and vein.,,,"[Acupuncture Method, Vasculature, Innervation, Indications] Chinese Acupuncture and Moxibustion. Edited by C. Xinnong, Rev. Ed., Foreign Languages Press, Beijing, China, 1999. Ch. 8, Acupuncture Points of the Shaoyin and Taiyang Meridians. ISBN 978-7-119-01758-7.
[Acupoint Location, Pinyin Label, Chinese Label] WHO Standard Acupuncture Point Locations in the Western Pacific Region. World Health Organization (WHO), WHO Regional Office for the Western Pacific, 2008. Page 143. https://iris.who.int/handle/10665/353407"
http://purl.org/tara/ontology/TARA_4514038,TARA:4514038,KI 16,Meridian Acupuncture Point,"K 16, KD 16, KID 16, Kidney 16",Huangshu,肓兪(俞),Kidney Meridian,,"On the upper abdomen, 0.5 B-cun lateral to the centre of the umbilicus.",upper abdomen (umbilicus),,"constipation, vomiting, abdominal distension, abdominal pain, diarrhea",The tenth intercostal nerve.,,,,,"[Acupuncture Method, Vasculature, Innervation, Indications] Chinese Acupuncture and Moxibustion. Edited by C. Xinnong, Rev. Ed., Foreign Languages Press, Beijing, China, 1999. Ch. 8, Acupuncture Points of the Shaoyin and Taiyang Meridians. ISBN 978-7-119-01758-7.
[Acupoint Location, Pinyin Label, Chinese Label] WHO Standard Acupuncture Point Locations in the Western Pacific Region. World Health Organization (WHO), WHO Regional Office for the Western Pacific, 2008. Page 143. https://iris.who.int/handle/10665/353407"
http://purl.org/tara/ontology/TARA_5318555,TARA:5318555,KI 17,Meridian Acupuncture Point,"K 17, KD 17, KID 17, Kidney 17",Shangqu,商曲,Kidney Meridian,,"On the upper abdomen, 2 B-cun superior to the centre of the umbilicus, 0.5 B-cun lateral to the anterior median line.","upper abdomen (anterior median line, umbilicus)",,"constipation, abdominal pain, diarrhea",The ninth intercostal nerve.,,The branches of the superior and inferior epigastric arteries and vems.,,,"[Acupuncture Method, Vasculature, Innervation, Indications] Chinese Acupuncture and Moxibustion. Edited by C. Xinnong, Rev. Ed., Foreign Languages Press, Beijing, China, 1999. Ch. 8, Acupuncture Points of the Shaoyin and Taiyang Meridians. ISBN 978-7-119-01758-7.
[Acupoint Location, Pinyin Label, Chinese Label] WHO Standard Acupuncture Point Locations in the Western Pacific Region. World Health Organization (WHO), WHO Regional Office for the Western Pacific, 2008. Page 144. https://iris.who.int/handle/10665/353407"
http://purl.org/tara/ontology/TARA_1297236,TARA:1297236,KI 18,Meridian Acupuncture Point,"K 18, KD 18, KID 18, Kidney 18",Shiguan,"石關(关,関)",Kidney Meridian,,"On the upper abdomen, 3 B-cun superior to the centre of the umbilicus, 0.5 B-cun lateral to the anterior median line.","upper abdomen (anterior median line, umbilicus)",,"constipation, vomiting, sterility, abdominal pain, postpartum abdominal pain",The eighth intercostal nerve.,,The branches of the superior epigastric artery and vein.,,,"[Acupuncture Method, Vasculature, Innervation, Indications] Chinese Acupuncture and Moxibustion. Edited by C. Xinnong, Rev. Ed., Foreign Languages Press, Beijing, China, 1999. Ch. 8, Acupuncture Points of the Shaoyin and Taiyang Meridians. ISBN 978-7-119-01758-7.
[Acupoint Location, Pinyin Label, Chinese Label] WHO Standard Acupuncture Point Locations in the Western Pacific Region. World Health Organization (WHO), WHO Regional Office for the Western Pacific, 2008. Page 144. https://iris.who.int/handle/10665/353407"
http://purl.org/tara/ontology/TARA_5435505,TARA:5435505,KI 19,Meridian Acupuncture Point,"K 19, KD 19, KID 19, Kidney 19",Yindu,陰(阴)都(都),Kidney Meridian,,"On the upper abdomen, 4 B-cun superior to the centre of the umbilicus, 0.5 B-cun lateral to the anterior median line.","upper abdomen (anterior median line, umbilicus)",,"constipation, vomiting, abdominal pain, borborygmus, epigastric pain",,,The branches of the superior epigastric artery and vein.,,,"[Acupuncture Method, Vasculature, Innervation, Indications] Chinese Acupuncture and Moxibustion. Edited by C. Xinnong, Rev. Ed., Foreign Languages Press, Beijing, China, 1999. Ch. 8, Acupuncture Points of the Shaoyin and Taiyang Meridians. ISBN 978-7-119-01758-7.
[Acupoint Location, Pinyin Label, Chinese Label] WHO Standard Acupuncture Point Locations in the Western Pacific Region. World Health Organization (WHO), WHO Regional Office for the Western Pacific, 2008. Page 145. https://iris.who.int/handle/10665/353407"
http://purl.org/tara/ontology/TARA_3114756,TARA:3114756,KI 2,Meridian Acupuncture Point,"K 2, KD 2, KID 2, Kidney 2",Rangu,然谷,Kidney Meridian,Ying-Spring Point,"On the medial aspect of the foot, inferior to the tuberosity of the navicular bone, at the border between the red and white flesh.",pes (equine distal sesamoid),,"irregular menstruation, nocturnal emission, diarrhea, prolapse of the uterus, hemoptysis, pain in the dorsum of foot, swelling of the dorsum of foot, pruritus vulvae, acute infantile omphalitis, thirst","The terminal branch of the medial crural cutaneous nerve, the medial plantar nerve.",,The branches of the medial plantar and medial tarsal arteries.,,,"[Acupuncture Method, Vasculature, Innervation, Indications] Chinese Acupuncture and Moxibustion. Edited by C. Xinnong, Rev. Ed., Foreign Languages Press, Beijing, China, 1999. Ch. 8, Acupuncture Points of the Shaoyin and Taiyang Meridians. ISBN 978-7-119-01758-7.
[Acupoint Location, Pinyin Label, Chinese Label] WHO Standard Acupuncture Point Locations in the Western Pacific Region. World Health Organization (WHO), WHO Regional Office for the Western Pacific, 2008. Page 136. https://iris.who.int/handle/10665/353407"
http://purl.org/tara/ontology/TARA_5721784,TARA:5721784,KI 20,Meridian Acupuncture Point,"K 20, KD 20, KID 20, Kidney 20",Futonggu,腹通(通)谷,Kidney Meridian,,"On the upper abdomen, 5 B-cun superior to the centre of the umbilicus, 0.5 B-cun lateral to the anterior median line.","upper abdomen (anterior median line, umbilicus)",,"vomiting, indigestion, abdominal distension, abdominal pain",,,The branches of the superior epigastric artery and vein.,,,"[Acupuncture Method, Vasculature, Innervation, Indications] Chinese Acupuncture and Moxibustion. Edited by C. Xinnong, Rev. Ed., Foreign Languages Press, Beijing, China, 1999. Ch. 8, Acupuncture Points of the Shaoyin and Taiyang Meridians. ISBN 978-7-119-01758-7.
[Acupoint Location, Pinyin Label, Chinese Label] WHO Standard Acupuncture Point Locations in the Western Pacific Region. World Health Organization (WHO), WHO Regional Office for the Western Pacific, 2008. Page 145. https://iris.who.int/handle/10665/353407"
http://purl.org/tara/ontology/TARA_3952187,TARA:3952187,KI 21,Meridian Acupuncture Point,"K 21, KD 21, KID 21, Kidney 21",Youmen,幽門(门),Kidney Meridian,,"On the upper abdomen, 6 B-cun superior to the centre of the umbilicus, 0.5 B-cun lateral to the anterior median line.","upper abdomen (anterior median line, umbilicus)",,"nausea, vomiting, indigestion, abdominal distension, abdominal pain, diarrhea, morning sickness",The seventh intercostal nerve.,,The branches of the superior epigastric artery and vein.,,,"[Acupuncture Method, Vasculature, Innervation, Indications] Chinese Acupuncture and Moxibustion. Edited by C. Xinnong, Rev. Ed., Foreign Languages Press, Beijing, China, 1999. Ch. 8, Acupuncture Points of the Shaoyin and Taiyang Meridians. ISBN 978-7-119-01758-7.
[Acupoint Location, Pinyin Label, Chinese Label] WHO Standard Acupuncture Point Locations in the Western Pacific Region. World Health Organization (WHO), WHO Regional Office for the Western Pacific, 2008. Page 146. https://iris.who.int/handle/10665/353407"
http://purl.org/tara/ontology/TARA_7391140,TARA:7391140,KI 22,Meridian Acupuncture Point,"K 22, KD 22, KID 22, Kidney 22",Bulang,步(歩)廊,Kidney Meridian,,"In the anterior thoracic region, in the fifth intercostal space, 2 B-cun lateral to the anterior median line.","anterior chest (anterior median line, fifth intercostal space)",,"vomiting, asthma, cough, fullness in the chest, fullness in the hypochondriac region, anorexia, distension in the chest, distension in the hypochondriac region","The anterior cutaneous branch of the fifth intercostal nerve; deeper, the fifth intercostal nerve.",,The fifth intercostal artery and vein.,,,"[Acupuncture Method, Vasculature, Innervation, Indications] Chinese Acupuncture and Moxibustion. Edited by C. Xinnong, Rev. Ed., Foreign Languages Press, Beijing, China, 1999. Ch. 8, Acupuncture Points of the Shaoyin and Taiyang Meridians. ISBN 978-7-119-01758-7.
[Acupoint Location, Pinyin Label, Chinese Label] WHO Standard Acupuncture Point Locations in the Western Pacific Region. World Health Organization (WHO), WHO Regional Office for the Western Pacific, 2008. Page 146. https://iris.who.int/handle/10665/353407"
http://purl.org/tara/ontology/TARA_4050310,TARA:4050310,KI 23,Meridian Acupuncture Point,"K 23, KD 23, KID 23, Kidney 23",Shengfeng,神(神)封,Kidney Meridian,,"In the anterior thoracic region, in the fourth intercostal space, 2 B-cun lateral to the anterior median line.","anterior chest (anterior median line, fourth intercostal space)",,"mastitis, asthma, cough, fullness in the chest, fullness in the hypochondriac region","The anterior cutaneous branch of the fourth intercostal nerve; deeper, the fourth intercostal nerve.",,The fourth intercostal artery and vein.,,,"[Acupuncture Method, Vasculature, Innervation, Indications] Chinese Acupuncture and Moxibustion. Edited by C. Xinnong, Rev. Ed., Foreign Languages Press, Beijing, China, 1999. Ch. 8, Acupuncture Points of the Shaoyin and Taiyang Meridians. ISBN 978-7-119-01758-7.
[Acupoint Location, Pinyin Label, Chinese Label] WHO Standard Acupuncture Point Locations in the Western Pacific Region. World Health Organization (WHO), WHO Regional Office for the Western Pacific, 2008. Page 147. https://iris.who.int/handle/10665/353407"
http://purl.org/tara/ontology/TARA_8665273,TARA:8665273,KI 24,Meridian Acupuncture Point,"K 24, KD 24, KID 24, Kidney 24",Lingxu,"靈(灵,霊)墟(墟)",Kidney Meridian,,"In the anterior thoracic region, in the third intercostal space, 2 B-cun lateral to the anterior median line.","anterior chest (anterior median line, third intercostal space)",,"mastitis, asthma, cough, fullness in the chest, fullness in the hypochondriac region","The anterior cutaneous branch of the third intercostal nerve; deeper, the third intercostal nerve.",,The third intercostal artery and vein.,,,"[Acupuncture Method, Vasculature, Innervation, Indications] Chinese Acupuncture and Moxibustion. Edited by C. Xinnong, Rev. Ed., Foreign Languages Press, Beijing, China, 1999. Ch. 8, Acupuncture Points of the Shaoyin and Taiyang Meridians. ISBN 978-7-119-01758-7.
[Acupoint Location, Pinyin Label, Chinese Label] WHO Standard Acupuncture Point Locations in the Western Pacific Region. World Health Organization (WHO), WHO Regional Office for the Western Pacific, 2008. Page 147. https://iris.who.int/handle/10665/353407"
http://purl.org/tara/ontology/TARA_6599956,TARA:6599956,KI 25,Meridian Acupuncture Point,"K 25, KD 25, KID 25, Kidney 25",Shencang,神(神)藏(蔵),Kidney Meridian,,"In the anterior thoracic region, in the second intercostal space, 2 B-cun lateral to the anterior median line.","anterior chest (anterior median line, second intercostal space)",,"asthma, cough, chest pain","The anterior cutaneous branch of the second intercostal nerve; deeper, the second intercostal nerve.",,The second intercostal artery and vein.,,,"[Acupuncture Method, Vasculature, Innervation, Indications] Chinese Acupuncture and Moxibustion. Edited by C. Xinnong, Rev. Ed., Foreign Languages Press, Beijing, China, 1999. Ch. 8, Acupuncture Points of the Shaoyin and Taiyang Meridians. ISBN 978-7-119-01758-7.
[Acupoint Location, Pinyin Label, Chinese Label] WHO Standard Acupuncture Point Locations in the Western Pacific Region. World Health Organization (WHO), WHO Regional Office for the Western Pacific, 2008. Page 148. https://iris.who.int/handle/10665/353407"
http://purl.org/tara/ontology/TARA_2070107,TARA:2070107,KI 26,Meridian Acupuncture Point,"K 26, KD 26, KID 26, Kidney 26",Yuzhong,彧中,Kidney Meridian,,"In the anterior thoracic region, in the first intercostal space, 2 B-cun lateral to the anterior median line.","anterior chest (anterior median line, first intercostal space)",,"asthma, cough, fullness in the chest, fullness in the hypochondriac region, accumulation of phlegm","The anterior cutaneous branch of the first intercostal nerve, the medial supraclavicular nerve; the first intercostal nerve.",,The first intercostal artery and vein.,,,"[Acupuncture Method, Vasculature, Innervation, Indications] Chinese Acupuncture and Moxibustion. Edited by C. Xinnong, Rev. Ed., Foreign Languages Press, Beijing, China, 1999. Ch. 8, Acupuncture Points of the Shaoyin and Taiyang Meridians. ISBN 978-7-119-01758-7.
[Acupoint Location, Pinyin Label, Chinese Label] WHO Standard Acupuncture Point Locations in the Western Pacific Region. World Health Organization (WHO), WHO Regional Office for the Western Pacific, 2008. Page 148. https://iris.who.int/handle/10665/353407"
http://purl.org/tara/ontology/TARA_4459765,TARA:4459765,KI 27,Meridian Acupuncture Point,"K 27, KD 27, KID 27, Kidney 27",Shufu,兪(俞)府,Kidney Meridian,,"In the anterior thoracic region, just inferior to the clavicle, 2 B-cun lateral to the anterior median line.","anterior chest (anterior median line, clavicle bone)",,"asthma, cough, chest pain",The medial supraclavicular nerve.,,The anterior perforating branches of the internal mammary artery and vein.,,,"[Acupuncture Method, Vasculature, Innervation, Indications] Chinese Acupuncture and Moxibustion. Edited by C. Xinnong, Rev. Ed., Foreign Languages Press, Beijing, China, 1999. Ch. 8, Acupuncture Points of the Shaoyin and Taiyang Meridians. ISBN 978-7-119-01758-7.
[Acupoint Location, Pinyin Label, Chinese Label] WHO Standard Acupuncture Point Locations in the Western Pacific Region. World Health Organization (WHO), WHO Regional Office for the Western Pacific, 2008. Page 149. https://iris.who.int/handle/10665/353407"
http://purl.org/tara/ontology/TARA_4362146,TARA:4362146,KI 3,Meridian Acupuncture Point,"K 3, KD 3, KID 3, Kidney 3",Taixi,太谿(溪),Kidney Meridian,"Yuan-Primary Point, Shu-Stream Point","On the posteromedial aspect of the ankle, in the depression between the prominence of the medial malleolus and the calcaneal tendon.","tarsal region (medial malleolus, calcaneal tendon)",,"spitting of blood, insomnia, sore throat, irregular menstruation, asthma, nocturnal emission, deafness, dizziness, tinnitus, toothache, pain in the lower back, impotence, thirst, frequency of micturition",,,"Anteriorly, the posterior tibial artery and vein.",,,"[Acupuncture Method, Vasculature, Innervation, Indications] Chinese Acupuncture and Moxibustion. Edited by C. Xinnong, Rev. Ed., Foreign Languages Press, Beijing, China, 1999. Ch. 8, Acupuncture Points of the Shaoyin and Taiyang Meridians. ISBN 978-7-119-01758-7.
[Acupoint Location, Pinyin Label, Chinese Label] WHO Standard Acupuncture Point Locations in the Western Pacific Region. World Health Organization (WHO), WHO Regional Office for the Western Pacific, 2008. Page 137. https://iris.who.int/handle/10665/353407"
http://purl.org/tara/ontology/TARA_0341289,TARA:0341289,KI 4,Meridian Acupuncture Point,"K 4, KD 4, KID 4, Kidney 4",Dazhong,大鍾(钟),Kidney Meridian,Luo-Connecting Point,"On the medial aspect of the foot, posteroinferior to the medial malleolus, superior to the calcaneus, in the depression anterior to the medial attachment of the calcaneal tendon.","pes (calcaneus, medial malleolus, calcaneal tendon)",,"spitting of blood, constipation, asthma, dysuria, pain in the heel, pain in the lower back, dementia, stiffness of the lower back","The medial crural cutaneous nerve, on the course of the medial calcaneal ramus derived from the tibial nerve.",,The medial calcaneal branch of the posterior tibial artery.,,,"[Acupuncture Method, Vasculature, Innervation, Indications] Chinese Acupuncture and Moxibustion. Edited by C. Xinnong, Rev. Ed., Foreign Languages Press, Beijing, China, 1999. Ch. 8, Acupuncture Points of the Shaoyin and Taiyang Meridians. ISBN 978-7-119-01758-7.
[Acupoint Location, Pinyin Label, Chinese Label] WHO Standard Acupuncture Point Locations in the Western Pacific Region. World Health Organization (WHO), WHO Regional Office for the Western Pacific, 2008. Page 137. https://iris.who.int/handle/10665/353407"
http://purl.org/tara/ontology/TARA_5122409,TARA:5122409,KI 5,Meridian Acupuncture Point,"K 5, KD 5, KID 5, Kidney 5",Shuiquan,水泉,Kidney Meridian,Xi-Cleft Point,"On the medial aspect of the foot, 1 B-cun inferior to KI 3, in the depression anterior to the calcaneal tuberosity.",pes (tubercle of calcaneus),,"amenorrhea, irregular menstruation, blurred vision, dysuria, prolapse of the uterus, dysmenorrhea",,,The medial calcaneal branch of the posterior tibial artery.,,,"[Acupuncture Method, Vasculature, Innervation, Indications] Chinese Acupuncture and Moxibustion. Edited by C. Xinnong, Rev. Ed., Foreign Languages Press, Beijing, China, 1999. Ch. 8, Acupuncture Points of the Shaoyin and Taiyang Meridians. ISBN 978-7-119-01758-7.
[Acupoint Location, Pinyin Label, Chinese Label] WHO Standard Acupuncture Point Locations in the Western Pacific Region. World Health Organization (WHO), WHO Regional Office for the Western Pacific, 2008. Page 138. https://iris.who.int/handle/10665/353407"
http://purl.org/tara/ontology/TARA_2108622,TARA:2108622,KI 6,Meridian Acupuncture Point,"K 6, KD 6, KID 6, Kidney 6",Zhaohai,照海(海),Kidney Meridian,Confluent Point,"On the medial aspect of the foot, 1 B-cun inferior to the prominence of the medial malleolus, in the depression inferior to the medial malleolus.
 - Note: The corresponding lateral point to KI 6 is BL 62.",pes (medial malleolus),,"epilepsy, constipation, insomnia, sore throat, irregular menstruation, asthma, retention of urine, prolapse of the uterus, morbid leukorrhea, pruritus vulvae, frequency of micturition","The medial crural cutaneous nerve; deeper, the tibial nerve.",,"Posteriorly, the posterior tibial artery and vein.",,,"[Acupuncture Method, Vasculature, Innervation, Indications] Chinese Acupuncture and Moxibustion. Edited by C. Xinnong, Rev. Ed., Foreign Languages Press, Beijing, China, 1999. Ch. 8, Acupuncture Points of the Shaoyin and Taiyang Meridians. ISBN 978-7-119-01758-7.
[Acupoint Location, Pinyin Label, Chinese Label] WHO Standard Acupuncture Point Locations in the Western Pacific Region. World Health Organization (WHO), WHO Regional Office for the Western Pacific, 2008. Page 138. https://iris.who.int/handle/10665/353407"
http://purl.org/tara/ontology/TARA_9881298,TARA:9881298,KI 7,Meridian Acupuncture Point,"K 7, KD 7, KID 7, Kidney 7",Fuliu,復(复)溜,Kidney Meridian,Jing-River Point,"On the posteromedial aspect of the leg, anterior to the calcaneal tendon, 2 B-cun superior to the prominence of the medial malleolus.
 - Note: At the same level and posterior to KI 8.","hindlimb zeugopod (medial malleolus, calcaneal tendon)",,"abdominal distension, borborygmus, diarrhea, edema, muscular atrophy of the leg, night sweat, febrile disease without sweating, spontaneous sweating","The medial sural and medial crural cutaneous nerves; deeper, the tibial nerve.",,"Deeper, anteriorly, the posterior tibial artery and vein.",,,"[Acupuncture Method, Vasculature, Innervation, Indications] Chinese Acupuncture and Moxibustion. Edited by C. Xinnong, Rev. Ed., Foreign Languages Press, Beijing, China, 1999. Ch. 8, Acupuncture Points of the Shaoyin and Taiyang Meridians. ISBN 978-7-119-01758-7.
[Acupoint Location, Pinyin Label, Chinese Label] WHO Standard Acupuncture Point Locations in the Western Pacific Region. World Health Organization (WHO), WHO Regional Office for the Western Pacific, 2008. Page 139. https://iris.who.int/handle/10665/353407"
http://purl.org/tara/ontology/TARA_6046086,TARA:6046086,KI 8,Meridian Acupuncture Point,"K 8, KD 8, KID 8, Kidney 8",Jiaoxin,交信,Kidney Meridian,Xi-Cleft Point of the Yin Heel Vessel,"On the medial aspect of the leg, in the depression posterior to the medial border of the tibial bone, 2 B-cun superior to the prominence of the medial malleolus.
 - Note: 0.5 B-cun anterior to KI 7.","hindlimb zeugopod (tibia, medial malleolus)",,"constipation, irregular menstruation, diarrhea, prolapse of the uterus, dysmenorrhea, uterine bleeding, pain in testis, swelling of testis","The medial crural cutaneous nerve; deeper, the tibial nerve.",,"Deeper, the posterior tibial artery and vein.",,,"[Acupuncture Method, Vasculature, Innervation, Indications] Chinese Acupuncture and Moxibustion. Edited by C. Xinnong, Rev. Ed., Foreign Languages Press, Beijing, China, 1999. Ch. 8, Acupuncture Points of the Shaoyin and Taiyang Meridians. ISBN 978-7-119-01758-7.
[Acupoint Location, Pinyin Label, Chinese Label] WHO Standard Acupuncture Point Locations in the Western Pacific Region. World Health Organization (WHO), WHO Regional Office for the Western Pacific, 2008. Page 139. https://iris.who.int/handle/10665/353407"
http://purl.org/tara/ontology/TARA_2687954,TARA:2687954,KI 9,Meridian Acupuncture Point,"K 9, KD 9, KID 9, Kidney 9",Zhubin,築(筑)賓(宾),Kidney Meridian,Xi-Cleft Point of the Yin Link Vessel,"On the posteromedial aspect of the leg, between the soleus muscle and the calcaneal tendon, 5 B-cun superior to the prominence of the medial malleolus.
 - Note 1: With the knee flexed and the leg stretched (plantar flexion) against resistance, the soleus muscle can be seen more clearly along the medial border of the tibia bone.
 - Note 2: At the same level as LR 5, on the line connecting KI 3 with KI 10.","hindlimb zeugopod (tibia, soleus muscle, medial malleolus, calcaneal tendon)",,"mental disorder, hernia, pain in the foot, pain in the lower leg","The medial sural and medial crural cutaneous nerves, deeper, the tibial nerve.",,"Deeper, the posterior tibial artery and vein.",,,"[Acupuncture Method, Vasculature, Innervation, Indications] Chinese Acupuncture and Moxibustion. Edited by C. Xinnong, Rev. Ed., Foreign Languages Press, Beijing, China, 1999. Ch. 8, Acupuncture Points of the Shaoyin and Taiyang Meridians. ISBN 978-7-119-01758-7.
[Acupoint Location, Pinyin Label, Chinese Label] WHO Standard Acupuncture Point Locations in the Western Pacific Region. World Health Organization (WHO), WHO Regional Office for the Western Pacific, 2008. Page 140. https://iris.who.int/handle/10665/353407"
http://purl.org/tara/ontology/TARA_6314936,TARA:6314936,LI 1,Meridian Acupuncture Point,"CO 1, Colon 1, Large Intestine 1",Shangyang,商陽(阳),Large Intestine Meridian,Jing-Well Point,"On the index finger, radial to the distal phalanx, 0.1 f-cun proximal-lateral to the radial corner of the index fingernail, at the intersection of the vertical line of the radial border of the fingernail and the horizontal line of the base of the index fingernail.","manual digit 2 (nail of manual digit 2, distal phalanx)","Puncture 0.1 inch, or prick the point to cause bleeding.","sore throat, febrile disease with anhidrosis, toothache, loss of consciousness, swelling of the submandibular region, numbness of fingers",The palmar digital proprial nerve derived from the median nerve.,"proper palmar digital branches of median nerve, palmar digital nerve",The arterial and venous network formed by the dorsal digital arteries and veins.,dorsal digital artery,Dorsal digital veins,"[Acupuncture Method, Vasculature, Innervation, Indications] Chinese Acupuncture and Moxibustion. Edited by C. Xinnong, Rev. Ed., Foreign Languages Press, Beijing, China, 1999. Ch. 7, Acupuncture Points of the Taiyin and Yangming Meridians. ISBN 978-7-119-01758-7.
[Acupoint Location, Pinyin Label, Chinese Label] WHO Standard Acupuncture Point Locations in the Western Pacific Region. World Health Organization (WHO), WHO Regional Office for the Western Pacific, 2008. Page 34. https://iris.who.int/handle/10665/353407"
http://purl.org/tara/ontology/TARA_0742938,TARA:0742938,LI 10,Meridian Acupuncture Point,"CO 10, Colon 10, Large Intestine 10",Shousanli,手三里,Large Intestine Meridian,,"On the posterolateral aspect of the forearm, on the line connecting LI 5 with LI 11, 2 B-cun inferior to the cubital crease.",forelimb zeugopod (cubital crease),Puncture perpendicularly 0.8-1.2 inches. Moxibustion is applicable.,"pain in the shoulder, abdominal pain, diarrhea, swelling of the cheek, toothache, pain in the back, motor impairment of the upper limbs",The posterior antebrachial cutaneous nerve and the deep ramus of the radial nerve.,"Posterior antebrachial cutaneous nerve, deep branch of radial nerve",The branches of the radial recurrent artery and vein.,Radial recurrent artery,Radial recurrent vein,"[Acupuncture Method, Vasculature, Innervation, Indications] Chinese Acupuncture and Moxibustion. Edited by C. Xinnong, Rev. Ed., Foreign Languages Press, Beijing, China, 1999. Ch. 7, Acupuncture Points of the Taiyin and Yangming Meridians. ISBN 978-7-119-01758-7.
[Acupoint Location, Pinyin Label, Chinese Label] WHO Standard Acupuncture Point Locations in the Western Pacific Region. World Health Organization (WHO), WHO Regional Office for the Western Pacific, 2008. Page 38. https://iris.who.int/handle/10665/353407"
http://purl.org/tara/ontology/TARA_8923096,TARA:8923096,LI 11,Meridian Acupuncture Point,"CO 11, Colon 11, Large Intestine 11",Quchi,曲池,Large Intestine Meridian,He-Sea Point,"On the lateral aspect of the elbow, at the midpoint of the line connecting LU 5 with the lateral epicondyle of the humerus.
 - Note: When the elbow is fully flexed, LI 11 is located in the depression on the lateral end of the cubital crease.","elbow (cubital crease, ectepicondyle of humerus)",Puncture perpendicularly 1.0-1.5 inches. Moxibustion is applicable.,"febrile disease, pain in the eye, redness of the eye, vomiting, scrofula, sore throat, abdominal pain, diarrhea, urticaria, toothache, motor impairment of the upper extremities","The posterior antebrachial cutaneous nerve; deeper, on the medial side, the radial nerve.","radial nerve, Posterior antebrachial cutaneous nerve",The branches of the radial recurrent artery and vein.,Radial recurrent artery,Radial recurrent vein,"[Acupuncture Method, Vasculature, Innervation, Indications] Chinese Acupuncture and Moxibustion. Edited by C. Xinnong, Rev. Ed., Foreign Languages Press, Beijing, China, 1999. Ch. 7, Acupuncture Points of the Taiyin and Yangming Meridians. ISBN 978-7-119-01758-7.
[Acupoint Location, Pinyin Label, Chinese Label] WHO Standard Acupuncture Point Locations in the Western Pacific Region. World Health Organization (WHO), WHO Regional Office for the Western Pacific, 2008. Page 39. https://iris.who.int/handle/10665/353407"
http://purl.org/tara/ontology/TARA_9554328,TARA:9554328,LI 12,Meridian Acupuncture Point,"CO 12, Colon 12, Large Intestine 12",Zhouliao,肘髎(髎),Large Intestine Meridian,,"On the posterolateral aspect of the elbow, superior to the lateral epicondyle of the humerus, anterior to the lateral supraepicondylar ridge.","elbow (lateral supraepicondylar ridge, ectepicondyle of humerus)",Puncture perpendicularly 0.5-1.0 inch. Moxibustion is applicable.,"pain in the arm, contracture of the arm, contracture of the elbow, pain in the elbow, numbness of the arm, numbness of the elbow","The posterior antebrachial cutaneous nerve; deeper, on the medial side, the radial nerve.","radial nerve, Posterior antebrachial cutaneous nerve",The radial collateral artery and vein.,Radial collateral artery,Radial collateral vein,"[Acupuncture Method, Vasculature, Innervation, Indications] Chinese Acupuncture and Moxibustion. Edited by C. Xinnong, Rev. Ed., Foreign Languages Press, Beijing, China, 1999. Ch. 7, Acupuncture Points of the Taiyin and Yangming Meridians. ISBN 978-7-119-01758-7.
[Acupoint Location, Pinyin Label, Chinese Label] WHO Standard Acupuncture Point Locations in the Western Pacific Region. World Health Organization (WHO), WHO Regional Office for the Western Pacific, 2008. Page 39. https://iris.who.int/handle/10665/353407"
http://purl.org/tara/ontology/TARA_5609823,TARA:5609823,LI 13,Meridian Acupuncture Point,"CO 13, Colon 13, Large Intestine 13",Shouwuli,手五里,Large Intestine Meridian,,"On the lateral aspect of the arm, on the line connecting LI 11 with LI 15, 3 B-cun superior to the cubital crease.",arm (cubital crease),Puncture perpendicularly 0.5-1.0 inch. Avoid injuring the artery.,"scrofula, pain in the arm, contracture of the arm, contracture of the elbow, pain in the elbow","The posterior antebrachial cutaneous nerve; deeper, the radial nerve.","radial nerve, Posterior antebrachial cutaneous nerve",The radial collateral artery and vein.,Radial collateral artery,Radial collateral vein,"[Acupuncture Method, Vasculature, Innervation, Indications] Chinese Acupuncture and Moxibustion. Edited by C. Xinnong, Rev. Ed., Foreign Languages Press, Beijing, China, 1999. Ch. 7, Acupuncture Points of the Taiyin and Yangming Meridians. ISBN 978-7-119-01758-7.
[Acupoint Location, Pinyin Label, Chinese Label] WHO Standard Acupuncture Point Locations in the Western Pacific Region. World Health Organization (WHO), WHO Regional Office for the Western Pacific, 2008. Page 40. https://iris.who.int/handle/10665/353407"
http://purl.org/tara/ontology/TARA_3744150,TARA:3744150,LI 14,Meridian Acupuncture Point,"CO 14, Colon 14, Large Intestine 14",Binao,臂臑,Large Intestine Meridian,,"On the lateral aspect of the arm, just anterior to the border of the deltoid muscle, 7 B-cun superior to LI 11.",arm (deltoid),Puncture perpendicularly or obliquely upward 0.8-1.5 inches. Moxibustion is applicable.,"scrofula, pain in the arm, pain in the shoulder, rigidity of the neck","The posterior brachial cutaneous nerve; deeper, the radial nerve.","radial nerve, Posterior cutaneous nerve of arm","The branches of posterior circumflex humeral artery and vein, the deep brachial artery and vein.","deep brachial artery, Posterior circumflex humeral artery","Deep brachial vein, caudal humeral circumflex vein","[Acupuncture Method, Vasculature, Innervation, Indications] Chinese Acupuncture and Moxibustion. Edited by C. Xinnong, Rev. Ed., Foreign Languages Press, Beijing, China, 1999. Ch. 7, Acupuncture Points of the Taiyin and Yangming Meridians. ISBN 978-7-119-01758-7.
[Acupoint Location, Pinyin Label, Chinese Label] WHO Standard Acupuncture Point Locations in the Western Pacific Region. World Health Organization (WHO), WHO Regional Office for the Western Pacific, 2008. Page 40. https://iris.who.int/handle/10665/353407"
http://purl.org/tara/ontology/TARA_7829474,TARA:7829474,LI 15,Meridian Acupuncture Point,"CO 15, Colon 15, Large Intestine 15",Jianyu,肩髃(髃),Large Intestine Meridian,,"On the shoulder girdle, in the depression between the anterior end of lateral border of the acromion and the greater tubercle of the humerus.
 - Note: When the arm is abducted, two depressions appear, anterior and posterior to the acromion. LI 15 is located in the deeper depression anterior to the acromion. TE 14 is located in the posterior depression.","pectoral girdle region (ventral tubercle of humerus, acromion)",Puncture perpendicularly or obliquely 0.8-1.5 inches. Moxibustion is applicable.,"rubella, scrofula, pain in the arm, pain in the shoulder, motor impairment of the upper extremities",The lateral supraclavicular nerve and axillary nerve.,"axillary nerve, Lateral supraclavicular nerve",The posterior circumflex artery and vein.,Posterior circumflex humeral artery,caudal humeral circumflex vein,"[Acupuncture Method, Vasculature, Innervation, Indications] Chinese Acupuncture and Moxibustion. Edited by C. Xinnong, Rev. Ed., Foreign Languages Press, Beijing, China, 1999. Ch. 7, Acupuncture Points of the Taiyin and Yangming Meridians. ISBN 978-7-119-01758-7.
[Acupoint Location, Pinyin Label, Chinese Label] WHO Standard Acupuncture Point Locations in the Western Pacific Region. World Health Organization (WHO), WHO Regional Office for the Western Pacific, 2008. Page 41. https://iris.who.int/handle/10665/353407"
http://purl.org/tara/ontology/TARA_1252750,TARA:1252750,LI 16,Meridian Acupuncture Point,"CO 16, Colon 16, Large Intestine 16",Jugu,巨骨(骨),Large Intestine Meridian,,"On the shoulder girdle, in the depression between the acromial end of the clavicle and the spine of the scapula.
 - Note: In the depression between the two bones lateral to the suprascapular fossa.","pectoral girdle region (scapula, suprascapular fossa, clavicle bone)",Puncture perpendicularly 0.5-0.7 inch. Moxibustion is applicable.,"pain in the shoulder, pain in the back, motor impairment of the upper extremities, pain in the upper extremities","Superficially, the lateral supraclavicular nerve, the branch of the accessory nerve; deeper, the suprascapular nerve.","suprascapular nerve, accessory XI nerve, Lateral supraclavicular nerve","Deeper, the suprascapular artery and vein.",suprascapular artery,suprascapular vein,"[Acupuncture Method, Vasculature, Innervation, Indications] Chinese Acupuncture and Moxibustion. Edited by C. Xinnong, Rev. Ed., Foreign Languages Press, Beijing, China, 1999. Ch. 7, Acupuncture Points of the Taiyin and Yangming Meridians. ISBN 978-7-119-01758-7.
[Acupoint Location, Pinyin Label, Chinese Label] WHO Standard Acupuncture Point Locations in the Western Pacific Region. World Health Organization (WHO), WHO Regional Office for the Western Pacific, 2008. Page 41. https://iris.who.int/handle/10665/353407"
http://purl.org/tara/ontology/TARA_2260412,TARA:2260412,LI 17,Meridian Acupuncture Point,"CO 17, Colon 17, Large Intestine 17",Tianding,天鼎,Large Intestine Meridian,,"On the anterior aspect of the neck, at the same level as the cricoid cartilage, just posterior to the border of the sternocleidomastoid muscle.
 - Note: Directly inferior to LI 18, at the same level as ST 10.","neck (sternocleidomastoid, cricoid cartilage)",Puncture perpendicularly 0.3-0.5 inch. Moxibustion is applicable.,"scrofula, sore throat, goiter, sudden loss of voice","Superficially, the supraclavicular nerve. It is on the posterior border of m. sternocleido- mastoideus just where the cutaneous cervical nerve emerges. Deeper, the phrenic nerve.","phrenic nerve, cervical nerve plexus, Supraclavicular nerve",The external jugular vein.,,external jugular vein,"[Acupuncture Method, Vasculature, Innervation, Indications] Chinese Acupuncture and Moxibustion. Edited by C. Xinnong, Rev. Ed., Foreign Languages Press, Beijing, China, 1999. Ch. 7, Acupuncture Points of the Taiyin and Yangming Meridians. ISBN 978-7-119-01758-7.
[Acupoint Location, Pinyin Label, Chinese Label] WHO Standard Acupuncture Point Locations in the Western Pacific Region. World Health Organization (WHO), WHO Regional Office for the Western Pacific, 2008. Page 42. https://iris.who.int/handle/10665/353407"
http://purl.org/tara/ontology/TARA_9159226,TARA:9159226,LI 18,Meridian Acupuncture Point,"CO 18, Colon 18, Large Intestine 18",Futu,扶突,Large Intestine Meridian,,"On the anterior aspect of the neck, at the same level as the superior border of the thyroid cartilage, between the anterior and posterior borders of the sternocleidomastoid muscle.","neck (sternocleidomastoid, thyroid cartilage)",Puncture perpendicularly 0.3-0.5 inch. Moxibustion is applicable.,"scrofula, sore throat, asthma, cough, goiter, sudden loss of voice","The great auricular nerve, cutaneous cervical nerve, lesser occipital nerve and accessory nerve.","nerve of cervical vertebra, great auricular nerve, Lesser occipital nerve, accessory XI nerve","Deeper, on the medial side, the ascending cervical artery and vein.",ascending cervical artery,Ascending cervical vein,"[Acupuncture Method, Vasculature, Innervation, Indications] Chinese Acupuncture and Moxibustion. Edited by C. Xinnong, Rev. Ed., Foreign Languages Press, Beijing, China, 1999. Ch. 7, Acupuncture Points of the Taiyin and Yangming Meridians. ISBN 978-7-119-01758-7.
[Acupoint Location, Pinyin Label, Chinese Label] WHO Standard Acupuncture Point Locations in the Western Pacific Region. World Health Organization (WHO), WHO Regional Office for the Western Pacific, 2008. Page 42. https://iris.who.int/handle/10665/353407"
http://purl.org/tara/ontology/TARA_8087484,TARA:8087484,LI 19,Meridian Acupuncture Point,"CO 19, Colon 19, Large Intestine 19",Kouheliao,口禾髎(髎),Large Intestine Meridian,,"On the face, at the same level as the midpoint of the philtrum, inferior to the lateral margin of the nostril.
 - Note: 0.5 B-cun laterals to GV 26. Remarks: Alternative location for LI 19 - On the face, at the same level as the junction of the upper one third and lower two thirds of the philtrum, inferior to the lateral margin of the nostril.","face (external naris, philtrum)",Puncture obliquely 0.2-0.3 inch.,"deviation of the mouth, nasal obstruction, epistaxis",The anastomotic branch of the facial nerve and the infraorbital nerve.,"facial nerve, infra-orbital nerve",The superior labial branches of the facial artery and vein.,facial artery,facial vein,"[Acupuncture Method, Vasculature, Innervation, Indications] Chinese Acupuncture and Moxibustion. Edited by C. Xinnong, Rev. Ed., Foreign Languages Press, Beijing, China, 1999. Ch. 7, Acupuncture Points of the Taiyin and Yangming Meridians. ISBN 978-7-119-01758-7.
[Acupoint Location, Pinyin Label, Chinese Label] WHO Standard Acupuncture Point Locations in the Western Pacific Region. World Health Organization (WHO), WHO Regional Office for the Western Pacific, 2008. Page 43. https://iris.who.int/handle/10665/353407"
http://purl.org/tara/ontology/TARA_8294181,TARA:8294181,LI 2,Meridian Acupuncture Point,"CO 2, Colon 2, Large Intestine 2",Erjian,二間(间),Large Intestine Meridian,Ying-Spring Point,"On the index finger, in the depression distal to the radial side of the second metacarpophalangeal joint, at the border between the red and white flesh.",manual digit 2 (metacarpophalangeal joint),Puncture perpendicularly 0.2-0.3 inch. Moxibustion is applicable.,"febrile disease, sore throat, blurred vision, toothache, epistaxis","The dorsal digital nerve of the radial nerve, and the palmar digital proper nerve of the median nerve.","dorsal digital nerve of radial nerve, proper palmar digital branches of median nerve, palmar digital nerve",The dorsal digital and plamar digital proper arteries and veins derived from the radial artery and vein.,"dorsal digital artery, proper palmar digital artery","proper palmar digital vein, Dorsal digital veins","[Acupuncture Method, Vasculature, Innervation, Indications] Chinese Acupuncture and Moxibustion. Edited by C. Xinnong, Rev. Ed., Foreign Languages Press, Beijing, China, 1999. Ch. 7, Acupuncture Points of the Taiyin and Yangming Meridians. ISBN 978-7-119-01758-7.
[Acupoint Location, Pinyin Label, Chinese Label] WHO Standard Acupuncture Point Locations in the Western Pacific Region. World Health Organization (WHO), WHO Regional Office for the Western Pacific, 2008. Page 34. https://iris.who.int/handle/10665/353407"
http://purl.org/tara/ontology/TARA_6681003,TARA:6681003,LI 20,Meridian Acupuncture Point,"CO 20, Colon 20, Large Intestine 20",Yingxiang,迎(迎)香,Large Intestine Meridian,,"On the face, in the nasolabial sulcus, at the same level as the midpoint of lateral border of the ala of the nose. Remarks: Alternative location for LI 20 - On the face, in the nasolabial sulcus, at the level of the inferior border of the ala of the nose.","face (ala of nose, nasolabial sulcus)",Puncture obliquely or subcutaneously 0.3-0.5 inch.,"deviation of the mouth, nasal obstruction, swelling of the face, rhinorrhea, epistaxis, hyposmia, itching of the face",The anastomotic branch of the facial nerve and infraorbital nerves.,"facial nerve, infra-orbital nerve","The facial artery and vein, the branches of the infraorbital artery and vein.","facial artery, infraorbital artery","facial vein, Infraorbital vein","[Acupuncture Method, Vasculature, Innervation, Indications] Chinese Acupuncture and Moxibustion. Edited by C. Xinnong, Rev. Ed., Foreign Languages Press, Beijing, China, 1999. Ch. 7, Acupuncture Points of the Taiyin and Yangming Meridians. ISBN 978-7-119-01758-7.
[Acupoint Location, Pinyin Label, Chinese Label] WHO Standard Acupuncture Point Locations in the Western Pacific Region. World Health Organization (WHO), WHO Regional Office for the Western Pacific, 2008. Page 43. https://iris.who.int/handle/10665/353407"
http://purl.org/tara/ontology/TARA_7867167,TARA:7867167,LI 3,Meridian Acupuncture Point,"CO 3, Colon 3, Large Intestine 3",Sanjian,三間(间),Large Intestine Meridian,Shu-Stream Point,"On the dorsum of the hand, in the depression radial and proximal to the second metacarpophalangeal joint.",dorsum of the hand (metacarpophalangeal joint),Puncture perpendicularly 0.5-0.8 inch. Moxibustion is applicable.,"sore throat, toothache, ophthalmalgia, redness of the dorsum of the hand, swelling of the dorsum of the hand, redness of fingers, swelling of fingers",The superficial ramus of the radial nerve.,superficial branch of radial nerve,The dorsal venous network of the hand and the branch of the first dorsal metacarpal artery.,First dorsal metacarpal artery,Dorsal venous network of hand,"[Acupuncture Method, Vasculature, Innervation, Indications] Chinese Acupuncture and Moxibustion. Edited by C. Xinnong, Rev. Ed., Foreign Languages Press, Beijing, China, 1999. Ch. 7, Acupuncture Points of the Taiyin and Yangming Meridians. ISBN 978-7-119-01758-7.
[Acupoint Location, Pinyin Label, Chinese Label] WHO Standard Acupuncture Point Locations in the Western Pacific Region. World Health Organization (WHO), WHO Regional Office for the Western Pacific, 2008. Page 35. https://iris.who.int/handle/10665/353407"
http://purl.org/tara/ontology/TARA_0859695,TARA:0859695,LI 4,Meridian Acupuncture Point,"CO 4, Colon 4, Large Intestine 4","Hegu, Hoku",合谷,Large Intestine Meridian,Yuan-Primary Point,"On the dorsum of the hand, radial to the midpoint of the second metacarpal bone.",dorsum of the hand (metacarpal bone of digit 2),Puncture perpendicularly 0.5-1 inch. Moxibustion is applicable.,"infantile convulsion, constipation, headache, pain in the eye, redness of the eye, swelling of the eye, amenorrhea, sore throat, nasal obstruction, deafness, febrile disease with anhidrosis, pain in the neck, abdominal pain, swelling of the face, rhinorrhea, dysentery, facial paralysis, toothache, trismus, epistaxis, motor impairment of the upper limbs, parotitis, delayed labor, hyperhidrosis, pain in the upper limbs, weakness of the upper limbs",The superficial ramus of the radial nerve.,superficial branch of radial nerve,The venous network of the dorsum of the hand.,,Dorsal venous network of hand,"[Acupuncture Method, Vasculature, Innervation, Indications] Chinese Acupuncture and Moxibustion. Edited by C. Xinnong, Rev. Ed., Foreign Languages Press, Beijing, China, 1999. Ch. 7, Acupuncture Points of the Taiyin and Yangming Meridians. ISBN 978-7-119-01758-7.
[Acupoint Location, Pinyin Label, Chinese Label] WHO Standard Acupuncture Point Locations in the Western Pacific Region. World Health Organization (WHO), WHO Regional Office for the Western Pacific, 2008. Page 35. https://iris.who.int/handle/10665/353407"
http://purl.org/tara/ontology/TARA_5677319,TARA:5677319,LI 5,Meridian Acupuncture Point,"CO 5, Colon 5, Large Intestine 5",Yangxi,陽(阳)谿(溪),Large Intestine Meridian,Jing-River Point,"On the posterolateral aspect of the wrist, at the radial side of the dorsal wrist crease, distal to the radial styloid process, in the depression of the anatomical snuffbox.
 - Note: The depression of the anatomical snuffbox is formed when the thumb is fully abducted and extended between the tendons of the extensor pollicis longus and the extensor pollicis brevis.","carpal region (dorsal wrist crease, radial fossa, extensor pollicis brevis tendon, extensor pollicis longus tendon, styloid process of radius)",Puncture perpendicularly 0.3-0.5 inch. Moxibustion is applicable.,"headache, pain in the eye, redness of the eye, swelling of the eye, sore throat, pain in the wrist, toothache",The superficial branch of the radial nerve.,superficial branch of radial nerve,"The cephalic vein, the radial artery and its dorsal carpal branch.",radial artery,cephalic vein,"[Acupuncture Method, Vasculature, Innervation, Indications] Chinese Acupuncture and Moxibustion. Edited by C. Xinnong, Rev. Ed., Foreign Languages Press, Beijing, China, 1999. Ch. 7, Acupuncture Points of the Taiyin and Yangming Meridians. ISBN 978-7-119-01758-7.
[Acupoint Location, Pinyin Label, Chinese Label] WHO Standard Acupuncture Point Locations in the Western Pacific Region. World Health Organization (WHO), WHO Regional Office for the Western Pacific, 2008. Page 36. https://iris.who.int/handle/10665/353407"
http://purl.org/tara/ontology/TARA_9876402,TARA:9876402,LI 6,Meridian Acupuncture Point,"CO 6, Colon 6, Large Intestine 6",Pianli,偏歷(历),Large Intestine Meridian,Luo-Connecting Point,"On the posterolateral aspect of the forearm, on the line connecting LI 5 with LI 11, 3 B-cun superior to the dorsal wrist crease.
 - Note: LI 6 is located at the junction of the upper three fourths and the lower one fourth of the line connecting LI 5 with LI 11.",forelimb zeugopod (dorsal wrist crease),Puncture perpendicularly or obliquely 0.5-0.8 inch. Moxibustion is applicable.,"redness of the eye, sore throat, deafness, tinnitus, aching of the arm, edema, epistaxis, aching of the hand","On the radial side, the lateral antebrachial cutaneous nerve and the superficial ramus of the radial nerve; on the ulnar side, the posterior antebrachial cutaneous nerve and the posterior antebrachial interosseous nerve.","posterior interosseous nerve, Posterior antebrachial cutaneous nerve, lateral cutaneous nerve of the forearm, superficial branch of radial nerve",The cephalic vein.,,cephalic vein,"[Acupuncture Method, Vasculature, Innervation, Indications] Chinese Acupuncture and Moxibustion. Edited by C. Xinnong, Rev. Ed., Foreign Languages Press, Beijing, China, 1999. Ch. 7, Acupuncture Points of the Taiyin and Yangming Meridians. ISBN 978-7-119-01758-7.
[Acupoint Location, Pinyin Label, Chinese Label] WHO Standard Acupuncture Point Locations in the Western Pacific Region. World Health Organization (WHO), WHO Regional Office for the Western Pacific, 2008. Page 36. https://iris.who.int/handle/10665/353407"
http://purl.org/tara/ontology/TARA_8107205,TARA:8107205,LI 7,Meridian Acupuncture Point,"CO 7, Colon 7, Large Intestine 7",Wenliu,溫(温)溜,Large Intestine Meridian,Xi-Cleft Point,"On the posterolateral aspect of the forearm, on the line connecting LI 5 with LI 11, 5 B-cun superior to the dorsal wrist crease.",forelimb zeugopod (dorsal wrist crease),Puncture perpendicularly 0.5-1.0 inch. Moxibustion is applicable.,"headache, sore throat, abdominal pain, aching of the arm, aching of the shoulder, borborygmus, swelling of the face",The posterior antebrachial cutaneous nerve and the deep ramus of the radial nerve.,"Posterior antebrachial cutaneous nerve, deep branch of radial nerve","The muscular branch of the radial artery, the cephalic vein.",radial artery,cephalic vein,"[Acupuncture Method, Vasculature, Innervation, Indications] Chinese Acupuncture and Moxibustion. Edited by C. Xinnong, Rev. Ed., Foreign Languages Press, Beijing, China, 1999. Ch. 7, Acupuncture Points of the Taiyin and Yangming Meridians. ISBN 978-7-119-01758-7.
[Acupoint Location, Pinyin Label, Chinese Label] WHO Standard Acupuncture Point Locations in the Western Pacific Region. World Health Organization (WHO), WHO Regional Office for the Western Pacific, 2008. Page 37. https://iris.who.int/handle/10665/353407"
http://purl.org/tara/ontology/TARA_8455793,TARA:8455793,LI 8,Meridian Acupuncture Point,"CO 8, Colon 8, Large Intestine 8",Xialian,下廉,Large Intestine Meridian,,"On the posterolateral aspect of the forearm, on the line connecting LI 5 with LI 11, 4 B-cun inferior to the cubital crease.
 - Note: LI 8 is located at the junction of the upper one third and lower two thirds of the line connecting LI 5 with LI 11, 1 B-cun inferior to LI 9.",forelimb zeugopod (cubital crease),Puncture perpendicularly 0.5-1.0 inch. Moxibustion is applicable.,"pain in the arm, pain in the elbow, abdominal pain, borborygmus, motor impairment of the upper limbs",The posterior antebrachial cutaneous nerve and the deep ramus of the radial nerve.,"Posterior antebrachial cutaneous nerve, deep branch of radial nerve",,radial artery,cephalic vein,"[Acupuncture Method, Vasculature, Innervation, Indications] Chinese Acupuncture and Moxibustion. Edited by C. Xinnong, Rev. Ed., Foreign Languages Press, Beijing, China, 1999. Ch. 7, Acupuncture Points of the Taiyin and Yangming Meridians. ISBN 978-7-119-01758-7.
[Acupoint Location, Pinyin Label, Chinese Label] WHO Standard Acupuncture Point Locations in the Western Pacific Region. World Health Organization (WHO), WHO Regional Office for the Western Pacific, 2008. Page 37. https://iris.who.int/handle/10665/353407"
http://purl.org/tara/ontology/TARA_0670229,TARA:0670229,LI 9,Meridian Acupuncture Point,"CO 9, Colon 9, Large Intestine 9",Shanglian,上廉,Large Intestine Meridian,,"On the posterolateral aspect of the forearm, on the line connecting LI 5 with LI 11, 3 B-cun inferior to the cubital crease.",forelimb zeugopod (cubital crease),Puncture perpendicularly 0.5-1.0 inch. Moxibustion is applicable.,"abdominal pain, aching of the arm, aching of the shoulder, borborygmus, numbness of the arm, motor impairment of the upper limbs, numbness of the hand",The posterior antebrachial cutaneous nerve and the deep ramus of the radial nerve.,"Posterior antebrachial cutaneous nerve, deep branch of radial nerve",,radial artery,cephalic vein,"[Acupuncture Method, Vasculature, Innervation, Indications] Chinese Acupuncture and Moxibustion. Edited by C. Xinnong, Rev. Ed., Foreign Languages Press, Beijing, China, 1999. Ch. 7, Acupuncture Points of the Taiyin and Yangming Meridians. ISBN 978-7-119-01758-7.
[Acupoint Location, Pinyin Label, Chinese Label] WHO Standard Acupuncture Point Locations in the Western Pacific Region. World Health Organization (WHO), WHO Regional Office for the Western Pacific, 2008. Page 38. https://iris.who.int/handle/10665/353407"
http://purl.org/tara/ontology/TARA_2131658,TARA:2131658,LR 1,Meridian Acupuncture Point,"LIV 1, LV 1, Liver 1",Dadun,大敦,Liver Meridian,Jing-Well Point,"On the great toe, lateral to the distal phalanx, 0.1 f-cun proximal to the lateral corner of the toenail, at the intersection of the vertical line of the lateral side of the nail and the horizontal line of the base of the toenail.","pedal digit 1 (nail of pedal digit, distal phalanx)",Puncture subcutaneously 0.1-0.2 inch. Moxibustion is applicable.,"epilepsy, enuresis, hernia, prolapse of the uterus, uterine bleeding",The dorsal digital nerve derived from the deep peroneal nerve.,,The dorsal digital artery and vein.,,,"[Acupuncture Method, Vasculature, Innervation, Indications] Chinese Acupuncture and Moxibustion. Edited by C. Xinnong, Rev. Ed., Foreign Languages Press, Beijing, China, 1999. Ch. 9, Acupuncture Points of the Jueyin and Shaoyang Meridians. ISBN 978-7-119-01758-7.
[Acupoint Location, Pinyin Label, Chinese Label] WHO Standard Acupuncture Point Locations in the Western Pacific Region. World Health Organization (WHO), WHO Regional Office for the Western Pacific, 2008. Page 196. https://iris.who.int/handle/10665/353407"
http://purl.org/tara/ontology/TARA_2016600,TARA:2016600,LR 10,Meridian Acupuncture Point,"LIV 10, LV 10, Liver 10",Zuwuli,足五里,Liver Meridian,,"On the medial aspect of the thigh, 3 B-cun distal to ST 30, over the artery.",hindlimb stylopod,Puncture perpendicularly 0.5-1.0 inch. Moxibustion is applicable.,"retention of urine, lower abdominal distension, lower abdominal fullness","The genitofemoral nerve, the anterior femoral cutaneous nerve; deeper, the anterior branch of the obturator nerve.",,The superficial branches of the medial circumflex femoral artery and vein.,,,"[Acupuncture Method, Vasculature, Innervation, Indications] Chinese Acupuncture and Moxibustion. Edited by C. Xinnong, Rev. Ed., Foreign Languages Press, Beijing, China, 1999. Ch. 9, Acupuncture Points of the Jueyin and Shaoyang Meridians. ISBN 978-7-119-01758-7.
[Acupoint Location, Pinyin Label, Chinese Label] WHO Standard Acupuncture Point Locations in the Western Pacific Region. World Health Organization (WHO), WHO Regional Office for the Western Pacific, 2008. Page 200. https://iris.who.int/handle/10665/353407"
http://purl.org/tara/ontology/TARA_1330972,TARA:1330972,LR 11,Meridian Acupuncture Point,"LIV 11, LV 11, Liver 11",Yinlian,陰(阴)廉,Liver Meridian,,"On the medial aspect of the thigh, 2 B-cun distal to ST 30.
 - Note: LR 11 is located lateral to the adductor longus muscle. When the thigh is adducted against resistance with the hip slightly flexed and abducted, the knee flexed, the adductor longus muscle becomes more distinct.",hindlimb stylopod (adductor longus),Puncture perpendicularly 0.5-1.0 inch. Moxibustion is applicable.,"irregular menstruation, lower abdominal pain, leukorrhea, pain in the leg, pain in the thigh","The genitofemoral nerve, the branch of the medial femoral cutaneous nerve; deeper, the anterior branch of the obturator nerve.",,The branches of the medial circumflex femoral artery and vein.,,,"[Acupuncture Method, Vasculature, Innervation, Indications] Chinese Acupuncture and Moxibustion. Edited by C. Xinnong, Rev. Ed., Foreign Languages Press, Beijing, China, 1999. Ch. 9, Acupuncture Points of the Jueyin and Shaoyang Meridians. ISBN 978-7-119-01758-7.
[Acupoint Location, Pinyin Label, Chinese Label] WHO Standard Acupuncture Point Locations in the Western Pacific Region. World Health Organization (WHO), WHO Regional Office for the Western Pacific, 2008. Page 201. https://iris.who.int/handle/10665/353407"
http://purl.org/tara/ontology/TARA_3705619,TARA:3705619,LR 12,Meridian Acupuncture Point,"LIV 12, LV 12, Liver 12",Jimai,急脈(脉),Liver Meridian,,"In the groin region, at the same level as the superior border of the pubic symphysis, and 2.5 B-cun lateral to the anterior median line.","inguinal part of abdomen (anterior median line, pubic symphysis)",Moxibustion is applicable.,"hernia, lower abdominal pain, pain in the external genitalia","The ilioinguinal nerve; deeper, in the inferior aspect, the anterior branch of the obturator nerve.",,"The branches of the external pudendal artery and vein, the pubic branches of the inferior epigastric artery and vein; laterally, the femoral veIn.",,,"[Acupuncture Method, Vasculature, Innervation, Indications] Chinese Acupuncture and Moxibustion. Edited by C. Xinnong, Rev. Ed., Foreign Languages Press, Beijing, China, 1999. Ch. 9, Acupuncture Points of the Jueyin and Shaoyang Meridians. ISBN 978-7-119-01758-7.
[Acupoint Location, Pinyin Label, Chinese Label] WHO Standard Acupuncture Point Locations in the Western Pacific Region. World Health Organization (WHO), WHO Regional Office for the Western Pacific, 2008. Page 201. https://iris.who.int/handle/10665/353407"
http://purl.org/tara/ontology/TARA_0794971,TARA:0794971,LR 13,Meridian Acupuncture Point,"Front-Mu Point of the Spleen, Influential Point of Zang Organs, LIV 13, LV 13, Liver 13",Zhangmen,章門(门),Liver Meridian,"Influential Point of the Zang Organs, Front-Mu Point of the Spleen","On the lateral abdomen, inferior to the free extremity of the 11th rib.
 - Note: LR 13 can be located while the subject is lying on the side with the shoulder flexed. The free extremity of the 11th rib can be palpated below the inferior border of the costal arch.","abdomen (rib 11, costal arch)",Puncture perpendicularly 0.5-0.8 inch. Moxibustion is applicable.,"vomiting, indigestion, abdominal distension, pain in the hypochondriac region, borborygmus, diarrhea","Slightly inferiorly, the tenth intercostal nerve.",,The terminal branch of the tenth intercostal artery.,,,"[Acupoint Location, Pinyin Label, Chinese Label] WHO Standard Acupuncture Point Locations in the Western Pacific Region. World Health Organization (WHO), WHO Regional Office for the Western Pacific, 2008. Page 202. https://iris.who.int/handle/10665/353407
[Acupuncture Method, Vasculature, Innervation, Indications] Chinese Acupuncture and Moxibustion. Edited by C. Xinnong, Rev. Ed., Foreign Languages Press, Beijing, China, 1999. Ch. 9, Acupuncture Points of the Jueyin and Shaoyang Meridians. ISBN 978-7-119-01758-7."
http://purl.org/tara/ontology/TARA_7479763,TARA:7479763,LR 14,Meridian Acupuncture Point,"Front-Mu Point of the Liver, LIV 14, LV 14, Liver 14",Qimen,期門(门),Liver Meridian,Front-Mu Point of the Liver,"In the anterior thoracic region, in the sixth intercostal space, 4 B-cun lateral to the anterior median line.
 - Note: LR 14 is inferior to the centre of the nipple, 2 B-cun lateral to ST 19. In females, LR 14 is located at the intersection of the midclavicular line and the sixth intercostal space.","anterior chest (nipple, anterior median line, sixth intercostal space)",Puncture obliquely 0.3-0.5 inch. Moxibustion is applicable.,"febrile disease, hiccup, abdominal distension, acid regurgitation, depression, hypochondriac pain, mastitis",The sixth intercostal nerve.,,The sixth intercostal artery and vein.,,,"[Acupoint Location, Pinyin Label, Chinese Label] WHO Standard Acupuncture Point Locations in the Western Pacific Region. World Health Organization (WHO), WHO Regional Office for the Western Pacific, 2008. Page 202. https://iris.who.int/handle/10665/353407
[Acupuncture Method, Vasculature, Innervation, Indications] Chinese Acupuncture and Moxibustion. Edited by C. Xinnong, Rev. Ed., Foreign Languages Press, Beijing, China, 1999. Ch. 9, Acupuncture Points of the Jueyin and Shaoyang Meridians. ISBN 978-7-119-01758-7."
http://purl.org/tara/ontology/TARA_5047952,TARA:5047952,LR 14 (Female),Meridian Acupuncture Point,Liver 14 (Female),,,Liver Meridian,,"In the anterior thoracic region, in the sixth intercostal space, 4 B-cun lateral to the anterior median line.
 - Note: LR 14 is inferior to the centre of the nipple, 2 B-cun lateral to ST 19. In females, LR 14 is located at the intersection of the midclavicular line and the sixth intercostal space.","anterior chest (nipple, anterior median line, sixth intercostal space, midclavicular line)",Puncture obliquely 0.3-0.5 inch. Moxibustion is applicable.,"febrile disease, hiccup, abdominal distension, acid regurgitation, depression, hypochondriac pain, mastitis",The sixth intercostal nerve.,,The sixth intercostal artery and vein.,,,"[Acupoint Location, Pinyin Label, Chinese Label] WHO Standard Acupuncture Point Locations in the Western Pacific Region. World Health Organization (WHO), WHO Regional Office for the Western Pacific, 2008. Page 202. https://iris.who.int/handle/10665/353407
[Acupuncture Method, Vasculature, Innervation, Indications] Chinese Acupuncture and Moxibustion. Edited by C. Xinnong, Rev. Ed., Foreign Languages Press, Beijing, China, 1999. Ch. 9, Acupuncture Points of the Jueyin and Shaoyang Meridians. ISBN 978-7-119-01758-7."
http://purl.org/tara/ontology/TARA_1317028,TARA:1317028,LR 14 (Male),Meridian Acupuncture Point,Liver 14 (Male),,,Liver Meridian,,"In the anterior thoracic region, in the sixth intercostal space, 4 B-cun lateral to the anterior median line.
 - Note: LR 14 is inferior to the centre of the nipple, 2 B-cun lateral to ST 19. In females, LR 14 is located at the intersection of the midclavicular line and the sixth intercostal space.","anterior chest (nipple, anterior median line, sixth intercostal space)",Puncture obliquely 0.3-0.5 inch. Moxibustion is applicable.,"febrile disease, hiccup, abdominal distension, acid regurgitation, depression, hypochondriac pain, mastitis",The sixth intercostal nerve.,,The sixth intercostal artery and vein.,,,"[Acupoint Location, Pinyin Label, Chinese Label] WHO Standard Acupuncture Point Locations in the Western Pacific Region. World Health Organization (WHO), WHO Regional Office for the Western Pacific, 2008. Page 202. https://iris.who.int/handle/10665/353407
[Acupuncture Method, Vasculature, Innervation, Indications] Chinese Acupuncture and Moxibustion. Edited by C. Xinnong, Rev. Ed., Foreign Languages Press, Beijing, China, 1999. Ch. 9, Acupuncture Points of the Jueyin and Shaoyang Meridians. ISBN 978-7-119-01758-7."
http://purl.org/tara/ontology/TARA_6862058,TARA:6862058,LR 2,Meridian Acupuncture Point,"LIV 2, LV 2, Liver 2",Xingjian,行間(间),Liver Meridian,Ying-Spring Point,"On the dorsum of the foot, between the first and second toes, proximal to the web margin, at the border between the red and white flesh.","pes (pedal digit 2, pedal digit 1)",Puncture obliquely 0.3-0.5 inch. Moxibustion is applicable.,"deviation of the mouth, epilepsy, headache, insomnia, pain in the eye, swelling of the eye, abdominal distension, irregular menstruation, retention of urine, convulsion, dizziness, vertigo, hernia, pain in the hypochondrium, congestion, painful urination",The site where the dorsal digital nerves split from the lateral dorsal metatarsal nerve of the deep peroneal nerve.,,The dorsal venous network of the foot and the first dorsal digital artery and vein.,,,"[Acupuncture Method, Vasculature, Innervation, Indications] Chinese Acupuncture and Moxibustion. Edited by C. Xinnong, Rev. Ed., Foreign Languages Press, Beijing, China, 1999. Ch. 9, Acupuncture Points of the Jueyin and Shaoyang Meridians. ISBN 978-7-119-01758-7.
[Acupoint Location, Pinyin Label, Chinese Label] WHO Standard Acupuncture Point Locations in the Western Pacific Region. World Health Organization (WHO), WHO Regional Office for the Western Pacific, 2008. Page 196. https://iris.who.int/handle/10665/353407"
http://purl.org/tara/ontology/TARA_6499349,TARA:6499349,LR 3,Meridian Acupuncture Point,"LIV 3, LV 3, Liver 3",Taichong,太衝(冲),Liver Meridian,"Yuan-Primary Point, Shu-Stream Point","On the dorsum of the foot, between the first and second metatarsal bones, in the depression distal to the junction of the bases of the two bones, over the dorsalis pedis artery.
 - Note: LR 3 can be felt in the depression when moving proximally from LR 2 in the gap between the first and second metatarsal bones towards the base of two metatarsal bones.","pes (metatarsal bone of digit 1, dorsalis pedis artery, metatarsal bone of digit 2)",Puncture perpendicularly 0.3-0.5 inch. Moxibustion is applicable.,"deviation of the mouth, epilepsy, infantile convulsion, headache, insomnia, pain in the eye, swelling of the eye, enuresis, depression, pain in the hypochondriac region, retention of urine, dizziness, vertigo, hernia, uterine bleeding, congestion, pain in the anterior aspect of the medial malleolus",The branch of the deep peroneal nerve.,,"The dorsal venous network of the foot, the first dorsal metatarsal artery.",,,"[Acupuncture Method, Vasculature, Innervation, Indications] Chinese Acupuncture and Moxibustion. Edited by C. Xinnong, Rev. Ed., Foreign Languages Press, Beijing, China, 1999. Ch. 9, Acupuncture Points of the Jueyin and Shaoyang Meridians. ISBN 978-7-119-01758-7.
[Acupoint Location, Pinyin Label, Chinese Label] WHO Standard Acupuncture Point Locations in the Western Pacific Region. World Health Organization (WHO), WHO Regional Office for the Western Pacific, 2008. Page 197. https://iris.who.int/handle/10665/353407"
http://purl.org/tara/ontology/TARA_4325595,TARA:4325595,LR 4,Meridian Acupuncture Point,"LIV 4, LV 4, Liver 4",Zhongfeng,中封,Liver Meridian,Jing-River Point,"On the anteromedial aspect of the ankle, in the depression medial to the tibialis anterior tendon, anterior to the medial malleolus.
 - Note: LR 4 is located midway between SP 5 and ST 41.","tarsal region (tibialis anterior tendon, medial malleolus)",Puncture perpendicularl 0.3-0.5 inch. Moxibustion is applicable.,"nocturnal emission, retention of urine, hernia, pain in the external genitalia, distending pain in the hypochondrium",The branch of the medial dorsal cutaneous nerve of the foot and the saphenous nerve.,,The dorsal venous ne work of the foot and the anterior medial malleolar artery.,,,"[Acupuncture Method, Vasculature, Innervation, Indications] Chinese Acupuncture and Moxibustion. Edited by C. Xinnong, Rev. Ed., Foreign Languages Press, Beijing, China, 1999. Ch. 9, Acupuncture Points of the Jueyin and Shaoyang Meridians. ISBN 978-7-119-01758-7.
[Acupoint Location, Pinyin Label, Chinese Label] WHO Standard Acupuncture Point Locations in the Western Pacific Region. World Health Organization (WHO), WHO Regional Office for the Western Pacific, 2008. Page 197. https://iris.who.int/handle/10665/353407"
http://purl.org/tara/ontology/TARA_0780558,TARA:0780558,LR 5,Meridian Acupuncture Point,"LIV 5, LV 5, Liver 5",Ligou,蠡溝(沟),Liver Meridian,Luo-Connecting Point,"On the anteromedial aspect of the leg, at the centre of the medial border (surface) of the tibia, 5 B-cun proximal to the prominence of the medial malleolus.
 - Note: LR 5 is located at the same level as the upper two thirds and lower one third of the line connecting the apex of the patella with the prominence of the medial malleolus, at the centre of the medial border (surface) of the tibia, at the same level as KI 9.","hindlimb zeugopod (tibia, patella, medial malleolus)",Puncture subcutaneously 0.3-0.5 inch. Moxibustion is applicable.,"enuresis, irregular menstruation, retention of urine, hernia, leukorrhea, weakness of the leg, atrophy of the leg, pruritus vulvae",The branch of the saphenous nerve.,,"Posteriorly, the great saphenous vein.",,,"[Acupuncture Method, Vasculature, Innervation, Indications] Chinese Acupuncture and Moxibustion. Edited by C. Xinnong, Rev. Ed., Foreign Languages Press, Beijing, China, 1999. Ch. 9, Acupuncture Points of the Jueyin and Shaoyang Meridians. ISBN 978-7-119-01758-7.
[Acupoint Location, Pinyin Label, Chinese Label] WHO Standard Acupuncture Point Locations in the Western Pacific Region. World Health Organization (WHO), WHO Regional Office for the Western Pacific, 2008. Page 198. https://iris.who.int/handle/10665/353407"
http://purl.org/tara/ontology/TARA_8267317,TARA:8267317,LR 6,Meridian Acupuncture Point,"LIV 6, LV 6, Liver 6",Zhongdu,中都(都),Liver Meridian,Xi-Cleft Point,"On the anteromedial aspect of the leg, at the centre of the medial border (surface) of the tibia, 7 B-cun proximal to the prominence of the medial malleolus.
 - Note: LR 6 is located at 0.5 B-cun inferior to the midpoint of the line connecting the apex of the patella with the prominence of the medial malleolus, at the centre of the medial border (surface) of the tibia.","hindlimb zeugopod (tibia, patella, medial malleolus)",Puncture subcutaneously 0.5-0.8 inch. Moxibustion is applicable.,"hypochondriac pain, hernia, abdominal pain, diarrhea, prolonged lochia, uterine bleeding",The branch of the saphenous nerve.,,The great saphenous vem.,,,"[Acupuncture Method, Vasculature, Innervation, Indications] Chinese Acupuncture and Moxibustion. Edited by C. Xinnong, Rev. Ed., Foreign Languages Press, Beijing, China, 1999. Ch. 9, Acupuncture Points of the Jueyin and Shaoyang Meridians. ISBN 978-7-119-01758-7.
[Acupoint Location, Pinyin Label, Chinese Label] WHO Standard Acupuncture Point Locations in the Western Pacific Region. World Health Organization (WHO), WHO Regional Office for the Western Pacific, 2008. Page 198. https://iris.who.int/handle/10665/353407"
http://purl.org/tara/ontology/TARA_3966458,TARA:3966458,LR 7,Meridian Acupuncture Point,"LIV 7, LV 7, Liver 7",Xiguan,"膝關(关,関)",Liver Meridian,,"On the tibial aspect of the leg, inferior to the medial condyle of the tibia, 1 B-cun posterior to SP 9.",hindlimb zeugopod (medial condyle of tibia),Puncture perpendicularly 0.5-1.0 inch. Moxibustion is applicable.,,"The branch of the medial sural cutaneous nerve; deeper, the tibial nerve.",,"Deeper, the posterior tibial artery.",,,"[Acupuncture Method, Vasculature, Innervation, Indications] Chinese Acupuncture and Moxibustion. Edited by C. Xinnong, Rev. Ed., Foreign Languages Press, Beijing, China, 1999. Ch. 9, Acupuncture Points of the Jueyin and Shaoyang Meridians. ISBN 978-7-119-01758-7.
[Acupoint Location, Pinyin Label, Chinese Label] WHO Standard Acupuncture Point Locations in the Western Pacific Region. World Health Organization (WHO), WHO Regional Office for the Western Pacific, 2008. Page 199. https://iris.who.int/handle/10665/353407"
http://purl.org/tara/ontology/TARA_1074531,TARA:1074531,LR 8,Meridian Acupuncture Point,"LIV 8, LV 8, Liver 8",Ququan,曲泉,Liver Meridian,He-Sea Point,"On the medial aspect of the knee, in the depression medial to the tendons of the semitendinosus and the semimembranosus muscles, at the medial end of the popliteal crease.
 - Note: With the knee flexed, LR 8 is located in the depression medial to the most prominent tendon on the medial end of the popliteal crease.","knee (semimembranosus muscle, popliteal crease, tendon of semitendinosus)",Puncture perpendicularly 0.5-0.8 inch. Moxibustion is applicable.,"nocturnal emission, retention of urine, lower abdominal pain, pain in the external genitalia, prolapse of the uterus, pruritus vulvae, pain in the medial aspect of the knee, pain in the medial aspect of the thigh",The saphenous.,,"Anteriorly, the great saphenous vein, on the pathway of the genu su prema artery.",,,"[Acupuncture Method, Vasculature, Innervation, Indications] Chinese Acupuncture and Moxibustion. Edited by C. Xinnong, Rev. Ed., Foreign Languages Press, Beijing, China, 1999. Ch. 9, Acupuncture Points of the Jueyin and Shaoyang Meridians. ISBN 978-7-119-01758-7.
[Acupoint Location, Pinyin Label, Chinese Label] WHO Standard Acupuncture Point Locations in the Western Pacific Region. World Health Organization (WHO), WHO Regional Office for the Western Pacific, 2008. Page 199. https://iris.who.int/handle/10665/353407"
http://purl.org/tara/ontology/TARA_1137686,TARA:1137686,LR 9,Meridian Acupuncture Point,"LIV 9, LV 9, Liver 9",Yinbao,陰(阴)包(包),Liver Meridian,,"On the medial aspect of the thigh, between the gracilis and the sartorius muscles, 4 B-cun proximal to the base of the patella.
 - Note: With the hip slightly flexed and abducted and with the muscle under tension, the sartorius muscle becomes more distinct. LR 9 is located posterior to the sartorius muscle.","hindlimb stylopod (gracilis, sartorius muscle, patella)",Puncture perpendicularly 0.5-0.7 inch. Moxibustion is applicable.,"enuresis, irregular menstruation, retention of urine, lower abdominal pain, pain in the lumbosacral region","The anterior femoral cutaneous nerve, on the pathway of the anterior branch of the obturator nerve.",,"Deeper, on the lateral side, the femoral artery and vein, the superficial branch of the medial circumflex femoral artery.",,,"[Acupuncture Method, Vasculature, Innervation, Indications] Chinese Acupuncture and Moxibustion. Edited by C. Xinnong, Rev. Ed., Foreign Languages Press, Beijing, China, 1999. Ch. 9, Acupuncture Points of the Jueyin and Shaoyang Meridians. ISBN 978-7-119-01758-7.
[Acupoint Location, Pinyin Label, Chinese Label] WHO Standard Acupuncture Point Locations in the Western Pacific Region. World Health Organization (WHO), WHO Regional Office for the Western Pacific, 2008. Page 200. https://iris.who.int/handle/10665/353407"
http://purl.org/tara/ontology/TARA_0913913,TARA:0913913,LU 1,Meridian Acupuncture Point,"Front-Mu Point of the Lung, L 1, Lung 1",Zhongfu,中府,Lung Meridian,Front-Mu Point of the Lung,"On the anterior thoracic region, at the same level as the first intercostal space, lateral to the infraclavicular fossa, 6 B-cun lateral to the anterior median line.
 - Note 1: After locating LU 2, LU 1 is located 1 B-cun inferior to LU 2.
 - Note 2: ST 14, KI 26, CV 20 and LU 1 are located on the transverse line along the first intercostal space.","anterior chest (anterior median line, first intercostal space, infraclavicular fossa)","Puncture obliquely 0.5-0.8 cun towards the lateral aspect of the chest. To avoid injuring the lung, never puncture deeply towards the medial aspect. Moxibustion is applicable.","asthma, cough, pain in the chest, pain in the shoulder, fullness in the chest, pain in the back","The intermediate supraclavicular nerve, the branches of the anterior thoracic nerve, and the lateral cutaneous branch of the first intercostal nerve.","medial pectoral nerve, First intercostal nerve, Intermediate supraclavicular nerve","Superolaterally, the axillary artery and vein, the thoracoacromial artery and vein.","thoraco-acromial artery, axillary artery","thoracoacromial vein, axillary vein","[Acupuncture Method, Vasculature, Innervation, Indications] Chinese Acupuncture and Moxibustion. Edited by C. Xinnong, Rev. Ed., Foreign Languages Press, Beijing, China, 1999. Ch. 7, Acupuncture Points of the Taiyin and Yangming Meridians. ISBN 978-7-119-01758-7.
[Acupoint Location, Pinyin Label, Chinese Label] WHO Standard Acupuncture Point Locations in the Western Pacific Region. World Health Organization (WHO), WHO Regional Office for the Western Pacific, 2008. Page 26. https://iris.who.int/handle/10665/353407"
http://purl.org/tara/ontology/TARA_2459635,TARA:2459635,LU 10,Meridian Acupuncture Point,"L 10, Lung 10",Yuji,魚(鱼)際(际),Lung Meridian,Ying-Spring Point,"On the palm, radial to the midpoint of the first metacarpal bone, at the border between the red and white flesh.",palmar part of manus (metacarpal bone of digit 1),Puncture perpendicularly 0.5-0.8 inch. Moxibustion is applicable.,"loss of voice, sore throat, cough, feverish sensation in the palm, hemoptysis, fever",The superficial ramus of the radial nerve.,superficial branch of radial nerve,Venules of the thumb draining to the cephalic vein.,,cephalic vein,"[Acupuncture Method, Vasculature, Innervation, Indications] Chinese Acupuncture and Moxibustion. Edited by C. Xinnong, Rev. Ed., Foreign Languages Press, Beijing, China, 1999. Ch. 7, Acupuncture Points of the Taiyin and Yangming Meridians. ISBN 978-7-119-01758-7.
[Acupoint Location, Pinyin Label, Chinese Label] WHO Standard Acupuncture Point Locations in the Western Pacific Region. World Health Organization (WHO), WHO Regional Office for the Western Pacific, 2008. Page 30. https://iris.who.int/handle/10665/353407"
http://purl.org/tara/ontology/TARA_0831517,TARA:0831517,LU 11,Meridian Acupuncture Point,"L 11, Lung 11",Shaoshang,少商,Lung Meridian,Jing-Well Point,"On the thumb, radial to the distal phalanx, 0.1 f-cun proximal-lateral to the radial corner of the thumb nail, at the intersection of the vertical line of the radial border and the horizontal line of the base of the thumb nail.","manual digit 1 (nail of manual digit 1, distal phalanx)","Puncture 0.1 inch, or prick the point to cause bleeding.","sore throat, asthma, cough, mania, epistaxis, loss of consciousness, fever, spasmodic pain of the thumb",The terminal nerve network formed by the mixed branches of the lateral antebrachial cutaneous nerve and the superficial ramus of the radial nerve as well as the palmar digital proprial nerve of the median nerve.,"proper palmar digital branches of median nerve, palmar digital nerve, lateral cutaneous nerve of the forearm, superficial branch of radial nerve",The arterial and venous network formed by the proper palmar digital artery and veins.,proper palmar digital artery,proper palmar digital vein,"[Acupuncture Method, Vasculature, Innervation, Indications] Chinese Acupuncture and Moxibustion. Edited by C. Xinnong, Rev. Ed., Foreign Languages Press, Beijing, China, 1999. Ch. 7, Acupuncture Points of the Taiyin and Yangming Meridians. ISBN 978-7-119-01758-7.
[Acupoint Location, Pinyin Label, Chinese Label] WHO Standard Acupuncture Point Locations in the Western Pacific Region. World Health Organization (WHO), WHO Regional Office for the Western Pacific, 2008. Page 31. https://iris.who.int/handle/10665/353407"
http://purl.org/tara/ontology/TARA_0540755,TARA:0540755,LU 2,Meridian Acupuncture Point,"L 2, Lung 2",Yunmen,雲(云)門(门),Lung Meridian,,"On the anterior thoracic region, in the depression of the infraclavicular fossa, medial to the coracoid process of the scapula, 6 B-cun lateral to the anterior median line.
 - Note 1: After identifying the deltopectoral triangle when the arm is flexed and slightly abducted against resistance, LU 2 is in the centre of the deltopectoral triangle.
 - Note 2: ST 13, KI 27, CV 21 and LU 2 are located on the transverse line along the inferior border of the clavicle.","anterior chest (anterior median line, coracoid process of scapula, clavipectoral triangle, infraclavicular fossa)","Puncture obliquely 0.5-0.8 inch towards the lateral aspect of the chest. To avoid injuring the lung, never puncture deeply towards the medial aspect. Moxibustion is applicable.","asthma, cough, pain in the chest, pain in the arm, pain in the shoulder, fullness in the chest","The intermediate and lateral supraclavicular nerve, the branches of the anterior thoracic nerve, and the lateral cord of the brachial plexus.","medial pectoral nerve, brachial nerve plexus, Intermediate supraclavicular nerve, Lateral supraclavicular nerve","The cephalic vein, the thoracoacromial artery and vein; inferiorly, the axillary artery.","thoraco-acromial artery, axillary artery","cephalic vein, thoracoacromial vein","[Acupuncture Method, Vasculature, Innervation, Indications] Chinese Acupuncture and Moxibustion. Edited by C. Xinnong, Rev. Ed., Foreign Languages Press, Beijing, China, 1999. Ch. 7, Acupuncture Points of the Taiyin and Yangming Meridians. ISBN 978-7-119-01758-7.
[Acupoint Location, Pinyin Label, Chinese Label] WHO Standard Acupuncture Point Locations in the Western Pacific Region. World Health Organization (WHO), WHO Regional Office for the Western Pacific, 2008. Page 26. https://iris.who.int/handle/10665/353407"
http://purl.org/tara/ontology/TARA_3888808,TARA:3888808,LU 3,Meridian Acupuncture Point,"L 3, Lung 3",Tianfu,天府,Lung Meridian,,"On the anterolateral aspect of the arm, just lateral to the border of the biceps brachii muscle, 3 B-cun inferior to the anterior axillary fold.
 - Note: Longitudinally, LU 3 is located at the same level as the junction of the upper one third and lower two thirds of the line connecting the level with anterior axillary fold to LU 5.","arm (biceps brachii, anterior axillary fold)",Puncture perpendicularly 0.5-1 inch.,"asthma, pain in the medial aspect of the upper arm, epistaxis",The lateral brachial cutaneous nerve at the place where the musculocutaneous nerve passes through.,"Lateral brachial cutaneous nerve, musculocutaneous nerve",The cephalic vein and muscular branches of the brachial artery and vein.,brachial artery,"cephalic vein, brachial vein","[Acupuncture Method, Vasculature, Innervation, Indications] Chinese Acupuncture and Moxibustion. Edited by C. Xinnong, Rev. Ed., Foreign Languages Press, Beijing, China, 1999. Ch. 7, Acupuncture Points of the Taiyin and Yangming Meridians. ISBN 978-7-119-01758-7.
[Acupoint Location, Pinyin Label, Chinese Label] WHO Standard Acupuncture Point Locations in the Western Pacific Region. World Health Organization (WHO), WHO Regional Office for the Western Pacific, 2008. Page 27. https://iris.who.int/handle/10665/353407"
http://purl.org/tara/ontology/TARA_4192847,TARA:4192847,LU 4,Meridian Acupuncture Point,"L 4, Lung 4",Xiabai,俠(侠)白,Lung Meridian,,"On the anterolateral aspect of the arm, just lateral to the border of the biceps brachii muscle, 4 B-cun inferior to the anterior axillary fold.","arm (biceps brachii, anterior axillary fold)",Puncture perpendicularly 0.5-1 inch. Moxibustion is applicable.,"cough, fullness in the chest, pain in the medial aspect of the upper arm",The lateral brachial cutaneous nerve at the place where the musculo-cutaneous never passes through.,"Lateral brachial cutaneous nerve, musculocutaneous nerve","The cephalic vein, cular branches of the brachial artery and vein.",brachial artery,"cephalic vein, brachial vein","[Acupuncture Method, Vasculature, Innervation, Indications] Chinese Acupuncture and Moxibustion. Edited by C. Xinnong, Rev. Ed., Foreign Languages Press, Beijing, China, 1999. Ch. 7, Acupuncture Points of the Taiyin and Yangming Meridians. ISBN 978-7-119-01758-7.
[Acupoint Location, Pinyin Label, Chinese Label] WHO Standard Acupuncture Point Locations in the Western Pacific Region. World Health Organization (WHO), WHO Regional Office for the Western Pacific, 2008. Page 27. https://iris.who.int/handle/10665/353407"
http://purl.org/tara/ontology/TARA_1357729,TARA:1357729,LU 5,Meridian Acupuncture Point,"L 5, Lung 5",Chize,"尺澤(泽,沢)",Lung Meridian,He-Sea Point,"On the anterior aspect of the elbow, at the cubital crease, in the depression lateral to the biceps brachii tendon.
 - Note: With the elbow flexed, LU 5 is located at the cubital crease, between LI 11 and PC 3, separated from PC 3 by the biceps brachii tendon.","elbow (cubital crease, tendon of biceps brachii)",puncture perpendicularly 0.5-1 inch.,"infantile convulsion, mastitis, sore throat, asthma, cough, fullness in the chest, hemoptysis, spasmodic pain of the arm, spasmodic pain of the elbow, afternoon fever",The lateral antebrachial cutaneous nerve and the radial nerve.,"radial nerve, lateral cutaneous nerve of the forearm","The branches of the radial recurrent artery and vein, the cephalic vein.",Radial recurrent artery,"cephalic vein, Radial recurrent vein","[Acupuncture Method, Vasculature, Innervation, Indications] Chinese Acupuncture and Moxibustion. Edited by C. Xinnong, Rev. Ed., Foreign Languages Press, Beijing, China, 1999. Ch. 7, Acupuncture Points of the Taiyin and Yangming Meridians. ISBN 978-7-119-01758-7.
[Acupoint Location, Pinyin Label, Chinese Label] WHO Standard Acupuncture Point Locations in the Western Pacific Region. World Health Organization (WHO), WHO Regional Office for the Western Pacific, 2008. Page 28. https://iris.who.int/handle/10665/353407"
http://purl.org/tara/ontology/TARA_3496812,TARA:3496812,LU 6,Meridian Acupuncture Point,"L 6, Lung 6",Kongzui,孔最,Lung Meridian,Xi-Cleft Point,"On the anterolateral aspect of the forearm, on the line connecting LU 5 with LU 9, 7 B-cun superior to the palmar wrist crease.
 - Note: LU 6 is 5 B-cun inferior to LU 5, 1 B-cun superior to the midpoint of the line connecting LU 5 with LU 9.",forelimb zeugopod (palmar wrist crease),Puncture perpendicularly 0.5-1 inch. Moxibustion is applicable.,"sore throat, asthma, cough, pain in the chest, hemoptysis, spasmodic pain of the arm, spasmodic pain of the elbow",The lateral antebrachial cutaneous nerve and the superficial ramus of the radial nerve.,"lateral cutaneous nerve of the forearm, superficial branch of radial nerve","The cephalic vein, the radial artery and vein.",radial artery,"cephalic vein, radial vein","[Acupuncture Method, Vasculature, Innervation, Indications] Chinese Acupuncture and Moxibustion. Edited by C. Xinnong, Rev. Ed., Foreign Languages Press, Beijing, China, 1999. Ch. 7, Acupuncture Points of the Taiyin and Yangming Meridians. ISBN 978-7-119-01758-7.
[Acupoint Location, Pinyin Label, Chinese Label] WHO Standard Acupuncture Point Locations in the Western Pacific Region. World Health Organization (WHO), WHO Regional Office for the Western Pacific, 2008. Page 28. https://iris.who.int/handle/10665/353407"
http://purl.org/tara/ontology/TARA_3515622,TARA:3515622,LU 7,Meridian Acupuncture Point,"L 7, Lung 7",Lieque,列缺,Lung Meridian,"Luo-Connecting Point, Confluent Point","On the radial aspect of the forearm, between the tendons of the abductor pollicis longus and the extensor pollicis brevis muscles, in the groove for the abductor pollicis longus tendon, 1.5 B-cun superior to the palmar wrist crease.","forelimb zeugopod (extensor pollicis brevis muscle, palmar wrist crease, abductor pollicis longus tendon)",,"headache, sore throat, asthma, cough, neck rigidity, pain in the wrist, migraine, facial paralysis, toothache, weakness of the wrist",The lateral antebrachial cutaneous nerve and the superficial ramus of the radial nerve.,"lateral cutaneous nerve of the forearm, superficial branch of radial nerve","The cephalic vein, branches of the radial artery and vein.",radial artery,"cephalic vein, radial vein","[Acupuncture Method, Vasculature, Innervation, Indications] Chinese Acupuncture and Moxibustion. Edited by C. Xinnong, Rev. Ed., Foreign Languages Press, Beijing, China, 1999. Ch. 7, Acupuncture Points of the Taiyin and Yangming Meridians. ISBN 978-7-119-01758-7.
[Acupoint Location, Pinyin Label, Chinese Label] WHO Standard Acupuncture Point Locations in the Western Pacific Region. World Health Organization (WHO), WHO Regional Office for the Western Pacific, 2008. Page 29. https://iris.who.int/handle/10665/353407"
http://purl.org/tara/ontology/TARA_6531052,TARA:6531052,LU 8,Meridian Acupuncture Point,"L 8, Lung 8",Jingqu,"經(经,経)渠",Lung Meridian,Jing-River Point,"On the anterolateral aspect of the forearm, between the radial styloid process and the radial artery, 1 B-cun superior to the palmar wrist crease.
 - Note: 1 B-cun superior to LU 9.","forelimb zeugopod (radial artery, palmar wrist crease, styloid process of radius)",Puncture perpendicularly 0.1-0.3 inch. Avoid puncturing the radial artery.,"sore throat, asthma, cough, pain in the chest, pain in the wrist, fever",The lateral antebrachial cutaneous nerve and the superficial branch of the radial nerve.,"lateral cutaneous nerve of the forearm, superficial branch of radial nerve","Laterally, the radial artery and vein.",radial artery,radial vein,"[Acupuncture Method, Vasculature, Innervation, Indications] Chinese Acupuncture and Moxibustion. Edited by C. Xinnong, Rev. Ed., Foreign Languages Press, Beijing, China, 1999. Ch. 7, Acupuncture Points of the Taiyin and Yangming Meridians. ISBN 978-7-119-01758-7.
[Acupoint Location, Pinyin Label, Chinese Label] WHO Standard Acupuncture Point Locations in the Western Pacific Region. World Health Organization (WHO), WHO Regional Office for the Western Pacific, 2008. Page 29. https://iris.who.int/handle/10665/353407"
http://purl.org/tara/ontology/TARA_8122277,TARA:8122277,LU 9,Meridian Acupuncture Point,"Influential Point of Vessels, L 9, Lung 9",Taiyuan,太淵(渊),Lung Meridian,"Yuan-Primary Point, Influential Point of Pulse and Vessels, Shu-Stream Point","On the anterolateral aspect of the wrist, between the radial styloid process and the scaphoid bone, in the depression ulnar to the abductor pollicis longus tendon.
 - Note: On the radial side of the palmar wrist crease, over the radial artery.","carpal region (radiale, radial artery, palmar wrist crease, styloid process of radius, abductor pollicis longus tendon)",Puncture perpendicularly 0.2-0.3 inch. Avoid puncturing the radial artery. Moxibustion is applicable.,"sore throat, asthma, cough, pain in the chest, pain in the arm, pain in the wrist, palpitation, hemoptysis",The lateral antebrachial cutaneous nerve and superficial branch of the radial nerve.,"lateral cutaneous nerve of the forearm, superficial branch of radial nerve",The radial artery and vein.,radial artery,radial vein,"[Acupuncture Method, Vasculature, Innervation, Indications] Chinese Acupuncture and Moxibustion. Edited by C. Xinnong, Rev. Ed., Foreign Languages Press, Beijing, China, 1999. Ch. 7, Acupuncture Points of the Taiyin and Yangming Meridians. ISBN 978-7-119-01758-7.
[Acupoint Location, Pinyin Label, Chinese Label] WHO Standard Acupuncture Point Locations in the Western Pacific Region. World Health Organization (WHO), WHO Regional Office for the Western Pacific, 2008. Page 30. https://iris.who.int/handle/10665/353407"
http://purl.org/tara/ontology/TARA_5309570,TARA:5309570,PC 1,Meridian Acupuncture Point,"HC 1, P 1, PE 1, Per 1, Pericardium 1",Tianchi,天池,Pericardium Meridian,,"In the anterior thoracic region, in the fourth intercostal space, 5 B-cun lateral to the anterior median line.","anterior chest (anterior median line, fourth intercostal space)",Puncture obliquely 0.2-0.4 inch. Deep puncture is not advisable.,"pain in the hypochondriac region, swelling of the axillary region, pain in the axillary region, suffocating sensation in the chest","The muscular branch of the anterior thoracic nerve, the fourth intercostal nerve",,"The thoracoepigastric vein, the branches of the lateral thoracic artery and vein.",,,"[Acupuncture Method, Vasculature, Innervation, Indications] Chinese Acupuncture and Moxibustion. Edited by C. Xinnong, Rev. Ed., Foreign Languages Press, Beijing, China, 1999. Ch. 9, Acupuncture Points of the Jueyin and Shaoyang Meridians. ISBN 978-7-119-01758-7.
[Acupoint Location, Pinyin Label, Chinese Label] WHO Standard Acupuncture Point Locations in the Western Pacific Region. World Health Organization (WHO), WHO Regional Office for the Western Pacific, 2008. Page 152. https://iris.who.int/handle/10665/353407"
http://purl.org/tara/ontology/TARA_4819578,TARA:4819578,PC 2,Meridian Acupuncture Point,"HC 2, P 2, PE 2, Per 2, Pericardium 2",Tianquan,天泉,Pericardium Meridian,,"On the anterior aspect of the arm, between the long head and short head of the biceps brachii muscle, 2 B-cun distal to the anterior axillary fold.","arm (biceps brachii, anterior axillary fold)",Puncture perpendicularly 0.5-0.7 inch. Moxibustion is applicable.,"cough, pain in the chest, pain in the back, cardiac pain, distension of the hypochondriac region, pain in the medial aspect of the arm",The medial brachial cutaneous nerve and the musculocutaneous nerve.,,The muscular branches of the brachial artery and vein.,,,"[Acupuncture Method, Vasculature, Innervation, Indications] Chinese Acupuncture and Moxibustion. Edited by C. Xinnong, Rev. Ed., Foreign Languages Press, Beijing, China, 1999. Ch. 9, Acupuncture Points of the Jueyin and Shaoyang Meridians. ISBN 978-7-119-01758-7.
[Acupoint Location, Pinyin Label, Chinese Label] WHO Standard Acupuncture Point Locations in the Western Pacific Region. World Health Organization (WHO), WHO Regional Office for the Western Pacific, 2008. Page 152. https://iris.who.int/handle/10665/353407"
http://purl.org/tara/ontology/TARA_7634323,TARA:7634323,PC 3,Meridian Acupuncture Point,"HC 3, P 3, PE 3, Per 3, Pericardium 3",Quze,"曲澤(泽,沢)",Pericardium Meridian,He-Sea Point,"On the anterior aspect of the elbow, at the cubital crease, in the depression medial to the biceps brachii tendon.
 - Note: When the elbow is flexed at 45 degrees, PC 3 is located medial to the biceps brachii tendon.","elbow (cubital crease, tendon of biceps brachii)","Puncture perpendicularly 0.5-0.7 inch, or prick with a three-edged needle to cause bleeding. Moxibustion is applicable.","febrile disease, vomiting, pain in the arm, pain in the elbow, irritability, stomachache, cardiac pain, palpitation, tremor of the arm, tremor of the hand",The median nerve.,,On the pathway of the brachial artery and vein.,,,"[Acupuncture Method, Vasculature, Innervation, Indications] Chinese Acupuncture and Moxibustion. Edited by C. Xinnong, Rev. Ed., Foreign Languages Press, Beijing, China, 1999. Ch. 9, Acupuncture Points of the Jueyin and Shaoyang Meridians. ISBN 978-7-119-01758-7.
[Acupoint Location, Pinyin Label, Chinese Label] WHO Standard Acupuncture Point Locations in the Western Pacific Region. World Health Organization (WHO), WHO Regional Office for the Western Pacific, 2008. Page 153. https://iris.who.int/handle/10665/353407"
http://purl.org/tara/ontology/TARA_2645290,TARA:2645290,PC 4,Meridian Acupuncture Point,"HC 4, P 4, PE 4, Per 4, Pericardium 4",Ximen,郄門(门),Pericardium Meridian,Xi-Cleft Point,"On the anterior aspect of the forearm, between the tendons of the palmaris longus and the flexor carpi radialis, 5 B-cun proximal to the palmar wrist crease.
 - Note 1: With the fist clenched, the wrist supinated, and the elbow slightly flexed, the two tendons become more prominent. PC 4 is located 1 B-cun distal to the midpoint of the line connecting PC 3 with PC 7.
 - Note 2: If the palmaris longus tendon is not present, PC 4 is medial to the flexor carpi radialis tendon.","forelimb zeugopod (palmar wrist crease, tendon of palmaris longus, tendon of flexor carpi radialis)",Puncture perpendicularly 0.5-1.0 inch. Moxibustion is applicable.,"epilepsy, chest pain, epistaxis, cardiac pain, palpitation, hemoptysis, furuncle, hematemesis","The medial antebrachial cutaneous nerve; deeper, the median nerve; deepest, the anterior interosseous nerve.",,"The median artery and vein; deeper, the anterior interosseous artery and vein.",,,"[Acupuncture Method, Vasculature, Innervation, Indications] Chinese Acupuncture and Moxibustion. Edited by C. Xinnong, Rev. Ed., Foreign Languages Press, Beijing, China, 1999. Ch. 9, Acupuncture Points of the Jueyin and Shaoyang Meridians. ISBN 978-7-119-01758-7.
[Acupoint Location, Pinyin Label, Chinese Label] WHO Standard Acupuncture Point Locations in the Western Pacific Region. World Health Organization (WHO), WHO Regional Office for the Western Pacific, 2008. Page 153. https://iris.who.int/handle/10665/353407"
http://purl.org/tara/ontology/TARA_6477399,TARA:6477399,PC 5,Meridian Acupuncture Point,"HC 5, P 5, PE 5, Per 5, Pericardium 5",Jianshi,間(间)使,Pericardium Meridian,Jing-River Point,"On the anterior aspect of the forearm, between the tendons of the palmaris longus and the flexor carpi radialis, 3 B-cun proximal to the palmar wrist crease.
 - Note 1: With the fist clenched, the wrist supinated and the elbow slightly flexed, the two tendons become more prominent. PC 5 is located 3 B-cun proximal to PC 7.
 - Note 2: If the palmaris longus tendon is not present, PC 5 is medial to the flexor carpi radialis tendon.","forelimb zeugopod (palmar wrist crease, tendon of palmaris longus, tendon of flexor carpi radialis)",Puncture perpendicularly 0.5-1.0 inch. Moxibustion is applicable.,"epilepsy, febrile disease, vomiting, mental disorder, contracture of the arm, contracture of the elbow, malaria, irritability, stomachache, cardiac pain, palpitation, swelling of the axilla","The medial and lateral antebrachial cutaneous nerves, the palmar cutaneous branch of the median nerve; deeper, the anterior interosseous nerve.",,"The median artery and vein; deeper, the anterior interosseous artery and vein.",,,"[Acupuncture Method, Vasculature, Innervation, Indications] Chinese Acupuncture and Moxibustion. Edited by C. Xinnong, Rev. Ed., Foreign Languages Press, Beijing, China, 1999. Ch. 9, Acupuncture Points of the Jueyin and Shaoyang Meridians. ISBN 978-7-119-01758-7.
[Acupoint Location, Pinyin Label, Chinese Label] WHO Standard Acupuncture Point Locations in the Western Pacific Region. World Health Organization (WHO), WHO Regional Office for the Western Pacific, 2008. Page 154. https://iris.who.int/handle/10665/353407"
http://purl.org/tara/ontology/TARA_4311153,TARA:4311153,PC 6,Meridian Acupuncture Point,"P 6, HC 6, PE 6, Per 6, Pericardium 6",Neiguan,"內關(关,関)",Pericardium Meridian,"Luo-Connecting Point, Confluent Point","On the anterior aspect of the forearm, between the tendons of the palmaris longus and the flexor carpi radialis, 2 B-cun proximal to the palmar wrist crease.
 - Note 1: With the fist clenched, the wrist supinated and the elbow slightly flexed, the two tendons become more prominent. PC 6 is located 2 B-cun proximal to PC 7. the posterial point corresponding to PC 6 is TE 5.
 - Note 2: If the palmaris longus tendon is not present, PC 6 is medial to the flexor carpi radialis tendon.","forelimb zeugopod (palmar wrist crease, tendon of palmaris longus, tendon of flexor carpi radialis)",Puncture perpendicularly 0.5-0.8 inch. Moxibustion is applicable.,"stuffy chest, epilepsy, insomnia, febrile disease, hiccup, nausea, vomiting, pain in the hypochondriac region, pain in the arm, mental disorder, contracture of the arm, contracture of the elbow, pain in the elbow, malaria, irritability, stomachache, cardiac pain, palpitation",,,,,,"[Acupuncture Method, Vasculature, Innervation, Indications] Chinese Acupuncture and Moxibustion. Edited by C. Xinnong, Rev. Ed., Foreign Languages Press, Beijing, China, 1999. Ch. 9, Acupuncture Points of the Jueyin and Shaoyang Meridians. ISBN 978-7-119-01758-7.
[Acupoint Location, Pinyin Label, Chinese Label] WHO Standard Acupuncture Point Locations in the Western Pacific Region. World Health Organization (WHO), WHO Regional Office for the Western Pacific, 2008. Page 154. https://iris.who.int/handle/10665/353407"
http://purl.org/tara/ontology/TARA_9020892,TARA:9020892,PC 7,Meridian Acupuncture Point,"HC 7, P 7, PE 7, Per 7, Pericardium 7",Daling,大陵,Pericardium Meridian,"Yuan-Primary Point, Shu-Stream Point","On the anterior aspect of the wrist, between the tendons of palmaris longus and the flexor carpi radialis, on the palmar wrist crease.
 - Note: With the fist clenched, the wrist slightly flexed, the two tendons become more prominent. PC 7 is located at the midpoint of the palmar wrist crease, between the tendons of palmaris longus and the flexor carpi radialis, at the same level as HT 7, at the proximal extremity of the pisiform bone.","carpal region (palmar wrist crease, tendon of palmaris longus, tendon of flexor carpi radialis)",Puncture perpendicularly 0.3-0.5 inch. Moxibustion is applicable.,"stuffy chest, epilepsy, insomnia, vomiting, pain in the hypochondriac region, mental disorder, convulsion, irritability, stomachache, cardiac pain, palpitation, foul breath","Deeper, the median nerve.",,The palmar arterial and venous network of the wrist.,,,"[Acupuncture Method, Vasculature, Innervation, Indications] Chinese Acupuncture and Moxibustion. Edited by C. Xinnong, Rev. Ed., Foreign Languages Press, Beijing, China, 1999. Ch. 9, Acupuncture Points of the Jueyin and Shaoyang Meridians. ISBN 978-7-119-01758-7.
[Acupoint Location, Pinyin Label, Chinese Label] WHO Standard Acupuncture Point Locations in the Western Pacific Region. World Health Organization (WHO), WHO Regional Office for the Western Pacific, 2008. Page 155. https://iris.who.int/handle/10665/353407"
http://purl.org/tara/ontology/TARA_5212832,TARA:5212832,PC 8,Meridian Acupuncture Point,"HC 8, P 8, PE 8, Per 8, Pericardium 8",Laogong,"勞(劳,労)宮(宫)",Pericardium Meridian,Ying-Spring Point,"On the palm of the hand, in the depression between the second and third metacarpal bones, proximal to the metacarpophalangeal joints. Remarks: Alternative location for PC 8 - On the palm of the hand, in the depression, between the third and fourth metacarpal bones, proximal to the metacarpophalangeal joints.","manus, palmar part of manus (metacarpal bone of digit 3, metacarpophalangeal joint, metacarpal bone of digit 2, metacarpal bone of digit 4)",Puncture perpendicularly 0.3-0.5 inch. Moxibustion is applicable.,"epilepsy, nausea, vomiting, mental disorder, gastritis, cardiac pain, foul breath, fungus infection of the foot, fungus infection of the hand",The second common palmar digital nerve of the median nerve.,,The Common palmar digital artery.,,,"[Acupuncture Method, Vasculature, Innervation, Indications] Chinese Acupuncture and Moxibustion. Edited by C. Xinnong, Rev. Ed., Foreign Languages Press, Beijing, China, 1999. Ch. 9, Acupuncture Points of the Jueyin and Shaoyang Meridians. ISBN 978-7-119-01758-7.
[Acupoint Location, Pinyin Label, Chinese Label] WHO Standard Acupuncture Point Locations in the Western Pacific Region. World Health Organization (WHO), WHO Regional Office for the Western Pacific, 2008. Page 155. https://iris.who.int/handle/10665/353407"
http://purl.org/tara/ontology/TARA_5138859,TARA:5138859,PC 9,Meridian Acupuncture Point,"HC 9, P 9, PE 9, Per 9, Pericardium 9",Zhongchong,中衝(冲),Pericardium Meridian,Jing-Well Point,"On the middle finger, at the centre of the tip of the middle finger. Remarks: Alternative location for PC 9 - On the middle finger, 0.1 F-cun proximal to the radial corner of the middle fingernail, at the intersection of the vertical line of the radial side of the nail and the horizontal line of the base of the fingernail.",manual digit 3 (nail of manual digit),Puncture superficially 0.1 inch or prick with a three-edged needle to cause bleeding. Moxibustion is applicable.,"febrile disease, convulsion, loss of consciousness, aphasia with stiffness of the tongue, aphasia with swelling of the tongue, cardiac pain, feverish sensation in the palm, heat stroke, palpitation",The palmar digital proprial nerve of the median nerve.,,The arterial and venous network formed by the palmar digital proprial artery and vein.,,,"[Acupuncture Method, Vasculature, Innervation, Indications] Chinese Acupuncture and Moxibustion. Edited by C. Xinnong, Rev. Ed., Foreign Languages Press, Beijing, China, 1999. Ch. 9, Acupuncture Points of the Jueyin and Shaoyang Meridians. ISBN 978-7-119-01758-7.
[Acupoint Location, Pinyin Label, Chinese Label] WHO Standard Acupuncture Point Locations in the Western Pacific Region. World Health Organization (WHO), WHO Regional Office for the Western Pacific, 2008. Page 156. https://iris.who.int/handle/10665/353407"
http://purl.org/tara/ontology/TARA_9168896,TARA:9168896,SI 1,Meridian Acupuncture Point,Small Intestine 1,Shaoze,"少澤(泽,沢)",Small Intestine Meridian,Jing-Well Point,"On the little finger, ulnar to the distal phalanx, 0.1 f-cun proximal-medial to the ulnar corner of the little fingernail, at the intersection of the vertical line of ulnar border of the nail and horizontal line of the base of the little fingernail.","manual digit 5 (distal phalanx, nail of manual digit 5)","Puncture subcutaneously 0.1 inch, or prick the point to cause bleeding. Moxibustion is applicable.","headache, febrile disease, redness of the eye, sore throat, insufficient lactation, loss of consciousness, cloudiness of the cornea",The palmar digital proprial nerve and the dorsal digital nerve derived from the ulnar nerve.,"Proper palmar digital nerve, Dorsal digital nerve of ulnar nerve",The arterial and venous network formed by the palmar digital proprial artery and vein and the dorsal digital artery and vein.,"dorsal digital artery of manus, proper palmar digital artery","digital vein, proper palmar digital vein","[Acupuncture Method, Vasculature, Innervation, Indications] Chinese Acupuncture and Moxibustion. Edited by C. Xinnong, Rev. Ed., Foreign Languages Press, Beijing, China, 1999. Ch. 8, Acupuncture Points of the Shaoyin and Taiyang Meridians. ISBN 978-7-119-01758-7.
[Acupoint Location, Pinyin Label, Chinese Label] WHO Standard Acupuncture Point Locations in the Western Pacific Region. World Health Organization (WHO), WHO Regional Office for the Western Pacific, 2008. Page 88. https://iris.who.int/handle/10665/353407"
http://purl.org/tara/ontology/TARA_0683404,TARA:0683404,SI 10,Meridian Acupuncture Point,Small Intestine 10,Naoshu,臑兪(俞),Small Intestine Meridian,,"On the shoulder girdle, superior to the posterior axillary fold, in the depression inferior to the spine of the scapula.","pectoral girdle region (posterior axillary fold, scapula spine)",Puncture perpendicularly 0.5-1.0 inch. Moxibustion is applicable.,"aching of the arm, aching of the shoulder, swelling of the shoulder, weakness of the arm, weakness of the shoulder","The posterior cutaneous nerve of the arm, the axillary nerve; deeper, the suprascapular nerve.","axillary nerve, suprascapular nerve, Posterior cutaneous nerve of arm","The posterior circumflex humeral artery and vein; deeper, the suprascapular artery and vein.","suprascapular artery, Posterior circumflex humeral artery","suprascapular vein, caudal humeral circumflex vein","[Acupuncture Method, Vasculature, Innervation, Indications] Chinese Acupuncture and Moxibustion. Edited by C. Xinnong, Rev. Ed., Foreign Languages Press, Beijing, China, 1999. Ch. 8, Acupuncture Points of the Shaoyin and Taiyang Meridians. ISBN 978-7-119-01758-7.
[Acupoint Location, Pinyin Label, Chinese Label] WHO Standard Acupuncture Point Locations in the Western Pacific Region. World Health Organization (WHO), WHO Regional Office for the Western Pacific, 2008. Page 92. https://iris.who.int/handle/10665/353407"
http://purl.org/tara/ontology/TARA_4122792,TARA:4122792,SI 11,Meridian Acupuncture Point,Small Intestine 11,Tianzong,天宗,Small Intestine Meridian,,"In the scapular region, in the depression between the upper one third and lower two thirds of the line connecting the midpoint of the spine of the scapula with the inferior angle of the scapula.","scapular region (scapula, scapula spine)",Puncture perpendicularly or obliquely 0.5-1.0 inch. Moxibustion is applicable.,"asthma, pain in the scapular region, pain in the lateroposterior aspect of the arm, pain in the lateroposterior aspect of the elbow",The suprascapular nerve.,suprascapular nerve,The muscular branches of the circumflex scapular artery and vein.,Circumflex scapular artery,Circumflex scapular vein,"[Acupuncture Method, Vasculature, Innervation, Indications] Chinese Acupuncture and Moxibustion. Edited by C. Xinnong, Rev. Ed., Foreign Languages Press, Beijing, China, 1999. Ch. 8, Acupuncture Points of the Shaoyin and Taiyang Meridians. ISBN 978-7-119-01758-7.
[Acupoint Location, Pinyin Label, Chinese Label] WHO Standard Acupuncture Point Locations in the Western Pacific Region. World Health Organization (WHO), WHO Regional Office for the Western Pacific, 2008. Page 93. https://iris.who.int/handle/10665/353407"
http://purl.org/tara/ontology/TARA_5888779,TARA:5888779,SI 12,Meridian Acupuncture Point,Small Intestine 12,Bingfeng,秉風(风),Small Intestine Meridian,,"In the scapular region, in the supraspinatous fossa, superior to the midpoint of the spine of the scapula.","scapular region (scapula, scapula spine)",Puncture perpendicularly 0.5-0.7 inch. Moxibustion is applicable.,"motor impairment of the arm, pain in the scapular region, aching of the upper extremities, motor impairment of the shoulder, numbness of the upper extremities","The lateral suprascapular nerve and accessory nerve; deeper, the suprascapular nerve.","suprascapular nerve, accessory XI nerve",The suprascapular artery and vein.,suprascapular artery,suprascapular vein,"[Acupuncture Method, Vasculature, Innervation, Indications] Chinese Acupuncture and Moxibustion. Edited by C. Xinnong, Rev. Ed., Foreign Languages Press, Beijing, China, 1999. Ch. 8, Acupuncture Points of the Shaoyin and Taiyang Meridians. ISBN 978-7-119-01758-7.
[Acupoint Location, Pinyin Label, Chinese Label] WHO Standard Acupuncture Point Locations in the Western Pacific Region. World Health Organization (WHO), WHO Regional Office for the Western Pacific, 2008. Page 93. https://iris.who.int/handle/10665/353407"
http://purl.org/tara/ontology/TARA_9116386,TARA:9116386,SI 13,Meridian Acupuncture Point,Small Intestine 13,Quyuan,曲垣,Small Intestine Meridian,,"In the scapular region, in the depression superior to the medial end of the spine of the scapula.
 - Note: SI 13 is located at the midpoint of the line connecting SI 10 with the spinous process of the second thoracic vertebra (T2).","scapular region (scapula, thoracic vertebra 2, scapula spine)",Puncture perpendicularly 0.3-0.5 inch. Moxibustion is applicable.,"pain in the scapular region, stiffness of the scapular region","Superficially, the lateral branch of the posterior ramus of the second thoracic nerve, the accessory nerve; deeper, the muscular branch of the suprascapular nerve.","Motor branches of the suprascapular nerve, accessory XI nerve, Posterior ramus of second thoracic nerve","Superficially, the descending branches of the transverse cervical artery and vein; deeper, the muscular branch of the suprascapular artery and vem.","transverse cervical artery, suprascapular artery","suprascapular vein, transverse cervical vein","[Acupuncture Method, Vasculature, Innervation, Indications] Chinese Acupuncture and Moxibustion. Edited by C. Xinnong, Rev. Ed., Foreign Languages Press, Beijing, China, 1999. Ch. 8, Acupuncture Points of the Shaoyin and Taiyang Meridians. ISBN 978-7-119-01758-7.
[Acupoint Location, Pinyin Label, Chinese Label] WHO Standard Acupuncture Point Locations in the Western Pacific Region. World Health Organization (WHO), WHO Regional Office for the Western Pacific, 2008. Page 94. https://iris.who.int/handle/10665/353407"
http://purl.org/tara/ontology/TARA_3226024,TARA:3226024,SI 14,Meridian Acupuncture Point,Small Intestine 14,Jianwaishu,肩外兪(俞),Small Intestine Meridian,,"In the upper back region, at the same level as the inferior border of the spinous process of the first thoracic vertebra (T1), 3 B-cun lateral to the posterior median line.
 - Note 1: SI 14 is located at the intersection of two imaginary lines: the vertical line of the medial extremity of the spine of the scapula and the horizontal line inferior to the spinous process of the first thoracic vertebra (T1).
 - Note 2: SI 14 is located at the same level as BL 11, GV 13, and the inferior border of the spinous process of the first thoracic vertebra (T1).","dorsal thoracic segment of trunk (posterior median line, thoracic vertebra 1, scapula spine)",Puncture obliquely 0.3-0.7 inch. Moxibustion is applicable.,"rigidity of the neck, pain in the neck, aching of the shoulder, aching of the back","Superficially, the medial cutaneous branches of the posterior rami of the first and second thoracic nerves, the accessory nerve; deeper, the dorsal scapular nerve.","accessory XI nerve, Posterior ramus of first thoracic nerve, dorsal scapular nerve, Posterior ramus of second thoracic nerve","Deeper, the transverse cervical artery and vein.",transverse cervical artery,transverse cervical vein,"[Acupuncture Method, Vasculature, Innervation, Indications] Chinese Acupuncture and Moxibustion. Edited by C. Xinnong, Rev. Ed., Foreign Languages Press, Beijing, China, 1999. Ch. 8, Acupuncture Points of the Shaoyin and Taiyang Meridians. ISBN 978-7-119-01758-7.
[Acupoint Location, Pinyin Label, Chinese Label] WHO Standard Acupuncture Point Locations in the Western Pacific Region. World Health Organization (WHO), WHO Regional Office for the Western Pacific, 2008. Page 94. https://iris.who.int/handle/10665/353407"
http://purl.org/tara/ontology/TARA_2976260,TARA:2976260,SI 15,Meridian Acupuncture Point,Small Intestine 15,Jianzhongshu,肩中兪(俞),Small Intestine Meridian,,"In the upper back region, at the same level as the inferior border of the spinous process of the seventh cervical vertebra (C7), 2 B-cun lateral to the posterior median line.
 - Note: SI 15 is located at the intersection of two imaginary lines: the vertical line of the junction of the lateral one third and the medial two thirds of the line connecting the posterior median line with the medial border of the scapula and the horizontal line inferior to the spinous process of the seventh cervical vertebra (C7).","dorsal thoracic segment of trunk (scapula, posterior median line, mammalian cervical vertebra 7)",Puncture obliquely 0.3-0.6 inch. Moxibustion is applicable.,,"Superficially, the medial cutaneous branches of the posterior rami of the first and second thoracic nerves, the accessory nerve; deeper, the dorsal scapular nerve.","accessory XI nerve, Posterior ramus of first thoracic nerve, dorsal scapular nerve, Posterior ramus of second thoracic nerve","Deeper, the transverse cervical artery and vein.",transverse cervical artery,transverse cervical vein,"[Acupuncture Method, Vasculature, Innervation, Indications] Chinese Acupuncture and Moxibustion. Edited by C. Xinnong, Rev. Ed., Foreign Languages Press, Beijing, China, 1999. Ch. 8, Acupuncture Points of the Shaoyin and Taiyang Meridians. ISBN 978-7-119-01758-7.
[Acupoint Location, Pinyin Label, Chinese Label] WHO Standard Acupuncture Point Locations in the Western Pacific Region. World Health Organization (WHO), WHO Regional Office for the Western Pacific, 2008. Page 95. https://iris.who.int/handle/10665/353407"
http://purl.org/tara/ontology/TARA_5246417,TARA:5246417,SI 16,Meridian Acupuncture Point,Small Intestine 16,Tianchuang,天窗(窓),Small Intestine Meridian,,"In the anterior region of the neck, posterior to the sternocleidomastoid muscle, at the same level as the superior border of the thyroid cartilage.
 - Note 1: The sternocleidomastoid muscle is more distinct when the head is turned to the opposite side against resistance.
 - Note 2: SI 16 is located at the same level as ST 9, LI 18 and the superior border of the thyroid cartilage. ST 9 is located anterior to the sternocleidomastoid muscle, SI 16, posterior to the sternocleidomastoid muscle and LI 18, midway between the anterior and posterior borders of the sternocleidomastoid muscle.","neck (sternocleidomastoid, thyroid cartilage)",Puncture perpendicularly 0.3-0.7 inch. Moxibustion is applicable.,"sore throat, deafness, pain in the neck, tinnitus, stiffness of the neck, sudden loss of voice","The cutaneous cervical nerve, the emerging portion of the great auricular nerve.","Transverse cervical nerve, great auricular nerve",The ascending cervical artery.,ascending cervical artery,,"[Acupuncture Method, Vasculature, Innervation, Indications] Chinese Acupuncture and Moxibustion. Edited by C. Xinnong, Rev. Ed., Foreign Languages Press, Beijing, China, 1999. Ch. 8, Acupuncture Points of the Shaoyin and Taiyang Meridians. ISBN 978-7-119-01758-7.
[Acupoint Location, Pinyin Label, Chinese Label] WHO Standard Acupuncture Point Locations in the Western Pacific Region. World Health Organization (WHO), WHO Regional Office for the Western Pacific, 2008. Page 95. https://iris.who.int/handle/10665/353407"
http://purl.org/tara/ontology/TARA_3389422,TARA:3389422,SI 17,Meridian Acupuncture Point,Small Intestine 17,Tianrong,天容,Small Intestine Meridian,,"In the anterior region of the neck, posterior to the angle of the mandible, in the depression anterior to the sternocleidomastoid muscle.
 - Note: The sternocleidomastoid muscle is more distinct when the head is turned to the opposite side against resistance.","neck (mandible, sternocleidomastoid)",Puncture perpendicularly 0.5-0.7 inch. Moxibustion is applicable.,"sore throat, deafness, goiter, tinnitus, swelling of the cheek, foreign body sensation in the throat","Superficially, the anterior branch of the great auricular nerve, the cervical branch of the facial nerve; deeper, the superior cervical ganglion of the sympathetic trunk.","superior cervical ganglion, great auricular nerve, Cervical branch of the facial nerve","Anteriorly, the external jugular vein; deeper, the internal carotid artery and internal jugular vein.",internal carotid artery,"internal jugular vein, external jugular vein","[Acupuncture Method, Vasculature, Innervation, Indications] Chinese Acupuncture and Moxibustion. Edited by C. Xinnong, Rev. Ed., Foreign Languages Press, Beijing, China, 1999. Ch. 8, Acupuncture Points of the Shaoyin and Taiyang Meridians. ISBN 978-7-119-01758-7.
[Acupoint Location, Pinyin Label, Chinese Label] WHO Standard Acupuncture Point Locations in the Western Pacific Region. World Health Organization (WHO), WHO Regional Office for the Western Pacific, 2008. Page 96. https://iris.who.int/handle/10665/353407"
http://purl.org/tara/ontology/TARA_0287877,TARA:0287877,SI 18,Meridian Acupuncture Point,Small Intestine 18,Quanliao,顴(颧)髎(髎),Small Intestine Meridian,,"On the face, inferior to the zygomatic bone, in the depression directly inferior to the outer canthus of the eye.","face (camera-type eye, jugal bone, outer canthus)",Puncture perpendicularly 0.5-0.8 inch.,"pain in the face, facial paralysis, swelling of the cheek, toothache, eyelid twitching, yellowish sclera",The facial and infraorbital nerves.,"facial nerve, infra-orbital nerve",The branches of the transverse facial artery and vein.,transverse facial artery,transverse facial vein,"[Acupuncture Method, Vasculature, Innervation, Indications] Chinese Acupuncture and Moxibustion. Edited by C. Xinnong, Rev. Ed., Foreign Languages Press, Beijing, China, 1999. Ch. 8, Acupuncture Points of the Shaoyin and Taiyang Meridians. ISBN 978-7-119-01758-7.
[Acupoint Location, Pinyin Label, Chinese Label] WHO Standard Acupuncture Point Locations in the Western Pacific Region. World Health Organization (WHO), WHO Regional Office for the Western Pacific, 2008. Page 96. https://iris.who.int/handle/10665/353407"
http://purl.org/tara/ontology/TARA_1772472,TARA:1772472,SI 19,Meridian Acupuncture Point,Small Intestine 19,Tinggong,"聽(听,聴)宮(宫)",Small Intestine Meridian,,"On the face, in the depression between the anterior border of the centre of the tragus and the posterior border of the condylar process of the mandible.
 - Note: When the mouth is slightly opened, SI 19 is located in the depression anterior to the centre of the tragus, between TE 21 and GB 2.","face (tragus, mandible condylar process)",Puncture perpendicularly 0.5-1.0 inch when the mouth is open. Moxibustion is applicable.,"deafness, tinnitus, toothache, otorrhea, motor impairment of the mandibular joint","The branch of the facial nerve, the auriculotemporal nerve.","facial nerve, Auriculotemporal nerve",The auricular branches of the superficial temporal artery and vein,superficial temporal artery,superficial temporal vein,"[Acupuncture Method, Vasculature, Innervation, Indications] Chinese Acupuncture and Moxibustion. Edited by C. Xinnong, Rev. Ed., Foreign Languages Press, Beijing, China, 1999. Ch. 8, Acupuncture Points of the Shaoyin and Taiyang Meridians. ISBN 978-7-119-01758-7.
[Acupoint Location, Pinyin Label, Chinese Label] WHO Standard Acupuncture Point Locations in the Western Pacific Region. World Health Organization (WHO), WHO Regional Office for the Western Pacific, 2008. Page 97. https://iris.who.int/handle/10665/353407"
http://purl.org/tara/ontology/TARA_2777371,TARA:2777371,SI 2,Meridian Acupuncture Point,Small Intestine 2,Qiangu,前谷,Small Intestine Meridian,Ying-Spring Point,"On the little finger, ulnar to the distal phalanx, 0.1 f-cun proximal-medial to the ulnar corner of the little fingernail, at the intersection of the vertical line of ulnar border of the nail and horizontal line of the base of the little fingernail.","manual digit 5 (distal phalanx, nail of manual digit 5)",Puncture perpendicularly 0.3-0.5 inch. Moxibustion is applicable.,"headache, febrile disease, tinnitus, numbness of the fingers, reddish urine",The dorsal digital nerve and palmar digital propria 1 nerve derived from the ulnar nerve.,"Proper palmar digital nerve, Dorsal digital nerve of ulnar nerve",The dorsal digital artery and vein arising from the ulnar artery and vein.,"ulnar artery, dorsal digital artery of manus","digital vein, ulnar vein","[Acupuncture Method, Vasculature, Innervation, Indications] Chinese Acupuncture and Moxibustion. Edited by C. Xinnong, Rev. Ed., Foreign Languages Press, Beijing, China, 1999. Ch. 8, Acupuncture Points of the Shaoyin and Taiyang Meridians. ISBN 978-7-119-01758-7.
[Acupoint Location, Pinyin Label, Chinese Label] WHO Standard Acupuncture Point Locations in the Western Pacific Region. World Health Organization (WHO), WHO Regional Office for the Western Pacific, 2008. Page 88. https://iris.who.int/handle/10665/353407"
http://purl.org/tara/ontology/TARA_0220496,TARA:0220496,SI 3,Meridian Acupuncture Point,Small Intestine 3,Houxi,後(后)谿(溪),Small Intestine Meridian,"Shu-Stream Point, Confluent Point","On the little finger, ulnar to the distal phalanx, 0.1 f-cun proximal-medial to the ulnar corner of the little fingernail, at the intersection of the vertical line of ulnar border of the nail and horizontal line of the base of the little fingernail.","manual digit 5 (distal phalanx, nail of manual digit 5)",Puncture perpendicularly 0.5-0.7 inch. Moxibustion is applicable.,"febrile disease, sore throat, pain in the shoulder, deafness, mania, contracture of the fingers, rigidity of the neck, pain in the neck, tinnitus, pain in the elbow, malaria, numbness of the fingers, acute lumbar sprain, night sweat",The dorsal branch derived from the ulnar nerve.,Dorsal cutaneous branch of the ulnar nerve,"The dorsal digital artery and vein, the dorsal venous network of the hand.",dorsal digital artery of manus,digital vein,"[Acupuncture Method, Vasculature, Innervation, Indications] Chinese Acupuncture and Moxibustion. Edited by C. Xinnong, Rev. Ed., Foreign Languages Press, Beijing, China, 1999. Ch. 8, Acupuncture Points of the Shaoyin and Taiyang Meridians. ISBN 978-7-119-01758-7.
[Acupoint Location, Pinyin Label, Chinese Label] WHO Standard Acupuncture Point Locations in the Western Pacific Region. World Health Organization (WHO), WHO Regional Office for the Western Pacific, 2008. Page 89. https://iris.who.int/handle/10665/353407"
http://purl.org/tara/ontology/TARA_1172977,TARA:1172977,SI 4,Meridian Acupuncture Point,Small Intestine 4,Wangu,腕骨(骨),Small Intestine Meridian,Yuan-Primary Point,"On the posteromedial aspect of the wrist, in the depression between the base of the fifth metacarpal bone and the triquetrum bone, at the border between the red and white flesh.
 - Note: With one finger placed on SI 3, push and slide proximally along the fifth metacarpal bone to the bony projection, SI 4 is located in the depression between these two bones.","carpal region (ulnare, metacarpal bone of digit 5)",Puncture perpendicularly 0.3-0.5 inch. Moxibustion is applicable.,"headache, jaundice, contracture of the fingers, febrile disease with anhidrosis, pain in the wrist, rigidity of the neck",The dorsal branch of the ulnar nerve.,Dorsal cutaneous branch of the ulnar nerve,"The posterior carpal artery (the branch of the ulnar artery), the dorsal venous network of the hand.",dorsal metacarpal artery,,"[Acupuncture Method, Vasculature, Innervation, Indications] Chinese Acupuncture and Moxibustion. Edited by C. Xinnong, Rev. Ed., Foreign Languages Press, Beijing, China, 1999. Ch. 8, Acupuncture Points of the Shaoyin and Taiyang Meridians. ISBN 978-7-119-01758-7.
[Acupoint Location, Pinyin Label, Chinese Label] WHO Standard Acupuncture Point Locations in the Western Pacific Region. World Health Organization (WHO), WHO Regional Office for the Western Pacific, 2008. Page 89. https://iris.who.int/handle/10665/353407"
http://purl.org/tara/ontology/TARA_0669306,TARA:0669306,SI 5,Meridian Acupuncture Point,Small Intestine 5,Yanggu,陽(阳)谷,Small Intestine Meridian,Jing-River Point,"On the posteromedial aspect of the wrist, in the depression between the triquetrum bone and the ulnar styloid process.","carpal region (styloid process of ulna, ulnare)",Puncture perpendicularly 0.3-0.5 inch. Moxibustion is applicable.,"febrile disease, pain of the hand, pain of the wrist, swelling of the neck, swelling of the submandibular region",The dorsal branch of the ulnar nerve.,Dorsal cutaneous branch of the ulnar nerve,The posterior carpal artery.,dorsal metacarpal artery,,"[Acupuncture Method, Vasculature, Innervation, Indications] Chinese Acupuncture and Moxibustion. Edited by C. Xinnong, Rev. Ed., Foreign Languages Press, Beijing, China, 1999. Ch. 8, Acupuncture Points of the Shaoyin and Taiyang Meridians. ISBN 978-7-119-01758-7.
[Acupoint Location, Pinyin Label, Chinese Label] WHO Standard Acupuncture Point Locations in the Western Pacific Region. World Health Organization (WHO), WHO Regional Office for the Western Pacific, 2008. Page 90. https://iris.who.int/handle/10665/353407"
http://purl.org/tara/ontology/TARA_4125415,TARA:4125415,SI 6,Meridian Acupuncture Point,Small Intestine 6,Yanglao,養(养)老,Small Intestine Meridian,Xi-Cleft Point,"On the posteromedial aspect of the forearm, in the depression radial to the head of the ulnar bone, 1 B-cun proximal to the dorsal wrist crease.
 - Note: With the palm facing downwards, press the highest point of the head of ulnar bone with a finger, and then turn the palm towards the chest; SI 6 is located at the cleft between the bones where the finger slides.","forelimb zeugopod (ulna, dorsal wrist crease)",Puncture perpendicularly 0.3-0.5 inch. Moxibustion is applicable.,"pain in the arm, pain in the shoulder, pain in the elbow, blurred vision",The anastomotic branches of the posterior antebrachial cutaneous nerve and the dorsal branch of the ulnar nerve.,"Dorsal cutaneous branch of the ulnar nerve, Posterior antebrachial cutaneous nerve","The terminal branches of the posterior interosseous artery and vein, the dorsal venous network of the wrist.",Posterior interosseous artery,Posterior interosseous vein,"[Acupuncture Method, Vasculature, Innervation, Indications] Chinese Acupuncture and Moxibustion. Edited by C. Xinnong, Rev. Ed., Foreign Languages Press, Beijing, China, 1999. Ch. 8, Acupuncture Points of the Shaoyin and Taiyang Meridians. ISBN 978-7-119-01758-7.
[Acupoint Location, Pinyin Label, Chinese Label] WHO Standard Acupuncture Point Locations in the Western Pacific Region. World Health Organization (WHO), WHO Regional Office for the Western Pacific, 2008. Page 90. https://iris.who.int/handle/10665/353407"
http://purl.org/tara/ontology/TARA_1051162,TARA:1051162,SI 7,Meridian Acupuncture Point,Small Intestine 7,Zhizheng,支正,Small Intestine Meridian,Luo-Connecting Point,"On the posteromedial aspect of the forearm, between the medial border of the ulnar bone and the flexor carpi ulnaris muscle, 5 B-cun proximal to the dorsal wrist crease.
 - Note: 1 B-cun distal to the midpoint of the line connecting SI 5 with SI 8.","forelimb zeugopod (ulna, flexor carpi ulnaris muscle, dorsal wrist crease)",Puncture perpendicularly 0.5-0.8 inch. Moxibustion is applicable.,"headache, febrile disease, dizziness, mania, neck rigidity, spasmodic pain in the elbow, spasmodic pain in the fingers","Superficially, the branch of the medial antebrachial cutaneous nerve; deeper, on the radial side, the posterior interosseous nerve.","medial cutaneous nerve of the forearm, posterior interosseous nerve",The terminal branches of the posterior interosseous artery and vein.,Posterior interosseous artery,Posterior interosseous vein,"[Acupoint Location, Pinyin Label, Chinese Label] WHO Standard Acupuncture Point Locations in the Western Pacific Region. World Health Organization (WHO), WHO Regional Office for the Western Pacific, 2008. Page 91. https://iris.who.int/handle/10665/353407
[Acupuncture Method, Vasculature, Innervation, Indications] Chinese Acupuncture and Moxibustion. Edited by C. Xinnong, Rev. Ed., Foreign Languages Press, Beijing, China, 1999. Ch. 8, Acupuncture Points of the Shaoyin and Taiyang Meridians. ISBN 978-7-119-01758-7."
http://purl.org/tara/ontology/TARA_5859631,TARA:5859631,SI 8,Meridian Acupuncture Point,Small Intestine 8,Xiaohai,小海(海),Small Intestine Meridian,He-Sea Point,"On the posteromedial aspect of the elbow, in the depression between the olecranon and the medial epicondyle of the humerus bone.
 - Note: When the elbow is slightly flexed, SI 8 is located in the groove for the ulnar nerve.","elbow (humerus, ulnar nerve, entepicondyle of humerus, olecranon)",Puncture perpendicularly 0.3-0.5 inch. Moxibustion is applicable.,"epilepsy, headache, pain in the arm, pain in the shoulder, pain in the elbow, swelling of the cheek, pain in the nape","The branches of the medial antebrachial cutaneous nerve, the ulnar nerve.","medial cutaneous nerve of the forearm, ulnar nerve","The superior and inferior ulnar collateral arteries and veins, the ulnar recurrent artery and vein.","Superior ulnar collateral artery, Ulnar recurrent artery, Inferior ulnar collateral artery","Ulnar recurrent vein, Superior ulnar collateral vein, Inferior ulnar collateral vein","[Acupoint Location, Pinyin Label, Chinese Label] WHO Standard Acupuncture Point Locations in the Western Pacific Region. World Health Organization (WHO), WHO Regional Office for the Western Pacific, 2008. Page 91. https://iris.who.int/handle/10665/353407
[Acupuncture Method, Vasculature, Innervation, Indications] Chinese Acupuncture and Moxibustion. Edited by C. Xinnong, Rev. Ed., Foreign Languages Press, Beijing, China, 1999. Ch. 8, Acupuncture Points of the Shaoyin and Taiyang Meridians. ISBN 978-7-119-01758-7."
http://purl.org/tara/ontology/TARA_2187225,TARA:2187225,SI 9,Meridian Acupuncture Point,Small Intestine 9,Jianzhen,肩貞(贞),Small Intestine Meridian,,"On the shoulder girdle, posteroinferior to the shoulder joint, 1 B-cun superior to the posterior axillary fold.
 - Note: When the arm is adducted, SI 9 is located 1 B-cun superior to the posterior axillary fold, posterior to the deltoid muscle.","pectoral girdle region (glenohumeral joint, deltoid, posterior axillary fold)",Puncture perpendicularly 0.5-1.0 inch. Moxibustion is applicable.,"motor impairment of the arm, pain in the scapular region, motor impairment of the hand","The branch of the axillary nerve; deeper in the superior aspect, the radial nerve.","axillary nerve, radial nerve",The circumflex scapular artery and vein.,Circumflex scapular artery,Circumflex scapular vein,"[Acupuncture Method, Vasculature, Innervation, Indications] Chinese Acupuncture and Moxibustion. Edited by C. Xinnong, Rev. Ed., Foreign Languages Press, Beijing, China, 1999. Ch. 8, Acupuncture Points of the Shaoyin and Taiyang Meridians. ISBN 978-7-119-01758-7.
[Acupoint Location, Pinyin Label, Chinese Label] WHO Standard Acupuncture Point Locations in the Western Pacific Region. World Health Organization (WHO), WHO Regional Office for the Western Pacific, 2008. Page 92. https://iris.who.int/handle/10665/353407"
http://purl.org/tara/ontology/TARA_8929565,TARA:8929565,SP 1,Meridian Acupuncture Point,Spleen 1,Yinbai,"隱(隐,隠)白",Spleen Meridian,Jing-Well Point,"On the great toe, medial to the distal phalanx, 0.1 f-cun proximal-medial to the medial corner of the toenail, at the intersection of the vertical line of the medial border and horizontal line of the base of the toenail.","pedal digit 1 (nail of pedal digit, distal phalanx)",Puncture subcutaneously 0.1 inch. Moxibustion is applicable.,"abdominal distension, mental disorder, convulsion, uterine bleeding, bloody stools, dream-disturbed sleep, menorrhagia",On the anastomosis of the dorsal digital nerve derived from the superficial peroneal nerve and the plantar digital proprial nerve.,"Dorsal digital nerve of foot, Proper plantar digital nerve, superficial fibular nerve",The dorsal digital artery.,dorsal digital artery of pes,,"[Acupuncture Method, Vasculature, Innervation, Indications] Chinese Acupuncture and Moxibustion. Edited by C. Xinnong, Rev. Ed., Foreign Languages Press, Beijing, China, 1999. Ch. 7, Acupuncture Points of the Taiyin and Yangming Meridians. ISBN 978-7-119-01758-7.
[Acupoint Location, Pinyin Label, Chinese Label] WHO Standard Acupuncture Point Locations in the Western Pacific Region. World Health Organization (WHO), WHO Regional Office for the Western Pacific, 2008. Page 70. https://iris.who.int/handle/10665/353407"
http://purl.org/tara/ontology/TARA_8433932,TARA:8433932,SP 10,Meridian Acupuncture Point,Spleen 10,Xuehai,血海(海),Spleen Meridian,,"On the anteromedial aspect of the thigh, on the bulge of the vastus medialis muscle, 2 B-cun superior to the medial end of the base of the patella.","hindlimb stylopod (vastus medialis, patella)",Puncture perpendicularly 0.5-1.2 inches. Moxibustion is applicable.,"eczema, erysipelas, amenorrhea, irregular menstruation, urticaria, dysmenorrhea, uterine bleeding, pain in the medial aspect of the thigh",The anterior femoral cutaneous nerve and the muscular branch of the femoral nerve.,"Anterior cutaneous branch of femoral nerve, Muscular branch of the femoral nerve",The muscular branches of the femoral artery and vein.,femoral artery,femoral vein,"[Acupuncture Method, Vasculature, Innervation, Indications] Chinese Acupuncture and Moxibustion. Edited by C. Xinnong, Rev. Ed., Foreign Languages Press, Beijing, China, 1999. Ch. 7, Acupuncture Points of the Taiyin and Yangming Meridians. ISBN 978-7-119-01758-7.
[Acupoint Location, Pinyin Label, Chinese Label] WHO Standard Acupuncture Point Locations in the Western Pacific Region. World Health Organization (WHO), WHO Regional Office for the Western Pacific, 2008. Page 74. https://iris.who.int/handle/10665/353407"
http://purl.org/tara/ontology/TARA_8120328,TARA:8120328,SP 11,Meridian Acupuncture Point,Spleen 11,Jimen,箕門(门),Spleen Meridian,,"On the medial aspect of the thigh, at the junction of the upper one third and lower two thirds of the line connecting the medial end of the base of the patella with SP 12, between the sartorius muscle and the adductor longus muscle, over the femoral artery.","hindlimb stylopod (femoral artery, adductor longus, sartorius muscle, patella)",Puncture perpendicularly 0.5-1.0 inch. Moxibustion is applicable.,"muscular atrophy of the lower extremities, paralysis in the lower extremities, enuresis, dysuria, motor impairment of the lower extremities, pain in the inguinal region, pain in the lower extremities, swelling in the inguinal region","The anterior femoral cutaneous nerve; deeper, the saphenous nerve.","saphenous nerve, Anterior cutaneous branch of femoral nerve","Superficially, the great saphenous vein; deeper on the lateral side, the femoral artery and vein.",femoral artery,"femoral vein, great saphenous vein","[Acupuncture Method, Vasculature, Innervation, Indications] Chinese Acupuncture and Moxibustion. Edited by C. Xinnong, Rev. Ed., Foreign Languages Press, Beijing, China, 1999. Ch. 7, Acupuncture Points of the Taiyin and Yangming Meridians. ISBN 978-7-119-01758-7.
[Acupoint Location, Pinyin Label, Chinese Label] WHO Standard Acupuncture Point Locations in the Western Pacific Region. World Health Organization (WHO), WHO Regional Office for the Western Pacific, 2008. Page 75. https://iris.who.int/handle/10665/353407"
http://purl.org/tara/ontology/TARA_4695378,TARA:4695378,SP 12,Meridian Acupuncture Point,Spleen 12,Chongmen,衝(冲)門(门),Spleen Meridian,,"In the groin region, at the inguinal crease, lateral to the femoral artery.
 - Note: At the same level as CV 2, medial and inferior to SP 13.","inguinal part of abdomen (femoral artery, inguinal crease)",Avoid puncturing the artery.,"hernia, abdominal pain, dysuria",Just where the femoral nerve traverses.,"Ilioinguinal nerve, femoral nerve","On the medial side, the femoral artery.",femoral artery,,"[Acupuncture Method, Vasculature, Innervation, Indications] Chinese Acupuncture and Moxibustion. Edited by C. Xinnong, Rev. Ed., Foreign Languages Press, Beijing, China, 1999. Ch. 7, Acupuncture Points of the Taiyin and Yangming Meridians. ISBN 978-7-119-01758-7.
[Acupoint Location, Pinyin Label, Chinese Label] WHO Standard Acupuncture Point Locations in the Western Pacific Region. World Health Organization (WHO), WHO Regional Office for the Western Pacific, 2008. Page 75. https://iris.who.int/handle/10665/353407"
http://purl.org/tara/ontology/TARA_7768130,TARA:7768130,SP 13,Meridian Acupuncture Point,Spleen 13,Fushe,府舍(舎),Spleen Meridian,,"On the lower abdomen, 4.3 B-cun inferior to the centre of the umbilicus, 4 B-cun lateral to the anterior median line.","lower abdomen (anterior median line, umbilicus)",Puncture perpendicularly 0.5-1.0 inch. Moxibustion is applicable.,"hernia, lower abdominal pain",The ilioinguinal nerve.,,,,,"[Acupuncture Method, Vasculature, Innervation, Indications] Chinese Acupuncture and Moxibustion. Edited by C. Xinnong, Rev. Ed., Foreign Languages Press, Beijing, China, 1999. Ch. 7, Acupuncture Points of the Taiyin and Yangming Meridians. ISBN 978-7-119-01758-7.
[Acupoint Location, Pinyin Label, Chinese Label] WHO Standard Acupuncture Point Locations in the Western Pacific Region. World Health Organization (WHO), WHO Regional Office for the Western Pacific, 2008. Page 76. https://iris.who.int/handle/10665/353407"
http://purl.org/tara/ontology/TARA_1992799,TARA:1992799,SP 14,Meridian Acupuncture Point,Spleen 14,Fujie,腹結(结),Spleen Meridian,,"On the lower abdomen, 1.3 B-cun inferior to the centre of the umbilicus, 4 B-cun lateral to the anterior median line.","lower abdomen (anterior median line, umbilicus)",Puncture perpendicularly 0.5-1.0 inch. Moxibustion is applicable.,"constipation, abdominal distension, hernia, diarrhea, pain around the umbilical region",The eleventh intercostal nerve.,Eleventh intercostal nerve,The eleventh intercostal artery and vein.,Eleventh posterior intercostal artery,intercostal vein,"[Acupuncture Method, Vasculature, Innervation, Indications] Chinese Acupuncture and Moxibustion. Edited by C. Xinnong, Rev. Ed., Foreign Languages Press, Beijing, China, 1999. Ch. 7, Acupuncture Points of the Taiyin and Yangming Meridians. ISBN 978-7-119-01758-7.
[Acupoint Location, Pinyin Label, Chinese Label] WHO Standard Acupuncture Point Locations in the Western Pacific Region. World Health Organization (WHO), WHO Regional Office for the Western Pacific, 2008. Page 76. https://iris.who.int/handle/10665/353407"
http://purl.org/tara/ontology/TARA_4679170,TARA:4679170,SP 15,Meridian Acupuncture Point,Spleen 15,Daheng,大橫,Spleen Meridian,,"On the upper abdomen, 4 B-cun lateral to the centre of the umbilicus.
 - Note: At the same level and lateral to ST 25, KI 16 and CV 8.",upper abdomen (umbilicus),Puncture perpendicularly 0.7-1.2 inches. Moxibustion is applicable.,"constipation, abdominal distension, abdominal pain, dysentery, diarrhea",The tenth intercostal nerve.,Tenth intercostal nerve,The tenth intercostal artery and vein.,Tenth posterior intercostal artery,intercostal vein,"[Acupuncture Method, Vasculature, Innervation, Indications] Chinese Acupuncture and Moxibustion. Edited by C. Xinnong, Rev. Ed., Foreign Languages Press, Beijing, China, 1999. Ch. 7, Acupuncture Points of the Taiyin and Yangming Meridians. ISBN 978-7-119-01758-7.
[Acupoint Location, Pinyin Label, Chinese Label] WHO Standard Acupuncture Point Locations in the Western Pacific Region. World Health Organization (WHO), WHO Regional Office for the Western Pacific, 2008. Page 77. https://iris.who.int/handle/10665/353407"
http://purl.org/tara/ontology/TARA_8145142,TARA:8145142,SP 16,Meridian Acupuncture Point,Spleen 16,Fuai,腹哀,Spleen Meridian,,"On the upper abdomen, 3 B-cun superior to the centre of the umbilicus, 4 B-cun lateral to the anterior median line.
 - Note: 3 B-cun superior to SP 15, at the same level as CV 11.","upper abdomen (anterior median line, umbilicus)",Puncture perpendicularly 0.5-1.0 inch. Moxibustion is applicable.,"constipation, indigestion, abdominal pain, dysentery",The eighth intercostal nerve.,Eighth intercostal nerve,The eighth intercostal artery and vein.,Eighth posterior intercostal artery,intercostal vein,"[Acupuncture Method, Vasculature, Innervation, Indications] Chinese Acupuncture and Moxibustion. Edited by C. Xinnong, Rev. Ed., Foreign Languages Press, Beijing, China, 1999. Ch. 7, Acupuncture Points of the Taiyin and Yangming Meridians. ISBN 978-7-119-01758-7.
[Acupoint Location, Pinyin Label, Chinese Label] WHO Standard Acupuncture Point Locations in the Western Pacific Region. World Health Organization (WHO), WHO Regional Office for the Western Pacific, 2008. Page 77. https://iris.who.int/handle/10665/353407"
http://purl.org/tara/ontology/TARA_1206796,TARA:1206796,SP 17,Meridian Acupuncture Point,Spleen 17,Shidou,食竇(窦),Spleen Meridian,,"In the anterior thoracic region, in the fifth intercostal space, 6 B-cun lateral to the anterior median line.
 - Note: SP 17, ST 18 and KI 22 are located along the curve of the fifth intercostal space.","anterior chest (anterior median line, fifth intercostal space)",Puncture obliquely 0.3-0.5 inch. Moxibustion is applicable.,"pain in the chest, pain in the hypochondriac region, fullness in the chest, fullness in the hypochondriac region",The lateral cutaneous branch of the fifth intercostal nerve.,Fifth intercostal nerve,The thoracoepigastric vein.,,Thoracoepigastric vein,"[Acupuncture Method, Vasculature, Innervation, Indications] Chinese Acupuncture and Moxibustion. Edited by C. Xinnong, Rev. Ed., Foreign Languages Press, Beijing, China, 1999. Ch. 7, Acupuncture Points of the Taiyin and Yangming Meridians. ISBN 978-7-119-01758-7.
[Acupoint Location, Pinyin Label, Chinese Label] WHO Standard Acupuncture Point Locations in the Western Pacific Region. World Health Organization (WHO), WHO Regional Office for the Western Pacific, 2008. Page 78. https://iris.who.int/handle/10665/353407"
http://purl.org/tara/ontology/TARA_5656394,TARA:5656394,SP 18,Meridian Acupuncture Point,Spleen 18,Tianxi,天谿(溪),Spleen Meridian,,"In the anterior thoracic region, in the fourth intercostal space, 6 B-cun lateral to the anterior median line.
 - Note: SP 18, ST 17 and KI 23 are located along the curve of the fourth intercostal space.","anterior chest (anterior median line, fourth intercostal space)",Puncture obliquely 0.3-0.5 inch. Moxibustion is applicable.,"hiccup, mastitis, cough, insufficient lactation, pain in the chest, fullness in the chest, fullness in the hypochondrium, pain in the hypochondrium",The lateral cutaneous branch of the fourth intercostal nerve.,Fourth intercostal nerve,"The branches of the lateral thoracic artery and vein, the thoracoepigastric artery and vein, the fourth intercostal artery and vein.","lateral thoracic artery, thoraco-acromial artery, Fourth posterior intercostal artery","intercostal vein, Thoracoepigastric vein, lateral thoracic vein","[Acupuncture Method, Vasculature, Innervation, Indications] Chinese Acupuncture and Moxibustion. Edited by C. Xinnong, Rev. Ed., Foreign Languages Press, Beijing, China, 1999. Ch. 7, Acupuncture Points of the Taiyin and Yangming Meridians. ISBN 978-7-119-01758-7.
[Acupoint Location, Pinyin Label, Chinese Label] WHO Standard Acupuncture Point Locations in the Western Pacific Region. World Health Organization (WHO), WHO Regional Office for the Western Pacific, 2008. Page 78. https://iris.who.int/handle/10665/353407"
http://purl.org/tara/ontology/TARA_6850321,TARA:6850321,SP 19,Meridian Acupuncture Point,Spleen 19,Xiongxiang,"胸鄉(乡,郷)",Spleen Meridian,,"In the anterior thoracic region, in the third intercostal space, 6 B-cun lateral to the anterior median line.
 - Note: SP 19, ST 6 and KI 24 are located along the curve of the third intercostal space.","anterior chest (anterior median line, third intercostal space)",Puncture obliquely 0.3-0.5 inch. Moxibustion is applicable.,"pain in the chest, pain in the hypochondriac region, fullness in the chest, fullness in the hypochondriac region",The lateral cutaneous branch of the third intercostal nerve.,Third intercostal nerve,"The lateral thoracic artery and vein, the third intercostal artery and vein.",lateral thoracic artery,"intercostal vein, lateral thoracic vein","[Acupuncture Method, Vasculature, Innervation, Indications] Chinese Acupuncture and Moxibustion. Edited by C. Xinnong, Rev. Ed., Foreign Languages Press, Beijing, China, 1999. Ch. 7, Acupuncture Points of the Taiyin and Yangming Meridians. ISBN 978-7-119-01758-7.
[Acupoint Location, Pinyin Label, Chinese Label] WHO Standard Acupuncture Point Locations in the Western Pacific Region. World Health Organization (WHO), WHO Regional Office for the Western Pacific, 2008. Page 79. https://iris.who.int/handle/10665/353407"
http://purl.org/tara/ontology/TARA_6894093,TARA:6894093,SP 2,Meridian Acupuncture Point,Spleen 2,Dadu,大都(都),Spleen Meridian,Ying-Spring Point,"On the great toe, in the depression distal to the first metatarsophalangeal joint, at the border between the red and white flesh.",pedal digit 1 (metatarsophalangeal joint of pedal digit 1),Puncture perpendicularly 0.1-0.3 inch. Moxibustion is applicable.,"gastric pain, constipation, abdominal distension, febrile disease with anhidrosis",The proper plantar digital nerve derived from the medial plantar nerve.,"medial plantar nerve, Proper plantar digital nerve",The branches of the medial plantar artery and vein.,medial plantar artery,medial plantar digital vein,"[Acupuncture Method, Vasculature, Innervation, Indications] Chinese Acupuncture and Moxibustion. Edited by C. Xinnong, Rev. Ed., Foreign Languages Press, Beijing, China, 1999. Ch. 7, Acupuncture Points of the Taiyin and Yangming Meridians. ISBN 978-7-119-01758-7.
[Acupoint Location, Pinyin Label, Chinese Label] WHO Standard Acupuncture Point Locations in the Western Pacific Region. World Health Organization (WHO), WHO Regional Office for the Western Pacific, 2008. Page 70. https://iris.who.int/handle/10665/353407"
http://purl.org/tara/ontology/TARA_5090379,TARA:5090379,SP 20,Meridian Acupuncture Point,Spleen 20,Zhourong,"周榮(荣,栄)",Spleen Meridian,,"In the anterior thoracic region, in the second intercostal space, 6 B-cun lateral to the anterior median line.
 - Note: SP 20, ST 15 and KI 25 are located along the curve of the second intercostal space.","anterior chest (anterior median line, second intercostal space)",Puncture obliquely 0.3-0.5 inch. Moxibustion is applicable.,"hiccup, cough, fullness in the chest, fullness in the hypochondriac region","The muscular branch of the anterior thoracic nerve, the lateral cutaneous branch of the second intercostal nerve.","Second intercostal nerve, medial pectoral nerve","The lateral thoracic artery and vein, the second intercostal artery and vein.",lateral thoracic artery,"intercostal vein, lateral thoracic vein","[Acupuncture Method, Vasculature, Innervation, Indications] Chinese Acupuncture and Moxibustion. Edited by C. Xinnong, Rev. Ed., Foreign Languages Press, Beijing, China, 1999. Ch. 7, Acupuncture Points of the Taiyin and Yangming Meridians. ISBN 978-7-119-01758-7.
[Acupoint Location, Pinyin Label, Chinese Label] WHO Standard Acupuncture Point Locations in the Western Pacific Region. World Health Organization (WHO), WHO Regional Office for the Western Pacific, 2008. Page 79. https://iris.who.int/handle/10665/353407"
http://purl.org/tara/ontology/TARA_1055536,TARA:1055536,SP 21,Meridian Acupuncture Point,Spleen 21,Dabao,大包(包),Spleen Meridian,Major Luo-Connecting Point of the Spleen,"In the lateral thoracic region, in the sixth intercostal space, on the midaxillary line.
 - Note: With the subject lying on the side and the arm abducted, SP 21 is located at the intersection of the midaxillary line and the sixth intercostal space.","lateral thoracic region (sixth intercostal space, midaxillary line)",Puncture obliquely 0.3-0.5 inch. Moxibustion is applicable.,"asthma, pain in the chest, pain in the hypochondriac region, general aching, general weakness",The seventh intercostal nerve and the terminal branch of the long thoracic nerve.,"Seventh intercostal nerve, Long thoracic nerve","The thoracodorsal artery and vein, the seventh intercostal artery and vein.","thoracodorsal artery, Seventh posterior intercostal artery","intercostal vein, thoracodorsal vein","[Acupuncture Method, Vasculature, Innervation, Indications] Chinese Acupuncture and Moxibustion. Edited by C. Xinnong, Rev. Ed., Foreign Languages Press, Beijing, China, 1999. Ch. 7, Acupuncture Points of the Taiyin and Yangming Meridians. ISBN 978-7-119-01758-7.
[Acupoint Location, Pinyin Label, Chinese Label] WHO Standard Acupuncture Point Locations in the Western Pacific Region. World Health Organization (WHO), WHO Regional Office for the Western Pacific, 2008. Page 80. https://iris.who.int/handle/10665/353407"
http://purl.org/tara/ontology/TARA_3003448,TARA:3003448,SP 3,Meridian Acupuncture Point,Spleen 3,Taibai,太白,Spleen Meridian,"Yuan-Primary Point, Shu-Stream Point","On the medial aspect of the foot, in the depression proximal to the first metatarsophalangeal joint, at the border between the red and white flesh.",pes (metatarsophalangeal joint of pedal digit 1),Puncture perpendicularly 0.3-0.5 inch. Moxibustion is applicable.,"gastric pain, constipation, vomiting, abdominal distension, borborygmus, dysentery, diarrhea, beriberi, sluggishness",The branches of the saphenous nerve and superficial peroneal nerve.,"saphenous nerve, superficial fibular nerve","The dorsal venous network of the foot, the medial plantar artery and the branches of the medial tarsal artery.","medial plantar artery, medial tarsal artery",Dorsal digital vein of foot,"[Acupuncture Method, Vasculature, Innervation, Indications] Chinese Acupuncture and Moxibustion. Edited by C. Xinnong, Rev. Ed., Foreign Languages Press, Beijing, China, 1999. Ch. 7, Acupuncture Points of the Taiyin and Yangming Meridians. ISBN 978-7-119-01758-7.
[Acupoint Location, Pinyin Label, Chinese Label] WHO Standard Acupuncture Point Locations in the Western Pacific Region. World Health Organization (WHO), WHO Regional Office for the Western Pacific, 2008. Page 71. https://iris.who.int/handle/10665/353407"
http://purl.org/tara/ontology/TARA_7407065,TARA:7407065,SP 4,Meridian Acupuncture Point,Spleen 4,Gongsun,公孫(孙),Spleen Meridian,"Luo-Connecting Point, Confluent Point","On the medial aspect of the foot, anteroinferior to the base of the first metatarsal bone, at the border between the red and white flesh.
 - Note: A depression can be felt when moving proximally from SP 3. SP 4 is located in the depression distal to the base of the first metatarsal bone.",pes (metatarsal bone of digit 1),Puncture perpendicularly 0.5-0.8 inch. Moxibustion is applicable.,"gastric pain, vomiting, abdominal distension, abdominal pain, borborygmus, dysentery, diarrhea",The saphenous nerve and the branch of the superficial peroneal nerve.,"saphenous nerve, superficial fibular nerve",The medial tarsal artery and the dorsal venous network of the foot.,medial tarsal artery,Dorsal digital vein of foot,"[Acupuncture Method, Vasculature, Innervation, Indications] Chinese Acupuncture and Moxibustion. Edited by C. Xinnong, Rev. Ed., Foreign Languages Press, Beijing, China, 1999. Ch. 7, Acupuncture Points of the Taiyin and Yangming Meridians. ISBN 978-7-119-01758-7.
[Acupoint Location, Pinyin Label, Chinese Label] WHO Standard Acupuncture Point Locations in the Western Pacific Region. World Health Organization (WHO), WHO Regional Office for the Western Pacific, 2008. Page 71. https://iris.who.int/handle/10665/353407"
http://purl.org/tara/ontology/TARA_7831710,TARA:7831710,SP 5,Meridian Acupuncture Point,Spleen 5,Shangqiu,商丘,Spleen Meridian,Jing-River Point,"On the medial aspect of the foot, anteroinferior to the medial malleolus, in the depression midway between the tuberosity of the navicular bone and the prominence of the medial malleolus.
 - Note 1: SP 5 is located at the intersection of two imaginary lines: the vertical line of the anterior border of the medial malleolus and the horizontal line of the inferior border of the medial malleolus.
 - Note 2: SP 5 is located posterior to LR 4 and anterior to KI 6.","pes (equine distal sesamoid, medial malleolus)",Puncture perpendicularly 0.2-0.3 inch. Moxibustion is applicable.,"hemorrhoids, constipation, abdominal distension, borborygmus, diarrhea, pain in the foot, pain in the ankle, pain in the tongue, rigidity of the tongue",The medial crural cutaneous nerve and the branch of the superficial peroneal nerve.,"Medial crural cutaneous nerve, superficial fibular nerve",The medial tarsal artery and the great saphenous vein.,medial tarsal artery,great saphenous vein,"[Acupuncture Method, Vasculature, Innervation, Indications] Chinese Acupuncture and Moxibustion. Edited by C. Xinnong, Rev. Ed., Foreign Languages Press, Beijing, China, 1999. Ch. 7, Acupuncture Points of the Taiyin and Yangming Meridians. ISBN 978-7-119-01758-7.
[Acupoint Location, Pinyin Label, Chinese Label] WHO Standard Acupuncture Point Locations in the Western Pacific Region. World Health Organization (WHO), WHO Regional Office for the Western Pacific, 2008. Page 72. https://iris.who.int/handle/10665/353407"
http://purl.org/tara/ontology/TARA_4385250,TARA:4385250,SP 6,Meridian Acupuncture Point,Spleen 6,Sanyinjiao,三陰(阴)交,Spleen Meridian,,"On the tibial aspect of the leg, posterior to the medial border of the tibia, 3 B-cun superior to the prominence of the medial malleolus.
 - Note: 1 B-cun superior to KI 8.","hindlimb zeugopod (tibia, medial malleolus)",Puncture perpendicularly 0.5-1.0 inch. Moxibustion is applicable. Acupuncture on this point is contraindicated in pregnant women.,"muscular atrophy of the lower extremities, headache, insomnia, paralysis in the lower extremities, enuresis, abdominal distension, irregular menstruation, nocturnal emission, dizziness, vertigo, hernia, pain in the external genitalia, abdominal pain, borborygmus, dysuria, motor impairment of the lower extremities, pain in the lower extremities, diarrhea, edema, prolapse of the uterus, dysmenorrhea, uterine bleeding, impotence, morbid leukorrhea, delayed labor, infertility","Superficially, the medial crural cutaneous nerve; deeper, in the posterior aspect, the tibial nerve.","tibial nerve, Medial crural cutaneous nerve","The great saphenous vein, the posterior tibial artery and vein.",posterior tibial artery,"posterior tibial vein, great saphenous vein","[Acupuncture Method, Vasculature, Innervation, Indications] Chinese Acupuncture and Moxibustion. Edited by C. Xinnong, Rev. Ed., Foreign Languages Press, Beijing, China, 1999. Ch. 7, Acupuncture Points of the Taiyin and Yangming Meridians. ISBN 978-7-119-01758-7.
[Acupoint Location, Pinyin Label, Chinese Label] WHO Standard Acupuncture Point Locations in the Western Pacific Region. World Health Organization (WHO), WHO Regional Office for the Western Pacific, 2008. Page 72. https://iris.who.int/handle/10665/353407"
http://purl.org/tara/ontology/TARA_8036487,TARA:8036487,SP 7,Meridian Acupuncture Point,Spleen 7,Lougu,漏谷,Spleen Meridian,,"On the tibial aspect of the leg, posterior to the medial border of the tibia, 6 B-cun superior to the prominence of the medial malleolus.
 - Note: 3 B-cun superior to SP 6.","hindlimb zeugopod (tibia, medial malleolus)",Puncture perpendicularly 0.5-1.0 inch. Moxibustion is applicable.,"abdominal distension, borborygmus, paralysis in the leg, numbness of the knee, numbness of the leg, coldness of the knee, coldness of the leg, paralysis in the knee","Superficially, the medial crural cutaneous nerve; deeper, in the posterior aspect, the tibial nerve.","tibial nerve, Medial crural cutaneous nerve",,posterior tibial artery,"posterior tibial vein, great saphenous vein","[Acupuncture Method, Vasculature, Innervation, Indications] Chinese Acupuncture and Moxibustion. Edited by C. Xinnong, Rev. Ed., Foreign Languages Press, Beijing, China, 1999. Ch. 7, Acupuncture Points of the Taiyin and Yangming Meridians. ISBN 978-7-119-01758-7.
[Acupoint Location, Pinyin Label, Chinese Label] WHO Standard Acupuncture Point Locations in the Western Pacific Region. World Health Organization (WHO), WHO Regional Office for the Western Pacific, 2008. Page 73. https://iris.who.int/handle/10665/353407"
http://purl.org/tara/ontology/TARA_6848518,TARA:6848518,SP 8,Meridian Acupuncture Point,Spleen 8,Diji,地機(机),Spleen Meridian,Xi-Cleft Point,"On the tibial aspect of the leg, posterior to the medial border of the tibia, 3 B-cun inferior to SP 9.
 - Note: SP 8 is located at the junction of the upper one third and lower two thirds of the line connecting the apex of the patella with the prominence of the medial malleolus.","hindlimb zeugopod (tibia, patella, medial malleolus)",Puncture perpendicularly 0.5-1.0 inch. Moxibustion is applicable.,"abdominal distension, irregular menstruation, nocturnal emission, abdominal pain, dysuria, diarrhea, edema, dysmenorrhea","Superficially, the medial crural cutaneous nerve; deeper, in the posterior aspect, the tibial nerve.","tibial nerve, Medial crural cutaneous nerve","Anteriorly, the great saphenous vein and the branch of the genu suprema artery; deeper, the posterior tibial artery and vein.","posterior tibial artery, Descending genicular artery","posterior tibial vein, great saphenous vein","[Acupuncture Method, Vasculature, Innervation, Indications] Chinese Acupuncture and Moxibustion. Edited by C. Xinnong, Rev. Ed., Foreign Languages Press, Beijing, China, 1999. Ch. 7, Acupuncture Points of the Taiyin and Yangming Meridians. ISBN 978-7-119-01758-7.
[Acupoint Location, Pinyin Label, Chinese Label] WHO Standard Acupuncture Point Locations in the Western Pacific Region. World Health Organization (WHO), WHO Regional Office for the Western Pacific, 2008. Page 73. https://iris.who.int/handle/10665/353407"
http://purl.org/tara/ontology/TARA_3553465,TARA:3553465,SP 9,Meridian Acupuncture Point,Spleen 9,Yinlingquan,陰(阴)陵泉,Spleen Meridian,He-Sea Point,"On the tibial aspect of the leg, in the depression between the inferior border of the medial condyle of the tibia and the medial border of the tibia.
 - Note: A depression can be felt inferior to the knee joint when moving proximally along the medial border of the tibia. SP 9 is located in a depression at the angle formed by the inferior border of the medial condyle of the tibia and the posterior border of the tibia.","hindlimb zeugopod (tibia, knee joint, medial condyle of tibia)",Puncture perpendicularly 0.5-1.0 inch. Moxibustion is applicable.,"enuresis, abdominal distension, jaundice, pain in the external genitalia, abdominal pain, dysuria, dysentery, diarrhea, edema, dysmenorrhea, pain in the knee, urinary incontinence","Superficially, the medial crural cutaneous nerve; deeper, the tibial nerve.","tibial nerve, Medial crural cutaneous nerve","Anteriorly, the great saphenous vein, the genu suprema artery; deeper, the posterior tibial artery and vein.","posterior tibial artery, Descending genicular artery","posterior tibial vein, great saphenous vein","[Acupuncture Method, Vasculature, Innervation, Indications] Chinese Acupuncture and Moxibustion. Edited by C. Xinnong, Rev. Ed., Foreign Languages Press, Beijing, China, 1999. Ch. 7, Acupuncture Points of the Taiyin and Yangming Meridians. ISBN 978-7-119-01758-7.
[Acupoint Location, Pinyin Label, Chinese Label] WHO Standard Acupuncture Point Locations in the Western Pacific Region. World Health Organization (WHO), WHO Regional Office for the Western Pacific, 2008. Page 74. https://iris.who.int/handle/10665/353407"
http://purl.org/tara/ontology/TARA_4157768,TARA:4157768,ST 1,Meridian Acupuncture Point,"Stomach 1, S 1",Chengqi,承泣,Stomach Meridian,,"On the face, between the eyeball and the infraorbital margin, directly inferior to the pupil.","face (eyeball of camera-type eye, infraorbital margin, pupil)",Push the eyeball upward with the left thumb and puncture perpendicularly and slowly 0.5-1.0 inch along the infraorbital ridge. It is not advisable to manipulate the needle with large amplitude.,"pain in the eye, redness of the eye, swelling of the eye, eyelid twitching, lacrimation, facial paralysis (bell's palsy), night blindness","The branch of the infraorbital nerve, the inferior branch of the oculomotor nerve and the muscular branch of the facial nerve.","facial nerve, oculomotor nerve, infra-orbital nerve","The branches of the infraorbital artery and infraorbital vein, and ophthalmic artery and ophthalmic veins.","ophthalmic artery, infraorbital artery","ophthalmic vein, Infraorbital vein","[Acupuncture Method, Vasculature, Innervation, Indications] Chinese Acupuncture and Moxibustion. Edited by C. Xinnong, Rev. Ed., Foreign Languages Press, Beijing, China, 1999. Ch. 7, Acupuncture Points of the Taiyin and Yangming Meridians. ISBN 978-7-119-01758-7.
[Acupoint Location, Pinyin Label, Chinese Label] WHO Standard Acupuncture Point Locations in the Western Pacific Region. World Health Organization (WHO), WHO Regional Office for the Western Pacific, 2008. Page 46. https://iris.who.int/handle/10665/353407"
http://purl.org/tara/ontology/TARA_1661723,TARA:1661723,ST 10,Meridian Acupuncture Point,"S 10, Stomach 10",Shuitu,水突,Stomach Meridian,,"In the anterior region of the neck, at the same level as the cricoid cartilage, just anterior to the border of the sternocleidomastoid muscle.","neck (sternocleidomastoid, cricoid cartilage)",Puncture perpendicularly 0.3-0.5 inch. Moxibustion is applicable.,"sore throat, asthma, cough","Superficially, the cutaneous cervical nerve; deeper, the superior cardiac nerve issued from the sympathetic nerve and the sympathetic trunk.","sympathetic trunk, sympathetic nerve, Transverse cervical nerve, Superior cardiac nerve",The common carotid artery.,trunk of common carotid artery,,"[Acupuncture Method, Vasculature, Innervation, Indications] Chinese Acupuncture and Moxibustion. Edited by C. Xinnong, Rev. Ed., Foreign Languages Press, Beijing, China, 1999. Ch. 7, Acupuncture Points of the Taiyin and Yangming Meridians. ISBN 978-7-119-01758-7.
[Acupoint Location, Pinyin Label, Chinese Label] WHO Standard Acupuncture Point Locations in the Western Pacific Region. World Health Organization (WHO), WHO Regional Office for the Western Pacific, 2008. Page 50. https://iris.who.int/handle/10665/353407"
http://purl.org/tara/ontology/TARA_4369524,TARA:4369524,ST 11,Meridian Acupuncture Point,"S 11, Stomach 11",Qishe,"氣(气,気)舍(舎)",Stomach Meridian,,"In the anterior region of the neck, in the lesser supraclavicular fossa, superior to the sternal end of the clavicle, in the depression between the sternal and clavicular heads of the sternocleidomastoid muscle.
 - Note 1: The sternocleidomastoid muscle is more distinct when the head is turned to the opposite side against resistance.
 - Note 2: ST 11 is located superior to the clavicle, inferior to ST 9.","neck (sternocleidomastoid, clavicle bone, lesser supraclavicular fossa)",Puncture perpendicularly 0.3-0.5 inch. Moxibustion is applicable.,"hiccup, sore throat, asthma, rigidity of the neck, goiter, pain in the neck",The medial supraclavicular nerve and the muscular branch of ansa cervicalis.,"Medial supraclavicular nerve, Branch of ansa cervicalis","Superficially, the anterior jugular vein; deeper, the common carotid artery.",trunk of common carotid artery,anterior jugular vein,"[Acupuncture Method, Vasculature, Innervation, Indications] Chinese Acupuncture and Moxibustion. Edited by C. Xinnong, Rev. Ed., Foreign Languages Press, Beijing, China, 1999. Ch. 7, Acupuncture Points of the Taiyin and Yangming Meridians. ISBN 978-7-119-01758-7.
[Acupoint Location, Pinyin Label, Chinese Label] WHO Standard Acupuncture Point Locations in the Western Pacific Region. World Health Organization (WHO), WHO Regional Office for the Western Pacific, 2008. Page 51. https://iris.who.int/handle/10665/353407"
http://purl.org/tara/ontology/TARA_2031703,TARA:2031703,ST 12,Meridian Acupuncture Point,"S 12, Stomach 12",Quepen,缺盆,Stomach Meridian,,"In the anterior region of the neck, in the greater supraclavicular fossa, 4 B-cun lateral to the anterior median line, in the depression superior to the clavicle.","neck (anterior median line, clavicle bone, greater supraclavicular fossa)",Avoid puncturing the artery. Puncture perpendicularly 0.3-0.5 inch.,"sore throat, asthma, cough, pain in the supraclavicular fossa","Superficially, the intermediate supraclavicular nerve; deeper, the supraclavicular portion of brachial plexus.","brachial nerve plexus, Intermediate supraclavicular nerve","Superiorly, the transverse cervical artery.",transverse cervical artery,,"[Acupuncture Method, Vasculature, Innervation, Indications] Chinese Acupuncture and Moxibustion. Edited by C. Xinnong, Rev. Ed., Foreign Languages Press, Beijing, China, 1999. Ch. 7, Acupuncture Points of the Taiyin and Yangming Meridians. ISBN 978-7-119-01758-7.
[Acupoint Location, Pinyin Label, Chinese Label] WHO Standard Acupuncture Point Locations in the Western Pacific Region. World Health Organization (WHO), WHO Regional Office for the Western Pacific, 2008. Page 51. https://iris.who.int/handle/10665/353407"
http://purl.org/tara/ontology/TARA_1904200,TARA:1904200,ST 13,Meridian Acupuncture Point,"S 13, Stomach 13",Qihu,"氣(气,気)戶",Stomach Meridian,,"In the anterior thoracic region, inferior to the clavicle, 4 B-cun lateral to the anterior median line.","anterior chest (anterior median line, clavicle bone)",,"hiccup, hypochondriac pain, asthma, cough, fullness in the chest, chest pain",The branches of the supraclavicular nerve and the anterior thoracic nerve.,"medial pectoral nerve, Supraclavicular nerve","The branches of the thoracoacromial artery and thoracoacromial vein; superiorly, the subclavicular vein.",thoraco-acromial artery,"thoracoacromial vein, subclavian vein","[Acupuncture Method, Vasculature, Innervation, Indications] Chinese Acupuncture and Moxibustion. Edited by C. Xinnong, Rev. Ed., Foreign Languages Press, Beijing, China, 1999. Ch. 7, Acupuncture Points of the Taiyin and Yangming Meridians. ISBN 978-7-119-01758-7.
[Acupoint Location, Pinyin Label, Chinese Label] WHO Standard Acupuncture Point Locations in the Western Pacific Region. World Health Organization (WHO), WHO Regional Office for the Western Pacific, 2008. Page 52. https://iris.who.int/handle/10665/353407"
http://purl.org/tara/ontology/TARA_8915695,TARA:8915695,ST 14,Meridian Acupuncture Point,"S 14, Stomach 14",Kufang,庫(库)房,Stomach Meridian,,"In the anterior thoracic region, in the first intercostal space, 4 B-cun lateral to the anterior median line.","anterior chest (anterior median line, first intercostal space)",Puncture‚Ä¢ obliquely 0.3-0.5 inch. Moxibustion is applicable.,"cough, chest pain, sensation of fullness in the chest","The branch of the anteri,or thoracic nerve.",medial pectoral nerve,The thoracoacromial artery and vein and the branches of the lateral thoracic artery and vein.,"lateral thoracic artery, thoraco-acromial artery","lateral thoracic vein, thoracoacromial vein","[Acupuncture Method, Vasculature, Innervation, Indications] Chinese Acupuncture and Moxibustion. Edited by C. Xinnong, Rev. Ed., Foreign Languages Press, Beijing, China, 1999. Ch. 7, Acupuncture Points of the Taiyin and Yangming Meridians. ISBN 978-7-119-01758-7.
[Acupoint Location, Pinyin Label, Chinese Label] WHO Standard Acupuncture Point Locations in the Western Pacific Region. World Health Organization (WHO), WHO Regional Office for the Western Pacific, 2008. Page 52. https://iris.who.int/handle/10665/353407"
http://purl.org/tara/ontology/TARA_4714850,TARA:4714850,ST 15,Meridian Acupuncture Point,"S 15, Stomach 1",Wuyi,屋翳,Stomach Meridian,,"In the anterior thoracic region, in the second intercostal space, 4 B-cun lateral to the anterior median line.
 - Note: The second intercostal space is inferior to the second rib which is located at the same level as the sternal angle.","anterior chest (anterior median line, rib 2, second intercostal space, sternal angle)",,"mastitis, asthma, cough, pain in the chest, fullness in the chest, fullness in the costal region, pain in the costal region",On the course of the branch of m. pectoralis major derived from the anterior thoracic nerve.,"medial pectoral nerve, thoracic nerve",The thoracoacromial artery and vein and the branches of the lateral thoracic artery and vein.,"lateral thoracic artery, thoraco-acromial artery","lateral thoracic vein, thoracoacromial vein","[Acupuncture Method, Vasculature, Innervation, Indications] Chinese Acupuncture and Moxibustion. Edited by C. Xinnong, Rev. Ed., Foreign Languages Press, Beijing, China, 1999. Ch. 7, Acupuncture Points of the Taiyin and Yangming Meridians. ISBN 978-7-119-01758-7.
[Acupoint Location, Pinyin Label, Chinese Label] WHO Standard Acupuncture Point Locations in the Western Pacific Region. World Health Organization (WHO), WHO Regional Office for the Western Pacific, 2008. Page 53. https://iris.who.int/handle/10665/353407"
http://purl.org/tara/ontology/TARA_4611734,TARA:4611734,ST 16,Meridian Acupuncture Point,"S 16, Stomach 16",Yingchuang,膺窗(窓),Stomach Meridian,,"In the anterior thoracic region, in the third intercostal space, 4 B-cun lateral to the anterior median line.","anterior chest (anterior median line, third intercostal space)",Puncture obliquely 0.3-0.5 inch. Moxibustion is applicable.,"mastitis, asthma, cough, pain in the chest, fullness in the chest, fullness in the hypochondrium, pain in the hypochondrium",The branch of the anterior thoracic nerve.,medial pectoral nerve,The lateral thoracic artery and vein.,lateral thoracic artery,lateral thoracic vein,"[Acupuncture Method, Vasculature, Innervation, Indications] Chinese Acupuncture and Moxibustion. Edited by C. Xinnong, Rev. Ed., Foreign Languages Press, Beijing, China, 1999. Ch. 7, Acupuncture Points of the Taiyin and Yangming Meridians. ISBN 978-7-119-01758-7.
[Acupoint Location, Pinyin Label, Chinese Label] WHO Standard Acupuncture Point Locations in the Western Pacific Region. World Health Organization (WHO), WHO Regional Office for the Western Pacific, 2008. Page 53. https://iris.who.int/handle/10665/353407"
http://purl.org/tara/ontology/TARA_9460971,TARA:9460971,ST 17,Meridian Acupuncture Point,"S 17, Stomach 17",Ruzhong,(乳)中,Stomach Meridian,,"In the anterior thoracic region, at the centre of the nipple.
 - Note: In males, the centre of the nipple is located in the fourth intercostal space.",anterior chest (nipple),,,The anterior and lateral cutaneous branch of the fourth intercostal nerve.,Fourth intercostal nerve,,,,"[Acupoint Location, Pinyin Label, Chinese Label] WHO Standard Acupuncture Point Locations in the Western Pacific Region. World Health Organization (WHO), WHO Regional Office for the Western Pacific, 2008. Page 54. https://iris.who.int/handle/10665/353407
[Acupuncture Method, Vasculature, Innervation, Indications] Chinese Acupuncture and Moxibustion. Edited by C. Xinnong, Rev. Ed., Foreign Languages Press, Beijing, China, 1999. Ch. 7, Acupuncture Points of the Taiyin and Yangming Meridians. ISBN 978-7-119-01758-7."
http://purl.org/tara/ontology/TARA_8225693,TARA:8225693,ST 17 (Female),Meridian Acupuncture Point,Stomach 17 (Female),,,Stomach Meridian,,"In the anterior thoracic region, at the centre of the nipple.
 - Note: In males, the centre of the nipple is located in the fourth intercostal space.",anterior chest (nipple),,,The anterior and lateral cutaneous branch of the fourth intercostal nerve.,Fourth intercostal nerve,,,,"[Acupoint Location, Pinyin Label, Chinese Label] WHO Standard Acupuncture Point Locations in the Western Pacific Region. World Health Organization (WHO), WHO Regional Office for the Western Pacific, 2008. Page 54. https://iris.who.int/handle/10665/353407
[Acupuncture Method, Vasculature, Innervation, Indications] Chinese Acupuncture and Moxibustion. Edited by C. Xinnong, Rev. Ed., Foreign Languages Press, Beijing, China, 1999. Ch. 7, Acupuncture Points of the Taiyin and Yangming Meridians. ISBN 978-7-119-01758-7."
http://purl.org/tara/ontology/TARA_5795994,TARA:5795994,ST 17 (Male),Meridian Acupuncture Point,Stomach 17 (Male),,,Stomach Meridian,,"In the anterior thoracic region, at the centre of the nipple.
 - Note: In males, the centre of the nipple is located in the fourth intercostal space.","anterior chest (nipple, fourth intercostal space)",,,The anterior and lateral cutaneous branch of the fourth intercostal nerve.,Fourth intercostal nerve,,,,"[Acupoint Location, Pinyin Label, Chinese Label] WHO Standard Acupuncture Point Locations in the Western Pacific Region. World Health Organization (WHO), WHO Regional Office for the Western Pacific, 2008. Page 54. https://iris.who.int/handle/10665/353407
[Acupuncture Method, Vasculature, Innervation, Indications] Chinese Acupuncture and Moxibustion. Edited by C. Xinnong, Rev. Ed., Foreign Languages Press, Beijing, China, 1999. Ch. 7, Acupuncture Points of the Taiyin and Yangming Meridians. ISBN 978-7-119-01758-7."
http://purl.org/tara/ontology/TARA_6412285,TARA:6412285,ST 18,Meridian Acupuncture Point,"S 18, Stomach 18",Rugen,(乳)根,Stomach Meridian,,"In the anterior thoracic region, in the fifth intercostal space, 4 B-cun lateral to the anterior median line.
 - Note: In males, ST 18 is located at the intersection of nipple line and the fifth intercostal space. In females, ST 18 is located at the midpoint of the inferior crease of the breast.","anterior chest (anterior median line, fifth intercostal space, nipple line)",Puncture obliquely 0.3-0.5 inch. Moxibustion is applicable.,"mastitis, asthma, cough, insufficient lactation, pain in the chest",The branch of the fifth intercostal nerve.,Fifth intercostal nerve,The branches of the intercostal artery and vein.,intercostal artery,intercostal vein,"[Acupoint Location, Pinyin Label, Chinese Label] WHO Standard Acupuncture Point Locations in the Western Pacific Region. World Health Organization (WHO), WHO Regional Office for the Western Pacific, 2008. Page 54. https://iris.who.int/handle/10665/353407
[Acupuncture Method, Vasculature, Innervation, Indications] Chinese Acupuncture and Moxibustion. Edited by C. Xinnong, Rev. Ed., Foreign Languages Press, Beijing, China, 1999. Ch. 7, Acupuncture Points of the Taiyin and Yangming Meridians. ISBN 978-7-119-01758-7."
http://purl.org/tara/ontology/TARA_7823403,TARA:7823403,ST 18 (Female),Meridian Acupuncture Point,Stomach 18 (Female),,,Stomach Meridian,,"In the anterior thoracic region, in the fifth intercostal space, 4 B-cun lateral to the anterior median line.
 - Note: In males, ST 18 is located at the intersection of nipple line and the fifth intercostal space. In females, ST 18 is located at the midpoint of the inferior crease of the breast.","anterior chest (anterior median line, fifth intercostal space, nipple line, inframammary fold)",Puncture obliquely 0.3-0.5 inch. Moxibustion is applicable.,"mastitis, asthma, cough, insufficient lactation, pain in the chest",The branch of the fifth intercostal nerve.,Fifth intercostal nerve,The branches of the intercostal artery and vein.,intercostal artery,intercostal vein,"[Acupoint Location, Pinyin Label, Chinese Label] WHO Standard Acupuncture Point Locations in the Western Pacific Region. World Health Organization (WHO), WHO Regional Office for the Western Pacific, 2008. Page 54. https://iris.who.int/handle/10665/353407
[Acupuncture Method, Vasculature, Innervation, Indications] Chinese Acupuncture and Moxibustion. Edited by C. Xinnong, Rev. Ed., Foreign Languages Press, Beijing, China, 1999. Ch. 7, Acupuncture Points of the Taiyin and Yangming Meridians. ISBN 978-7-119-01758-7."
http://purl.org/tara/ontology/TARA_4684195,TARA:4684195,ST 18 (Male),Meridian Acupuncture Point,Stomach 18 (Male),,,Stomach Meridian,,"In the anterior thoracic region, in the fifth intercostal space, 4 B-cun lateral to the anterior median line.
 - Note: In males, ST 18 is located at the intersection of nipple line and the fifth intercostal space. In females, ST 18 is located at the midpoint of the inferior crease of the breast.","anterior chest (anterior median line, fifth intercostal space, nipple line)",Puncture obliquely 0.3-0.5 inch. Moxibustion is applicable.,"mastitis, asthma, cough, insufficient lactation, pain in the chest",The branch of the fifth intercostal nerve.,Fifth intercostal nerve,The branches of the intercostal artery and vein.,intercostal artery,intercostal vein,"[Acupoint Location, Pinyin Label, Chinese Label] WHO Standard Acupuncture Point Locations in the Western Pacific Region. World Health Organization (WHO), WHO Regional Office for the Western Pacific, 2008. Page 54. https://iris.who.int/handle/10665/353407
[Acupuncture Method, Vasculature, Innervation, Indications] Chinese Acupuncture and Moxibustion. Edited by C. Xinnong, Rev. Ed., Foreign Languages Press, Beijing, China, 1999. Ch. 7, Acupuncture Points of the Taiyin and Yangming Meridians. ISBN 978-7-119-01758-7."
http://purl.org/tara/ontology/TARA_7653020,TARA:7653020,ST 19,Meridian Acupuncture Point,"S 19, Stomach 19",Burong,不容,Stomach Meridian,,"On the upper abdomen, 6 B-cun superior to the centre of the umbilicus, 2 B-cun lateral to the anterior median line.
 - Note 1: ST 19 is 2 B-cun lateral to CV 14.
 - Note 2: If the infrasternal angle is too sharp and the rib is located inferior to ST 19, ST 19 can be reached by oblique needling.","upper abdomen (anterior median line, rib, umbilicus, infrasternal angle)",Puncture perpendicularly 0.5-0.8 inch. Moxibustion is applicable.,"gastric pain, vomiting, abdominal distension, anorexia",The branch of the seventh intercostal nerve.,Seventh intercostal nerve,"The branches of the seventh intercostal artery and vein, the branches of the superior epigastric artery and vein.","Seventh posterior intercostal artery, superior epigastric artery","intercostal vein, superior epigastric vein","[Acupuncture Method, Vasculature, Innervation, Indications] Chinese Acupuncture and Moxibustion. Edited by C. Xinnong, Rev. Ed., Foreign Languages Press, Beijing, China, 1999. Ch. 7, Acupuncture Points of the Taiyin and Yangming Meridians. ISBN 978-7-119-01758-7.
[Acupoint Location, Pinyin Label, Chinese Label] WHO Standard Acupuncture Point Locations in the Western Pacific Region. World Health Organization (WHO), WHO Regional Office for the Western Pacific, 2008. Page 55. https://iris.who.int/handle/10665/353407"
http://purl.org/tara/ontology/TARA_6392753,TARA:6392753,ST 2,Meridian Acupuncture Point,"S 2, Stomach 2",Sibai,四白,Stomach Meridian,,"On the face, in the infraorbital foramen.",face (infra-orbital foramen of maxilla),Puncture perpendicularly 0.2-0.3 inch. It is not advisable to puncture deeply.,"pain in the face, pain in the eye, redness of the eye, facial paralysis, eyelid twitching, itching of the eye",The branches of the facial nerve. The point is right on the course of the infraorbital nerve.,"facial nerve, infra-orbital nerve","The branches of facial artery and vein, the infraorbital artery and vein.","facial artery, infraorbital artery","facial vein, Infraorbital vein","[Acupuncture Method, Vasculature, Innervation, Indications] Chinese Acupuncture and Moxibustion. Edited by C. Xinnong, Rev. Ed., Foreign Languages Press, Beijing, China, 1999. Ch. 7, Acupuncture Points of the Taiyin and Yangming Meridians. ISBN 978-7-119-01758-7.
[Acupoint Location, Pinyin Label, Chinese Label] WHO Standard Acupuncture Point Locations in the Western Pacific Region. World Health Organization (WHO), WHO Regional Office for the Western Pacific, 2008. Page 46. https://iris.who.int/handle/10665/353407"
http://purl.org/tara/ontology/TARA_2542400,TARA:2542400,ST 20,Meridian Acupuncture Point,"S 20, Stomach 20",Chengman,"承滿(满,満)",Stomach Meridian,,"On the upper abdomen, 5 B-cun superior to the centre of the umbilicus, 2 B-cun lateral to the anterior median line.
 - Note: ST 20 is 5 B-cun superior to ST 25, 1 B-cun inferior to ST 19, 2 B-cun lateral to CV 13.","upper abdomen (anterior median line, umbilicus)",,"gastric pain, vomiting, abdominal distension, anorexia",The branch of the seventh intercostal nerve.,Seventh intercostal nerve,,"Seventh posterior intercostal artery, superior epigastric artery","intercostal vein, superior epigastric vein","[Acupuncture Method, Vasculature, Innervation, Indications] Chinese Acupuncture and Moxibustion. Edited by C. Xinnong, Rev. Ed., Foreign Languages Press, Beijing, China, 1999. Ch. 7, Acupuncture Points of the Taiyin and Yangming Meridians. ISBN 978-7-119-01758-7.
[Acupoint Location, Pinyin Label, Chinese Label] WHO Standard Acupuncture Point Locations in the Western Pacific Region. World Health Organization (WHO), WHO Regional Office for the Western Pacific, 2008. Page 55. https://iris.who.int/handle/10665/353407"
http://purl.org/tara/ontology/TARA_1654197,TARA:1654197,ST 21,Meridian Acupuncture Point,"S 21, Stomach 21",Liangmen,梁門(门),Stomach Meridian,,"On the upper abdomen, 4 B-cun superior to the centre of the umbilicus, 2 B-cun lateral to the anterior median line.
 - Note: ST 21 is 4 B-cun superior to ST 25, 1 B-cun inferior to ST 20, 2 B-cun lateral to CV 12.","upper abdomen (anterior median line, umbilicus)",Puncture perpendicularly 0.8-1.0 inch. Moxibustion is applicable.,"gastric pain, vomiting, abdominal distension, anorexia, diarrhea",The branch of the eighth intercostal nerve.,Eighth intercostal nerve,The branches of the eighth intercostal and superior epigastric arteries and veins.,"Eighth posterior intercostal artery, superior epigastric artery","intercostal vein, superior epigastric vein","[Acupuncture Method, Vasculature, Innervation, Indications] Chinese Acupuncture and Moxibustion. Edited by C. Xinnong, Rev. Ed., Foreign Languages Press, Beijing, China, 1999. Ch. 7, Acupuncture Points of the Taiyin and Yangming Meridians. ISBN 978-7-119-01758-7.
[Acupoint Location, Pinyin Label, Chinese Label] WHO Standard Acupuncture Point Locations in the Western Pacific Region. World Health Organization (WHO), WHO Regional Office for the Western Pacific, 2008. Page 56. https://iris.who.int/handle/10665/353407"
http://purl.org/tara/ontology/TARA_9161776,TARA:9161776,ST 22,Meridian Acupuncture Point,"S 22, Stomach 22",Guanmen,"關(关,関)門(门)",Stomach Meridian,,"On the upper abdomen, 3 B-cun superior to the centre of the umbilicus, 2 B-cun lateral to the anterior median line.
 - Note: ST 22 is located at the same level and lateral to KI 18 and CV 11.","upper abdomen (anterior median line, umbilicus)",,"abdominal distension, anorexia, abdominal pain, borborygmus, diarrhea, edema",The branch of the eighth intercostal nerve.,Eighth intercostal nerve,,"Eighth posterior intercostal artery, superior epigastric artery","intercostal vein, superior epigastric vein","[Acupuncture Method, Vasculature, Innervation, Indications] Chinese Acupuncture and Moxibustion. Edited by C. Xinnong, Rev. Ed., Foreign Languages Press, Beijing, China, 1999. Ch. 7, Acupuncture Points of the Taiyin and Yangming Meridians. ISBN 978-7-119-01758-7.
[Acupoint Location, Pinyin Label, Chinese Label] WHO Standard Acupuncture Point Locations in the Western Pacific Region. World Health Organization (WHO), WHO Regional Office for the Western Pacific, 2008. Page 56. https://iris.who.int/handle/10665/353407"
http://purl.org/tara/ontology/TARA_2922507,TARA:2922507,ST 23,Meridian Acupuncture Point,"S 23, Stomach 23",Taiyi,太乙,Stomach Meridian,,"On the upper abdomen, 2 B-cun superior to the centre of the umbilicus, 2 B-cun lateral to the anterior median line.
 - Note: ST 23 is located at the same level and lateral to KI 17 and CV 10.","upper abdomen (anterior median line, umbilicus)",Puncture perpendicularly 0.7-1.0 inch. Moxibustion is applicable.,"gastric pain, indigestion, mania, irritability",The branches of the eighth and ninth intercostal nerves.,"Eighth intercostal nerve, Ninth intercostal nerve",The branches of the eighth and ninth intercostal and inferior epigastric arteries and veins.,"Eighth posterior intercostal artery, inferior epigastric artery, Ninth posterior intercostal artery","intercostal vein, inferior epigastric vein","[Acupuncture Method, Vasculature, Innervation, Indications] Chinese Acupuncture and Moxibustion. Edited by C. Xinnong, Rev. Ed., Foreign Languages Press, Beijing, China, 1999. Ch. 7, Acupuncture Points of the Taiyin and Yangming Meridians. ISBN 978-7-119-01758-7.
[Acupoint Location, Pinyin Label, Chinese Label] WHO Standard Acupuncture Point Locations in the Western Pacific Region. World Health Organization (WHO), WHO Regional Office for the Western Pacific, 2008. Page 57. https://iris.who.int/handle/10665/353407"
http://purl.org/tara/ontology/TARA_1211048,TARA:1211048,ST 24,Meridian Acupuncture Point,"S 24, Stomach 24",Huaroumen,滑(滑)肉門(门),Stomach Meridian,,"On the upper abdomen, 1 B-cun superior to the centre of the umbilicus, 2 B-cun lateral to the anterior median line.
 - Note: ST 24 is at the same level and lateral to CV 9.","upper abdomen (anterior median line, umbilicus)",,"gastric pain, vomiting, mania",The branch of the ninth intercostal nerve.,Ninth intercostal nerve,,"inferior epigastric artery, Ninth posterior intercostal artery","intercostal vein, inferior epigastric vein","[Acupuncture Method, Vasculature, Innervation, Indications] Chinese Acupuncture and Moxibustion. Edited by C. Xinnong, Rev. Ed., Foreign Languages Press, Beijing, China, 1999. Ch. 7, Acupuncture Points of the Taiyin and Yangming Meridians. ISBN 978-7-119-01758-7.
[Acupoint Location, Pinyin Label, Chinese Label] WHO Standard Acupuncture Point Locations in the Western Pacific Region. World Health Organization (WHO), WHO Regional Office for the Western Pacific, 2008. Page 57. https://iris.who.int/handle/10665/353407"
http://purl.org/tara/ontology/TARA_5717468,TARA:5717468,ST 25,Meridian Acupuncture Point,"Front-Mu Point of the Large Intestine, S 25, Stomach 25",Tianshu,天樞(枢),Stomach Meridian,Front-Mu Point of the Large Intestine,"On the upper abdomen, 2 B-cun lateral to the centre of the umbilicus.",upper abdomen (umbilicus),Puncture perpendicularly 0.7-1.2 inches. Moxibustion is applicable.,"constipation, abdominal distension, irregular menstruation, abdominal pain, borborygmus, dysentery, diarrhea, edema, pain around the umbilicus",The branch of the tenth intercostal nerve.,Tenth intercostal nerve,,"inferior epigastric artery, Tenth posterior intercostal artery","intercostal vein, inferior epigastric vein","[Acupuncture Method, Vasculature, Innervation, Indications] Chinese Acupuncture and Moxibustion. Edited by C. Xinnong, Rev. Ed., Foreign Languages Press, Beijing, China, 1999. Ch. 7, Acupuncture Points of the Taiyin and Yangming Meridians. ISBN 978-7-119-01758-7.
[Acupoint Location, Pinyin Label, Chinese Label] WHO Standard Acupuncture Point Locations in the Western Pacific Region. World Health Organization (WHO), WHO Regional Office for the Western Pacific, 2008. Page 58. https://iris.who.int/handle/10665/353407"
http://purl.org/tara/ontology/TARA_8646804,TARA:8646804,ST 26,Meridian Acupuncture Point,"S 26, Stomach 26",Wailing,外陵,Stomach Meridian,,"On the lower abdomen, 1 B-cun inferior to the centre of the umbilicus, 2 B-cun lateral to the anterior median line.
 - Note: ST 26 is at the same level and lateral to KI 15 and CV 7.","lower abdomen (anterior median line, umbilicus)",Puncture perpendicularly 0.7-1.2 inches. Moxibustion is applicable.,"hernia, abdominal pain, dysmenorrhea",The branch of the tenth intercostal nerve.,Tenth intercostal nerve,,"inferior epigastric artery, Tenth posterior intercostal artery","intercostal vein, inferior epigastric vein","[Acupuncture Method, Vasculature, Innervation, Indications] Chinese Acupuncture and Moxibustion. Edited by C. Xinnong, Rev. Ed., Foreign Languages Press, Beijing, China, 1999. Ch. 7, Acupuncture Points of the Taiyin and Yangming Meridians. ISBN 978-7-119-01758-7.
[Acupoint Location, Pinyin Label, Chinese Label] WHO Standard Acupuncture Point Locations in the Western Pacific Region. World Health Organization (WHO), WHO Regional Office for the Western Pacific, 2008. Page 58. https://iris.who.int/handle/10665/353407"
http://purl.org/tara/ontology/TARA_1452771,TARA:1452771,ST 27,Meridian Acupuncture Point,"S 27, Stomach 27",Daju,大巨,Stomach Meridian,,"On the lower abdomen, 2 B-cun inferior to the centre of the umbilicus, 2 B-cun lateral to the anterior median line.
 - Note: ST 27 is at the same level and lateral to KI 14 and CV 5.","lower abdomen (anterior median line, umbilicus)",Puncture perpendicularly 0.7-1.2 inches. Moxibustion is applicable.,"premature ejaculation, hernia, dysuria, lower abdominal distension, seminal emission",The eleventh intercostal nerve.,Eleventh intercostal nerve,"The branches of the eleventh intercostal artery and vein; laterally, the inferior epigastric artery and vein.","inferior epigastric artery, Eleventh posterior intercostal artery","intercostal vein, inferior epigastric vein","[Acupuncture Method, Vasculature, Innervation, Indications] Chinese Acupuncture and Moxibustion. Edited by C. Xinnong, Rev. Ed., Foreign Languages Press, Beijing, China, 1999. Ch. 7, Acupuncture Points of the Taiyin and Yangming Meridians. ISBN 978-7-119-01758-7.
[Acupoint Location, Pinyin Label, Chinese Label] WHO Standard Acupuncture Point Locations in the Western Pacific Region. World Health Organization (WHO), WHO Regional Office for the Western Pacific, 2008. Page 59. https://iris.who.int/handle/10665/353407"
http://purl.org/tara/ontology/TARA_5017471,TARA:5017471,ST 28,Meridian Acupuncture Point,"S 28, Stomach 28",Shuidao,水道(道),Stomach Meridian,,"On the lower abdomen, 3 B-cun inferior to the centre of the umbilicus, 2 B-cun lateral to the anterior median line.
 - Note: ST 28 is 3 B-cun inferior to ST 25, 1 B-cun inferior to ST 27, 2 B-cun lateral to CV 4.","lower abdomen (anterior median line, umbilicus)",Puncture perpendicularly 0.7-1.2 inches. Moxibustion is applicable.,"sterility, retention of urine, hernia, edema, lower abdominal distension, dysmenorrhea",A branch of the subcostal nerve.,subcostal nerve,"The branches of the subcostal artery and subcostal vein; laterally, the inferior epigastric artery and vein.","subcostal artery, inferior epigastric artery","inferior epigastric vein, axillary vein","[Acupuncture Method, Vasculature, Innervation, Indications] Chinese Acupuncture and Moxibustion. Edited by C. Xinnong, Rev. Ed., Foreign Languages Press, Beijing, China, 1999. Ch. 7, Acupuncture Points of the Taiyin and Yangming Meridians. ISBN 978-7-119-01758-7.
[Acupoint Location, Pinyin Label, Chinese Label] WHO Standard Acupuncture Point Locations in the Western Pacific Region. World Health Organization (WHO), WHO Regional Office for the Western Pacific, 2008. Page 59. https://iris.who.int/handle/10665/353407"
http://purl.org/tara/ontology/TARA_5873796,TARA:5873796,ST 29,Meridian Acupuncture Point,"S 29, Stomach 29",Guilai,"歸(归,帰)來(来)",Stomach Meridian,,"On the lower abdomen, 4 B-cun inferior to the centre of the umbilicus, 2 B-cun lateral to the anterior median line.
 - Note: ST 29 is 4 B-cun inferior to ST 25, 1 B-cun inferior to ST 28, 2 B-cun lateral to CV 3.","lower abdomen (anterior median line, umbilicus)",Puncture perpendicularly 0.7-1.2 inches. Moxibustion is applicable.,"amenorrhea, irregular menstruation, hernia, abdominal pain, leukorrhea, prolapse of the uterus, dysmenorrhea",The iliohypogastric nerve.,iliohypogastric nerve,"Laterally, the inferior epigastric artery and vein.",inferior epigastric artery,inferior epigastric vein,"[Acupuncture Method, Vasculature, Innervation, Indications] Chinese Acupuncture and Moxibustion. Edited by C. Xinnong, Rev. Ed., Foreign Languages Press, Beijing, China, 1999. Ch. 7, Acupuncture Points of the Taiyin and Yangming Meridians. ISBN 978-7-119-01758-7.
[Acupoint Location, Pinyin Label, Chinese Label] WHO Standard Acupuncture Point Locations in the Western Pacific Region. World Health Organization (WHO), WHO Regional Office for the Western Pacific, 2008. Page 60. https://iris.who.int/handle/10665/353407"
http://purl.org/tara/ontology/TARA_5884251,TARA:5884251,ST 3,Meridian Acupuncture Point,"S 3, Stomach 3",Juliao,巨髎(髎),Stomach Meridian,,"On the face, directly inferior to the pupil, at the same level as the inferior border of the ala of the nose.
 - Note: When looking straight ahead, ST 3 is located at the intersection of the vertical line of the pupil and the horizontal line of the inferior border of the ala of the nose.","face (pupil, ala of nose)",Puncture perpendicularly 0.3-0.5 inch. Moxibustion is applicable.,"facial paralysis, swelling of the cheek, toothache, epistaxis, eyelid twitching, swelling of the lips",The branches of the facial and infraorbital nerves.,"facial nerve, infra-orbital nerve",The branches of the facial and infraorbital arteries and veins.,"facial artery, infraorbital artery","facial vein, Infraorbital vein","[Acupuncture Method, Vasculature, Innervation, Indications] Chinese Acupuncture and Moxibustion. Edited by C. Xinnong, Rev. Ed., Foreign Languages Press, Beijing, China, 1999. Ch. 7, Acupuncture Points of the Taiyin and Yangming Meridians. ISBN 978-7-119-01758-7.
[Acupoint Location, Pinyin Label, Chinese Label] WHO Standard Acupuncture Point Locations in the Western Pacific Region. World Health Organization (WHO), WHO Regional Office for the Western Pacific, 2008. Page 47. https://iris.who.int/handle/10665/353407"
http://purl.org/tara/ontology/TARA_9591551,TARA:9591551,ST 30,Meridian Acupuncture Point,"S 30, Stomach 30",Qichong,"氣(气,気)衝(冲)",Stomach Meridian,,"In the groin region, at the same level as the superior border of the pubic symphysis, 2 B-cun lateral to the anterior median line, over the femoral artery.
 - Note: ST 30 is 5 B-cun inferior to ST 25, 2 B-cun lateral to CV 2.","inguinal part of abdomen (anterior median line, pubic symphysis, femoral artery)",,"irregular menstruation, hernia, pain in the external genitalia, abdominal pain, borborygmus, dysmenorrhea, impotence, swelling of the external genitalia",The pathway of the ilioinguinal nerve.,iliohypogastric nerve,"The branches of the superficial epigastric artery and vein; laterally, the inferior epigastric artery and vein.","superficial epigastric artery, inferior epigastric artery","superficial epigastric vein, inferior epigastric vein","[Acupuncture Method, Vasculature, Innervation, Indications] Chinese Acupuncture and Moxibustion. Edited by C. Xinnong, Rev. Ed., Foreign Languages Press, Beijing, China, 1999. Ch. 7, Acupuncture Points of the Taiyin and Yangming Meridians. ISBN 978-7-119-01758-7.
[Acupoint Location, Pinyin Label, Chinese Label] WHO Standard Acupuncture Point Locations in the Western Pacific Region. World Health Organization (WHO), WHO Regional Office for the Western Pacific, 2008. Page 60. https://iris.who.int/handle/10665/353407"
http://purl.org/tara/ontology/TARA_9294655,TARA:9294655,ST 31,Meridian Acupuncture Point,"S 31, Stomach 31",Biguan,"髀(髀)關(关,関)",Stomach Meridian,,"On the anterior aspect of the thigh, in the depression among three muscles: the proximal portion of the rectus femoris muscle, the sartorius muscle and the tensor fasciae latae muscle.
 - Note 1: With the hip and the knee in slight flexion, and the thigh slightly abducted when resistance is placed against the anteromedial aspect of the thigh, a triangular depression appears. the proximal portion of the rectus femoris muscle is found in the depression between the sartorius muscle medially and the tensor fascia latae muscle laterally. ST 31 is located at the deepest point in the depression inferior to the apex of this triangle.
 - Note 2: ST 31 is located at the intersection of the line connecting the lateral end of the base of the patella with the anterior superior iliac spine, and the horizontal line of the inferior border of the pubic symphysis.","hindlimb stylopod (tensor fasciae latae muscle, pubic symphysis, sartorius muscle, patella, anterior superior iliac spine, rectus femoris muscle)",Puncture perpendicularly 1.0-1.5 inches. Moxibustion is applicable.,"muscular atrophy of the lower extremities, numbness of the lower extremities, motor impairment of the lower extremities, pain in the lower extremities, pain in the thigh",The lateral femoral cutaneous nerve.,Lateral cutaneous nerve of thigh,,Lateral circumflex femoral artery,Lateral circumflex femoral vein,"[Acupuncture Method, Vasculature, Innervation, Indications] Chinese Acupuncture and Moxibustion. Edited by C. Xinnong, Rev. Ed., Foreign Languages Press, Beijing, China, 1999. Ch. 7, Acupuncture Points of the Taiyin and Yangming Meridians. ISBN 978-7-119-01758-7.
[Acupoint Location, Pinyin Label, Chinese Label] WHO Standard Acupuncture Point Locations in the Western Pacific Region. World Health Organization (WHO), WHO Regional Office for the Western Pacific, 2008. Page 61. https://iris.who.int/handle/10665/353407"
http://purl.org/tara/ontology/TARA_8826565,TARA:8826565,ST 32,Meridian Acupuncture Point,"S 32, Stomach 32",Futu,伏兎(兔),Stomach Meridian,,"On the anterolateral aspect of the thigh, on the line connecting the lateral end of the base of the patella with the anterior superior iliac spine, 6 B-cun superior to the base of the patella.","hindlimb stylopod (patella, anterior superior iliac spine)",Puncture perpendicularly 1.0-1.5 inches. Moxibustion is applicable.,"paralysis in the lower extremities, motor impairment of the lower extremities, pain in the lower extremities, coldness of the knee, beriberi, pain in the lumbar region, pain in the iliac region",The anterior and lateral femoral cutaneous nerves.,"Anterior cutaneous branch of femoral nerve, Lateral cutaneous nerve of thigh",The branches of the lateral circumflex femoral artery and vein.,Lateral circumflex femoral artery,Lateral circumflex femoral vein,"[Acupuncture Method, Vasculature, Innervation, Indications] Chinese Acupuncture and Moxibustion. Edited by C. Xinnong, Rev. Ed., Foreign Languages Press, Beijing, China, 1999. Ch. 7, Acupuncture Points of the Taiyin and Yangming Meridians. ISBN 978-7-119-01758-7.
[Acupoint Location, Pinyin Label, Chinese Label] WHO Standard Acupuncture Point Locations in the Western Pacific Region. World Health Organization (WHO), WHO Regional Office for the Western Pacific, 2008. Page 62. https://iris.who.int/handle/10665/353407"
http://purl.org/tara/ontology/TARA_7756426,TARA:7756426,ST 33,Meridian Acupuncture Point,"S 33, Stomach 33",Yinshi,陰(阴)市,Stomach Meridian,,"On the anterolateral aspect of the thigh, lateral to the rectus femoris tendon, 3 B-cun superior to the base of the patella.
 - Note: ST 33 is at the midpoint of the line connecting ST 32 with the lateral end of the base of the patella.","hindlimb stylopod (patella, tendon of quadriceps femoris)",Puncture perpendicularly 0.7-1.0 inch. Moxibustion is applicable.,"motor impairment of the lower extremities, soreness of the knee, motor impairment of the knee, motor impairment of the leg, numbness of the knee, numbness of the leg, soreness of the leg",The anterior and lateral femoral cutaneous nerves.,"Anterior cutaneous branch of femoral nerve, Lateral cutaneous nerve of thigh",The descending branch of the lateral circumflex femoral artery.,Lateral circumflex femoral artery,,"[Acupuncture Method, Vasculature, Innervation, Indications] Chinese Acupuncture and Moxibustion. Edited by C. Xinnong, Rev. Ed., Foreign Languages Press, Beijing, China, 1999. Ch. 7, Acupuncture Points of the Taiyin and Yangming Meridians. ISBN 978-7-119-01758-7.
[Acupoint Location, Pinyin Label, Chinese Label] WHO Standard Acupuncture Point Locations in the Western Pacific Region. World Health Organization (WHO), WHO Regional Office for the Western Pacific, 2008. Page 62. https://iris.who.int/handle/10665/353407"
http://purl.org/tara/ontology/TARA_8773594,TARA:8773594,ST 34,Meridian Acupuncture Point,"S 34, Stomach 34",Liangqiu,梁丘,Stomach Meridian,Xi-Cleft Point,"On the anterolateral aspect of the thigh, between the vastus lateralis muscle and the lateral border of the rectus femoris tendon, 2 B-cun superior to the base of the patella.
 - Note: Putting the thigh muscle under tension, the rectus femoris tendon and the vastus lateralis muscle are more distinct. ST 34 is located between the muscle and the tendon, 1 B-cun directly inferior to ST 33.","hindlimb stylopod (vastus lateralis, patella, tendon of quadriceps femoris)",Puncture perpendicularly 05-1.0 inch. Moxibustion is applicable.,"gastric pain, mastitis, motor impairment of the lower extremities, pain in the knee, numbness of the knee",The anterior and lateral femoral cutaneous nerves.,"Anterior cutaneous branch of femoral nerve, Lateral cutaneous nerve of thigh",,Lateral circumflex femoral artery,,"[Acupuncture Method, Vasculature, Innervation, Indications] Chinese Acupuncture and Moxibustion. Edited by C. Xinnong, Rev. Ed., Foreign Languages Press, Beijing, China, 1999. Ch. 7, Acupuncture Points of the Taiyin and Yangming Meridians. ISBN 978-7-119-01758-7.
[Acupoint Location, Pinyin Label, Chinese Label] WHO Standard Acupuncture Point Locations in the Western Pacific Region. World Health Organization (WHO), WHO Regional Office for the Western Pacific, 2008. Page 63. https://iris.who.int/handle/10665/353407"
http://purl.org/tara/ontology/TARA_2454652,TARA:2454652,ST 35,Meridian Acupuncture Point,"S 35, Stomach 35",Dubi,犢(犊)鼻,Stomach Meridian,,"On the anterior aspect of the knee, in the depression lateral to the patellar ligament.
 - Note: When the knee is flexed, ST 35 is located in the depression lateral and inferior to the patella.","knee (patellar ligament, patella)",Puncture perpendicularly 0.7-1.0 inch. Moxibustion is applicable.,"pain in the knee, motor impairment of the knee, numbness of the knee, beriberi",The lateral sural cutaneous nerve and the articular branch of the common peroneal nerve.,"common fibular nerve, Lateral sural cutaneous nerve",The arterial and venous network around the knee joint.,popliteal artery,popliteal vein,"[Acupuncture Method, Vasculature, Innervation, Indications] Chinese Acupuncture and Moxibustion. Edited by C. Xinnong, Rev. Ed., Foreign Languages Press, Beijing, China, 1999. Ch. 7, Acupuncture Points of the Taiyin and Yangming Meridians. ISBN 978-7-119-01758-7.
[Acupoint Location, Pinyin Label, Chinese Label] WHO Standard Acupuncture Point Locations in the Western Pacific Region. World Health Organization (WHO), WHO Regional Office for the Western Pacific, 2008. Page 63. https://iris.who.int/handle/10665/353407"
http://purl.org/tara/ontology/TARA_6463344,TARA:6463344,ST 36,Meridian Acupuncture Point,"S 36, Stomach 36",Zusanli,足三里,Stomach Meridian,"Lower He-Sea Point of the Stomach, He-Sea Point","On the anterior aspect of the leg, on the line connecting ST 35 with ST 41, 3 B-cun inferior to ST 35.
 - Note: ST 36 is located on the tibialis anterior muscle.",hindlimb zeugopod (tibialis anterior),Puncture perpendicularly 0.5-1.2 inches. Moxibustion is applicable.,"gastric pain, apoplexy, constipation, insomnia, hiccup, vomiting, indigestion, abdominal distension, mastitis, asthma, cough, dizziness, mania, borborygmus, dysentery, diarrhea, edema, hemiplegia, beriberi, aching of the leg, enteritis, aching of the knee joint, emaciation due to general deficiency","Superficially, the lateral sural cutaneous nerve and the cutaneous branch of the saphenous nerve; deeper, the deep peroneal nerve.","saphenous nerve, deep fibular nerve, Lateral sural cutaneous nerve",The anterior tibial artery and vein.,anterior tibial artery,anterior tibial vein,"[Acupuncture Method, Vasculature, Innervation, Indications] Chinese Acupuncture and Moxibustion. Edited by C. Xinnong, Rev. Ed., Foreign Languages Press, Beijing, China, 1999. Ch. 7, Acupuncture Points of the Taiyin and Yangming Meridians. ISBN 978-7-119-01758-7.
[Acupoint Location, Pinyin Label, Chinese Label] WHO Standard Acupuncture Point Locations in the Western Pacific Region. World Health Organization (WHO), WHO Regional Office for the Western Pacific, 2008. Page 64. https://iris.who.int/handle/10665/353407"
http://purl.org/tara/ontology/TARA_5918799,TARA:5918799,ST 37,Meridian Acupuncture Point,"S 37, Stomach 37, The Lower He-Sea Point of the Large Intestine",Shangjuxu,上巨虛(虚),Stomach Meridian,Lower He-Sea Point of the Large Intestine,"On the anterior aspect of the leg, on the line connecting ST 35 with ST 41, 6 B-cun inferior to ST 35.
 - Note: ST 37 is located on the tibialis anterior muscle.",hindlimb zeugopod (tibialis anterior),Puncture perpendicularly 0.5-1.2 inches. Moxibustion is applicable.,"constipation, abdominal distension, abdominal pain, borborygmus, dysentery, diarrhea, beriberi, enteritis, paralysis due to stroke","Superficially, the lateral sural cutaneous nerve and the cutaneous branch of the saphenous nerve; deeper, the deep peroneal nerve.","saphenous nerve, deep fibular nerve, Lateral sural cutaneous nerve",,anterior tibial artery,anterior tibial vein,"[Acupuncture Method, Vasculature, Innervation, Indications] Chinese Acupuncture and Moxibustion. Edited by C. Xinnong, Rev. Ed., Foreign Languages Press, Beijing, China, 1999. Ch. 7, Acupuncture Points of the Taiyin and Yangming Meridians. ISBN 978-7-119-01758-7.
[Acupoint Location, Pinyin Label, Chinese Label] WHO Standard Acupuncture Point Locations in the Western Pacific Region. World Health Organization (WHO), WHO Regional Office for the Western Pacific, 2008. Page 64. https://iris.who.int/handle/10665/353407"
http://purl.org/tara/ontology/TARA_3182190,TARA:3182190,ST 38,Meridian Acupuncture Point,"S 38, Stomach 38",Tiaokou,條(条)口,Stomach Meridian,,"On the anterior aspect of the leg, on the line connecting ST 35 with ST 41, 8 B-cun inferior to ST 35.
 - Note: ST 38 is located on the tibialis anterior muscle, at the same level as ST 40.",hindlimb zeugopod (tibialis anterior),Puncture perpendicularly 0.5-1.0 inch. Moxibustion is applicable.,"pain in the shoulder, abdominal pain, pain in the leg, pain in the knee, soreness of the knee, numbness of the knee, numbness of the leg, soreness of the leg, weakness of the foot, motor impairment of the foot, motor impairment of the shoulder","Superficially, the lateral sural cutaneous nerve and the cutaneous branch of the saphenous nerve; deeper, the deep peroneal nerve.","saphenous nerve, deep fibular nerve, Lateral sural cutaneous nerve",,anterior tibial artery,anterior tibial vein,"[Acupuncture Method, Vasculature, Innervation, Indications] Chinese Acupuncture and Moxibustion. Edited by C. Xinnong, Rev. Ed., Foreign Languages Press, Beijing, China, 1999. Ch. 7, Acupuncture Points of the Taiyin and Yangming Meridians. ISBN 978-7-119-01758-7.
[Acupoint Location, Pinyin Label, Chinese Label] WHO Standard Acupuncture Point Locations in the Western Pacific Region. World Health Organization (WHO), WHO Regional Office for the Western Pacific, 2008. Page 65. https://iris.who.int/handle/10665/353407"
http://purl.org/tara/ontology/TARA_6728804,TARA:6728804,ST 39,Meridian Acupuncture Point,"S 39, Stomach 39, The Lower He-Sea Point of the Small Intestine",Xiajuxu,下巨虛(虚),Stomach Meridian,Lower He-Sea Point of the Small Intestine,"On the anterior aspect of the leg, on the line connecting ST 35 with ST 41, 9 B-cun inferior to ST 35.
 - Note: ST 39 is located on the tibialis anterior muscle, at the same level as GB 35 and GB 36.",hindlimb zeugopod (tibialis anterior),Puncture perpendicularly 0.5-1.0 inch. Moxibustion is applicable.,"numbness of the lower extremities, paralysis in the lower extremities, mastitis, lower abdominal pain, backache referring to the testis",The branches of the superficial peroneal nerve and the deep peroneal nerve.,"superficial fibular nerve, deep fibular nerve",The anterior tibial artery and anterior tibial vein.,anterior tibial artery,anterior tibial vein,"[Acupuncture Method, Vasculature, Innervation, Indications] Chinese Acupuncture and Moxibustion. Edited by C. Xinnong, Rev. Ed., Foreign Languages Press, Beijing, China, 1999. Ch. 7, Acupuncture Points of the Taiyin and Yangming Meridians. ISBN 978-7-119-01758-7.
[Acupoint Location, Pinyin Label, Chinese Label] WHO Standard Acupuncture Point Locations in the Western Pacific Region. World Health Organization (WHO), WHO Regional Office for the Western Pacific, 2008. Page 65. https://iris.who.int/handle/10665/353407"
http://purl.org/tara/ontology/TARA_1429314,TARA:1429314,ST 4,Meridian Acupuncture Point,"S 4, Stomach 4",Dicang,地倉(仓),Stomach Meridian,,"On the face, 0.4 f-cun lateral to the angle of the mouth.
 - Note: Lateral to the angle of the mouth, the point is located in the nasolabial sulcus or on the continuation of the nasolabial sulcus.","face (mouth, nasolabial sulcus)",,"deviation of the mouth, eyelid twitching, hypersalivation","Superficially, the branches of the facial and infraorbital nerves; deeper, the terminal branch of the buccal nerve.","facial nerve, buccal nerve, infra-orbital nerve",The facial artery and vein.,facial artery,facial vein,"[Acupuncture Method, Vasculature, Innervation, Indications] Chinese Acupuncture and Moxibustion. Edited by C. Xinnong, Rev. Ed., Foreign Languages Press, Beijing, China, 1999. Ch. 7, Acupuncture Points of the Taiyin and Yangming Meridians. ISBN 978-7-119-01758-7.
[Acupoint Location, Pinyin Label, Chinese Label] WHO Standard Acupuncture Point Locations in the Western Pacific Region. World Health Organization (WHO), WHO Regional Office for the Western Pacific, 2008. Page 47. https://iris.who.int/handle/10665/353407"
http://purl.org/tara/ontology/TARA_9531666,TARA:9531666,ST 40,Meridian Acupuncture Point,"S 40, Stomach 40",Fenglong,"豐(丰,豊)隆(隆)",Stomach Meridian,Luo-Connecting Point,"On the anterolateral aspect of the leg, lateral border of the tibialis anterior muscle, 8 B-cun superior to the prominence of the lateral malleolus.
 - Note: ST 40 is one fingerbreadth (middle finger) lateral to ST 38.","hindlimb zeugopod (lateral malleolus of fibula, tibialis anterior)",Puncture perpendicularly 0.5-1.0 inch. Moxibustion is applicable.,"epilepsy, muscular atrophy of the lower extremities, constipation, headache, paralysis in the lower extremities, asthma, cough, pain in the chest, dizziness, mania, vertigo, motor impairment of the lower extremities, pain in the lower extremities, excessive sputum, swelling of the lower extremities",The superficial peroneal nerve.,superficial fibular nerve,The branches of the anterior tibial artery and vein.,anterior tibial artery,anterior tibial vein,"[Acupuncture Method, Vasculature, Innervation, Indications] Chinese Acupuncture and Moxibustion. Edited by C. Xinnong, Rev. Ed., Foreign Languages Press, Beijing, China, 1999. Ch. 7, Acupuncture Points of the Taiyin and Yangming Meridians. ISBN 978-7-119-01758-7.
[Acupoint Location, Pinyin Label, Chinese Label] WHO Standard Acupuncture Point Locations in the Western Pacific Region. World Health Organization (WHO), WHO Regional Office for the Western Pacific, 2008. Page 66. https://iris.who.int/handle/10665/353407"
http://purl.org/tara/ontology/TARA_6019290,TARA:6019290,ST 41,Meridian Acupuncture Point,"S 41, Stomach 41",Jiexi,解谿(溪),Stomach Meridian,Jing-River Point,"On the anterior aspect of the ankle, in the depression at the centre of the front surface of the ankle joint, between the tendons of extensor hallucis longus and extensor digitorum longus.
 - Note: ST 41 is located between two tendons on the dorsum of the foot which are more distinct when the ankle is in dorsiflexion, and is at the midpoint of the line connecting the prominences of the lateral malleolus and the medial malleolus.","tarsal region (tibiotalar joint, lateral malleolus of fibula, tendon of extensor hallucis longus, tendon of extensor digitorum longus)",Puncture perpendicularly 0.5-0.7 inch. Moxibustion is applicable.,"epilepsy, muscular atrophy of the lower extremities, constipation, headache, paralysis in the lower extremities, abdominal distension, dizziness, vertigo, motor impairment of the lower extremities, pain in the lower extremities, pain of the ankle joint",The superficial and deep peroneal nerves.,"superficial fibular nerve, deep fibular nerve",The anterior tibial artery and vein.,anterior tibial artery,anterior tibial vein,"[Acupuncture Method, Vasculature, Innervation, Indications] Chinese Acupuncture and Moxibustion. Edited by C. Xinnong, Rev. Ed., Foreign Languages Press, Beijing, China, 1999. Ch. 7, Acupuncture Points of the Taiyin and Yangming Meridians. ISBN 978-7-119-01758-7.
[Acupoint Location, Pinyin Label, Chinese Label] WHO Standard Acupuncture Point Locations in the Western Pacific Region. World Health Organization (WHO), WHO Regional Office for the Western Pacific, 2008. Page 66. https://iris.who.int/handle/10665/353407"
http://purl.org/tara/ontology/TARA_7178938,TARA:7178938,ST 42,Meridian Acupuncture Point,"S 42, Stomach 42",Chongyang,衝(冲)陽(阳),Stomach Meridian,Yuan-Primary Point,"On the dorsum of the foot, at the joint of the base of the second metatarsal bone and the intermediate cuneiform bone, over the dorsalis pedis artery.","pes (distal tarsal bone 2, dorsalis pedis artery, metatarsal bone of digit 2)",Avoid puncturing the artery.,"facial paralysis, redness of the dorsum of the foot, swelling of the dorsum of the foot, motor impairment of the foot, muscular atrophy of the foot, pain of the upper teeth","Superficially, the medial dorsal cutaneous nerve of foot derived from the superficial peroneal nerve; deeper, the deep peroneal nerve.","Medial dorsal cutaneous nerve of foot, deep fibular nerve","The dorsal artery and vein of foot, the dorsal venous network of foot.",dorsalis pedis artery,dorsal venous arch,"[Acupuncture Method, Vasculature, Innervation, Indications] Chinese Acupuncture and Moxibustion. Edited by C. Xinnong, Rev. Ed., Foreign Languages Press, Beijing, China, 1999. Ch. 7, Acupuncture Points of the Taiyin and Yangming Meridians. ISBN 978-7-119-01758-7.
[Acupoint Location, Pinyin Label, Chinese Label] WHO Standard Acupuncture Point Locations in the Western Pacific Region. World Health Organization (WHO), WHO Regional Office for the Western Pacific, 2008. Page 67. https://iris.who.int/handle/10665/353407"
http://purl.org/tara/ontology/TARA_7661549,TARA:7661549,ST 43,Meridian Acupuncture Point,"S 43, Stomach 43",Xiangu,陷(陥)谷,Stomach Meridian,Shu-Stream Point,"On the dorsum of the foot, between the second and third metatarsal bones, in the depression proximal to the second metatarsophalangeal joint.","pes (metatarsal bone of digit 3, metatarsophalangeal joint of pedal digit 2, metatarsal bone of digit 2)",Puncture perpendicularly 0.3-0.5 inch. Moxibustion is applicable.,"abdominal pain, borborygmus, swelling of the dorsum of the foot, facial edema, general edema, pain in the dorsum of the foot",The medial dorsal cu‚Ä¢ taneous nerve of foot.,Medial dorsal cutaneous nerve of foot,The dorsal venous network of foot.,,dorsal venous arch,"[Acupuncture Method, Vasculature, Innervation, Indications] Chinese Acupuncture and Moxibustion. Edited by C. Xinnong, Rev. Ed., Foreign Languages Press, Beijing, China, 1999. Ch. 7, Acupuncture Points of the Taiyin and Yangming Meridians. ISBN 978-7-119-01758-7.
[Acupoint Location, Pinyin Label, Chinese Label] WHO Standard Acupuncture Point Locations in the Western Pacific Region. World Health Organization (WHO), WHO Regional Office for the Western Pacific, 2008. Page 67. https://iris.who.int/handle/10665/353407"
http://purl.org/tara/ontology/TARA_8440155,TARA:8440155,ST 44,Meridian Acupuncture Point,"S 44, Stomach 44",Neiting,内庭,Stomach Meridian,Ying-Spring Point,"On the dorsum of the foot, between the second and third toes, posterior to the web margin, at the border between the red and white flesh.","pes (pedal digit 2, pedal digit 3)",Puncture perpendicularly 0.3-0.5 inch. Moxibustion is applicable.,"gastric pain, deviation of the mouth, pain in the face, constipation, febrile disease, abdominal distension, acid regurgitation, sore throat, dysentery, diarrhea, toothache, epistaxis, swelling of the dorsum of the foot, pain in the dorsum of the foot",Just where the lateral branch of the medial dorsal cutaneous nerve divides into dorsal digital nerves.,superficial fibular nerve,The dorsal venous network of foot.,,dorsal venous arch,"[Acupuncture Method, Vasculature, Innervation, Indications] Chinese Acupuncture and Moxibustion. Edited by C. Xinnong, Rev. Ed., Foreign Languages Press, Beijing, China, 1999. Ch. 7, Acupuncture Points of the Taiyin and Yangming Meridians. ISBN 978-7-119-01758-7.
[Acupoint Location, Pinyin Label, Chinese Label] WHO Standard Acupuncture Point Locations in the Western Pacific Region. World Health Organization (WHO), WHO Regional Office for the Western Pacific, 2008. Page 68. https://iris.who.int/handle/10665/353407"
http://purl.org/tara/ontology/TARA_2260472,TARA:2260472,ST 45,Meridian Acupuncture Point,"S 45, Stomach 45",Lidui,厲(厉)兌(兑),Stomach Meridian,Jing-Well Point,"On the second toe, lateral to the distal phalanx, 0.1 f-cun proximal-lateral to the lateral corner of the second toenail, at the intersection of the vertical line of the lateral border and the horizontal line of the base of the second toenail.","pedal digit 2 (nail of pedal digit 2, distal phalanx)",Puncture subcutaneously 0.1 inch. Moxibustion is applicable.,"deviation of the mouth, febrile disease, abdominal distension, sore throat, mania, toothache, epistaxis, facial swelling, coldness in the foot, coldness in the leg, dream-disturbed sleep, hoarse voice",The dorsal digital nerve derived from the superficial peroneal nerve.,superficial fibular nerve,The arterial and venous network formed by the dorsal digital artery and vein of foot.,dorsal digital artery of pes,Dorsal digital vein of foot,"[Acupuncture Method, Vasculature, Innervation, Indications] Chinese Acupuncture and Moxibustion. Edited by C. Xinnong, Rev. Ed., Foreign Languages Press, Beijing, China, 1999. Ch. 7, Acupuncture Points of the Taiyin and Yangming Meridians. ISBN 978-7-119-01758-7.
[Acupoint Location, Pinyin Label, Chinese Label] WHO Standard Acupuncture Point Locations in the Western Pacific Region. World Health Organization (WHO), WHO Regional Office for the Western Pacific, 2008. Page 68. https://iris.who.int/handle/10665/353407"
http://purl.org/tara/ontology/TARA_0095074,TARA:0095074,ST 5,Meridian Acupuncture Point,"S 5, Stomach 5",Daying,大迎(迎),Stomach Meridian,,"On the face, anterior to the angle of the mandible, in the depression anterior to the masseter attachment, over the facial artery.","face (mandible, facial artery, masseter muscle)",Avoid puncturing the artery. Puncture obliquely 0.3-0.5 inch. Moxibustion is applicable.,"facial pain, facial paralysis, swelling of the cheek, toothache, trismus",The facial and buccal nerves.,"facial nerve, buccal nerve","Anteriorly, the facial artery and vein.",facial artery,facial vein,"[Acupuncture Method, Vasculature, Innervation, Indications] Chinese Acupuncture and Moxibustion. Edited by C. Xinnong, Rev. Ed., Foreign Languages Press, Beijing, China, 1999. Ch. 7, Acupuncture Points of the Taiyin and Yangming Meridians. ISBN 978-7-119-01758-7.
[Acupoint Location, Pinyin Label, Chinese Label] WHO Standard Acupuncture Point Locations in the Western Pacific Region. World Health Organization (WHO), WHO Regional Office for the Western Pacific, 2008. Page 48. https://iris.who.int/handle/10665/353407"
http://purl.org/tara/ontology/TARA_7834226,TARA:7834226,ST 6,Meridian Acupuncture Point,"S 6, Stomach 6",Jiache,頰(颊)車(车),Stomach Meridian,,"On the face, one fingerbreadth (middle finger) anterosuperior to the angle of the mandible.
 - Note: On the bisector of the angle of the mandible. When the mouth is closed and the teeth are clenched, this point is located at the prominence of the masseter and in the depression felt when the clenched teeth are released.","face (mandible, masseter muscle)",,"swelling of the face, mumps, facial paralysis, swelling of the cheek, toothache, trismus","The great auricular nerve, facial nerve and masseteric nerve.","facial nerve, masseteric nerve, great auricular nerve",The masseteric artery.,masseteric artery,,"[Acupuncture Method, Vasculature, Innervation, Indications] Chinese Acupuncture and Moxibustion. Edited by C. Xinnong, Rev. Ed., Foreign Languages Press, Beijing, China, 1999. Ch. 7, Acupuncture Points of the Taiyin and Yangming Meridians. ISBN 978-7-119-01758-7.
[Acupoint Location, Pinyin Label, Chinese Label] WHO Standard Acupuncture Point Locations in the Western Pacific Region. World Health Organization (WHO), WHO Regional Office for the Western Pacific, 2008. Page 48. https://iris.who.int/handle/10665/353407"
http://purl.org/tara/ontology/TARA_2990862,TARA:2990862,ST 7,Meridian Acupuncture Point,"S 7, Stomach 7",Xiaguan,"下關(关,関)",Stomach Meridian,,"On the face, in the depression between the midpoint of the inferior border of the zygomatic arch and the mandibular notch.
 - Note: When the mouth is closed, ST 7 is located at the depression inferior to the zygomatic arch, directly inferior to GB 3.","face (mandibular notch, zygomatic arch)",Puncture perpendicularly 0.1- 0.5 cun. Moxibustion is applicable.,"deafness, tinnitus, facial paralysis, toothache, otorrhea, motor impairment of the jaw, pain of the face",The zygomatic branch of the facial nerve and the branches of the auriculotemporal nerve.,"Zygomatic branch of the facial nerve, Auriculotemporal nerve","Superficially, the transverse facial artery and vein; in the deepest layer, the maxillary artery and maxillary vein.","maxillary artery, transverse facial artery","maxillary vein, transverse facial vein","[Acupuncture Method, Vasculature, Innervation, Indications] Chinese Acupuncture and Moxibustion. Edited by C. Xinnong, Rev. Ed., Foreign Languages Press, Beijing, China, 1999. Ch. 7, Acupuncture Points of the Taiyin and Yangming Meridians. ISBN 978-7-119-01758-7.
[Acupoint Location, Pinyin Label, Chinese Label] WHO Standard Acupuncture Point Locations in the Western Pacific Region. World Health Organization (WHO), WHO Regional Office for the Western Pacific, 2008. Page 49. https://iris.who.int/handle/10665/353407"
http://purl.org/tara/ontology/TARA_9946635,TARA:9946635,ST 8,Meridian Acupuncture Point,"S 8, Stomach 8",Touwei,頭(头)維(维),Stomach Meridian,,"On the head, 0.5 B-cun directly superior to the anterior hairline at the corner of the forehead, 4.5 B-cun lateral to the anterior median line.","head (anterior median line, forehead, anterior hairline)",Puncture 0.5-1.0 inch subcutaneously.,"headache, blurred vision, ophthalmalgia, lacrimation",The branch of the auriculotemporal nerve and the temporal branch of the facial nerve.,Auriculotemporal nerve,The frontal branches of the superficial temporal artery and vein.,superficial temporal artery,superficial temporal vein,"[Acupuncture Method, Vasculature, Innervation, Indications] Chinese Acupuncture and Moxibustion. Edited by C. Xinnong, Rev. Ed., Foreign Languages Press, Beijing, China, 1999. Ch. 7, Acupuncture Points of the Taiyin and Yangming Meridians. ISBN 978-7-119-01758-7.
[Acupoint Location, Pinyin Label, Chinese Label] WHO Standard Acupuncture Point Locations in the Western Pacific Region. World Health Organization (WHO), WHO Regional Office for the Western Pacific, 2008. Page 49. https://iris.who.int/handle/10665/353407"
http://purl.org/tara/ontology/TARA_6890771,TARA:6890771,ST 9,Meridian Acupuncture Point,"S 9, Stomach 9",Renying,人迎(迎),Stomach Meridian,,"In the anterior region of the neck, at the same level as the superior border of the thyroid cartilage, anterior to the sternocleidomastoid muscle, over the common carotid artery.
 - Note 1: The sternocleidomastoid muscle is more distinct when the head is turned to the opposite side against resistance.
 - Note 2: ST 9 is located at the same level as LI 18, SI 16 and the superior border of the thyroid cartilage. ST 9 is located anterior to the sternocleidomastoid muscle, and SI 16, posterior to the sternocleidomastoid muscle and LI 18, between the anterior and posterior borders of the sternocleidomastoid muscle.","neck (trunk of common carotid artery, sternocleidomastoid, thyroid cartilage)","Avoid puncturing the common carotid artery, puncture perpendicularly 0.3-0.5 inch.","sore throat, asthma, dizziness, goiter, flushing of the face","Superficially, the cutaneous cervical nerve, the cervical branch of the facial nerve; deeper, the sympathetic trunk; laterally, the descending branch of the hypoglossal nerve and the vagus nerve.","hypoglossal nerve, vagus nerve, Transverse cervical nerve, Cervical branch of the facial nerve",The superior thyroid artery on the bifurcation of the internal and the external carotid artery.,"external carotid artery, superior thyroid artery, internal carotid artery",,"[Acupuncture Method, Vasculature, Innervation, Indications] Chinese Acupuncture and Moxibustion. Edited by C. Xinnong, Rev. Ed., Foreign Languages Press, Beijing, China, 1999. Ch. 7, Acupuncture Points of the Taiyin and Yangming Meridians. ISBN 978-7-119-01758-7.
[Acupoint Location, Pinyin Label, Chinese Label] WHO Standard Acupuncture Point Locations in the Western Pacific Region. World Health Organization (WHO), WHO Regional Office for the Western Pacific, 2008. Page 50. https://iris.who.int/handle/10665/353407"
http://purl.org/tara/ontology/TARA_3369897,TARA:3369897,TE 1,Meridian Acupuncture Point,"SJ 1, San Jiao 1, TB 1, TH 1, TW 1, Triple Burner 1, Triple Energizer 1, Triple Heater 1, Triple Warmer 1",Guanchong,"關(关,関)衝(冲)",Triple Energizer Meridian,Jing-Well Point,"On the ring finger, ulnar to the distal phalanx, 0.1 f-cun proximal to the ulnar corner of the fingernail, at the intersection of the vertical line of the ulnar side of the nail and the horizontal line of the base of the fingernail.","manual digit 4 (nail of manual digit 4, distal phalanx)","Puncture superficially 0.1 inch, or prick with a three-edged needle to cause bleeding. Moxibustion is applicable.","headache, febrile disease, redness of the eye, sore throat, irritability, stiffness of the tongue",The palmar digital proprial nerve derived from the ulnar nerve.,,The arterial and venous network formed by the palmar digital proprial artery and vein.,,,"[Acupuncture Method, Vasculature, Innervation, Indications] Chinese Acupuncture and Moxibustion. Edited by C. Xinnong, Rev. Ed., Foreign Languages Press, Beijing, China, 1999. Ch. 9, Acupuncture Points of the Jueyin and Shaoyang Meridians. ISBN 978-7-119-01758-7.
[Acupoint Location, Pinyin Label, Chinese Label] WHO Standard Acupuncture Point Locations in the Western Pacific Region. World Health Organization (WHO), WHO Regional Office for the Western Pacific, 2008. Page 158. https://iris.who.int/handle/10665/353407"
http://purl.org/tara/ontology/TARA_7517723,TARA:7517723,TE 10,Meridian Acupuncture Point,"SJ 10, San Jiao 10, TB 10, TH 10, TW 10, Triple Burner 10, Triple Energizer 10, Triple Heater 10, Triple Warmer 10",Tianjing,天井,Triple Energizer Meridian,He-Sea Point,"On the posterior aspect of the elbow, in the depression 1 B-cun proximal to the prominence of the olecranon.
 - Note: When the elbow is flexed, TE 10 is located in the olecranon fossa.","elbow (olecranon fossa, olecranon)",Puncture perpendicularly 0.3-0.5 inch. Moxibustion is applicable.,"epilepsy, scrofula, pain in the arm, pain in the shoulder, migraine, goiter, pain in the neck",The posterior brachial cutaneous nerve and the muscular branch of the radial nerve.,,The arterial and venous network of the elbow.,,,"[Acupuncture Method, Vasculature, Innervation, Indications] Chinese Acupuncture and Moxibustion. Edited by C. Xinnong, Rev. Ed., Foreign Languages Press, Beijing, China, 1999. Ch. 9, Acupuncture Points of the Jueyin and Shaoyang Meridians. ISBN 978-7-119-01758-7.
[Acupoint Location, Pinyin Label, Chinese Label] WHO Standard Acupuncture Point Locations in the Western Pacific Region. World Health Organization (WHO), WHO Regional Office for the Western Pacific, 2008. Page 162. https://iris.who.int/handle/10665/353407"
http://purl.org/tara/ontology/TARA_6299396,TARA:6299396,TE 11,Meridian Acupuncture Point,"SJ 11, San Jiao 11, TB 11, TH 11, TW 11, Triple Burner 11, Triple Energizer 11, Triple Heater 11, Triple Warmer 11",Qinglengyuan,淸(清)冷(令)淵(渊),Triple Energizer Meridian,,"On the posterior aspect of the arm, on the line connecting the prominence of olecranon with the acromial angle, 2 B-cun proximal to the prominence of the olecranon.
 - Note: With the elbow extended, 2 B-cun superior to the prominence of the olecranon.","arm (elbow, olecranon)",Puncture perpendicularly 0.3-0.5 inch. Moxibustion is applicable.,,The posterior brachial cutaneous nerve and the muscular branch of the radial nerve.,,The terminal branches of the median collateral artery and vein.,,,"[Acupuncture Method, Vasculature, Innervation, Indications] Chinese Acupuncture and Moxibustion. Edited by C. Xinnong, Rev. Ed., Foreign Languages Press, Beijing, China, 1999. Ch. 9, Acupuncture Points of the Jueyin and Shaoyang Meridians. ISBN 978-7-119-01758-7.
[Acupoint Location, Pinyin Label, Chinese Label] WHO Standard Acupuncture Point Locations in the Western Pacific Region. World Health Organization (WHO), WHO Regional Office for the Western Pacific, 2008. Page 163. https://iris.who.int/handle/10665/353407"
http://purl.org/tara/ontology/TARA_8257616,TARA:8257616,TE 12,Meridian Acupuncture Point,"SJ 12, San Jiao 12, TB 12, TH 12, TW 12, Triple Burner 12, Triple Energizer 12, Triple Heater 12, Triple Warmer 12",Xiaoluo,消濼(泺),Triple Energizer Meridian,,"On the posterior aspect of the arm, on the line connecting the prominence of the olecranon with the acromial angle, 5 B-cun proximal to the prominence of the olecranon.",arm (olecranon),Puncture perpendicularly 0.5-0.7 inch. Moxibustion is applicable.,"headache, pain in the arm, neck rigidity, motor impairment of the arm",The posterior brachial cutaneous nerve and the muscular branch of the radial nerve.,,The median collateral artery and vein.,,,"[Acupuncture Method, Vasculature, Innervation, Indications] Chinese Acupuncture and Moxibustion. Edited by C. Xinnong, Rev. Ed., Foreign Languages Press, Beijing, China, 1999. Ch. 9, Acupuncture Points of the Jueyin and Shaoyang Meridians. ISBN 978-7-119-01758-7.
[Acupoint Location, Pinyin Label, Chinese Label] WHO Standard Acupuncture Point Locations in the Western Pacific Region. World Health Organization (WHO), WHO Regional Office for the Western Pacific, 2008. Page 163. https://iris.who.int/handle/10665/353407"
http://purl.org/tara/ontology/TARA_3682571,TARA:3682571,TE 13,Meridian Acupuncture Point,"SJ 13, San Jiao 13, TB 13, TH 13, TW 13, Triple Burner 13, Triple Energizer 13, Triple Heater 13, Triple Warmer 13",Naohui,臑會(会),Triple Energizer Meridian,,"On the posterior aspect of the arm, posteroinferior to the border of the deltoid muscle, 3 B-cun inferior to the acromial angle.",arm (deltoid),Puncture perpendicularly 0.5-0.8 inch. Moxibustion is applicable.,"pain in the arm, pain in the shoulder, goiter","The posterior brachial cutaneous nerve, the muscular branch of the radial nerve; deeper, the radial nerve.",,The median collateral artery and vein.,,,"[Acupuncture Method, Vasculature, Innervation, Indications] Chinese Acupuncture and Moxibustion. Edited by C. Xinnong, Rev. Ed., Foreign Languages Press, Beijing, China, 1999. Ch. 9, Acupuncture Points of the Jueyin and Shaoyang Meridians. ISBN 978-7-119-01758-7.
[Acupoint Location, Pinyin Label, Chinese Label] WHO Standard Acupuncture Point Locations in the Western Pacific Region. World Health Organization (WHO), WHO Regional Office for the Western Pacific, 2008. Page 164. https://iris.who.int/handle/10665/353407"
http://purl.org/tara/ontology/TARA_5894876,TARA:5894876,TE 14,Meridian Acupuncture Point,"SJ 14, San Jiao 14, TB 14, TH 14, TW 14, Triple Burner 14, Triple Energizer 14, Triple Heater 14, Triple Warmer 14",Jianliao,肩髎(髎),Triple Energizer Meridian,,"On the shoulder girdle, in the depression between the acromial angle and the greater tubercle of the humerus.
 - Note: When the elbow is flexed and the arm is abducted, two depressions appear respectively anterior and posterior to the acromion. LI 15 is located in the anterior one, deeper than the posterior one, in which TE 14 is located.","pectoral girdle region (ventral tubercle of humerus, acromion)",Puncture perpendicularly 0.7-1.0 inch. Moxibustion is applicable.,"pain in the shoulder, motor impairment of the shoulder, motor impairment of the upper arm, pain in the upper arm",The muscular branch of the axillary nerve.,,The muscular branch of the posterior circumflex humeral artery.,,,"[Acupuncture Method, Vasculature, Innervation, Indications] Chinese Acupuncture and Moxibustion. Edited by C. Xinnong, Rev. Ed., Foreign Languages Press, Beijing, China, 1999. Ch. 9, Acupuncture Points of the Jueyin and Shaoyang Meridians. ISBN 978-7-119-01758-7.
[Acupoint Location, Pinyin Label, Chinese Label] WHO Standard Acupuncture Point Locations in the Western Pacific Region. World Health Organization (WHO), WHO Regional Office for the Western Pacific, 2008. Page 164. https://iris.who.int/handle/10665/353407"
http://purl.org/tara/ontology/TARA_5828993,TARA:5828993,TE 15,Meridian Acupuncture Point,"SJ 15, San Jiao 15, TB 15, TH 15, TW 15, Triple Burner 15, Triple Energizer 15, Triple Heater 15, Triple Warmer 15",Tianliao,天髎(髎),Triple Energizer Meridian,,"In the scapular region, in the depression superior to the superior angle of the scapula.
 - Note: With the upper limb hanging by the side of trunk in a seated position, TE 15 is located midway between GB 21 and SI 13.",scapular region (scapula),Puncture perpendicularly 0.3-0.5 inch. Moxibustion is applicable.,"pain in the shoulder, pain in the elbow, stiffness of the neck",The accessory nerve and the branch of the suprascapular nerve.,,"The descending branch of the transverse cervical artery; deeper, the muscular branch of the suprascapular artery.",,,"[Acupuncture Method, Vasculature, Innervation, Indications] Chinese Acupuncture and Moxibustion. Edited by C. Xinnong, Rev. Ed., Foreign Languages Press, Beijing, China, 1999. Ch. 9, Acupuncture Points of the Jueyin and Shaoyang Meridians. ISBN 978-7-119-01758-7.
[Acupoint Location, Pinyin Label, Chinese Label] WHO Standard Acupuncture Point Locations in the Western Pacific Region. World Health Organization (WHO), WHO Regional Office for the Western Pacific, 2008. Page 165. https://iris.who.int/handle/10665/353407"
http://purl.org/tara/ontology/TARA_9834019,TARA:9834019,TE 16,Meridian Acupuncture Point,"SJ 16, San Jiao 16, TB 16, TH 16, TW 16, Triple Burner 16, Triple Energizer 16, Triple Heater 16, Triple Warmer 16",Tianyou,天牖,Triple Energizer Meridian,,"In the anterior region of the neck, at the same level as the angle of the mandible, in the depression posterior to the sternocleidomastoid muscle.","neck (mandible, sternocleidomastoid)",Puncture perpendicularly 0.3-0.5 inch. Moxibustion is applicable.,"headache, sudden deafness, neck rigidity, blurred vision, facial swelling",The lesser occipital nerve.,,The posterior auricular artery.,,,"[Acupuncture Method, Vasculature, Innervation, Indications] Chinese Acupuncture and Moxibustion. Edited by C. Xinnong, Rev. Ed., Foreign Languages Press, Beijing, China, 1999. Ch. 9, Acupuncture Points of the Jueyin and Shaoyang Meridians. ISBN 978-7-119-01758-7.
[Acupoint Location, Pinyin Label, Chinese Label] WHO Standard Acupuncture Point Locations in the Western Pacific Region. World Health Organization (WHO), WHO Regional Office for the Western Pacific, 2008. Page 165. https://iris.who.int/handle/10665/353407"
http://purl.org/tara/ontology/TARA_6615149,TARA:6615149,TE 17,Meridian Acupuncture Point,"SJ 17, San Jiao 17, TB 17, TH 17, TW 17, Triple Burner 17, Triple Energizer 17, Triple Heater 17, Triple Warmer 17",Yifeng,翳風(风),Triple Energizer Meridian,,"In the anterior region of the neck, posterior to the ear lobe, in the depression anterior to the inferior end of the mastoid process.","neck (lobule of pinna, mastoid process of temporal bone)",Puncture perpendicularly 0.5-1.0 inch. Moxibustion is applicable.,"scrofula, deafness, tinnitus, facial paralysis, swelling of the cheek, toothache, trismus, otorrhea","The great auricular nerve; deeper, the site where the facial nerve perforates out of the stylomastoid foramen.",,"The posterior auricular artery and vein, the external jugular vein.",,,"[Acupuncture Method, Vasculature, Innervation, Indications] Chinese Acupuncture and Moxibustion. Edited by C. Xinnong, Rev. Ed., Foreign Languages Press, Beijing, China, 1999. Ch. 9, Acupuncture Points of the Jueyin and Shaoyang Meridians. ISBN 978-7-119-01758-7.
[Acupoint Location, Pinyin Label, Chinese Label] WHO Standard Acupuncture Point Locations in the Western Pacific Region. World Health Organization (WHO), WHO Regional Office for the Western Pacific, 2008. Page 166. https://iris.who.int/handle/10665/353407"
http://purl.org/tara/ontology/TARA_0228386,TARA:0228386,TE 18,Meridian Acupuncture Point,"SJ 18, San Jiao 18, TB 18, TH 18, TW 18, Triple Burner 18, Triple Energizer 18, Triple Heater 18, Triple Warmer 18","Chimai, Qimai",瘈脈(脉),Triple Energizer Meridian,,"On the head, at the centre of the mastoid process, at the junction of the upper two thirds and lower one third of the curved line from TE 17 to TE 20.",head (mastoid process of temporal bone),Puncture subcutaneously 0.3-0.5 inch or prick with a three-edged needle to cause bleeding. Moxibustion is applicable.,"infantile convulsion, headache, deafness, tinnitus",The posterior auricular branch of the great auricular nerve.,,The posterior auricular artery and vein.,,,"[Acupuncture Method, Vasculature, Innervation, Indications] Chinese Acupuncture and Moxibustion. Edited by C. Xinnong, Rev. Ed., Foreign Languages Press, Beijing, China, 1999. Ch. 9, Acupuncture Points of the Jueyin and Shaoyang Meridians. ISBN 978-7-119-01758-7.
[Acupoint Location, Pinyin Label, Chinese Label] WHO Standard Acupuncture Point Locations in the Western Pacific Region. World Health Organization (WHO), WHO Regional Office for the Western Pacific, 2008. Page 166. https://iris.who.int/handle/10665/353407"
http://purl.org/tara/ontology/TARA_8876235,TARA:8876235,TE 19,Meridian Acupuncture Point,"SJ 19, San Jiao 19, TB 19, TH 19, TW 19, Triple Burner 19, Triple Energizer 19, Triple Heater 19, Triple Warmer 19",Luxi,顱(颅)息,Triple Energizer Meridian,,"On the head, at the junction of the upper one third and lower two thirds of the curved line from TE 17 to TE 20.",head,Puncture obliquely 0.3-0.5 inch. Moxibustion is applicable.,"infantile convulsion, headache, deafness, pain in the ear, tinnitus",The anastomotic branch of the great auricular nerve and the lesser occipital nerve.,,The posterior auricular artery and vein.,,,"[Acupuncture Method, Vasculature, Innervation, Indications] Chinese Acupuncture and Moxibustion. Edited by C. Xinnong, Rev. Ed., Foreign Languages Press, Beijing, China, 1999. Ch. 9, Acupuncture Points of the Jueyin and Shaoyang Meridians. ISBN 978-7-119-01758-7.
[Acupoint Location, Pinyin Label, Chinese Label] WHO Standard Acupuncture Point Locations in the Western Pacific Region. World Health Organization (WHO), WHO Regional Office for the Western Pacific, 2008. Page 167. https://iris.who.int/handle/10665/353407"
http://purl.org/tara/ontology/TARA_7896553,TARA:7896553,TE 2,Meridian Acupuncture Point,"SJ 2, San Jiao 2, TB 2, TH 2, TW 2, Triple Burner 2, Triple Energizer 2, Triple Heater 2, Triple Warmer 2",Yemen,液門(门),Triple Energizer Meridian,Ying-Spring Point,"On the dorsum of the hand, in the depression superior to the web margin between the ring and little fingers, at the border between the red and white flesh.","dorsum of the hand (manual digit 4, manual digit 5)",Puncture obliquely 0.3-0.5 inch towards the interspace of the metacarpal bones. Moxibustion is applicable.,"headache, redness of the eye, sudden deafness, sore throat, pain in the arm, malaria",The dorsal branch of the ulnar nerve.,,The dorsal digital artery of the ulnar artery.,,,"[Acupuncture Method, Vasculature, Innervation, Indications] Chinese Acupuncture and Moxibustion. Edited by C. Xinnong, Rev. Ed., Foreign Languages Press, Beijing, China, 1999. Ch. 9, Acupuncture Points of the Jueyin and Shaoyang Meridians. ISBN 978-7-119-01758-7.
[Acupoint Location, Pinyin Label, Chinese Label] WHO Standard Acupuncture Point Locations in the Western Pacific Region. World Health Organization (WHO), WHO Regional Office for the Western Pacific, 2008. Page 158. https://iris.who.int/handle/10665/353407"
http://purl.org/tara/ontology/TARA_8854888,TARA:8854888,TE 20,Meridian Acupuncture Point,"SJ 20, San Jiao 20, TB 20, TH 20, TW 20, Triple Burner 20, Triple Energizer 20, Triple Heater 20, Triple Warmer 20",Jiaosun,角孫(孙),Triple Energizer Meridian,,"On the head, just superior to the auricular apex.
 - Note: With the auricle folded forward and pressed against the head, the point is located where the auricular apex touches the head.",head (ear),Puncture subcutaneously 0.3-0.5 inch. Moxibustion is applicable.,"pain in the eye, redness of the eye, swelling of the eye, swelling of the gums, tinnitus, toothache, parotitis",,,The branches of the superficial temporal artery and vein. Innervation: The branches of the auriculotemporal nerve.,,,"[Acupuncture Method, Vasculature, Innervation, Indications] Chinese Acupuncture and Moxibustion. Edited by C. Xinnong, Rev. Ed., Foreign Languages Press, Beijing, China, 1999. Ch. 9, Acupuncture Points of the Jueyin and Shaoyang Meridians. ISBN 978-7-119-01758-7.
[Acupoint Location, Pinyin Label, Chinese Label] WHO Standard Acupuncture Point Locations in the Western Pacific Region. World Health Organization (WHO), WHO Regional Office for the Western Pacific, 2008. Page 167. https://iris.who.int/handle/10665/353407"
http://purl.org/tara/ontology/TARA_3361879,TARA:3361879,TE 21,Meridian Acupuncture Point,"SJ 21, San Jiao 21, TB 21, TH 21, TW 21, Triple Burner 21, Triple Energizer 21, Triple Heater 21, Triple Warmer 21",Ermen,耳門(门),Triple Energizer Meridian,,"On the face, in the depression between the supratragic notch and the condylar process of the mandible.
 - Note: When the mouth is slightly opened, TE 21 is located in the depression anterior to the supratragic notch, directly superior to SI 19.",face (mandible condylar process),,"deafness, tinnitus, toothache, otorrhea, stiffness of the lip",The branches of the auriculotemporal nerve and facial nerve.,,The superficial temporal artery and vein.,,,"[Acupuncture Method, Vasculature, Innervation, Indications] Chinese Acupuncture and Moxibustion. Edited by C. Xinnong, Rev. Ed., Foreign Languages Press, Beijing, China, 1999. Ch. 9, Acupuncture Points of the Jueyin and Shaoyang Meridians. ISBN 978-7-119-01758-7.
[Acupoint Location, Pinyin Label, Chinese Label] WHO Standard Acupuncture Point Locations in the Western Pacific Region. World Health Organization (WHO), WHO Regional Office for the Western Pacific, 2008. Page 168. https://iris.who.int/handle/10665/353407"
http://purl.org/tara/ontology/TARA_1763744,TARA:1763744,TE 22,Meridian Acupuncture Point,"SJ 22, San Jiao 22, TB 22, TH 22, TW 22, Triple Burner 22, Triple Energizer 22, Triple Heater 22, Triple Warmer 22",Erheliao,耳和髎(髎),Triple Energizer Meridian,,"On the head, posterior to the temple hairline, anterior to the auricular root, posterior to the superficial temporal artery.","head (hairline, superficial temporal artery)","Avoid puncturing the artery, puncture obliquely 0.1-0.3 inch. Moxibustion is applicable.","migraine, tinnitus, lockjaw","The branch of the auriculotemporal nerve, on the course of the temporal branch of the facial nerve.",,The superficial temporal artery and vein.,,,"[Acupuncture Method, Vasculature, Innervation, Indications] Chinese Acupuncture and Moxibustion. Edited by C. Xinnong, Rev. Ed., Foreign Languages Press, Beijing, China, 1999. Ch. 9, Acupuncture Points of the Jueyin and Shaoyang Meridians. ISBN 978-7-119-01758-7.
[Acupoint Location, Pinyin Label, Chinese Label] WHO Standard Acupuncture Point Locations in the Western Pacific Region. World Health Organization (WHO), WHO Regional Office for the Western Pacific, 2008. Page 168. https://iris.who.int/handle/10665/353407"
http://purl.org/tara/ontology/TARA_6752232,TARA:6752232,TE 23,Meridian Acupuncture Point,"SJ 23, San Jiao 23, TB 23, TH 23, TW 23, Triple Burner 23, Triple Energizer 23, Triple Heater 23, Triple Warmer 23",Sizhukong,絲(丝)竹空,Triple Energizer Meridian,,"On the head, in the depression at the lateral end of the eyebrow.
 - Note: TE 23 is superior to GB 1.",head (eyebrow),Puncture subcutaneously 0.3-0.5 inch.,"headache, pain in the eye, redness of the eye, blurred vision, facial paralysis, toothache, eyelid twitching",The zygomatic branch of the facial nerve and the branch of the auriculotemporal nerve.,,The frontal branches of the superficial temporal artery and vein.,,,"[Acupuncture Method, Vasculature, Innervation, Indications] Chinese Acupuncture and Moxibustion. Edited by C. Xinnong, Rev. Ed., Foreign Languages Press, Beijing, China, 1999. Ch. 9, Acupuncture Points of the Jueyin and Shaoyang Meridians. ISBN 978-7-119-01758-7.
[Acupoint Location, Pinyin Label, Chinese Label] WHO Standard Acupuncture Point Locations in the Western Pacific Region. World Health Organization (WHO), WHO Regional Office for the Western Pacific, 2008. Page 169. https://iris.who.int/handle/10665/353407"
http://purl.org/tara/ontology/TARA_5356503,TARA:5356503,TE 3,Meridian Acupuncture Point,"SJ 3, San Jiao 3, TB 3, TH 3, TW 3, Triple Burner 3, Triple Energizer 3, Triple Heater 3, Triple Warmer 3",Zhongzhu,中渚(渚),Triple Energizer Meridian,Shu-Stream Point,"On the dorsum of the hand, between the fourth and fifth metacarpal bones, in the depression proximal to the fourth metacarpophalangeal joint.","dorsum of the hand (metacarpophalangeal joint of manual digit 4, metacarpal bone of digit 5, metacarpal bone of digit 4)",Puncture perpendicularly 0.3-0.5 inch. Moxibustion is applicable.,"headache, febrile disease, redness of the eye, sore throat, pain in the arm, deafness, tinnitus, pain in the elbow, motor impairment of fingers",The dorsal branch of the ulnar nerve.,,The dorsal venous network of hand and the fourth dorsal metacarpal artery.,,,"[Acupuncture Method, Vasculature, Innervation, Indications] Chinese Acupuncture and Moxibustion. Edited by C. Xinnong, Rev. Ed., Foreign Languages Press, Beijing, China, 1999. Ch. 9, Acupuncture Points of the Jueyin and Shaoyang Meridians. ISBN 978-7-119-01758-7.
[Acupoint Location, Pinyin Label, Chinese Label] WHO Standard Acupuncture Point Locations in the Western Pacific Region. World Health Organization (WHO), WHO Regional Office for the Western Pacific, 2008. Page 159. https://iris.who.int/handle/10665/353407"
http://purl.org/tara/ontology/TARA_1594912,TARA:1594912,TE 4,Meridian Acupuncture Point,"SJ 4, San Jiao 4, TB 4, TH 4, TW 4, Triple Burner 4, Triple Energizer 4, Triple Heater 4, Triple Warmer 4",Yangchi,陽(阳)池,Triple Energizer Meridian,Yuan-Primary Point,"On the posterior aspect of the wrist, in the depression ulnar to the extensor digitorum tendon, on the dorsal wrist crease.
 - Note 1: TE 4 can be palpated when moving proximally along the gap between the fifth and fourth metacarpal bones, at the same level as LI 5 and SI 5.
 - Note 2: When the wrist is extended against resistance, the extensor digitorum tendon can be palpated more easily.","carpal region (dorsal wrist crease, metacarpal bone of digit 5, tendon of extensor digitorum, metacarpal bone of digit 4)",Puncture perpendicularly 0.3-0.5 inch. Moxibustion is applicable.,"pain in the arm, pain in the shoulder, deafness, pain in the wrist, malaria, thirst",The terminal branch of the posterior antebrachial cutaneous nerve and the dorsal branch of the ulnar nerve.,,The dorsal venous network of the wrist and the posterior carpal artery.,,,"[Acupuncture Method, Vasculature, Innervation, Indications] Chinese Acupuncture and Moxibustion. Edited by C. Xinnong, Rev. Ed., Foreign Languages Press, Beijing, China, 1999. Ch. 9, Acupuncture Points of the Jueyin and Shaoyang Meridians. ISBN 978-7-119-01758-7.
[Acupoint Location, Pinyin Label, Chinese Label] WHO Standard Acupuncture Point Locations in the Western Pacific Region. World Health Organization (WHO), WHO Regional Office for the Western Pacific, 2008. Page 159. https://iris.who.int/handle/10665/353407"
http://purl.org/tara/ontology/TARA_8393005,TARA:8393005,TE 5,Meridian Acupuncture Point,"SJ 5, San Jiao 5, TB 5, TH 5, TW 5, Triple Burner 5, Triple Energizer 5, Triple Heater 5, Triple Warmer 5",Waiguan,"外關(关,関)",Triple Energizer Meridian,"Luo-Connecting Point, Confluent Point","On the posterior aspect of the forearm, midpoint of the interosseous space between the radius and the ulna, 2 B-cun proximal to the dorsal wrist crease.
 - Note: 2 B-cun proximal to TE 4, in the depression between the radius and the ulna. The anterior point corresponding to TE 5 is PC 6.","forelimb zeugopod (radius bone, ulna, dorsal wrist crease, interosseous muscle of autopod)",Puncture perpendicularly 0.5-1.0 inch. Moxibustion is applicable.,"headache, febrile disease, pain in the hypochondriac region, deafness, tinnitus, motor impairment of the arm, hand tremor, motor impairment of the elbow, pain in the cheek, pain of the fingers, strained neck","The posterior antebrachial cutaneous nerve; deeper, the posterior interosseous nerve and the anterior interosseous nerve.",,"Deeper, the posterior and anterior antebrachial interosseous arteries and veins.",,,"[Acupuncture Method, Vasculature, Innervation, Indications] Chinese Acupuncture and Moxibustion. Edited by C. Xinnong, Rev. Ed., Foreign Languages Press, Beijing, China, 1999. Ch. 9, Acupuncture Points of the Jueyin and Shaoyang Meridians. ISBN 978-7-119-01758-7.
[Acupoint Location, Pinyin Label, Chinese Label] WHO Standard Acupuncture Point Locations in the Western Pacific Region. World Health Organization (WHO), WHO Regional Office for the Western Pacific, 2008. Page 160. https://iris.who.int/handle/10665/353407"
http://purl.org/tara/ontology/TARA_7510801,TARA:7510801,TE 6,Meridian Acupuncture Point,"SJ 6, San Jiao 6, TB 6, TH 6, TW 6, Triple Burner 6, Triple Energizer 6, Triple Heater 6, Triple Warmer 6",Zhigou,支溝(沟),Triple Energizer Meridian,Jing-River Point,"On the posterior aspect of the forearm, midpoint of the interosseous space between the radius and the ulna, 3 B-cun proximal to the dorsal wrist crease.
 - Note: 1 B-cun proximal to TE 5, between the radius and the ulna, at the same level as TE 7.","forelimb zeugopod (radius bone, ulna, dorsal wrist crease, interosseous muscle of autopod)",Puncture perpendicularly 0.8-1.2 inches. Moxibustion is applicable.,"constipation, febrile disease, vomiting, pain in the hypochondriac region, deafness, tinnitus, aching of the shoulder, sudden hoarseness of the voice, aching of the back, heavy sensation of the back, heavy sensation of the shoulder",,,"Deeper, the posterior and anterior antebrachial interosseous arteries and veins.",,,"[Acupuncture Method, Vasculature, Innervation, Indications] Chinese Acupuncture and Moxibustion. Edited by C. Xinnong, Rev. Ed., Foreign Languages Press, Beijing, China, 1999. Ch. 9, Acupuncture Points of the Jueyin and Shaoyang Meridians. ISBN 978-7-119-01758-7.
[Acupoint Location, Pinyin Label, Chinese Label] WHO Standard Acupuncture Point Locations in the Western Pacific Region. World Health Organization (WHO), WHO Regional Office for the Western Pacific, 2008. Page 160. https://iris.who.int/handle/10665/353407"
http://purl.org/tara/ontology/TARA_3810639,TARA:3810639,TE 7,Meridian Acupuncture Point,"SJ 7, San Jiao 7, TB 7, TH 7, TW 7, Triple Burner 7, Triple Energizer 7, Triple Heater 7, Triple Warmer 7",Huizong,會(会)宗,Triple Energizer Meridian,Xi-Cleft Point,"On the posterior aspect of the forearm, just radial to the ulna, 3 B-cun proximal to the dorsal wrist crease.
 - Note: TE 7 is ulnar to TE 6.","forelimb zeugopod (ulna, dorsal wrist crease)",Puncture perpendicularly 0.5-1.0 inch. Moxibustion is applicable.,"epilepsy, deafness, pain in the ear, pain of the arm","The posterior and medial antebrachial cutaneous nerves; deeper, the posterior and anterior interosseous nerves.",,The posterior antebrachial interosseous artery and vein.,,,"[Acupuncture Method, Vasculature, Innervation, Indications] Chinese Acupuncture and Moxibustion. Edited by C. Xinnong, Rev. Ed., Foreign Languages Press, Beijing, China, 1999. Ch. 9, Acupuncture Points of the Jueyin and Shaoyang Meridians. ISBN 978-7-119-01758-7.
[Acupoint Location, Pinyin Label, Chinese Label] WHO Standard Acupuncture Point Locations in the Western Pacific Region. World Health Organization (WHO), WHO Regional Office for the Western Pacific, 2008. Page 161. https://iris.who.int/handle/10665/353407"
http://purl.org/tara/ontology/TARA_1698911,TARA:1698911,TE 8,Meridian Acupuncture Point,"SJ 8, San Jiao 8, TB 8, TH 8, TW 8, Triple Burner 8, Triple Energizer 8, Triple Heater 8, Triple Warmer 8",Sanyangluo,三陽(阳)絡(络),Triple Energizer Meridian,,"On the posterior aspect of the forearm, midpoint of the interosseous space between the radius and the ulna, 4 B-cun proximal to the dorsal wrist crease.
 - Note: At the junction of the upper two thirds and lower one third of the line connecting TE 4 with the tip of the elbow.","forelimb zeugopod (radius bone, ulna, dorsal wrist crease, elbow)",Puncture perpendicularly 0.5-1.0 inch. Moxibustion is applicable.,"pain in the chest, pain in the hypochondriac region, pain in the arm, deafness, toothache, sudden hoarseness of the voice, pain in the hand",,,The posterior antebrachial interosseous artery and vein.,,,"[Acupuncture Method, Vasculature, Innervation, Indications] Chinese Acupuncture and Moxibustion. Edited by C. Xinnong, Rev. Ed., Foreign Languages Press, Beijing, China, 1999. Ch. 9, Acupuncture Points of the Jueyin and Shaoyang Meridians. ISBN 978-7-119-01758-7.
[Acupoint Location, Pinyin Label, Chinese Label] WHO Standard Acupuncture Point Locations in the Western Pacific Region. World Health Organization (WHO), WHO Regional Office for the Western Pacific, 2008. Page 161. https://iris.who.int/handle/10665/353407"
http://purl.org/tara/ontology/TARA_5590422,TARA:5590422,TE 9,Meridian Acupuncture Point,"SJ 9, San Jiao 9, TB 9, TH 9, TW 9, Triple Burner 9, Triple Energizer 9, Triple Heater 9, Triple Warmer 9",Sidu,四瀆(渎),Triple Energizer Meridian,,"On the posterior aspect of the forearm, midpoint of the interosseous space between the radius and the ulna, 5 B-cun distal to the prominence of the olecranon.","forelimb zeugopod (radius bone, ulna, olecranon, interosseous muscle of autopod)",Puncture perpendicularly 0.5-1.0 inch. Moxibustion is applicable.,"deafness, migraine, toothache, pain in the forearm, sudden hoarseness of the voice",,,The posterior antebrachial interosseous artery and vein.,,,"[Acupuncture Method, Vasculature, Innervation, Indications] Chinese Acupuncture and Moxibustion. Edited by C. Xinnong, Rev. Ed., Foreign Languages Press, Beijing, China, 1999. Ch. 9, Acupuncture Points of the Jueyin and Shaoyang Meridians. ISBN 978-7-119-01758-7.
[Acupoint Location, Pinyin Label, Chinese Label] WHO Standard Acupuncture Point Locations in the Western Pacific Region. World Health Organization (WHO), WHO Regional Office for the Western Pacific, 2008. Page 162. https://iris.who.int/handle/10665/353407"
