Paper_ID,Artcle-URI,Article-Title,Condition-Extracted-Western,Normalized-Condition-Western,MONDO-OR-HP-Term,Exact-OR-Synonym,MONDO-OR-HP-Term-URI,Comment from TEAM-Core
612,https://doi.org/10.1002/14651858.CD005062.pub4,[Intervention Review] Acupuncture for epilepsy,Epilepsy,Epilepsy,epilepsy,Exact - MONDO,http://purl.obolibrary.org/obo/MONDO_0005027,
931,https://doi.org/10.1002/14651858.CD008400.pub3,[Intervention Review] Acupuncture for mumps in children,Mumps,Mumps,mumps infectious disease,Synonym - MONDO,http://purl.obolibrary.org/obo/MONDO_0000989,
447,https://doi.org/10.1016/j.jpsychires.2013.02.004,A 6-week randomized controlled trial with 4-week follow-up of acupuncture combined with paroxetine in patients with major depressive disorder,Major Depressive Disorder (MDD),Major Depressive Disorder (MDD),major depressive disorder,Exact - MONDO,http://purl.obolibrary.org/obo/MONDO_0002009,
84,https://doi.org/10.1136/aim.26.2.69,A blinded randomised trial of acupuncture (manual and electroacupuncture) compared with a non-penetrating sham for the symptoms of osteoarthritis of the knee,Osteoarthritis of the knee,Knee osteoarthritis,Knee osteoarthritis,Exact - HP,http://purl.obolibrary.org/obo/HP_0005086,
1020,https://pubmed.ncbi.nlm.nih.gov/21543008.0/,"A case of aggravation of hemolytic anemia, elevated liver enzymes and low platelet count syndrome after delivery","HELLP syndrome (Hemolytic anemia, elevated liver enzymes and low platelet count syndrome)","HELLP syndrome (Hemolytic anemia, elevated liver enzymes and low platelet count syndrome)",HELLP syndrome,Exact - MONDO,http://purl.obolibrary.org/obo/MONDO_0008585,
1189,https://pubmed.ncbi.nlm.nih.gov/10437262.0/,A clinical observation on coronary heart disease treated by otopuncture at heart otopoint,Coronary Heart Disease,Heart Disease,NOT FOUND,,,
1489,uri not found,A Clinical Observation on Treating Chronic Insomnia by the Combination of Acupuncture and Craniosacral Therapy,Chronic insomnia (Disorder of Initiating and Maintaining Sleep DIMS),Chronic insomnia (Disorder of Initiating and Maintaining Sleep DIMS),insomnia,Exact - MONDO,http://purl.obolibrary.org/obo/MONDO_0013600,
1114,10.1134/S1047197911010054,A Clinical Observation on Treating Periarthritis of the Shoulder by Needling at Yinlingquan (SP9) Combined with Manipulation,Periarthritis of the shoulder,Periarthritis of the shoulder,periarthritis,Exact - MONDO,http://purl.obolibrary.org/obo/MONDO_0006898,
1587,uri not found,"A Clinical Observation on Treating Urinary Retention Following Cervical Carcinoma Radical Operation by Acupuncture of ""Warming Waterways""",Urinary retention following cervical carcinoma radical operation,Urinary retention following cervical carcinoma radical operation,Urinary retention,Exact - HP,http://purl.obolibrary.org/obo/HP_0000016,
1635,https://doi.org/10.1016/S2005-2901(11)60005-8,"A Clinical Pilot Study Comparing Traditional Acupuncture to Combined Acupuncture for Treating Headache, Trigeminal Neuralgia and Retro-auricular Pain in Facial Palsy","Headache, Trigeminal Neuralgia (TN), Retro-auricular Pain (RAP) in Facial Palsy","Headache, Trigeminal Neuralgia (TN), Retro-auricular Pain (RAP) in Facial Palsy","Headache, trigeminal neuralgia","Exact - HP, Exact - MONDO","http://purl.obolibrary.org/obo/HP_0002315, http://purl.obolibrary.org/obo/MONDO_0008599",
1234,https://doi.org/10.1142/S0192415X0600376X,A Clinical Study of Acupuncture and SSP (Silver Spike Point) Electro-th erapy for Dry Eye Syndrome,Dry eye syndrome,Dry eye syndrome,dry eye syndrome,Exact - MONDO,http://purl.obolibrary.org/obo/MONDO_0006733,
1099,https://doi.org/10.1142/S0192415X97000044,A Clinical Study on Physiological Response in Electroacupuncture Analgesia and Meperidine Analgesia for Colonoscopy,"Not specified (the paper focuses on pain relief during colonoscopy, not a specific disease or condition)","Not specified (the paper focuses on pain relief during colonoscopy, not a specific disease or condition)",,,,
1334,uri not found,A clinical study on the therapeutic effect of abdominal acupuncture in treating radicular cervical spondylosis,Radicular cervical spondylosis,cervical spondylosis,NOT FOUND,,,
1634,https://doi.org/10.1016/j.jep.2013.04.045,A clinical trial of acupuncture about time-varying treatment and points selection in primary dysmenorrhea,Primary dysmenorrhea,Primary dysmenorrhea,primary dysmenorrhea,Exact - MONDO,http://purl.obolibrary.org/obo/MONDO_1060206,
1241,uri not found,A Comparative Study Between Simple Bo's Abdominal Acupuncture and its Combination with Radiation by Electromagnetic Wave in Treating Chronic Gastritis,Chronic gastritis,Chronic gastritis,chronic gastritis,Exact - MONDO,http://purl.obolibrary.org/obo/MONDO_0005001,
1119,https://doi.org/10.1142/S0192415X91000156,A Comparative Study of Diazepam and Acupuncture in Patients with Osteoarthritis Pain: A Placebo Controlled Study,Osteoarthritis (chronic cervical osteoarthritis),Osteoarthritis (chronic cervical osteoarthritis),osteoarthritis,Exact - MONDO,http://purl.obolibrary.org/obo/MONDO_0005178,
1416,https://doi.org/10.1142/S0192415X84000088,"A Comparative Study of the Pain Alleviating Effect of Vibratory Stimulation, Transcutaneous Electrical Nerve Stimulation, Electroacupuncture and Placebo",Myalgia,Myalgia,Myalgia,Exact - HP,http://purl.obolibrary.org/obo/HP_0003326,
655,https://doi.org/10.1186/s12906-018-2087-y,A comparative study of three conservative treatments in patients with lumbar spinal stenosis: lumbar spinal stenosis with acupuncture and physical therapy study (LAP study),Lumbar Spinal Stenosis (LSS) with L5 root radiculopathy,Lumbar Spinal Stenosis (LSS) with L5 root radiculopathy,lumbar spinal stenosis,Exact - MONDO,http://purl.obolibrary.org/obo/MONDO_0044753,
1633,https://doi.org/10.1007/BF02836497,"A Comparative Study on the Acupoints of Specialty of Baihui, Shuigou and Shenmen in Treating Vascular Dementia*",Vascular dementia (VD),Vascular dementia (VD),vascular dementia,Exact - MONDO,http://purl.obolibrary.org/obo/MONDO_0004648,
209,https://doi.org/10.1186/s12906-017-1589-3,"A comparative study on the effects of systemic manual acupuncture, periauricular electroacupuncture, and digital electroacupuncture to treat tinnitus: A randomized, paralleled, open-labeled exploratory trial",Tinnitus,Tinnitus,tinnitus,Exact - MONDO,http://purl.obolibrary.org/obo/MONDO_0700322,
1281,https://pubmed.ncbi.nlm.nih.gov/10513096.0/,A Comparative Study on the Treatment of Migraine Headache With Combined Distant and Local Acupuncture Points Versus Conventional Drug Therapy,Migraine Headache,Migraine Headache,migraine disorder,Synonym - MONDO,http://purl.obolibrary.org/obo/MONDO_0005277,
1579,uri not found,A Comparative Study on the Treatment of Upper Urinary Tract Calculus with an Improved Acupuncture Protocol,Upper Urinary Tract Calculus,Nephrolithiasis (kidney stones),NOT FOUND,,,
1162,uri not found,A Comparative Study on Treating Lumbar Intervertebral Disc Herniation with Electroacupuncture to the Jiaji (EX-B2) Points and Routine Acupuncture,Lumbar intervertebral disc herniation,"disc herniation, low back pain",NOT FOUND,,,
139,https://doi.org/10.3727/036012910803860940,A Comparison Between Pulsed Radiofrequency and Electro-acupuncture for Relieving Pain in Patients with Chronic Low Back Pain,Chronic Low Back Pain,Chronic Low Back Pain,Low back pain,Exact - HP,http://purl.obolibrary.org/obo/HP_0003419,
1199,https://doi.org/10.1080/13697130410001713814,A comparison of acupuncture and oral estradiol treatment of vasomotor symptoms in postmenopa usal women,Hot Flushes,hot flashes,Hot flashes,Exact - HP,http://purl.obolibrary.org/obo/HP_0031217,
1131,https://doi.org/10.1136/aim.19.1.19,A Comparison of Acupuncture with Advice and Exercises on the Symptomatic Treatment of Osteoarthritis of the Hip -A Randomised Controlled Trial,Osteoarthritis of the Hip,Osteoarthritis of the Hip,osteoarthritis,Exact - MONDO,http://purl.obolibrary.org/obo/MONDO_0005178,
1340,https://doi.org/10.1093/rheumatology/25.3.271,A controlled study of acupuncture in neck pain,Chronic neck pain,Chronic neck pain,Neck pain,Exact - HP,http://purl.obolibrary.org/obo/HP_0030833,
1263,https://pubmed.ncbi.nlm.nih.gov/17313008.0/,A Controlled Study on Endometriosis Treated by Acupuncture with Shu Mu Point Combination,Endometriosis,Endometriosis,endometriosis,Exact - MONDO,http://purl.obolibrary.org/obo/MONDO_0005133,
465,https://pubmed.ncbi.nlm.nih.gov/17955648.0/,A Controlled Study on Treatment of Mental Depression by Acupuncture plus TCM Medication,Mental Depression,Depression,NOT FOUND,,,
1481,https://doi.org/10.2340/0001555577154156,A Controlled Trial of Acupuncture in Psoriasis: No Convincing Effect,Psoriasis (plaque psoriasis),Psoriasis (plaque psoriasis),psoriasis,Exact - MONDO,http://purl.obolibrary.org/obo/MONDO_0005083,
1226,https://doi.org/10.1017/s0022215100148091,A controlled trial of acupuncture in tinnitus,Tinnitus,Tinnitus,tinnitus,Exact - MONDO,http://purl.obolibrary.org/obo/MONDO_0700322,
358,https://doi.org/10.1016/j.jpain.2004.12.009,A Controlled Trial of Placebo Versus Real Acupuncture,Not specified (the paper does not specify a primary medical condition or disease being studied),Not specified (the paper does not specify a primary medical condition or disease being studied),,,,
839,https://doi.org/10.1016/0091-6749(85)90760-2,A controlled trial of real and simulated acupuncture in the management of chronic asthma,Asthma,Asthma,asthma,Exact - MONDO,http://purl.obolibrary.org/obo/MONDO_0004979,
1409,https://pubmed.ncbi.nlm.nih.gov/671428.0/,A Controlled Trial of the Theory of Acupuncture in Musculoskeletal Pain,Chronic pain,Chronic pain,Chronic pain,Exact - HP,http://purl.obolibrary.org/obo/HP_0012532,
1290,https://doi.org/10.1097/00002508-198912000-00006,A Controlled Trial of the Treatment of Migraine by Acupuncture,Migraine,Migraine,migraine disorder,Synonym - MONDO,http://purl.obolibrary.org/obo/MONDO_0005277,
526,https://doi.org/10.1142/S0192415X02000028,A Controlled Trial on Acupuncture for Chronic Neck Pain,Chronic Neck Pain (CNP),Chronic Neck Pain (CNP),Neck pain,Exact - HP,http://purl.obolibrary.org/obo/HP_0030833,
720,https://doi.org/10.1016/j.jbmt.2020.04.001,A critical overview of the current myofascial pain literature,Myofascial Pain Syndrome (MPS),Myofascial Pain Syndrome (MPS),myofascial pain syndrome,Exact - MONDO,http://purl.obolibrary.org/obo/MONDO_0006862,
841,https://doi.org/10.1542/peds.2004-0744,"A Double-Blind, Randomized, Placebo-Controlled Trial of Acupuncture for the Treatment of Childhood Persistent Allergic Rhinitis",Persistent Allergic Rhinitis,Persistent Allergic Rhinitis,allergic rhinitis,Exact - MONDO,http://purl.obolibrary.org/obo/MONDO_0011786,
567,https://doi.org/10.1007/s10549-013-2427-z,A dual-center randomized controlled double blind trial assessing the effect of acupuncture in reducing musculoskeletal symptoms in breast cancer patients taking aromatase inhibitors,Musculoskeletal symptoms associated with aromatase inhibitors in breast cancer patients (AIMSS),breast cancer,NOT FOUND,,,
565,https://doi.org/10.1136/acupmed-2014-010593,A feasibility study to examine the role of acupuncture to reduce symptoms of lymphoedema after breast cancer: a randomised controlled trial,Lymphoedema,Lymphoedema,Lymphedema,Synonym - HP,http://purl.obolibrary.org/obo/HP_0001004,
990,https://doi.org/10.1016/s0740-5472(01)00217-3,A large randomized placebo controlled study of auricular acupuncture for alcohol dependence,Alcohol dependence,Alcohol dependence,alcohol dependence,Exact - MONDO,http://purl.obolibrary.org/obo/MONDO_0007079,
964,https://pubmed.ncbi.nlm.nih.gov/2148263.0/,A meta analysis of studies into the effect of acupuncture on addiction,"Addiction to cigarette smoking, heroin, and alcohol","nicotine dependence, heroin dependence, alcohol dependence","nicotine dependence, heroin dependence, alcohol dependence","Exact - MONDO, Exact - MONDO, Exact - MONDO","http://purl.obolibrary.org/obo/MONDO_0008575, http://purl.obolibrary.org/obo/MONDO_0005367, http://purl.obolibrary.org/obo/MONDO_0007079",
1853,https://doi.org/10.1007/s10571-008-9336-4,A Meta-Analysis of Acupuncture Combined with Opioid Receptor Agonists for Treatment of Opiate-Withdrawal Symptoms,Opioid withdrawal,Opioid dependence,opiate dependence,Synonym - MONDO,http://purl.obolibrary.org/obo/MONDO_0005530,
974,https://doi.org/10.1136/tc.8.4.393,A meta-analysis of acupuncture techniques for smoking cessation,Smoking cessation,nicotine dependence,NOT FOUND,,,
1075,https://doi.org/10.1089/acm.2013.0364,A Meta-Analysis of Acupuncture Use in the Treatment of Cognitive Impairment After Stroke,Cognitive impairment after stroke,Cognitive impairment after stroke,Cognitive impairment,Exact - HP,http://purl.obolibrary.org/obo/HP_0100543,
979,https://doi.org/10.1016/j.drugalcdep.2014.07.002,"A meta-analysis of ear-acupuncture, ear-acupressure and auriculotherapy for cigarette smoking cessation",Cigarette smoking cessation,"Nicotine dependence, Cigarette smoking cessation",nicotine dependence,Exact - MONDO,http://purl.obolibrary.org/obo/MONDO_0008575,
1072,https://doi.org/10.1136/acupmed-2012-010155,A meta-analysis of the efficacy of acupuncture in treating dysphagia in patients with a stroke,Dysphagia,Dysphagia,Dysphagia,Exact - HP,http://purl.obolibrary.org/obo/HP_0002015,
826,https://doi.org/10.1111/all.12053,"A multicenter, randomized, controlled trial testing the effects of acupuncture on allergic rhinitis",Allergic rhinitis,Allergic rhinitis,allergic rhinitis,Exact - MONDO,http://purl.obolibrary.org/obo/MONDO_0011786,
1215,https://pubmed.ncbi.nlm.nih.gov/16705841.0/,A Multicentral Randomized Control Study on Clinical Acupuncture Treatment of Bell's Palsy,Bell's palsy,Bell's palsy,Bell's palsy,Exact - MONDO,http://purl.obolibrary.org/obo/MONDO_0005665,
364,https://doi.org/10.1111/papr.12309,"A New Method for Sham Controlled Acupuncture in Experimental Visceral Paina Randomized, Single Blinded Study",Visceral pain (experimental rectal pain),"Visceral pain, rectal pain",NOT FOUND,,,
1330,https://doi.org/10.1097/00043764-199507000-00013,"A Nonconventional Approach to the Treatment of ""Environmental Illness""",Environmental illness,Environmental illness,NOT FOUND,,,
424,https://doi.org/10.1089/acm.2009.0367,A Novel Approach to Evaluate Traditional Chinese Medicine Treatment Outcomes Using Pattern Identification,Hepatitis C virus (HCV),Hepatitis C,NOT FOUND,,,
1631,https://doi.org/10.1177/026921559701100302,"A one year follow up study on the effects of acupuncture in the treatment of stroke patients in the subacute stage: a randomized, controlled study",Stroke,Stroke,stroke disorder,Synonym - MONDO,http://purl.obolibrary.org/obo/MONDO_0005098,
1630,https://doi.org/10.1186/1472-6882-12-123,A PET-CT study on the specificity of acupoints through acupuncture treatment in migraine patients,Migraine,Migraine,migraine disorder,Synonym - MONDO,http://purl.obolibrary.org/obo/MONDO_0005277,
243,https://doi.org/10.1245/s10434-012-2759-7,"A Phase II, Randomized, Controlled Trial of Acupuncture for Reduction of Postcolectomy Ileus",Postoperative ileus (POI),Postoperative ileus (POI),ileus,Exact - MONDO,http://purl.obolibrary.org/obo/MONDO_0004567,
490,https://doi.org/10.1186/1472-6882-14-255,A pilot controlled trial of a combination of dense cranial electroacupuncture stimulation and body acupuncture for post-stroke depression,Post-stroke depression (PSD),Post-stroke depression (PSD),Depression,Exact - HP,http://purl.obolibrary.org/obo/HP_0000716,
1456,https://doi.org/10.1089/10755530152755180,A Pilot Project to Assess the Methodological Issues Involved in Evaluating Acupuncture as a Treatment for Disabling Breathlessness,Disabling breathlessness caused by chronic lung disease (primarily chronic obstructive pulmonary disease [COPD]),"breathlessness, lung disease, primarily chronic obstructive pulmonary disease",NOT FOUND,,,
1261,https://doi.org/10.1097/SGA.0b013e3181b2c920,A Pilot Randomized Controlled Trial of Acupuncture/Moxibustion,Irritable Bowel Syndrome (IBS),Irritable Bowel Syndrome (IBS),irritable bowel syndrome,Exact - MONDO,http://purl.obolibrary.org/obo/MONDO_0005052,
1201,https://doi.org/10.1097/gme.0b013e31821f9171,"A pilot randomized, single blind, placebo control led trial of traditional acupuncture for vasomotor symptoms and mechanistic pathways of menopause",Vasomotor symptoms (VMS),"Vasomotor symptoms, hot flashes",NOT FOUND,,,
62,https://doi.org/10.1007/s10067-007-0759-y,A pilot study of acupuncture as adjunctive treatment of rheumatoid arthritis,Rheumatoid Arthritis (RA),Rheumatoid Arthritis (RA),rheumatoid arthritis,Exact - MONDO,http://purl.obolibrary.org/obo/MONDO_0008383,
333,https://doi.org/10.1136/aim.14.1.11,"A Pilot Study of Acupuncture for Tension Headache, Using a Novel Placebo",Tension headache,headache,NOT FOUND,,,
563,https://doi.org/10.1177/1534735414534729,A Pilot Study of Acupuncture in Treating Bortezomib-Induced Peripheral Neuropathy in Patients With Multiple Myeloma,Bortezomib-induced peripheral neuropathy (BIPN),Bortezomib-induced peripheral neuropathy (BIPN),peripheral neuropathy,Exact - MONDO,http://purl.obolibrary.org/obo/MONDO_0005244,
77,https://doi.org/10.1186/1749-8546-3-2,A pilot study on using acupuncture and transcutaneous electrical nerve stimulation (TENS) to treat knee osteoarthritis (OA),Knee osteoarthritis (OA),Knee osteoarthritis (OA),Knee osteoarthritis,Exact - HP,http://purl.obolibrary.org/obo/HP_0005086,
125,https://doi.org/10.1016/j.ctcp.2008.09.003,A pilot study on using acupuncture and transcutaneous electrical nerve stimulation to treat chronic non-specific low back pain,Chronic low back pain (LBP),Chronic low back pain (LBP),Low back pain,Exact - HP,http://purl.obolibrary.org/obo/HP_0003419,
1152,https://doi.org/10.4102/sajp.v70i2.268,A pilot study on using acupunture and core stability exercises to treat non-specific acute low back paun among industrial workers,Non specific acute low back pain,low back pain,NOT FOUND,,,
945,https://doi.org/10.1089/acm.2007.0738,A Pilot Whole Systems Clinical Trial of Traditional Chinese Medicine and Naturopathic Medicine for the Treatment of Temporomandibular Disorders,Temporomandibular disorders (TMD),Temporomandibular joint disorder (TMD),temporomandibular joint disorder,Exact - MONDO,http://purl.obolibrary.org/obo/MONDO_0005473,
1627,https://doi.org/10.1016/j.jvoice.2009.05.005,A Preliminary Study of the Effect of Acupuncture on Emotional Stress in Female Dysphonic Speakers,"Phonotraumatic injuries, including vocal nodules, vocal polyps, vocal fold edema, or chronic laryngitis","Phonotraumatic injuries, including vocal nodules, vocal polyps, vocal fold edema, or chronic laryngitis",chronic laryngitis,Exact - MONDO,http://purl.obolibrary.org/obo/MONDO_0001369,
376,https://doi.org/10.1136/aim.22.1.2,A proposed experimental model of myofascial trigger points in human muscle after slow eccentric exercise,Myofascial trigger points,Myofascial trigger points,NOT FOUND,,,
1214,https://doi.org/10.1136/aim.2009.000638,A prospective randomised controlled study on efficacies of acupuncture and steroid in treatment of idiopathic peripheral facial paralysis,Idiopathic peripheral facial paralysis (Bell's palsy),Idiopathic peripheral facial paralysis (Bell's palsy),facial paralysis,Exact - MONDO,http://purl.obolibrary.org/obo/MONDO_0001835,
290,https://doi.org/10.1016/j.fertnstert.2009.02.041,A prospective randomized placebo-controlled study of the effect of acupuncture in infertile patients with severe oligoasthenozoospermia,Severe oligoasthenozoospermia,oligoasthenozoospermia,NOT FOUND,,,
781,https://pubmed.ncbi.nlm.nih.gov/10830757.0/,A prospective randomized study comparing acupuncture with physiotherapy for low back and pelvic pain in pregnancy,Low back and pelvic pain during pregnancy (LBP),Low back pain and pelvic pain during pregnancy,"Low back pain, Pelvic pain","Exact - HP, Exact - HP","http://purl.obolibrary.org/obo/HP_0003419, http://purl.obolibrary.org/obo/HP_0034267",
800,https://doi.org/10.1093/humrep/14.10.2480,A prospective randomized study of electro-acupuncture versus alfentanil as anaesthesia during oocyte aspiration in in-vitro fertilization,Pain during oocyte aspiration in IVF procedures,Pain during oocyte aspiration in IVF procedures,Pain,Exact - HP,http://purl.obolibrary.org/obo/HP_0012531,
1005,https://doi.org/10.1097/01.ju.0000044925.03113.ab,"A prospective, randomized pilot trial of acupuncture of the kidney-bladder distinct meridian for lower urinary tract symptoms",Lower urinary tract symptoms,urinary tract symptom,NOT FOUND,,,
1138,https://doi.org/10.1097/00007632-198909000-00008,"A Prospective, Randomized, Double-Blind Evaluation of Trigger-Point Injection — Therapy for Low-Back Pain",Low-back strain,Low back pain,NOT FOUND,,,
149,https://doi.org/10.1136/bmj.38932.806134.7C,A randomised controlled trial of acupuncture care for persistent low back pain: cost effectiveness analysis,Persistent non-specific low back pain,Persistent non-specific low back pain,Low back pain,Exact - HP,http://purl.obolibrary.org/obo/HP_0003419,
760,https://doi.org/10.1016/j.ejca.2013.09.022,A randomised trial of electro-acupuncture for arthralgia related to aromatase inhibitor use,Arthralgia (joint pain) related to aromatase inhibitor use in breast cancer patients,Arthralgia,NOT FOUND,,,
1434,https://doi.org/10.1016/j.midw.2006.02.003,A randomised-control led trial in Sweden of acupuncture and care interventions for the relief of inflammatory symptoms of the breast during lactation,Mastitis (inflammatory symptoms of the breast during lactation),Mastitis (inflammatory symptoms of the breast during lactation),mastitis,Exact - MONDO,http://purl.obolibrary.org/obo/MONDO_0006849,
212,https://doi.org/10.1016/j.ctim.2010.09.005,"A randomised, placebo-controlled trial of manual and electrical acupuncture for the treatment of tinnitus",Tinnitus,Tinnitus,tinnitus,Exact - MONDO,http://purl.obolibrary.org/obo/MONDO_0700322,
1311,uri not found,A Randomized and Comparative Study on Vascular Dementia Treated by Needling Remaining at Head Points,Vascular Dementia (VD),Vascular Dementia (VD),vascular dementia,Exact - MONDO,http://purl.obolibrary.org/obo/MONDO_0004648,
633,https://doi.org/10.7326/0003-4819-143-1-200507050-00005,A Randomized Clinical Trial of Acupuncture Compared with Sham Acupuncture in Fibromyalgia,Fibromyalgia,Fibromyalgia,fibromyalgia,Exact - MONDO,http://purl.obolibrary.org/obo/MONDO_0005546,
605,https://doi.org/10.1016/j.jpain.2010.09.001,A Randomized Clinical Trial of Acupuncture Versus Oral Steroids for Carpal Tunnel Syndrome: A Long-Term Follow-Up,Carpal Tunnel Syndrome (CTS),Carpal Tunnel Syndrome (CTS),carpal tunnel syndrome,Exact - MONDO,http://purl.obolibrary.org/obo/MONDO_0007275,
119,https://doi.org/10.1016/S0304-3959(99)00027-5,A randomized comparative trial of acupuncture versus transcutaneous electrical nerve stimulation for chronic back pain in the elderly,Chronic back pain,Chronic back pain,Back pain,Exact - HP,http://purl.obolibrary.org/obo/HP_0003418,
1593,https://doi.org/10.1016/S1726-4901(08)70014-5,A Randomized Controlled Clinical Trial of Auricular Acupuncture in Smoking Cessation,Smoking cessation,nicotine dependence,NOT FOUND,,,
197,https://doi.org/10.1016/j.fertnstert.2006.02.100,A randomized controlled pilot study of acupuncture for postmenopausal hot flashes: effect on nocturnal hot flashes and sleep quality,Postmenopausal nocturnal hot flashes,"Menopause, hot flashes",NOT FOUND,,,done: TCM
1039,https://pubmed.ncbi.nlm.nih.gov/12855628.0/,A Randomized Controlled Single Blind Chemotherapy and Autologous Peripheral Blood Stem Cell at P6 as Additional Antiemetic Prophylaxis in High Dose Effect of Acupuncture Compared with Placebo Acupuncture,Nausea and vomiting associated with high dose chemotherapy and autologous peripheral blood stem cell transplantation.,Nausea and vomiting associated with high dose chemotherapy and autologous peripheral blood stem cell transplantation.,Nausea and vomiting,Exact - HP,http://purl.obolibrary.org/obo/HP_0002017,
622,https://doi.org/10.2340/16501977-0216,A randomized controlled trial of acupuncture added to usual treatment for fibromyalgia,Fibromyalgia,Fibromyalgia,fibromyalgia,Exact - MONDO,http://purl.obolibrary.org/obo/MONDO_0005546,
716,https://doi.org/10.1080/14767050600730740,A randomized controlled trial of acupuncture for initiation of labor in nulliparous women,Difficulties in labor initiation (post-term pregnancies),labor,NOT FOUND,,,
76,https://doi.org/10.1002/acr.20225,A Randomized Controlled Trial of Acupuncture for Osteoarthritis of the Knee: Effects of Patient-Provider Communication,Knee Osteoarthritis,Knee Osteoarthritis,Knee osteoarthritis,Exact - HP,http://purl.obolibrary.org/obo/HP_0005086,
177,https://doi.org/10.1016/j.ijcard.2014.07.011,A randomized controlled trial of acupuncture in stable ischemic heart disease patients,Stable Ischemic Heart Disease (SIHD),"Ischemic Heart Disease, heart disease",NOT FOUND,,,
172,https://doi.org/10.1016/j.ctim.2015.01.005,A randomized controlled trial of auricular acupressure in heart rate variability and quality of life for hypertension,Hypertension,Hypertension,Hypertension,Exact - HP,http://purl.obolibrary.org/obo/HP_0000822,
980,https://doi.org/10.1001/archinte.160.15.2305,A Randomized Controlled Trial of Auricular Acupuncture for Cocaine Dependence,Cocaine addiction,Cocaine dependence,cocaine dependence,Exact - MONDO,http://purl.obolibrary.org/obo/MONDO_0005186,done:TCM
175,https://doi.org/10.1016/j.ctcp.2013.10.009,A randomized controlled trial of electroacupuncture at body acupoints and Fenglong for regulating serum lipids in dyslipidemic patients in Thailand,Dyslipidemia,Dyslipidemia,inherited lipid metabolism disorder,Synonym - MONDO,http://purl.obolibrary.org/obo/MONDO_0002525,
1625,https://doi.org/10.1111/pme.12392,A Randomized Controlled Trial of Single Point Acupuncture in Primary Dysmenorrhea,Primary dysmenorrhea,Primary dysmenorrhea,primary dysmenorrhea,Exact - MONDO,http://purl.obolibrary.org/obo/MONDO_1060206,
1528,https://doi.org/10.1159/000110308,A Randomized Controlled Trial on the Treatment for Acute Partial Ischemic Stroke with Acupuncture,Acute ischemic stroke,Acute ischemic stroke,ischemic stroke,Exact - MONDO,http://purl.obolibrary.org/obo/MONDO_1060198,
802,https://doi.org/10.1093/humrep/den380,A randomized double blind comparison of real and placebo acupuncture in IVF treatment,Infertility,Infertility,Infertility,Exact - HP,http://purl.obolibrary.org/obo/HP_0000789,
1445,https://doi.org/10.3109/02770903.2010.485665,A Randomized Pilot Study of Acupuncture as an Adjunct Therapy in Adult Asthmatic Patients,Asthma,Asthma,asthma,Exact - MONDO,http://purl.obolibrary.org/obo/MONDO_0004979,
426,https://doi.org/10.1016/j.ejogrb.2013.02.016,A randomized pilot study of acupuncture treatment for primary dysmenorrhea,Primary dysmenorrhea,Primary dysmenorrhea,primary dysmenorrhea,Exact - MONDO,http://purl.obolibrary.org/obo/MONDO_1060206,
830,https://doi.org/10.1016/j.jvoice.2004.11.007,A Randomized Treatment-Placebo Study of the Effectiveness of Acupuncture for Benign Vocal Pathologies,Dysphonia; Hyperfunctional Dysphonia,Dysphonia; Hyperfunctional Dysphonia,Dysphonia,Exact - HP,http://purl.obolibrary.org/obo/HP_0001618,
1567,https://doi.org/10.1097/BRS.0b013e31821bf674,A Randomized Trial Comparing Acupuncture and Simulated Acupuncture for Subacute and Chronic Whiplash,Whiplash associated disorders (WAD),Whiplash,NOT FOUND,,,
111,https://doi.org/10.1001/archinternmed.2009.65,"A Randomized Trial Comparing Acupuncture, Simulated Acupuncture, and Usual Care for Chronic Low Back Pain",Chronic low back pain,Chronic low back pain,Low back pain,Exact - HP,http://purl.obolibrary.org/obo/HP_0003419,
66,https://doi.org/10.1093/rheumatology/38.4.346,A randomized trial of acupuncture as an adjunctive therapy in osteoarthritis of the knee,Osteoarthritis (OA) of the knee,Knee osteoarthritis,Knee osteoarthritis,Exact - HP,http://purl.obolibrary.org/obo/HP_0005086,
198,https://doi.org/10.1016/j.ctim.2010.02.002,A randomized trial of acupuncture for vasomotor symptoms in post-menopausal women,Vasomotor symptoms in post-menopausal women,"Vasomotor symptoms, menopause",NOT FOUND,,,
1624,https://doi.org/10.1097/gme.0b013e31816d5b03,"A randomized, controlled pilot study of acupuncture treatment for menopausal hot flashes",Hot flashes in peri- and postmenopausal women,Hot flashes in peri- and postmenopausal women,Hot flashes,Exact - HP,http://purl.obolibrary.org/obo/HP_0031217,
342,https://doi.org/10.1111/j.1526-4610.2005.00235.x,"A Randomized, Controlled Trial of Acupuncture for Chronic Daily Headache",Chronic Daily Headache (CDH),Chronic Daily Headache (CDH),headache disorder,Synonym - MONDO,http://purl.obolibrary.org/obo/MONDO_0021146,
102,https://pubmed.ncbi.nlm.nih.gov/24755566.0/,"A randomized, controlled trial of acupuncture for chronic low back pain",Chronic low back pain (cLBP),Chronic low back pain (cLBP),Low back pain,Exact - HP,http://purl.obolibrary.org/obo/HP_0003419,
721,https://doi.org/10.1136/aim.24.1.39,A review of acupuncture clinical trials indexed during 2005,	- Back pain - Knee pain - Headache - Fibromyalgia - Post-stroke rehabilitation - Oocyte collection,"Back pain, Knee pain, Headache, Fibromyalgia, stroke, Oocyte collection",NOT FOUND,,,
280,https://doi.org/10.1783/147118903101197863,A review of controlled trials of acupuncture for women's reproductive health care,	- Dysmenorrhoea - Infertility - Menopausal symptoms,"Dysmenorrhea, Infertility, Menopause",NOT FOUND,,,
109,https://doi.org/10.7326/0003-4819-138-11-200306030-00011,"A Review of the Evidence for the Effectiveness, Safety, and Cost of Acupuncture, Massage Therapy, and Spinal Manipulation for Back Pain",Back Pain,Back Pain,Back pain,Exact - HP,http://purl.obolibrary.org/obo/HP_0003418,
305,https://doi.org/10.1136/acupmed-2013-010362,A sham-controlled trial of acupuncture as an adjunct in migraine prophylaxis,Migraine,Migraine,migraine disorder,Synonym - MONDO,http://purl.obolibrary.org/obo/MONDO_0005277,
982,https://pubmed.ncbi.nlm.nih.gov/10024707.0/,"A single blind, placebo controlled trial of a simple acupuncture treatment in the cessation of smoking",Tobacco smoking,Nicotine dependence,nicotine dependence,Exact - MONDO,http://purl.obolibrary.org/obo/MONDO_0008575,
1458,https://doi.org/10.1097/AJP.0b013e3181a49e35,A Single Point Acupuncture Treatment at Large Intestine Meridian A Randomized Controlled Trial in Acute Tonsillitis and Pharyngitis,Acute tonsillitis and pharyngitis (sore throat),Acute tonsillitis and pharyngitis (sore throat),"acute tonsillitis, pharyngitis","Exact - MONDO, Exact - MONDO","http://purl.obolibrary.org/obo/MONDO_0020686, http://purl.obolibrary.org/obo/MONDO_0002258",
251,https://doi.org/10.1089/acm.2008.0107,"A Single-Blinded, Randomized Pilot Study Evaluating Effects of Electroacupuncture in Diabetic Patients with Symptoms Suggestive of Gastroparesis",Diabetic Gastroparesis,Diabetic Gastroparesis,gastroparesis,Exact - MONDO,http://purl.obolibrary.org/obo/MONDO_0006769,
976,https://doi.org/10.1142/S0192415X09007314,A Six-Week Acupoint Stimulation Intervention for Quitting Smoking,Nicotine addiction and smoking cessation,Nicotine dependence,nicotine dependence,Exact - MONDO,http://purl.obolibrary.org/obo/MONDO_0008575,
1103,https://doi.org/10.1142/S0192415X97000044,A Study in the Effectiveness of Acupuncture Analgesia for Colonoscopic Examination Compared with Conventional Premedication,Not specified (the primary focus is on the procedure of colonoscopy rather than a specific Western medical condition),Not specified (the primary focus is on the procedure of colonoscopy rather than a specific Western medical condition),,,,
1623,https://doi.org/10.1142/S0192415X06004272,A Study on the Clinical Effects of Physical Therapy and Acupuncture to Treat Spontaneous Frozen Shoulder,Frozen shoulder,Frozen shoulder,frozen shoulder,Exact - MONDO,http://purl.obolibrary.org/obo/MONDO_0006763,
1622,https://doi.org/10.1155/2015/610615,A Systematic Overview of Reviews for Complementary and Alternative Therapies in the Treatment of the Fibromyalgia Syndrome,Fibromyalgia syndrome (FMS),Fibromyalgia syndrome (FMS),fibromyalgia,Synonym - MONDO,http://purl.obolibrary.org/obo/MONDO_0005546,
669,https://pubmed.ncbi.nlm.nih.gov/29507269.0/,A Systematic Review and Meta analysis of Using Acupuncture and Acupressure for Uremic Pruritus,Uremic pruritus,pruritus,NOT FOUND,,,
817,https://doi.org/10.1111/j.1471-0528.2008.01838.x,A systematic review and meta-analysis of acupuncture in in vitro fertilisation,Infertility,Infertility,Infertility,Exact - HP,http://purl.obolibrary.org/obo/HP_0000789,
1060,https://doi.org/10.1038/srep03981,A systematic review and meta-analysis of Baihui (GV20)-based scalp acupuncture in experimental ischemic stroke,Ischemic stroke,Ischemic stroke,ischemic stroke,Exact - MONDO,http://purl.obolibrary.org/obo/MONDO_1060198,
1165,https://doi.org/10.1097/BRS.0b013e318186b276,A Systematic Review Effectiveness of Acupuncture for Low Back Pain,Nonspecific low back pain (LBP),Nonspecific low back pain (LBP),Low back pain,Exact - HP,http://purl.obolibrary.org/obo/HP_0003419,
609,https://doi.org/10.1142/S0192415X08005540,A Systematic Review of Acupuncture and Moxibustion Treatment for Chronic Fatigue Syndrome in China,Chronic Fatigue Syndrome (CFS),Chronic Fatigue Syndrome (CFS),myalgic encephalomeyelitis/chronic fatigue syndrome,Synonym - MONDO,http://purl.obolibrary.org/obo/MONDO_0005404,
921,https://doi.org/10.1016/j.ctim.2016.02.007,A systematic review of acupuncture for sleep quality in people with insomnia,Insomnia,Insomnia,insomnia,Exact - MONDO,http://purl.obolibrary.org/obo/MONDO_0013600,
1621,https://doi.org/10.1136/acupmed-2012-010178,A systematic review of cost-effectiveness analyses alongside randomised controlled trials of acupuncture,	- Chronic low back pain (LBP) - Headache - Osteoarthritis - Chronic neck pain - Dysmenorrhoea - Allergic rhinitis,"low back pain, Headache, Osteoarthritis, neck pain, Dysmenorrhea, Allergic rhinitis",NOT FOUND,,,
543,https://doi.org/10.1093/rheumatology/38.2.143,A systematic review of randomized controlled trials of acupuncture for neck pain,Neck pain,Neck pain,Neck pain,Exact - HP,http://purl.obolibrary.org/obo/HP_0030833,
462,https://doi.org/10.1016/j.jad.2006.06.012,A systematic review of randomized controlled trials of acupuncture in the treatment of depression,Depression,Depression,Depression,Exact - HP,http://purl.obolibrary.org/obo/HP_0000716,
832,https://doi.org/10.1186/1472-6882-8-13,A systematic review of the clinical effectiveness of acupuncture for allergic rhinitis,Allergic Rhinitis (AR),Allergic Rhinitis (AR),allergic rhinitis,Exact - MONDO,http://purl.obolibrary.org/obo/MONDO_0011786,
1500,https://doi.org/10.1016/j.smrv.2008.04.002,A systematic review of the effects of acupuncture in treating insomnia,Insomnia,Insomnia,insomnia,Exact - MONDO,http://purl.obolibrary.org/obo/MONDO_0013600,
1620,https://pubmed.ncbi.nlm.nih.gov/21280460.0/,A systematic review on acupuncture for trigeminal neuralgia,Trigeminal neuralgia (TN),Trigeminal neuralgia (TN),trigeminal neuralgia,Exact - MONDO,http://purl.obolibrary.org/obo/MONDO_0008599,
150,https://doi.org/10.1007/s00586-010-1356-3,A systematic review on the effectiveness of complementary and alternative medicine for chronic non-specific low-back pain,Chronic non-specific low-back pain (LBP),Chronic non-specific low back pain (LBP),Low back pain,Exact - HP,http://purl.obolibrary.org/obo/HP_0003419,
1013,https://doi.org/10.1038/sj.sc.3100689,A therapeutic trial of acupuncture in neurogenic bladder of spinal cord injured patients - a preliminary report,Neurogenic bladder in spinal cord injured patients,Neurogenic bladder in spinal cord injured patients,obsolete neurogenic bladder,Synonym - MONDO,http://purl.obolibrary.org/obo/MONDO_0001445,
253,https://doi.org/10.1038/ajg.2009.156,A Treatment Trial of Acupuncture in IBS Patients,Irritable Bowel Syndrome (IBS),Irritable Bowel Syndrome (IBS),irritable bowel syndrome,Exact - MONDO,http://purl.obolibrary.org/obo/MONDO_0005052,
674,https://doi.org/10.1016/j.jams.2016.12.008,A Trial Study of Moxibustion with a Warming Needle on Edema,Edema (specifically orthostatic edema),Edema (specifically orthostatic edema),Edema,Exact - HP,http://purl.obolibrary.org/obo/HP_0000969,
910,https://doi.org/10.3727/036012908803861203,Abdominal Acupuncture for Insomnia in Women: A Randomized Controlled Clinical Trial,Insomnia,Insomnia,insomnia,Exact - MONDO,http://purl.obolibrary.org/obo/MONDO_0013600,
1629,https://doi.org/10.1089/acm.2016.0075,Active Somatic and Psychic Ear Acupuncture Points in Newborn Infants with Neonatal Abstinence Syndrome,Neonatal Abstinence Syndrome (NAS),Neonatal Abstinence Syndrome (NAS),neonatal abstinence syndrome,Exact - MONDO,http://purl.obolibrary.org/obo/MONDO_0005566,
1628,https://doi.org/10.1016/j.jana.2012.09.006,Acu/Moxa for Distal Sensory Peripheral Neuropathy in HIV: A Randomized Control Pilot Study,Distal Sensory Peripheral Neuropathy (DSP),Distal Sensory Peripheral Neuropathy (DSP),sensory peripheral neuropathy,Exact - MONDO,http://purl.obolibrary.org/obo/MONDO_0002321,
1237,uri not found,Acupoint Injection Combined with Auricular Point Taping in Treating 158 Cases of Epigastric Pain,Epigastric pain,Epigastric pain,Epigastric pain,Exact - HP,http://purl.obolibrary.org/obo/HP_0410019,
1048,https://doi.org/10.1177/175045890801801204,Acupressure and acupuncture in preventing and managing postoperative nausea and vomiting in adults,Postoperative nausea and vomiting (PONV),Postoperative nausea and vomiting (PONV),Nausea and vomiting,Exact - HP,http://purl.obolibrary.org/obo/HP_0002017,
1869,https://doi.org/10.1136/acupmed-2016-011354,Acupressure for respiratory allergic diseases: a systematic review of randomised controlled trials,Allergic rhinitis (AR) and asthma,Allergic rhinitis (AR) and asthma,"allergic rhinitis, asthma","Exact - MONDO, Exact - MONDO","http://purl.obolibrary.org/obo/MONDO_0011786, http://purl.obolibrary.org/obo/MONDO_0004979",
1570,https://doi.org/10.1097/00000542-199905000-00015,Acupressure-Acupuncture Antiemetic Prophylaxis in Children Undergoing Tonsillectomy,Postoperative nausea and vomiting (PONV),Postoperative nausea and vomiting (PONV),Nausea and vomiting,Exact - HP,http://purl.obolibrary.org/obo/HP_0002017,
3,https://doi.org/10.1016/S2095-4964(15)60159-5,Acupuncture accelerates recovery after general anesthesia: a prospective randomized controlled trial,"Not specified (the primary condition is recovery from general anesthesia, not a specific Western medical condition or disease)","Not specified (the primary condition is recovery from general anesthesia, not a specific Western medical condition or disease)",,,,checked
420,https://doi.org/10.1080/00016340600935839,Acupuncture administered after spontaneous rupture of membranes at term significantly reduces the length of birth and use of oxytocin. A randomized controlled trial,Spontaneous rupture of membranes (SROM) at term,labor,NOT FOUND,,,
1027,https://doi.org/10.1007/s00520-005-0846-z,Acupuncture against chemotherapy-induced nausea and vomiting in pediatric oncology Interim results of a multicenter crossover study,"Chemotherapy-induced nausea and vomiting in pediatric oncology patients with Ewing's sarcoma, rhabdomyosarcoma, and osteosarcoma","Chemotherapy-induced nausea and vomiting in pediatric oncology patients with Ewing's sarcoma, rhabdomyosarcoma, and osteosarcoma",Nausea and vomiting,Exact - HP,http://purl.obolibrary.org/obo/HP_0002017,
27,https://doi.org/10.1016/j.pain.2005.02.011,Acupuncture analgesia during surgery: a systematic review,Pain during surgery,Pain during surgery,Pain,Exact - HP,http://purl.obolibrary.org/obo/HP_0012531,
375,https://doi.org/10.1016/j.ejpain.2009.11.006,Acupuncture analgesia for temporal summation of experimental pain: A randomised controlled study,Not specified (the study focuses on temporal summation of pain in healthy humans rather than a specific disease or condition),Not specified (the study focuses on temporal summation of pain in healthy humans rather than a specific disease or condition),,,,
696,https://doi.org/10.1136/bmj.1.6053.67,Acupuncture analgesia: an experimental investigation,"Not specified (the study focuses on pain perception and acupuncture effects, not a specific disease or condition)","Not specified (the study focuses on pain perception and acupuncture effects, not a specific disease or condition)",,,,
1618,https://doi.org/10.1089/acm.2013.0142,Acupuncture and Acupressure and Massage Health Outcomes for Patients with Anorexia Nervosa: Findings from a Pilot Randomized Controlled Trial and Patient Interviews,Anorexia Nervosa,Anorexia Nervosa,anorexia nervosa,Exact - MONDO,http://purl.obolibrary.org/obo/MONDO_0005351,
578,uri not found,Acupuncture and Acupressure for Chemotherapy-Induced Nausea and Vomiting: A Systematic Review,Chemotherapy induced nausea and vomiting (CINV),Chemotherapy induced nausea and vomiting (CINV),Vomiting,Exact - HP,http://purl.obolibrary.org/obo/HP_0002013,
,https://doi.org/10.1016/j.ctim.2014.03.011,Acupuncture and acupressure for pain management in labour and birth: A critical narrative review of current systematic review evidence ଝ,Pain during labor,Pain during labor,Pain,Exact - HP,http://purl.obolibrary.org/obo/HP_0012531,
1423,uri not found,Acupuncture and Acupressure for Pain Management in Labour: A Systematic Review,Pain management in labor,labor,NOT FOUND,,,
1575,https://doi.org/10.1007/s00520-006-0028-7,Acupuncture and acupressure for the prevention of chemotherapy-induced nausea—a randomised cross-over pilot study,Chemotherapy-induced nausea and vomiting,Chemotherapy-induced nausea and vomiting,Nausea and vomiting,Exact - HP,http://purl.obolibrary.org/obo/HP_0002017,
400,https://doi.org/10.1111/jmwh.12545,Acupuncture and Acupressure in Labor,Labor pain and labor duration,"Labor pain, labor duration",NOT FOUND,,,
398,https://doi.org/10.1001/jama.280.18.1590,Acupuncture and Amitriptyline for Pain Due to HIV-Related Peripheral Neuropathy A Randomized Controlled Trial,HIV-related peripheral neuropathy,HIV-related peripheral neuropathy,peripheral neuropathy,Exact - MONDO,http://purl.obolibrary.org/obo/MONDO_0005244,
868,https://doi.org/10.1016/S0736-0266(03)00028-7,Acupuncture and arthroscopic acromioplasty,Shoulder impingement syndrome,Shoulder impingement syndrome,shoulder impingement syndrome,Exact - MONDO,http://purl.obolibrary.org/obo/MONDO_0006968,
795,https://doi.org/10.1002/14651858.CD006920.pub2,Acupuncture and assisted conception,Subfertility,Subfertility/infertility,NOT FOUND,,,
814,https://doi.org/10.1002/14651858.CD006920.pub3,Acupuncture and assisted reproductive technology,Subfertility,Subfertility/infertility,NOT FOUND,,,
831,https://doi.org/10.1136/thx.46.11.799,Acupuncture and asthma: a review of controlled trials,Asthma,Asthma,asthma,Exact - MONDO,http://purl.obolibrary.org/obo/MONDO_0004979,
200,https://doi.org/10.1093/ecam/nep001,Acupuncture and Auricular Acupressure in Relieving Menopausal Hot Flashes of Bilaterally Ovariectomized Chinese Women: A Randomized Controlled Trial,Menopausal hot flashes in bilaterally ovariectomized women,"hot flashes, menopause",NOT FOUND,,,
728,https://pubmed.ncbi.nlm.nih.gov/12875073.0/,Acupuncture and Blood letting for 30 Cases of Rheumatic Gonitis,Rheumatic gonitis,Rheumatic gonitis,NOT FOUND,,,
1459,https://doi.org/10.1111/j.1398-9995.1984.tb01956.x,Acupuncture and Bronchial Asthma,Bronchial asthma,asthma,NOT FOUND,,,
846,https://doi.org/10.1089/10755530260511748,Acupuncture and Bronchial Asthma: A Long-Term Randomized Study of the Effects of Real Versus Sham Acupuncture Compared to Controls in Patients with Bronchial Asthma,Bronchial Asthma,Asthma,NOT FOUND,,,
843,https://doi.org/10.1111/j.1398-9995.2004.00540.x,Acupuncture and Chinese herbal medicine in the treatment of patients with seasonal allergic rhinitis: a randomized-controlled clinical trial,Seasonal Allergic Rhinitis (AR),Seasonal Allergic Rhinitis (AR),seasonal allergic rhinitis,Exact - MONDO,http://purl.obolibrary.org/obo/MONDO_0005324,
608,https://pubmed.ncbi.nlm.nih.gov/16136935.0/,Acupuncture and Chinese Patent Drugs For Chronic Fatigue Syndrome,Chronic Fatigue Syndrome,Chronic Fatigue Syndrome,myalgic encephalomeyelitis/chronic fatigue syndrome,Synonym - MONDO,http://purl.obolibrary.org/obo/MONDO_0005404,
1414,https://pubmed.ncbi.nlm.nih.gov/10748959.0/,Acupuncture and Chronic Pain Management,Chronic Pain,Chronic Pain,Chronic pain,Exact - HP,http://purl.obolibrary.org/obo/HP_0012532,
1407,https://doi.org/10.1016/0304-3959(76)90006-3,Acupuncture and chronic pain mechanisms,"Chronic pain below the waist level (including backache, lower abdominal, flank, and extremity pains)","back pain, extremity pain",NOT FOUND,,,
1616,https://doi.org/10.1371/journal.pmed.1001518,Acupuncture and Counselling for Depression in Primary Care: A Randomised Controlled Trial,Depression,Depression,Depression,Exact - HP,http://purl.obolibrary.org/obo/HP_0000716,
1244,https://pubmed.ncbi.nlm.nih.gov/17078440.0/,Acupuncture and Cupping for Treatment of Hiccup in Cases of Cerebrovascular Accident,Hiccup due to cerebrovascular accident,Hiccup due to cerebrovascular accident,Recurrent singultus,Synonym - HP,http://purl.obolibrary.org/obo/HP_0100247,
116,https://doi.org/10.1097/01.brs.0000158941.21571.01,Acupuncture and Dry-Needling for Low Back Pain: An Updated Systematic Review Within the Framework of the Cochrane Collaboration,Nonspecific low back pain and myofascial pain syndrome in the low back region,Nonspecific low back pain and myofascial pain syndrome in the low back region,"Low back pain, myofascial pain syndrome","Exact - HP, Exact - MONDO","http://purl.obolibrary.org/obo/HP_0003419, http://purl.obolibrary.org/obo/MONDO_0006862",
70,https://doi.org/10.1002/14651858.CD003788.pub2,Acupuncture and electroacupuncture for the treatment of rheumatoid arthritis,Rheumatoid Arthritis (RA),Rheumatoid Arthritis (RA),rheumatoid arthritis,Exact - MONDO,http://purl.obolibrary.org/obo/MONDO_0008383,done: TCM
514,https://doi.org/10.1016/j.autneu.2010.02.003,Acupuncture and heart rate variability: A systematic review,	- Minor depression or anxiety disorders - Migraine headaches,"depression, anxiety, Migraine, headache",NOT FOUND,,,
1615,https://doi.org/10.3109/00365599709070347,Acupuncture and Hypnotic Suggestions in the Treatment of Non-organic Male Sexual Dysfunction,Non-organic male sexual dysfunction,Non-organic male sexual dysfunction,Male sexual dysfunction,Exact - HP,http://purl.obolibrary.org/obo/HP_0040307,
792,https://doi.org/10.1093/humrep/dep189,Acupuncture and in vitro fertilization: updated meta-analysis,Not specified (the paper focuses on the effectiveness of acupuncture in IVF rather than a specific disease or condition),Not specified (the paper focuses on the effectiveness of acupuncture in IVF rather than a specific disease or condition),,,,
63,https://doi.org/10.7326/0003-4819-145-1-200607040-00005,Acupuncture and Knee Osteoarthritis A Three-Armed Randomized Trial,Osteoarthritis of the knee,Knee osteoarthritis,Knee osteoarthritis,Exact - HP,http://purl.obolibrary.org/obo/HP_0005086,
708,https://doi.org/10.1142/S0192415X1750015X,Acupuncture and Lifestyle Modification Treatment for Obesity: A Meta-Analysis,Obesity,Obesity,obesity disorder,Synonym - MONDO,http://purl.obolibrary.org/obo/MONDO_0011122,
596,https://doi.org/10.1186/s12906-017-1647-x,Acupuncture and moxibustion for chronic fatigue syndrome in traditional Chinese medicine: a systematic review and metaanalysis,Chronic Fatigue Syndrome (CFS),Chronic Fatigue Syndrome (CFS),myalgic encephalomeyelitis/chronic fatigue syndrome,Synonym - MONDO,http://purl.obolibrary.org/obo/MONDO_0005404,
256,https://doi.org/10.1159/000078151,Acupuncture and Moxibustion in the Treatment of Active Crohn's Disease: A Randomized Controlled Study,Crohn's disease,Crohn's disease,Crohn disease,Exact - MONDO,http://purl.obolibrary.org/obo/MONDO_0005011,
252,https://doi.org/10.1080/00365520600580688,Acupuncture and moxibustion in the treatment of ulcerative colitis: A randomized controlled study,Ulcerative Colitis (UC),Ulcerative Colitis (UC),ulcerative colitis,Exact - MONDO,http://purl.obolibrary.org/obo/MONDO_0005101,
1516,https://pubmed.ncbi.nlm.nih.gov/1455324.0/,Acupuncture and occlusal splint therapy in the treatment of craniomandibular disorders,Craniomandibular disorders (CMD),Craniomandibular disorders,NOT FOUND,,,
1862,https://doi.org/10.3109/00016359209012785,Acupuncture and occlusal splint therapy in the treatment of craniomandibular disorders. 11. A l year follow up study,Craniomandibular disorders (CMD) with primarily myogenic symptoms,Craniomandibular disorders,NOT FOUND,,,done:TCM
75,https://doi.org/10.1097/01.FCH.0000324482.78577.0f,"Acupuncture and osteoarthritis of the knee: a review of randomized, controlled trials",Osteoarthritis of the knee,Knee osteoarthritis,Knee osteoarthritis,Exact - HP,http://purl.obolibrary.org/obo/HP_0005086,
52,https://doi.org/10.1016/j.joca.2013.05.007,Acupuncture and other physical treatments for the relief of pain due to osteoarthritis of the knee: network meta-analysis,Osteoarthritis of the knee,Knee osteoarthritis,Knee osteoarthritis,Exact - HP,http://purl.obolibrary.org/obo/HP_0005086,
468,https://doi.org/10.1186/1472-6882-13-131,Acupuncture and physical exercise for affective symptoms and health-related quality of life in polycystic ovary syndrome: secondary analysis from a randomized controlled trial,Polycystic ovary syndrome (PCOS),Polycystic ovary syndrome (PCOS),polycystic ovary syndrome,Exact - MONDO,http://purl.obolibrary.org/obo/MONDO_0008487,
234,https://doi.org/10.3748/wjg.v21.i27.8304,Acupuncture and regulation of gastrointestinal function,"Gastrointestinal (GI) dysfunction diseases, including irritable bowel syndrome (IBS), chemotherapy-induced nausea, postoperative nausea and vomiting, peptic ulcer disease, postoperative ileus, constipation, and diarrhea.","Gastrointestinal (GI) dysfunction diseases, including irritable bowel syndrome (IBS), chemotherapy-induced nausea, postoperative nausea and vomiting, peptic ulcer disease, postoperative ileus, constipation, and diarrhea.","Nausea, Nausea, Vomiting, peptic ulcer disease, ileus, Constipation, Diarrhea","Exact - HP, Exact - HP, Exact - HP, Exact - MONDO, Exact - MONDO, Exact - HP, Exact - HP","http://purl.obolibrary.org/obo/HP_0002018, http://purl.obolibrary.org/obo/HP_0002018, http://purl.obolibrary.org/obo/HP_0002013, http://purl.obolibrary.org/obo/MONDO_0004247, http://purl.obolibrary.org/obo/MONDO_0004567, http://purl.obolibrary.org/obo/HP_0002019, http://purl.obolibrary.org/obo/HP_0002014",
866,https://doi.org/10.1186/1472-6882-5-19,Acupuncture and rehabilitation of the painful shoulder: study protocol of an ongoing multicentre randomised controlled clinical trial,Painful shoulder caused by subacromial syndrome (rotator cuff tendinitis and subacromial bursitis),"shoulder pain, tendinitis, bursitis",NOT FOUND,,,
992,https://doi.org/10.1002/14651858.CD000009.pub2,Acupuncture and related interventions for smoking cessation,Nicotine dependence or smoking addiction,Nicotine dependence or smoking addiction,nicotine dependence,Exact - MONDO,http://purl.obolibrary.org/obo/MONDO_0008575,
994,https://doi.org/10.1002/14651858.CD009440.pub2,Acupuncture and related interventions for symptoms of chronic kidney disease (Review),Chronic Kidney Disease (CKD),Chronic Kidney Disease (CKD),chronic kidney disease,Exact - MONDO,http://purl.obolibrary.org/obo/MONDO_0005300,
955,https://doi.org/10.1111/j.1521-0391.2013.12079.x,Acupuncture and Relaxation Response for Craving and Anxiety Reduction among Military Veterans in Recovery from Substance Use Disorder,Substance Use Disorder (SUD),Substance Use Disorder,NOT FOUND,,,
913,https://doi.org/10.1249/01.MSS.0000078934.07213.25,Acupuncture and Responses of Immunologic and Endocrine Markers during Competition,Not specified (the paper focuses on physiological and psychological responses to exercise and competition rather than a specific Western medical condition or disease),Not specified (the paper focuses on physiological and psychological responses to exercise and competition rather than a specific Western medical condition or disease),,,,
1408,https://pubmed.ncbi.nlm.nih.gov/11889662.0/,Acupuncture and Sham Acupuncture Reduce Muscle Pain in Myofascial Pain Patients,Myofascial pain of the jaw muscles,"Myofascial pain, jaw pain",NOT FOUND,,,
966,https://doi.org/10.1080/02791072.2005.10399811,Acupuncture and Spirituality-Focused Group Therapy for the Treatment of HlV-Positive Drug Users: A Preliminary Study,"HIV-seropositive status, cocaine dependence, opioid dependence","HIV/AIDS - seropositive status, cocaine dependence, opioid dependence","cocaine dependence, opiate dependence","Exact - MONDO, Synonym - MONDO","http://purl.obolibrary.org/obo/MONDO_0005186, http://purl.obolibrary.org/obo/MONDO_0005530",
1612,https://doi.org/10.1097/00001756-200307010-00008,Acupuncture and the modulation of cortical excitability,Pain,Pain,Pain,Exact - HP,http://purl.obolibrary.org/obo/HP_0012531,
329,https://doi.org/10.1016/s0887-8994(97)00086-6,Acupuncture and the Opioid System: Implications in Management of Migraine,Migraine,Migraine,migraine disorder,Synonym - MONDO,http://purl.obolibrary.org/obo/MONDO_0005277,
399,https://doi.org/10.1136/acupmed-2011-010026,Acupuncture and the relaxation response for treating gastrointestinal symptoms in HIV patients on highly active antiretroviral therapy,"Gastrointestinal symptoms (specifically: diarrhoea, loose stools, gas/bloating, abdominal pain, nausea, and vomiting)","Gastrointestinal symptoms, diarrhea, loose stool, gas, bloating, abdominal pain, nausea, vomiting",NOT FOUND,,,
1008,https://doi.org/10.1136/aim.12.1.9,Acupuncture and the Treatment of lrritative Bladder Symptoms,"Irritative bladder symptoms (urgency, urge incontinence, frequency, nocturia) with low bladder compliance","Irritative bladder symptoms (urgency, urge incontinence, frequency, nocturia) with low bladder compliance",low compliance bladder,Synonym - MONDO,http://purl.obolibrary.org/obo/MONDO_0001446,
195,https://doi.org/10.1089/acm.2012.0499,Acupuncture and Traditional Chinese Medicine for Hot Flushes in Menopause: A Randomized Trial,Hot flushes in menopause,hot flashes in menopause,Hot flashes,Exact - HP,http://purl.obolibrary.org/obo/HP_0031217,
871,https://doi.org/10.1053/apmr.2001.24888,Acupuncture and Trager Psychophysical Integration in the Treatment of Wheelchair User's Shoulder Pain in Individuals With Spinal Cord Injury,Chronic shoulder pain in individuals with spinal cord injury (SCI),Chronic shoulder pain in individuals with spinal cord injury (SCI),Shoulder pain,Exact - HP,http://purl.obolibrary.org/obo/HP_0030834,
257,https://doi.org/10.3109/00365528509089285,Acupuncture and Transcutaneous Electric Nerve Stimulation in the Treatment of Pain Associated with Chronic Pancreatitis A Randomized Study,Chronic pancreatitis,Chronic pancreatitis,chronic pancreatitis,Exact - MONDO,http://purl.obolibrary.org/obo/MONDO_0005003,
1086,https://doi.org/10.1161/01.str.32.3.707,"Acupuncture and Transcutaneous Nerve Stimulation in Stroke Rehabilitation A Randomized, Controlled Trial",Stroke,Stroke,stroke disorder,Synonym - MONDO,http://purl.obolibrary.org/obo/MONDO_0005098,
1100,https://doi.org/10.1111/j.1365-2044.1991.tb09359.x,Acupuncture and transcutaneous stimulation analgesia in comparison with moderate-dose fentanyl anaesthesia in major surgery Clinical efficacy and influence on recovery and morbidity,Non-seminomatous testicular tumour,Non-seminomatous testicular tumour,neoplasm of testis,Synonym - MONDO,http://purl.obolibrary.org/obo/MONDO_0021348,
159,https://doi.org/10.1136/bjsports-2013-092949,Acupuncture applied as a sensory discrimination training tool decreases movement-related pain in patients with chronic low back pain more than acupuncture alone: a randomised cross-over experiment,Chronic low back pain (CLBP),Chronic low back pain (CLBP),Low back pain,Exact - HP,http://purl.obolibrary.org/obo/HP_0003419,
86,https://doi.org/10.1136/bmj.38238.601447.3A,Acupuncture as a complementary therapy to the pharmacological treatment of osteoarthritis of the knee: randomised controlled trial,Osteoarthritis of the knee,Knee osteoarthritis,Knee osteoarthritis,Exact - HP,http://purl.obolibrary.org/obo/HP_0005086,
1364,uri not found,Acupuncture As A Palliative Adjunctive Therapy In Children With Cerebral Palsy: A Randomized Controlled Trial,Cerebral Palsy (CP),Cerebral Palsy (CP),cerebral palsy,Exact - MONDO,http://purl.obolibrary.org/obo/MONDO_0006497,
78,https://doi.org/10.3109/03009749709065717,Acupuncture as a Symptomatic Treatment of Osteoarthritis A systematic review,Osteoarthritis,Osteoarthritis,osteoarthritis,Exact - MONDO,http://purl.obolibrary.org/obo/MONDO_0005178,
1009,https://doi.org/10.1016/j.autneu.2010.07.003,Acupuncture as a treatment for nocturnal enuresis,Nocturnal enuresis,Nocturnal enuresis,nocturnal enuresis,Exact - MONDO,http://purl.obolibrary.org/obo/MONDO_0000022,
943,https://doi.org/10.1001/archotol.125.3.269,Acupuncture as a Treatment for Temporomandibular Joint Dysfunction A Systematic Review of Randomized Trials,Temporomandibular joint dysfunction (TMJD),Temporomandibular joint disorder (TMJD),temporomandibular joint disorder,Exact - MONDO,http://purl.obolibrary.org/obo/MONDO_0005473,
878,https://doi.org/10.1089/acm.2014.0274,Acupuncture as a Treatment Modality in Dermatology: A Systematic Review,	- Atopic dermatitis - Urticaria - Pruritus - Acne - Chloasma - Neurodermatitis - Dermatitis herpetiformis - Hyperhidrosis - Human papillomavirus wart - Breast inflammation - Facial elasticity,"Atopic dermatitis, Urticaria, Pruritus, Acne, Chloasma, Neurodermatitis, Dermatitis herpetiformis, Hyperhidrosis, Human papillomavirus wart, Breast inflammation, Facial elasticity",NOT FOUND,,,
5,https://doi.org/10.1089/acm.2006.6262,Acupuncture as an Adjunct for Sedation During Lithotripsy,Kidney stones (renal or upper ureteral calculi),Kidney stones (renal or upper ureteral calculi),Kidney stone,Synonym - HP,http://purl.obolibrary.org/obo/HP_0000787,
1611,https://doi.org/10.1016/j.ctim.2010.09.006,Acupuncture as an adjunct therapy in the treatment of eating disorders- a randomised cross-over pilot study.,Eating Disorders (Anorexia Nervosa and Bulimia Nervosa),Anorexia Nervosa and Bulimia Nervosa,"anorexia nervosa, bulimia nervosa","Exact - MONDO, Exact - MONDO","http://purl.obolibrary.org/obo/MONDO_0005351, http://purl.obolibrary.org/obo/MONDO_0005452",
82,https://doi.org/10.1136/bmj.39280.509803.BE,Acupuncture as an adjunct to exercise based physiotherapy for osteoarthritis of the knee: randomised controlled trial,Osteoarthritis of the knee,Knee osteoarthritis,Knee osteoarthritis,Exact - HP,http://purl.obolibrary.org/obo/HP_0005086,
1610,https://doi.org/10.1089/acu.2009.0692,Acupuncture as an Adjunct to In Vitro Fertilization: A Randomized Trial,Infertility,Infertility,Infertility,Exact - HP,http://purl.obolibrary.org/obo/HP_0000789,
1609,https://doi.org/10.1097/HCR.0b013e31822f0f61,Acupuncture as an Adjunct to Pulmonary Rehabilitation,Chronic obstructive pulmonary disease (COPD),Chronic obstructive pulmonary disease (COPD),chronic obstructive pulmonary disease,Exact - MONDO,http://purl.obolibrary.org/obo/MONDO_0005002,
789,https://doi.org/10.1111/j.1471-0528.2008.01904.x,Acupuncture as an adjunct to standard treatment for pelvic girdle pain in pregnant women: randomised double-blinded controlled trial comparing acupuncture with non-penetrating sham acupuncture,Pelvic girdle pain (PGP),Pelvic pain,NOT FOUND,,,
43,https://doi.org/10.1016/j.pain.2012.05.005,"Acupuncture as an adjunctive therapy to pharmacological treatment in patients with chronic pain due to osteoarthritis of the knee: A 3-armed, randomized, placebo-controlled trial",Knee osteoarthritis,Knee osteoarthritis,Knee osteoarthritis,Exact - HP,http://purl.obolibrary.org/obo/HP_0005086,
1560,https://pubmed.ncbi.nlm.nih.gov/9017892.0/,Acupuncture As an Adjuvant Therapy in Stroke Rehabilitation?,Stroke,Stroke,stroke disorder,Synonym - MONDO,http://purl.obolibrary.org/obo/MONDO_0005098,
1247,https://doi.org/10.1136/aim.17.1.2,Acupuncture as an Alternative to Diazepam Sedation for Diagnostic Gastrointestinal Endoscopy,Not specified,Not specified,,,,"Maybe change name of column to Condition/ Setting Western, instead of just Condition Western as many experiments have a setting like experimental pain"
947,https://doi.org/10.1186/s13020-016-0119-4,Acupuncture as an intervention to reduce alcohol dependency: a systematic review and meta-analysis,Alcohol dependence,Alcohol dependence,alcohol dependence,Exact - MONDO,http://purl.obolibrary.org/obo/MONDO_0007079,
421,https://doi.org/10.1111/j.1523-536x.2008.00290.x,Acupuncture as Pain Relief During Delivery: A Randomized Controlled Trial,Pain during childbirth,Pain during childbirth,Pain,Exact - HP,http://purl.obolibrary.org/obo/HP_0012531,
1352,https://doi.org/10.3103/S1047197914010049,Acupuncture at Cervical Jiaji (EX B2) Combined with Motion Moxibustion in Treating 58 Patients with Cervical Spondylotic Radiculopathy,Cervical Spondylotic Radiculopathy (CSR),Spondylotic Radiculopathy,NOT FOUND,,,
452,https://doi.org/10.1136/acupmed-2013-010469,Acupuncture combined with an antidepressant for patients with depression in hospital: a pragmatic randomised controlled trial,Depression,Depression,Depression,Exact - HP,http://purl.obolibrary.org/obo/HP_0000716,
1322,uri not found,Acupuncture Combined with Chinese Medicine in the Treatment of Vascular Dementia,Vascular dementia (VD),Vascular dementia (VD),vascular dementia,Exact - MONDO,http://purl.obolibrary.org/obo/MONDO_0004648,
1337,uri not found,Acupuncture Combined with Massage for Treatment of Cervical Spondylosis of Vertebral Artery Type,Cervical spondylosis of the vertebral artery type,Cervical spondylosis of the vertebral artery type,Cervical spondylosis,Exact - HP,http://purl.obolibrary.org/obo/HP_0008480,
601,https://doi.org/10.1016/s0254-6272(09)60074-1,Acupuncture Combined with Music Therapy for Treatment of 30 Cases of Cerebral Palsy,Cerebral Palsy,Cerebral Palsy,cerebral palsy,Exact - MONDO,http://purl.obolibrary.org/obo/MONDO_0006497,
437,https://doi.org/10.1016/S0254-6272(08)60003-5,Acupuncture Combined with Spinal Tui Na for Treatment of Primary Dysmenorrhea in 30 Cases,Primary dysmenorrhea,Primary dysmenorrhea,primary dysmenorrhea,Exact - MONDO,http://purl.obolibrary.org/obo/MONDO_1060206,
1608,https://doi.org/10.1007/s11726-013-0651-z,Acupuncture Combined with Tuina Treatment for Infantile Diarrhea,Infantile diarrhea,Infantile diarrhea,infantile diarrhea,Exact - MONDO,http://purl.obolibrary.org/obo/MONDO_0043555,
1047,https://doi.org/10.1111/j.1365-2044.2004.03577.x,Acupuncture compared to placebo-acupuncture for postoperative nausea and vomiting prophylaxis: A randomised placebo-controlled patient and observer blind trial,Postoperative nausea and vomiting (PONV),Postoperative nausea and vomiting (PONV),Nausea and vomiting,Exact - HP,http://purl.obolibrary.org/obo/HP_0002017,
1023,https://doi.org/10.1093/annonc/mdr402,Acupuncture compared with placebo acupuncture in radiotherapy-induced nausea-a randomized controlled study,Radiotherapy-induced nausea and vomiting (emesis),Radiotherapy-induced nausea and vomiting (emesis),Nausea and vomiting,Exact - HP,http://purl.obolibrary.org/obo/HP_0002017,
1521,https://doi.org/10.1016/0022-3913(85)90440-8,Acupuncture compared with stomatognathic treatment for TMJ dysfunction,Temporomandibular joint (TMJ) dysfunction,Temporomandibular joint disorder,temporomandibular joint disorder,Exact - MONDO,http://purl.obolibrary.org/obo/MONDO_0005473,
1307,https://doi.org/10.1159/000073135,Acupuncture Conversion of Fetal Breech Presentation,Fetal breech presentation,breech presentation,NOT FOUND,,,
1607,https://doi.org/10.1089/acm.2007.0524,"Acupuncture De Qi, from Qualitative History to Quantitative Measurement",Osteoarthritis (OA),Osteoarthritis (OA),osteoarthritis,Exact - MONDO,http://purl.obolibrary.org/obo/MONDO_0005178,
412,https://doi.org/10.1097/00002508-200305000-00006,Acupuncture During Labor Can Reduce the Use of Meperidine: A Controlled Clinical Study,Labor pain,Labor pain,NOT FOUND,,,
1299,uri not found,Acupuncture Effect On Painful Electrical Stimulation Of The Dental Pulp,Dental pain from electrical stimulation of the dental pulp,Dental pain,NOT FOUND,,,
354,https://doi.org/10.1007/s10286-004-0171-5,Acupuncture effects on autonomic responses to cold pressor and handgrip exercise in healthy humans,Not specified (the paper focuses on physiological responses in healthy individuals rather than a specific disease or condition),Not specified (the paper focuses on physiological responses in healthy individuals rather than a specific disease or condition),,,,
1062,https://doi.org/10.1161/STROKEAHA.114.007659,Acupuncture Efficacy on Ischemic Stroke Recovery Multicenter Randomized Controlled Trial in China,Ischemic Stroke,Ischemic Stroke,ischemic stroke,Exact - MONDO,http://purl.obolibrary.org/obo/MONDO_1060198,
24,https://doi.org/10.1034/j.1399-6576.2003.00224.x,Acupuncture facilitates neuromuscular and oculomotor responses to skin incision with no influence on auditory evoked potentials under sevoflurane anaesthesia,"Not specified (the study focuses on physiological responses during laparoscopic sterilization, not a specific disease or condition)","Not specified (the study focuses on physiological responses during laparoscopic sterilization, not a specific disease or condition)",,,,
978,https://doi.org/10.1016/0376-8716(92)90022-5,Acupuncture fails to improve treatment outcome in alcoholics,Alcoholism,Alcoholism,alcohol dependence,Synonym - MONDO,http://purl.obolibrary.org/obo/MONDO_0007079,
25,https://doi.org/10.1034/j.1399-6576.2003.00171.x,Acupuncture fails to reduce but increases anaesthetic gas required to prevent movement in response to surgical incision,Not specified (the study focuses on the effect of electroacupuncture during laparoscopic sterilization in healthy women),Not specified (the study focuses on the effect of electroacupuncture during laparoscopic sterilization in healthy women),,,,
136,https://doi.org/10.1097/AJP.0b013e31824909f9,Acupuncture for Acute Low Back Pain: A Systematic Review,Acute nonspecific low back pain (LBP),Acute nonspecific low back pain (LBP),Low back pain,Exact - HP,http://purl.obolibrary.org/obo/HP_0003419,
615,https://doi.org/10.1002/14651858.CD007700.pub2,Acupuncture for acute management and rehabilitation of traumatic brain injury,Traumatic Brain Injury (TBI),Traumatic Brain Injury (TBI),traumatic brain injury,Exact - MONDO,http://purl.obolibrary.org/obo/MONDO_0858950,
131,https://doi.org/10.1016/j.ctim.2007.03.001,Acupuncture for acute non-specific low back pain: a pilot randomised non-penetrating sham controlled trial,Acute low back pain (LBP),Acute low back pain (LBP),Low back pain,Exact - HP,http://purl.obolibrary.org/obo/HP_0003419,
101,https://doi.org/10.1136/acupmed-2013-010333,"Acupuncture for acute non-specific low back pain: a randomised, controlled, double-blind, placebo trial",Acute non-specific low back pain (ANLBP),Acute non-specific low back pain (ANLBP),Low back pain,Exact - HP,http://purl.obolibrary.org/obo/HP_0003419,
4,https://doi.org/10.1111/papr.12208,Acupuncture for Acute Postoperative Pain after Back Surgery: A Systematic Review and Meta-analysis of Randomized Controlled Trials,"Acute postoperative pain after back surgery due to intervertebral disk herniation, spinal stenosis, or spondylolisthesis","Acute postoperative pain after back surgery due to intervertebral disk herniation, spinal stenosis, or spondylolisthesis",Pain,Exact - HP,http://purl.obolibrary.org/obo/HP_0012531,
1526,https://doi.org/10.1211/fact.15.2.0004,Acupuncture for addictions: a systematic review of systematic reviews,Alcohol addiction/dependence Drug addiction/dependence Cocaine addiction/dependence Nicotine addiction/dependence Obesity,"Alcohol dependence, Drug dependence, Cocaine dependence, Nicotine dependence, Obesity","alcohol dependence, drug dependence, cocaine dependence, nicotine dependence, obesity disorder","Exact - MONDO, Exact - MONDO, Exact - MONDO, Exact - MONDO, Synonym - MONDO","http://purl.obolibrary.org/obo/MONDO_0007079, http://purl.obolibrary.org/obo/MONDO_0005303, http://purl.obolibrary.org/obo/MONDO_0005186, http://purl.obolibrary.org/obo/MONDO_0008575, http://purl.obolibrary.org/obo/MONDO_0011122",
663,https://doi.org/10.1097/MD.0000000000009838,Acupuncture for adults with overactive bladder A systematic review and meta-analysis of randomized controlled trials,Overactive bladder (OAB),Overactive bladder (OAB),overactive bladder,Exact - MONDO,http://purl.obolibrary.org/obo/MONDO_0006624,
985,https://doi.org/10.1111/j.1530-0277.2009.00959.x,Acupuncture for Alcohol Dependence: A Systematic Review,Alcohol Dependence,Alcohol Dependence,alcohol dependence,Exact - MONDO,http://purl.obolibrary.org/obo/MONDO_0007079,
946,https://doi.org/10.1155/2017/7823278,Acupuncture for Alcohol Use Disorder: A Meta-Analysis,Alcohol use disorder,alcohol dependence,NOT FOUND,,,
961,https://doi.org/10.1093/alcalc/agg091,Acupuncture for alcohol withdrawal: A randomized controlled trial,Alcohol withdrawal,Alcohol withdrawal,alcohol withdrawal,Exact - MONDO,http://purl.obolibrary.org/obo/MONDO_0005433,
1450,uri not found,Acupuncture for Allergic Rhinitis: A Literature Review,Allergic Rhinitis,Allergic Rhinitis,allergic rhinitis,Exact - MONDO,http://purl.obolibrary.org/obo/MONDO_0011786,
850,https://doi.org/10.1016/S1081-1206(10)60330-4,Acupuncture for allergic rhinitis: a systematic review,Allergic rhinitis (AR),Allergic rhinitis (AR),allergic rhinitis,Exact - MONDO,http://purl.obolibrary.org/obo/MONDO_0011786,
484,https://doi.org/10.1111/j.1742-1241.2009.02043.x,Acupuncture for Alzheimer's disease: a systematic review,Alzheimer's disease (AD),Alzheimer's disease (AD),Alzheimer disease,Exact - MONDO,http://purl.obolibrary.org/obo/MONDO_0004975,
920,https://doi.org/10.1186/1472-6882-13-55,Acupuncture for ankle sprain: systematic review and meta-analysis,Ankle sprain,Ankle sprain,ankle injury,Synonym - MONDO,http://purl.obolibrary.org/obo/MONDO_0043895,
494,https://doi.org/10.1136/aim.25.1-2.1,Acupuncture for anxiety and anxiety disorders -a systematic literature review,Anxiety and anxiety disorders (including generalized anxiety disorder and perioperative anxiety),Anxiety and anxiety disorders (including generalized anxiety disorder and perioperative anxiety),anxiety,Exact - MONDO,http://purl.obolibrary.org/obo/MONDO_0011918,
1605,https://doi.org/10.1155/2013/169184,Acupuncture for Anxiety in Lactating Mothers with Preterm Infants: A Randomized Controlled Trial,Anxiety,Anxiety,anxiety,Exact - MONDO,http://purl.obolibrary.org/obo/MONDO_0011918,
1875,https://doi.org/10.1002/14651858.CD007839.pub2,Acupuncture for Attention Deficit Hyperactivity Disorder (ADHD) in children and adolescents (Review),Attention Deficit Hyperactivity Disorder (ADHD),Attention Deficit Hyperactivity Disorder (ADHD),attention deficit-hyperactivity disorder,Exact - MONDO,http://purl.obolibrary.org/obo/MONDO_0007743,
478,https://doi.org/10.1002/14651858.CD007849.pub2,Acupuncture for autism spectrum disorders (ASD),Autism Spectrum Disorders (ASD),Autism Spectrum Disorders (ASD),Autistic behavior,Synonym - HP,http://purl.obolibrary.org/obo/HP_0000729,
115,https://doi.org/10.1001/archinte.158.20.2235,Acupuncture for Back Pain A Meta-Analysis of Randomized Controlled Trials,Back pain,Back pain,Back pain,Exact - HP,http://purl.obolibrary.org/obo/HP_0003418,done:TCM
,https://doi.org/10.1002/14651858.CD002914.pub2,Acupuncture for Bell's Palsy,Bell's palsy,Bell's palsy,Bell's palsy,Exact - MONDO,http://purl.obolibrary.org/obo/MONDO_0005665,
1212,https://doi.org/10.1002/14651858.CD002914.pub3,Acupuncture for Bell's palsy (Review),Bell's palsy or idiopathic facial palsy,Bell's palsy or idiopathic facial palsy,Bell's palsy,Exact - MONDO,http://purl.obolibrary.org/obo/MONDO_0005665,
1216,https://doi.org/10.1007/s11655-011-0861-5,Acupuncture for Bell's Palsy: A Systematic Review and Meta-analysis,Bell's palsy,Bell's palsy,Bell's palsy,Exact - MONDO,http://purl.obolibrary.org/obo/MONDO_0005665,
676,https://doi.org/10.1371/journal.pone.0174586,Acupuncture for benign prostatic hyperplasia: A systematic review and meta-analysis,Benign Prostatic Hyperplasia (BPH),Benign Prostatic Hyperplasia (BPH),benign prostatic hyperplasia,Exact - MONDO,http://purl.obolibrary.org/obo/MONDO_0010811,
1603,https://doi.org/10.1016/j.ctim.2012.07.007,Acupuncture for cancer patients suffering from hiccups: A systematic review and meta-analysis,Hiccups,Hiccups,Recurrent singultus,Synonym - HP,http://purl.obolibrary.org/obo/HP_0100247,
635,https://doi.org/10.1007/s00520-017-3812-7,"Acupuncture for cancer-related fatigue in lung cancer patients: a randomized, double blind, placebo-controlled pilot trial",Cancer-related fatigue (CRF),Cancer-related fatigue (CRF),Fatigue,Exact - HP,http://purl.obolibrary.org/obo/HP_0012378,
566,https://doi.org/10.1007/s00520-013-1765-z,Acupuncture for cancer-related fatigue: a systematic review of randomized clinical trials,Cancer-related fatigue (CRF),Cancer-related fatigue (CRF),Fatigue,Exact - HP,http://purl.obolibrary.org/obo/HP_0012378,
1359,https://doi.org/10.1016/j.jpain.2010.08.006,Acupuncture for Carpal Tunnel Syndrome: A Systematic Review of Randomized Controlled Trials,Carpal Tunnel Syndrome (CTS),Carpal Tunnel Syndrome (CTS),carpal tunnel syndrome,Exact - MONDO,http://purl.obolibrary.org/obo/MONDO_0007275,
1401,https://pubmed.ncbi.nlm.nih.gov/11802511.0/,Acupuncture for cervical ripening and induction of labor at terma randomized controlled trial,Cervical ripening and induction of labor at term,"Cervical ripening, labor induction",NOT FOUND,,,
581,https://doi.org/10.1089/acm.2008.0589,"Acupuncture for Chemotherapy-Induced Neutropenia in Patients with Gynecologic Malignancies: A Pilot Randomized, Sham-Controlled Clinical Trial",Ovarian cancer,Ovarian cancer,ovarian cancer,Exact - MONDO,http://purl.obolibrary.org/obo/MONDO_0008170,
822,https://doi.org/10.1002/14651858.CD000008,Acupuncture for chronic asthma,Asthma (chronic),Asthma (chronic),asthma,Exact - MONDO,http://purl.obolibrary.org/obo/MONDO_0004979,
1455,uri not found,Acupuncture for Chronic Asthma: A Controlled Trial with Six Months Follow-Up,Chronic Asthma,Chronic Asthma,chronic asthma,Exact - MONDO,http://purl.obolibrary.org/obo/MONDO_0850282,
334,https://doi.org/10.1136/bmj.38029.421863.EB,"Acupuncture for chronic headache in primary care: large, pragmatic, randomised trial",Chronic headache (predominantly migraine),Chronic headache (predominantly migraine),headache disorder,Synonym - MONDO,http://purl.obolibrary.org/obo/MONDO_0021146,
37,https://doi.org/10.1001/jama.2014.12660,Acupuncture for Chronic Knee Pain A Randomized Clinical Trial,Chronic knee pain (typically due to osteoarthritis),Chronic knee pain (typically due to osteoarthritis),Knee pain,Exact - HP,http://purl.obolibrary.org/obo/HP_0030839,
112,https://doi.org/10.1097/BRS.0b013e318275e601,"Acupuncture for Chronic Low Back Pain A Multicenter, Randomized, Patient-Assessor Blind, Sham-Controlled Clinical Trial",Chronic Low Back Pain (cLBP),Chronic Low Back Pain (cLBP),Low back pain,Exact - HP,http://purl.obolibrary.org/obo/HP_0003419,
163,https://doi.org/10.1142/S0192415X13500018,Acupuncture for Chronic Low Back Pain in Long-Term Follow-Up: A Meta-Analysis of 13 Randomized Controlled Trials,Chronic low back pain,Chronic low back pain,Low back pain,Exact - HP,http://purl.obolibrary.org/obo/HP_0003419,
143,https://doi.org/10.1093/rheumatology/keg405,"Acupuncture for chronic low back pain in older patients: a randomized, controlled trial",Chronic low back pain (LBP),Chronic low back pain (LBP),Low back pain,Exact - HP,http://purl.obolibrary.org/obo/HP_0003419,
107,https://doi.org/10.1097/00002508-200112000-00003,Acupuncture for Chronic Low Back Pain: A Randomized Placebo-Controlled Study With Long-Term Follow-Up,Chronic low back pain,Chronic low back pain,Low back pain,Exact - HP,http://purl.obolibrary.org/obo/HP_0003419,
532,https://doi.org/10.1186/1471-2474-7-99,Acupuncture for chronic neck pain: a pilot for a randomised controlled trial,Chronic neck pain,Chronic neck pain,Neck pain,Exact - HP,http://purl.obolibrary.org/obo/HP_0030833,
739,https://doi.org/10.1001/jama.2013.285478,Acupuncture for Chronic Pain,Chronic pain,Chronic pain,Chronic pain,Exact - HP,http://purl.obolibrary.org/obo/HP_0012532,
228,https://doi.org/10.7326/M15-3118,Acupuncture for Chronic Severe Functional Constipation A Randomized Trial,Chronic Severe Functional Constipation (CSFC),Constipation,NOT FOUND,,,
1469,https://doi.org/10.7326/0003-4819-84-4-381,Acupuncture for Chronic Shoulder Pain An Experimental Study with Attention to the Role of Placebo and Hypnotic Susceptibility,"Chronic shoulder pain (periarticular disease: tendonitis or bursitis, osteoarthritis)","Chronic shoulder pain (periarticular disease: tendonitis or bursitis, osteoarthritis)",Shoulder pain,Exact - HP,http://purl.obolibrary.org/obo/HP_0030834,
869,https://doi.org/10.1016/j.apmr.2007.06.014,Acupuncture for Chronic Shoulder Pain in Persons With Spinal Cord Injury: A Small-Scale Clinical Trial,Chronic musculoskeletal shoulder pain in subjects with spinal cord injury (SCI),Chronic musculoskeletal shoulder pain in subjects with spinal cord injury (SCI),spinal cord injury,Exact - MONDO,http://purl.obolibrary.org/obo/MONDO_0043797,
497,https://doi.org/10.1002/14651858.CD004046.pub3,Acupuncture for depression (Review),Depression,Depression,Depression,Exact - HP,http://purl.obolibrary.org/obo/HP_0000716,
491,https://doi.org/10.1097/AOG.0b013e3181cc0816,Acupuncture for Depression During Pregnancy A Randomized Controlled Trial,Major depressive disorder during pregnancy,Major depressive disorder during pregnancy,major depressive disorder,Exact - MONDO,http://purl.obolibrary.org/obo/MONDO_0002009,
470,https://doi.org/10.1111/j.1755-5949.2010.00159.x,Acupuncture for Depression: A Critique of the Evidence Base,Depression,Depression,Depression,Exact - HP,http://purl.obolibrary.org/obo/HP_0000716,
471,https://doi.org/10.4088/jcp.v67n1101,Acupuncture for Depression: A Randomized Controlled Trial,Major Depressive Disorder (MDD),Major Depressive Disorder (MDD),major depressive disorder,Exact - MONDO,http://purl.obolibrary.org/obo/MONDO_0002009,
1601,https://doi.org/10.1177/0163278710386109,Acupuncture for Depression?: A Systematic Review of Systematic Reviews,Depression,Depression,Depression,Exact - HP,http://purl.obolibrary.org/obo/HP_0000716,
1461,https://doi.org/10.1142/S0192415X06003941,"Acupuncture for Diagnostic Fiberoptic Bronchoscopy: A Prospective, Randomized, Placebo-Controlled Study",Not specified (the paper focuses on procedural anxiety and discomfort during FBS rather than a specific disease or condition),Not specified (the paper focuses on procedural anxiety and discomfort during FBS rather than a specific disease or condition),,,,
428,https://doi.org/10.1002/14651858.cd007854.pub3,Acupuncture for dysmenorrhoea,Primary dysmenorrhoea (period pain),Primary dysmenorrhea,NOT FOUND,,,
791,https://doi.org/10.1136/aim.2009.000497,"Acupuncture for dyspepsia in pregnancy: a prospective, randomised, controlled study",Dyspepsia,Dyspepsia,dyspepsia,Exact - MONDO,http://purl.obolibrary.org/obo/MONDO_0002268,
1064,https://doi.org/10.1002/14651858.CD006076.pub2,Acupuncture for dysphagia in acute stroke,Dysphagia after acute stroke,Dysphagia after acute stroke,Dysphagia,Exact - HP,http://purl.obolibrary.org/obo/HP_0002015,
842,https://doi.org/10.1186/1472-684X-4-5,"Acupuncture for dyspnea in advanced cancer: a randomized, placebo-controlled pilot trial [ISRCTN89462491]",Dyspnea (shortness of breath),Dyspnea (shortness of breath),Dyspnea,Exact - HP,http://purl.obolibrary.org/obo/HP_0002094,
1381,https://doi.org/10.1002/14651858.CD005062.pub3,Acupuncture for Epilepsy (Review),Epilepsy,Epilepsy,epilepsy,Exact - MONDO,http://purl.obolibrary.org/obo/MONDO_0005027,
348,https://doi.org/10.1111/j.1468-2982.2000.00097.x,Acupuncture for episodic tension-type headache: a multicentre randomized controlled trial,Episodic tension-type headache (ETTH),tension-type headache,NOT FOUND,,,
281,https://doi.org/10.1155/2016/2171923,Acupuncture for Erectile Dysfunction: A Systematic Review,Erectile dysfunction (ED),Erectile dysfunction (ED),erectile dysfunction,Exact - MONDO,http://purl.obolibrary.org/obo/MONDO_0005362,
1170;1721,https://pubmed.ncbi.nlm.nih.gov/20232615.0/,Acupuncture for essential hypertension,Essential Hypertension,Essential Hypertension,essential hypertension,Exact - MONDO,http://purl.obolibrary.org/obo/MONDO_0001134,
1720,https://doi.org/10.1155/2014/279478,Acupuncture for Essential Hypertension: A Meta-Analysis of Randomized Sham-Controlled Clinical Trials,Essential Hypertension,Essential Hypertension,essential hypertension,Exact - MONDO,http://purl.obolibrary.org/obo/MONDO_0001134,
1376,https://doi.org/10.1093/rheumatology/kel406,Acupuncture for fibromyalgia-a systematic review of randomized clinical trials,Fibromyalgia,Fibromyalgia,fibromyalgia,Exact - MONDO,http://purl.obolibrary.org/obo/MONDO_0005546,
301,https://doi.org/10.1155/2015/920353,"Acupuncture for Frequent Migraine: A Randomized, Patient/Assessor Blinded, Controlled Trial with One-Year Follow-Up",Migraine,Migraine,migraine disorder,Synonym - MONDO,http://purl.obolibrary.org/obo/MONDO_0005277,
1470,https://doi.org/10.1155/2020/9790470,Acupuncture for frozen shoulder,Frozen shoulder,Frozen shoulder,frozen shoulder,Exact - MONDO,http://purl.obolibrary.org/obo/MONDO_0006763,
811,https://doi.org/10.1016/j.rbmo.2010.02.024,Acupuncture for frozen-thawed embryo transfer cycles: a double-blind randomized controlled trial,Subfertility,"Subfertility, infertility",NOT FOUND,,,
241,https://doi.org/10.1002/14651858.CD008487.pub2,Acupuncture for functional dyspepsia,Functional dyspepsia (FD),Functional dyspepsia (FD),dyspepsia,Exact - MONDO,http://purl.obolibrary.org/obo/MONDO_0002268,
229,https://doi.org/10.1155/2016/3862916,Acupuncture for Functional Dyspepsia: What Strength Does It Have? A Systematic Review and Meta-Analysis of Randomized Controlled Trials,Functional Dyspepsia (FD),Functional Dyspepsia (FD),dyspepsia,Exact - MONDO,http://purl.obolibrary.org/obo/MONDO_0002268,
1718,https://doi.org/10.1503/cmaj.091113,Acupuncture for functional recovery after stroke: a systematic review of sham-controlled randomized clinical trials,Stroke,Stroke,stroke disorder,Synonym - MONDO,http://purl.obolibrary.org/obo/MONDO_0005098,
1255,https://doi.org/10.1016/s0016-5107(04)02030-9,Acupuncture for GI endoscopy: a systematic review,Not specified (the paper focuses on symptoms during GI endoscopy rather than a specific Western medical condition or disease),Not specified (the paper focuses on symptoms during GI endoscopy rather than a specific Western medical condition or disease),,,,
215,https://doi.org/10.1002/14651858.CD006030.pub4,Acupuncture for glaucoma,Glaucoma,Glaucoma,glaucoma,Exact - MONDO,http://purl.obolibrary.org/obo/MONDO_0005041,
46,https://doi.org/10.1093/rheumatology/ket013,Acupuncture for gouty arthritis: a concise report of a systematic and meta-analysis approach,Gouty arthritis,Gouty arthritis,Gout,Synonym - HP,http://purl.obolibrary.org/obo/HP_0001997,
1197,https://doi.org/10.1097/01.gme.0000227854.27603.7d,"Acupuncture for hot flashes: a randomized, sham-controlled clinical study",Hot flashes,Hot flashes,Hot flashes,Exact - HP,http://purl.obolibrary.org/obo/HP_0031217,
1717,https://journals.sagepub.com/doi/10.1136/aim.2011.004085,"Acupuncture for hot flushes in perimenopausal and postmenopausal women: a randomised, shamcontrolled trial",Hot flushes in perimenopausal and postmenopausal women,Hot flashes in perimenopausal and postmenopausal women,Hot flashes,Exact - HP,http://purl.obolibrary.org/obo/HP_0031217,
174,https://doi.org/10.1002/14651858.CD007968.pub2,Acupuncture for hypoxic ischemic encephalopathy in neonates,Hypoxic ischemic encephalopathy (HIE),encephalopathy,NOT FOUND,,,
315,https://doi.org/10.1002/14651858.CD001218,Acupuncture for idiopathic headache,Idiopathic headache,Idiopathic headache,Headache,Exact - HP,http://purl.obolibrary.org/obo/HP_0002315,
404,https://doi.org/10.1002/14651858.CD002962.pub3,Acupuncture for induction of labour,Not specified (the paper focuses on labor induction as a procedure rather than a specific disease or condition),Not specified (the paper focuses on labor induction as a procedure rather than a specific disease or condition),,,,
736,https://doi.org/10.3109/02813432.2013.862915,"Acupuncture for infantile colic: A blinding-validated, randomized controlled multicentre trial in general practice",Infantile colic,colic,NOT FOUND,,,
911,https://doi.org/10.1002/14651858.CD005472.pub2,Acupuncture for insomnia (Review),Insomnia,Insomnia,insomnia,Exact - MONDO,http://purl.obolibrary.org/obo/MONDO_0013600,
790,https://doi.org/10.1136/aim.23.2.47,"Acupuncture for insomnia in pregnancy -a prospective, quasi-randomised, controlled study",Insomnia,Insomnia,insomnia,Exact - MONDO,http://purl.obolibrary.org/obo/MONDO_0013600,
1251,https://doi.org/10.1136/aim.26.1.8,Acupuncture for irritable bowel syndrome an exploratory randomised controlled trial,Irritable Bowel Syndrome (IBS),Irritable Bowel Syndrome (IBS),irritable bowel syndrome,Exact - MONDO,http://purl.obolibrary.org/obo/MONDO_0005052,
230,https://doi.org/10.1136/acupmed-2015-010854,Acupuncture for irritable bowel syndrome: 2-year follow-up of a randomised controlled trial,Irritable Bowel Syndrome (IBS),Irritable Bowel Syndrome (IBS),irritable bowel syndrome,Exact - MONDO,http://purl.obolibrary.org/obo/MONDO_0005052,
258,https://doi.org/10.3748/wjg.v11.i26.4040,Acupuncture for irritable bowel syndrome: A blinded placebo-controlled trial,Irritable bowel syndrome (IBS),Irritable bowel syndrome (IBS),irritable bowel syndrome,Exact - MONDO,http://purl.obolibrary.org/obo/MONDO_0005052,
1716,https://doi.org/10.1186/1471-230X-12-150,Acupuncture for irritable bowel syndrome: primary care based pragmatic randomised controlled trial,Irritable Bowel Syndrome (IBS),Irritable Bowel Syndrome (IBS),irritable bowel syndrome,Exact - MONDO,http://purl.obolibrary.org/obo/MONDO_0005052,
411,https://doi.org/10.1016/j.ajog.2004.05.027,Acupuncture for labor pain management: A systematic review,Labor pain,Labor pain,NOT FOUND,,,
923,https://doi.org/10.1002/14651858.CD003527,Acupuncture for lateral elbow pain,Lateral elbow pain (Tennis elbow),Lateral elbow pain (Tennis elbow),Pain at the lateral aspect of the elbow,Synonym - HP,http://purl.obolibrary.org/obo/HP_6001173,
919,https://doi.org/10.1155/2015/861849,Acupuncture for Lateral Epicondylitis: A Systematic Review,"Lateral epicondylitis (LE), also known as tennis elbow","Lateral epicondylitis (LE), also known as tennis elbow",epicondylitis,Synonym - MONDO,http://purl.obolibrary.org/obo/MONDO_0001875,
786,https://doi.org/10.1136/aim.22.2.60,"Acupuncture for low back pain in pregnancy -a prospective, quasi-randomised, controlled study",Low back and pelvic pain during pregnancy,Low back pain and pelvic pain during pregnancy,"Low back pain, Pelvic pain","Exact - HP, Exact - HP","http://purl.obolibrary.org/obo/HP_0003419, http://purl.obolibrary.org/obo/HP_0034267",
140,https://doi.org/10.1155/2015/328196,Acupuncture for Low Back Pain: An Overview of Systematic Reviews,Low back pain (LBP),Low back pain (LBP),Low back pain,Exact - HP,http://purl.obolibrary.org/obo/HP_0003419,
93,https://doi.org/10.1002/14651858.CD001351,Acupuncture for low-back pain,Non-specific low back pain,Non-specific low back pain,Low back pain,Exact - HP,http://purl.obolibrary.org/obo/HP_0003419,
181,https://doi.org/10.1038/ajh.2008.311,Acupuncture for Lowering Blood Pressure: Systematic Review and Meta-analysis,Hypertension,Hypertension,Hypertension,Exact - HP,http://purl.obolibrary.org/obo/HP_0000822,
668,https://doi.org/10.1136/acupmed-2016-011332,Acupuncture for lumbar disc herniation: a systematic review and meta-analysis,Lumbar disc herniation (LDH),low back pain,NOT FOUND,,,
133,https://doi.org/10.1016/j.ctim.2013.08.007,Acupuncture for lumbar spinal stenosis: A systematic review and meta-analysis,Degenerative lumbar spinal stenosis (LSS),low back pain,NOT FOUND,,,
882,https://doi.org/10.1136/acupmed-2014-010633,Acupuncture for melasma in women: a systematic review of randomised controlled trials,Melasma,Melasma,Melasma,Exact - HP,http://purl.obolibrary.org/obo/HP_0025272,
1714,https://doi.org/10.1111/head.12525,Acupuncture for Migraine Prevention,Migraine,Migraine,migraine disorder,Synonym - MONDO,http://purl.obolibrary.org/obo/MONDO_0005277,
1713,https://doi.org/10.1002/14651858.CD001218.pub2,Acupuncture for migraine prophylaxis,Migraine,Migraine,migraine disorder,Synonym - MONDO,http://purl.obolibrary.org/obo/MONDO_0005277,
1868,https://doi.org/10.1503/cmaj.110551,Acupuncture for migraine prophylaxis: a randomized controlled trial,Migraines,Migraine,migraine disorder,Synonym - MONDO,http://purl.obolibrary.org/obo/MONDO_0005277,
307,uri not found,Acupuncture for Migraine: A Systematic Review,Migraine,Migraine,migraine disorder,Synonym - MONDO,http://purl.obolibrary.org/obo/MONDO_0005277,
317,https://search.informit.org/doi/10.3316/informit.423677482082972,Acupuncture for Migraine: A Systematic Review of Chinese,Migraine,Migraine,migraine disorder,Synonym - MONDO,http://purl.obolibrary.org/obo/MONDO_0005277,
845,https://doi.org/10.2500/ajra.2009.23.3380,"Acupuncture for nasal congestion: A prospective, randomized, double-blind, placebo-controlled clinical pilot study",Nasal congestion due to hypertrophic inferior turbinates or chronic sinusitis without polyposis,Nasal congestion due to hypertrophic inferior turbinates or chronic sinusitis without polyposis,Nasal congestion,Exact - HP,http://purl.obolibrary.org/obo/HP_0001742,
519,https://doi.org/10.1002/14651858.CD004870.pub4,Acupuncture for neck disorders,Neck pain,Neck pain,Neck pain,Exact - HP,http://purl.obolibrary.org/obo/HP_0030833,
1341,https://doi.org/10.1097/01.brs.0000252100.61002.d4,Acupuncture for Neck Disorders,Neck pain,Neck pain,Neck pain,Exact - HP,http://purl.obolibrary.org/obo/HP_0030833,
656,https://doi.org/10.1002/14651858.cd012057.pub2,Acupuncture for neuropathic pain in adults,"Chronic peripheral neuropathic pain, specifically diabetic peripheral neuropathy","Chronic peripheral neuropathic pain, specifically diabetic peripheral neuropathy",Neuropathic pain,Exact - HP,http://purl.obolibrary.org/obo/HP_6000040,
1012,https://doi.org/10.1002/nau.20108,Acupuncture for Nocturnal Enuresis in Children: A Systematic Review and Exploration of Rationale,Nocturnal Enuresis,Nocturnal Enuresis,nocturnal enuresis,Exact - MONDO,http://purl.obolibrary.org/obo/MONDO_0000022,
712,https://doi.org/10.1038/ijo.2008.269,Acupuncture for obesity: a systematic review and meta-analysis,Obesity,Obesity,obesity disorder,Synonym - MONDO,http://purl.obolibrary.org/obo/MONDO_0011122,
79,https://doi.org/10.1002/1529-0131,Acupuncture for Osteoarthritis of the Knee A Systematic Review,Osteoarthritis (OA) of the knee,Knee osteoarthritis,Knee osteoarthritis,Exact - HP,http://purl.obolibrary.org/obo/HP_0005086,
1003,https://doi.org/10.1097/01.AOG.0000163258.57895.ec,Acupuncture for Overactive Bladder A Randomized Controlled Trial,Overactive bladder with urge incontinence,Overactive bladder with urge incontinence,overactive bladder,Exact - MONDO,http://purl.obolibrary.org/obo/MONDO_0006624,
274,https://doi.org/10.1152/ajpendo.00039.2013,Acupuncture for ovulation induction in polycystic ovary syndrome: a randomized controlled trial,Polycystic Ovary Syndrome (PCOS),Polycystic Ovary Syndrome (PCOS),polycystic ovary syndrome,Exact - MONDO,http://purl.obolibrary.org/obo/MONDO_0008487,
576,https://doi.org/10.1200/JCO.2009.26.9860,Acupuncture for Pain and Dysfunction After Neck Dissection: Results of a Randomized Controlled Trial,Pain and dysfunction after neck dissection for cancer,Pain and dysfunction after neck dissection for cancer,Pain,Exact - HP,http://purl.obolibrary.org/obo/HP_0012531,
64,https://doi.org/10.1186/1471-2474-10-130,Acupuncture for pain and osteoarthritis of the knee: a pilot study for an open parallel-arm randomised controlled trial,Osteoarthritis of the knee,Knee osteoarthritis,Knee osteoarthritis,Exact - HP,http://purl.obolibrary.org/obo/HP_0005086,
1712,https://www.cochranelibrary.com/resolve/doi?DOI=10.1002/14651858.CD007864.pub2,Acupuncture for pain in endometriosis,Endometriosis,Endometriosis,endometriosis,Exact - MONDO,http://purl.obolibrary.org/obo/MONDO_0005133,
6,https://doi.org/10.1097/AAP.0000000000000138,Acupuncture for Pain Relief After Total Knee Arthroplasty A Randomized Controlled Trial,Degenerative osteoarthritis leading to total knee arthroplasty (TKA),"osteoarthritis, arthroplasty",NOT FOUND,,,
413,https://doi.org/10.1111/j.1471-0528.2010.02825.x,Acupuncture for pain relief during induced labour in nulliparae: a randomised controlled study,Pain during labour,Pain during labour,Pain,Exact - HP,http://purl.obolibrary.org/obo/HP_0012531,
414,https://doi.org/10.1111/j.1471-0528.2010.02570.x,Acupuncture for pain relief in labour: a systematic review and meta-analysis,Labor pain,Labor pain,NOT FOUND,,,
85,https://doi.org/10.1002/art.24009,Acupuncture for Pain Relief in Patients With Rheumatoid Arthritis: A Systematic Review,Rheumatoid Arthritis (RA),Rheumatoid Arthritis (RA),rheumatoid arthritis,Exact - MONDO,http://purl.obolibrary.org/obo/MONDO_0008383,
1711,https://doi.org/10.1007/s11655-011-0665-7,Acupuncture for Pain: An Overview of Cochrane Reviews,	- Migraines - Neck disorders - Tension-type headaches - Peripheral joint osteoarthritis - Rheumatoid arthritis - Shoulder pain - Low back pain - Lateral elbow pain,"Migraine, Neck pain, Tension-type headache, osteoarthritis, Rheumatoid arthritis, Shoulder pain, Low back pain, epicondylitis",NOT FOUND,,,
570,https://doi.org/10.1016/j.jpainsymman.2010.03.010,Acupuncture for Palliative and Supportive Cancer Care: A Systematic Review of Systematic Reviews,Chemotherapy induced nausea and vomiting,Chemotherapy induced nausea and vomiting,Vomiting,Exact - HP,http://purl.obolibrary.org/obo/HP_0002013,
529,https://doi.org/10.1016/j.pain.2006.05.013,Acupuncture for patients with chronic neck pain,Chronic neck pain,Chronic neck pain,Neck pain,Exact - HP,http://purl.obolibrary.org/obo/HP_0030833,
324,https://doi.org/10.1001/jama.293.17.2118,Acupuncture for Patients With Migraine A Randomized Controlled Trial,Migraine,Migraine,migraine disorder,Synonym - MONDO,http://purl.obolibrary.org/obo/MONDO_0005277,done:TCM
1050,https://doi.org/10.1097/00002060-200301000-00004,Acupuncture for Patients with Spinal Cord Injuries,Acute traumatic spinal cord injury,spinal cord injury,NOT FOUND,,,
45,https://doi.org/10.1002/14651858.CD001977.pub2,Acupuncture for peripheral joint osteoarthritis,Osteoarthritis (OA) of peripheral joints,Osteoarthritis (OA) of peripheral joints,osteoarthritis,Exact - MONDO,http://purl.obolibrary.org/obo/MONDO_0005178,
1710,https://doi.org/10.1093/rheumatology/kel207,Acupuncture for peripheral joint osteoarthritis A systematic review and meta-analysis,Osteoarthritis (OA),Osteoarthritis (OA),osteoarthritis,Exact - MONDO,http://purl.obolibrary.org/obo/MONDO_0005178,
827,https://doi.org/10.5694/j.1326-5377.2007.tb01275.x,"Acupuncture for persistent allergic rhinitis: a randomised, sham-controlled trial",Persistent Allergic Rhinitis (PAR),Persistent Allergic Rhinitis (PAR),allergic rhinitis,Exact - MONDO,http://purl.obolibrary.org/obo/MONDO_0011786,
1857,https://doi.org/10.1002/14651858.CD007689.pub2,Acupuncture for polycystic ovarian syndrome (Review),Polycystic ovarian syndrome (PCOS),Polycystic ovary syndrome (PCOS),polycystic ovary syndrome,Exact - MONDO,http://purl.obolibrary.org/obo/MONDO_0008487,
1202,https://doi.org/10.1016/j.maturitas.2006.11.001,Acupuncture for postmenopausal hot flashes,Postmenopausal hot flashes,Postmenopausal hot flashes,Hot flashes,Exact - HP,http://purl.obolibrary.org/obo/HP_0031217,
12,https://doi.org/10.1177/1054773812454136,Acupuncture for Postoperative Pain in Day Surgery Patients Undergoing Arthroscopic Shoulder Surgery,Postoperative pain following arthroscopic shoulder surgery (acromioplasty or Bankart procedure),Postoperative pain following arthroscopic shoulder surgery (acromioplasty or Bankart procedure),Pain,Exact - HP,http://purl.obolibrary.org/obo/HP_0012531,
481,https://doi.org/10.1097/nmd.0b013e31803044f8,Acupuncture for Posttraumatic Stress Disorder A Randomized Controlled Pilot Trial,Posttraumatic Stress Disorder (PTSD),Post-traumatic Stress Disorder (PTSD),post-traumatic stress disorder,Exact - MONDO,http://purl.obolibrary.org/obo/MONDO_0005146,
448,https://doi.org/10.1155/2013/615857,Acupuncture for Posttraumatic Stress Disorder: A Systematic Review of Randomized Controlled Trials and Prospective Clinical Trials,Posttraumatic Stress Disorder (PTSD),Post-traumatic Stress Disorder (PTSD),post-traumatic stress disorder,Exact - MONDO,http://purl.obolibrary.org/obo/MONDO_0005146,
442,https://doi.org/10.1111/j.1471-0528.2011.02994.x,Acupuncture for premenstrual syndrome: a systematic review and meta-analysis of randomised controlled trials,Premenstrual syndrome (PMS),Premenstrual syndrome (PMS),premenstrual tension,Synonym - MONDO,http://purl.obolibrary.org/obo/MONDO_0004169,
773,https://doi.org/10.1155/2014/802134,Acupuncture for Preventing Complications after Radical Hysterectomy: A Randomized Controlled Clinical Trial,"Postoperative complications after radical hysterectomy, specifically bladder dysfunction and urinary tract infections","Postoperative complications after radical hysterectomy, specifically bladder dysfunction and urinary tract infections",Recurrent urinary tract infections,Synonym - HP,http://purl.obolibrary.org/obo/HP_0000010,
642,https://pubmed.ncbi.nlm.nih.gov/29112942.0/,Acupuncture for Primary Dysmenorrhea: A Meta-analysis of Randomized Controlled Trials,Primary dysmenorrhea (PD),Primary dysmenorrhea (PD),primary dysmenorrhea,Exact - MONDO,http://purl.obolibrary.org/obo/MONDO_1060206,
431,https://doi.org/10.1007/s11726-011-0535-z,Acupuncture for Primary Dysmenorrhea:A Randomized Controlled Trial,Primary dysmenorrhea,Primary dysmenorrhea,primary dysmenorrhea,Exact - MONDO,http://purl.obolibrary.org/obo/MONDO_1060206,
433,https://doi.org/10.1111/j.1471-0528.2010.02489.x,Acupuncture for primary dysmenorrhoea: a systematic review,Primary dysmenorrhoea,dysmenorrhoea,NOT FOUND,,,
602,https://doi.org/10.1016/s0254-6272(10)60036-2,Acupuncture for Promoting Intelligence of Children -An Observation on 37 Cases with Mental Retardation,Mental Retardation (MR),Mental Retardation,NOT FOUND,,,
1709,https://doi.org/10.1002/14651858.CD006457.pub2,Acupuncture for restless legs syndrome,Restless legs syndrome (RLS),Restless legs syndrome (RLS),restless legs syndrome,Exact - MONDO,http://purl.obolibrary.org/obo/MONDO_0005391,
40,https://doi.org/10.1007/s11726-011-0502-8,"Acupuncture for Rheumatoid Arthritis: A Randomized, Sham controlled Clinical Trial",Rheumatoid Arthritis,Rheumatoid Arthritis,rheumatoid arthritis,Exact - MONDO,http://purl.obolibrary.org/obo/MONDO_0008383,
57,https://doi.org/10.1093/rheumatology/ken330,Acupuncture for rheumatoid arthritis: a systematic review,Rheumatoid Arthritis (RA),Rheumatoid Arthritis (RA),rheumatoid arthritis,Exact - MONDO,http://purl.obolibrary.org/obo/MONDO_0008383,
446,https://doi.org/10.1093/schbul/sbu135,Acupuncture for schizophrenia,Schizophrenia,Schizophrenia,schizophrenia,Exact - MONDO,http://purl.obolibrary.org/obo/MONDO_0005090,
485,https://doi.org/10.1111/j.1742-1241.2009.02167.x,Acupuncture for schizophrenia: a systematic review and meta-analysis,Schizophrenia,Schizophrenia,schizophrenia,Exact - MONDO,http://purl.obolibrary.org/obo/MONDO_0005090,
820,https://doi.org/10.1016/j.anai.2015.05.017,Acupuncture for seasonal allergic rhinitis: a randomized controlled trial,"Seasonal allergic rhinitis (SAR), also known as hay fever","Seasonal allergic rhinitis (SAR), also known as hay fever",seasonal allergic rhinitis,Exact - MONDO,http://purl.obolibrary.org/obo/MONDO_0005324,
861,https://doi.org/10.1002/14651858.CD005319,Acupuncture for shoulder pain (Review),"Shoulder pain, specifically adhesive capsulitis (frozen shoulder), rotator cuff disease, and osteoarthritis.","Shoulder pain, specifically adhesive capsulitis (frozen shoulder), rotator cuff disease, and osteoarthritis.","Shoulder pain, osteoarthritis","Exact - HP, Exact - MONDO","http://purl.obolibrary.org/obo/HP_0030834, http://purl.obolibrary.org/obo/MONDO_0005178",
860,https://doi.org/10.1089/acm.2011.0457,Acupuncture for Shoulder Pain After Stroke: A Systematic Review,Shoulder pain after stroke,Shoulder pain after stroke,Shoulder pain,Exact - HP,http://purl.obolibrary.org/obo/HP_0030834,
893,https://doi.org/10.1016/j.neulet.2014.12.016,"Acupuncture for sleep quality, BDNF levels and immunosenescence: A randomized controlled study","Not specified (the paper focuses on sleep quality, psychological distress, and immunosenescence, but does not specify a primary medical condition or disease)","Not specified (the paper focuses on sleep quality, psychological distress, and immunosenescence, but does not specify a primary medical condition or disease)",,,,
221,https://doi.org/10.1002/14651858.CD007842.pub2,Acupuncture for slowing the progression of myopia in children and adolescents,Myopia (near-sightedness or short-sightedness),Myopia (near-sightedness or short-sightedness),myopia,Exact - MONDO,http://purl.obolibrary.org/obo/MONDO_0001384,
972,https://doi.org/10.1016/S0965-2299(98)80036-8,Acupuncture for smokers: lack of long term therapeutic effect in a controlled study,Tobacco addiction or smoking behavior,Nicotine dependence,nicotine dependence,Exact - MONDO,http://purl.obolibrary.org/obo/MONDO_0008575,
954,https://doi.org/10.1002/14651858.CD000009,Acupuncture for smoking cessation (Review),Nicotine dependence or smoking dependence,Nicotine dependence or smoking dependence,nicotine dependence,Exact - MONDO,http://purl.obolibrary.org/obo/MONDO_0008575,
1067,https://doi.org/10.1155/2015/870398,Acupuncture for Spasticity after Stroke: A Systematic Review and Meta-Analysis of Randomized Controlled Trials,Spasticity after stroke,Spasticity after stroke,Spasticity,Exact - HP,http://purl.obolibrary.org/obo/HP_0001257,
611,https://doi.org/10.1155/2013/364216,Acupuncture for Spinal Cord Injury and Its Complications: A Systematic Review and Meta-Analysis of Randomized Controlled Trials,"Spinal Cord Injury (SCI) and its complications: functional recovery, bladder dysfunction, and pain control","Spinal Cord Injury (SCI) and its complications: functional recovery, bladder dysfunction, and pain control",spinal cord injury,Exact - MONDO,http://purl.obolibrary.org/obo/MONDO_0043797,
1049,https://doi.org/10.1016/j.ctim.2009.09.001,Acupuncture for spinal cord injury survivors in Chinese literature: A systematic review,Spinal Cord Injury (SCI),Spinal Cord Injury (SCI),spinal cord injury,Exact - MONDO,http://purl.obolibrary.org/obo/MONDO_0043797,
1069,https://doi.org/10.1002/14651858.CD004131.pub2,Acupuncture for stroke rehabilitation,Stroke (ischemic and hemorrhagic) in the subacute and chronic stages,Stroke (ischemic and hemorrhagic) in the subacute and chronic stages,stroke disorder,Synonym - MONDO,http://purl.obolibrary.org/obo/MONDO_0005098,
1538,https://doi.org/10.1001/archinte.165.17.2026,"Acupuncture for Subacute Stroke Rehabilitation A Sham-Controlled, Subject-and Assessor-Blind, Randomized Trial",Stroke,Stroke,stroke disorder,Synonym - MONDO,http://purl.obolibrary.org/obo/MONDO_0005098,done:TCM
950,https://doi.org/10.1016/j.drugalcdep.2016.02.034,Acupuncture for substance use disorders: A systematic review and meta-analysis,Substance Use Disorders (SUDs),Substance Use Disorder,NOT FOUND,,,
1708,https://doi.org/10.1111/ijcp.12372,Acupuncture for surgical conditions: an overview of systematic reviews,	- Postoperative nausea and vomiting (PONV) - Postoperative pain - Postoperative ileus,"nausea, vomiting, Postoperative pain, ileus",NOT FOUND,,,
1304,https://pubmed.ncbi.nlm.nih.gov/10979160.0/,Acupuncture for symptom relief in HIV positive adults: Lessons learned from a pilot study,HIV disease,HIV/AIDS,AIDS,Exact - MONDO,http://purl.obolibrary.org/obo/MONDO_0012268,
89,https://doi.org/10.1177/0961203308093921,Acupuncture for systemic lupus erythematosus: a pilot RCT feasibility and safety study,Systemic lupus erythematosus (SLE),Systemic lupus erythematosus (SLE),systemic lupus erythematosus,Exact - MONDO,http://purl.obolibrary.org/obo/MONDO_0007915,
339,https://doi.org/10.1007/s10194-007-0416-5,"Acupuncture for tension type headache: a multicentre, sham controlled, patientand observer blinded, randomised trial R A P I D C O",Tension type headache (TTH),Tension type headache (TTH),Tension-type headache,Exact - HP,http://purl.obolibrary.org/obo/HP_0012228,
1707,https://doi.org/10.1002/14651858.CD007587,Acupuncture for tension-type headache,Tension-type headache,Tension-type headache,Tension-type headache,Exact - HP,http://purl.obolibrary.org/obo/HP_0012228,
310,https://doi.org/10.1016/j.jpain.2008.03.011,"Acupuncture for Tension-Type Headache: A Meta-Analysis of Randomized, Controlled Trials",Tension-type headache,Tension-type headache,Tension-type headache,Exact - HP,http://purl.obolibrary.org/obo/HP_0012228,
924,https://doi.org/10.1093/rheumatology/keh247,Acupuncture for the alleviation of lateral epicondyle pain: a systematic review,Lateral epicondylitis (Tennis elbow),Lateral epicondylitis (Tennis elbow),epicondylitis,Synonym - MONDO,http://purl.obolibrary.org/obo/MONDO_0001875,
713,https://doi.org/10.1111/j.1471-0528.2010.02647.x,Acupuncture for the induction of labour: a double-blind randomised controlled study,Post-term pregnancy,pregnancy,NOT FOUND,,,
331,https://doi.org/10.1213/ane.0b013e318187c76a,Acupuncture for the Management of Chronic Headache: A Systematic Review,Chronic headache (including migraine and tension-type headache),Chronic headache (including migraine and tension-type headache),headache disorder,Synonym - MONDO,http://purl.obolibrary.org/obo/MONDO_0021146,
1309,https://pubmed.ncbi.nlm.nih.gov/3540764.0/,Acupuncture for the management of primary dysmenorrhea,Primary dysmenorrhea,Primary dysmenorrhea,primary dysmenorrhea,Exact - MONDO,http://purl.obolibrary.org/obo/MONDO_1060206,
300,https://doi.org/10.1002/14651858.CD001218.pub3,Acupuncture for the prevention of episodic migraine (Review),Episodic migraine,migraine,NOT FOUND,,,
299,https://doi.org/10.1002/14651858.CD007587.pub2,Acupuncture for the prevention of tension-type headache (Review),Tension-type headache,Tension-type headache,Tension-type headache,Exact - HP,http://purl.obolibrary.org/obo/HP_0012228,
1704,https://doi.org/10.1016/j.ejpain.2004.10.004,Acupuncture for the relief of cancer-related pain -a systematic review,Cancer-related pain,Cancer-related pain,Pain,Exact - HP,http://purl.obolibrary.org/obo/HP_0012531,
201,https://doi.org/10.1186/s13063-015-0777-z,Acupuncture for the sequelae of Bell's palsy: a randomized controlled trial,Bell's palsy,Bell's palsy,Bell's palsy,Exact - MONDO,http://purl.obolibrary.org/obo/MONDO_0005665,
823,https://doi.org/10.2500/ajra.2015.29.4116,Acupuncture for the treatment of allergic rhinitis: A systematic review and meta-analysis,Allergic rhinitis (AR),Allergic rhinitis (AR),allergic rhinitis,Exact - MONDO,http://purl.obolibrary.org/obo/MONDO_0011786,
1592,https://doi.org/10.1001/jama.287.1.55,Acupuncture for the Treatment of Cocaine Addiction A Randomized Controlled Trial,Cocaine dependence or Cocaine addiction,Cocaine dependence,cocaine dependence,Exact - MONDO,http://purl.obolibrary.org/obo/MONDO_0005186,
989,https://doi.org/10.1016/0740-5472(95)00014-v,Acupuncture for the Treatment of Cocaine Addiction Investigation of a Needle Puncture Control,Cocaine dependence,Cocaine dependence,cocaine dependence,Exact - MONDO,http://purl.obolibrary.org/obo/MONDO_0005186,
1702,https://doi.org/10.1371/journal.pone.0036638,Acupuncture for the Treatment of Dry Eye: A Multicenter Randomised Controlled Trial with Active Comparison Intervention (Artificial Teardrops),Dry eye syndrome,Dry eye syndrome,dry eye syndrome,Exact - MONDO,http://purl.obolibrary.org/obo/MONDO_0006733,
678,https://doi.org/10.1136/acupmed-2015-011024,Acupuncture for the treatment of hiccups following stroke: a systematic review and meta-analysis,Hiccups following stroke,Hiccups following stroke,Recurrent singultus,Synonym - HP,http://purl.obolibrary.org/obo/HP_0100247,
577,https://doi.org/10.1007/s10549-008-0210-3,"Acupuncture for the treatment of hot flashes in breast cancer patients, a randomized, controlled trial",Breast cancer with hot flashes due to anti-oestrogen medication (Tamoxifen),Breast cancer with hot flashes due to anti-oestrogen medication (Tamoxifen),"breast cancer, Hot flashes","Exact - MONDO, Exact - HP","http://purl.obolibrary.org/obo/MONDO_0007254, http://purl.obolibrary.org/obo/HP_0031217",
472,https://doi.org/10.4088/JCP.10m06105,Acupuncture for the Treatment of Major Depressive Disorder: A Randomized Controlled Trial,Major Depressive Disorder (MDD),Major Depressive Disorder (MDD),major depressive disorder,Exact - MONDO,http://purl.obolibrary.org/obo/MONDO_0002009,
1701,https://doi.org/10.1155/2016/3961450,Acupuncture for the Treatment of Oculomotor Paralysis: A Pilot Randomised Controlled Trial,Oculomotor paralysis (OP),paralysis,NOT FOUND,,,
1117,https://doi.org/10.1002/art.1790070304,Acupuncture for the Treatment of Pain of Osteoarthritic Knees,Osteoarthritis (OA) of the knee,Knee osteoarthritis,Knee osteoarthritis,Exact - HP,http://purl.obolibrary.org/obo/HP_0005086,
590,https://doi.org/10.1089/acm.2016.0155,Acupuncture for the Treatment of Peripheral Neuropathy: A Systematic Review and Meta-Analysis,"Peripheral neuropathy (caused by diabetes, Bell's palsy, carpal tunnel syndrome, HIV, and idiopathic conditions)","Peripheral neuropathy (caused by diabetes, Bell's palsy, carpal tunnel syndrome, HIV, and idiopathic conditions)",peripheral neuropathy,Exact - MONDO,http://purl.obolibrary.org/obo/MONDO_0005244,
1700,https://doi.org/10.1007/s00520-013-1720-z,"Acupuncture for the treatment of post-chemotherapy chronic fatigue: a randomized, blinded, sham-controlled trial",Post-chemotherapy chronic fatigue,Post-chemotherapy chronic fatigue,Chronic fatigue,Exact - HP,http://purl.obolibrary.org/obo/HP_0012432,
766,https://doi.org/10.1186/1472-6882-11-46,"Acupuncture for the treatment of severe acute pain in Herpes Zoster: results of a nested, open-label, randomized trial in the VZV Pain Study",Herpes Zoster,Herpes Zoster,herpes zoster,Exact - MONDO,http://purl.obolibrary.org/obo/MONDO_0005609,
1055,https://doi.org/10.1089/acm.2014.0097,Acupuncture for the Treatment of Spasticity After Stroke: A Meta-Analysis of Randomized Controlled Trials,Spasticity after stroke,Spasticity after stroke,Spasticity,Exact - HP,http://purl.obolibrary.org/obo/HP_0001257,
262,https://doi.org/10.1111/jsm.12830,Acupuncture for the Treatment of Vulvodynia: A Randomized Wait-List Controlled Pilot Study,Vulvodynia,Vulvodynia,vulvodynia,Exact - MONDO,http://purl.obolibrary.org/obo/MONDO_0021722,
916,https://doi.org/10.1002/14651858.CD009065.pub2,Acupuncture for treating acute ankle sprains in adults (Review),Acute ankle sprains,Acute ankle sprains,ankle injury,Synonym - MONDO,http://purl.obolibrary.org/obo/MONDO_0043895,
347,https://doi.org/10.1111/j.1526-4610.2009.01424.x,Acupuncture for Treating Acute Attacks of Migraine: A Randomized Controlled Trial,Migraine,Migraine,migraine disorder,Synonym - MONDO,http://purl.obolibrary.org/obo/MONDO_0005277,
1698,https://doi.org/10.1089/acu.2012.0900,Acupuncture for Treating Anxiety and Depression in Women: A Clinical Systematic Review,Anxiety and Depression (Major Depressive Disorder),Chronic neck pain and shoulder pain (myofascial pain),"Neck pain, Shoulder pain","Exact - HP, Exact - HP","http://purl.obolibrary.org/obo/HP_0030833, http://purl.obolibrary.org/obo/HP_0030834",
554,https://doi.org/10.1089/acm.2014.0083,Acupuncture for Treating Aromatase Inhibitor-Related Arthralgia in Breast Cancer: A Systematic Review and Meta-Analysis,Arthralgia (joint pain) in patients with breast cancer treated with aromatase inhibitors (AIs),Arthralgia (joint pain) in patients with breast cancer treated with aromatase inhibitors (AIs),Arthralgia,Exact - HP,http://purl.obolibrary.org/obo/HP_0002829,
486,10.1007/s11655-011-0701-7,Acupuncture for Treating Attention Defi cit Hyperactivity Disorder: A Systematic Review and Meta Analysis,Attention Deficit Hyperactivity Disorder (ADHD),Attention Deficit Hyperactivity Disorder (ADHD),attention deficit-hyperactivity disorder,Exact - MONDO,http://purl.obolibrary.org/obo/MONDO_0007743,done:TCM
219,https://doi.org/10.1111/j.1755-3768.2010.02027.x,Acupuncture for treating dry eye: a randomized placebo-controlled trial,Dry eye,Dry eye,dry eye syndrome,Synonym - MONDO,http://purl.obolibrary.org/obo/MONDO_0006733,
218,https://doi.org/10.1111/j.1755-3768.2009.01855.x,Acupuncture for treating dry eye: a systematic review,Dry eye,Dry eye,dry eye syndrome,Synonym - MONDO,http://purl.obolibrary.org/obo/MONDO_0006733,
296,https://doi.org/10.1111/j.1464-410X.2009.08422.x,Acupuncture for treating erectile dysfunction: a systematic review,Erectile Dysfunction (ED),Erectile Dysfunction (ED),erectile dysfunction,Exact - MONDO,http://purl.obolibrary.org/obo/MONDO_0005362,
610,https://doi.org/10.1002/14651858.cd007070.pub2,Acupuncture for treating fibromyalgia,Fibromyalgia,Fibromyalgia,fibromyalgia,Exact - MONDO,http://purl.obolibrary.org/obo/MONDO_0005546,
293,https://doi.org/10.1007/s00520-009-0589-3,Acupuncture for treating hot flushes in men with prostate cancer: a systematic review,Prostate cancer with hot flushes,Prostate cancer with hot flashes,"prostate cancer, Hot flashes","Exact - MONDO, Exact - HP","http://purl.obolibrary.org/obo/MONDO_0008315, http://purl.obolibrary.org/obo/HP_0031217",
147,https://doi.org/10.1136/bmjopen-2014-007498,Acupuncture for treating sciatica: a systematic review protocol,Sciatica,Sciatica,sciatica,Exact - MONDO,http://purl.obolibrary.org/obo/MONDO_0024333,
941,https://doi.org/10.1016/j.jdent.2011.02.006,"Acupuncture for treating temporomandibular joint disorders: A systematic review and meta-analysis of randomized, sham-controlled trials",Temporomandibular joint disorder (TMD),Temporomandibular joint disorder (TMD),temporomandibular joint disorder,Exact - MONDO,http://purl.obolibrary.org/obo/MONDO_0005473,
884,https://doi.org/10.1016/j.jpainsymman.2009.11.325,Acupuncture for Treating Uremic Pruritus in Patients with End-Stage Renal Disease: A Systematic Review,Uremic pruritus (UP),pruritus,NOT FOUND,,,
1051,https://doi.org/10.1155/2014/870271,Acupuncture for Treating Whiplash Associated Disorder: A Systematic Review of Randomised Clinical Trials,Whiplash Associated Disorder (WAD),Whiplash Associated Disorder,NOT FOUND,,,
1697,https://doi.org/10.1155/2012/679845,Acupuncture for Treatment of Autism Spectrum Disorders,Autism Spectrum Disorders,Autism Spectrum Disorders,Autistic behavior,Synonym - HP,http://purl.obolibrary.org/obo/HP_0000729,
604,https://doi.org/10.1097/HTR.0b013e3182051397,Acupuncture for Treatment of Insomnia in Patients With Traumatic Brain Injury: A Pilot Intervention Study,Insomnia in patients with Traumatic Brain Injury (TBI),Insomnia in patients with Traumatic Brain Injury (TBI),insomnia,Exact - MONDO,http://purl.obolibrary.org/obo/MONDO_0013600,
260,https://doi.org/10.1002/14651858.CD005111.pub3,Acupuncture for treatment of irritable bowel syndrome,Irritable bowel syndrome (IBS),Irritable bowel syndrome (IBS),irritable bowel syndrome,Exact - MONDO,http://purl.obolibrary.org/obo/MONDO_0005052,
730,https://doi.org/10.1097/AJP.0b013e31815ec20f,Acupuncture for Treatment of Persistent Arm Pain Due to Repetitive Use A Randomized Controlled Clinical Trial,Tendonitis or epicondylitis due to repetitive use,Tendonitis or epicondylitis due to repetitive use,tendinitis,Synonym - MONDO,http://purl.obolibrary.org/obo/MONDO_0004857,
170,https://doi.org/10.1136/acupmed-2013-010463,Acupuncture for treatment of secondary osteoporosis in patients with spinal cord injury: a controlled study,Secondary osteoporosis in patients with spinal cord injury (SCI),Secondary osteoporosis in patients with spinal cord injury (SCI),osteoporosis,Exact - MONDO,http://purl.obolibrary.org/obo/MONDO_0005298,
1085,https://doi.org/10.1016/j.apmr.2005.07.287,Acupuncture for Upper-Extremity Rehabilitation in Chronic Stroke: A Randomized Sham-Controlled Study,Chronic hemiparesis from stroke,hemiparesis,NOT FOUND,,,
1010,https://pubmed.ncbi.nlm.nih.gov/16562383.0/,Acupuncture for Urinary Urgency In Women Over 50: What Is the Evidence?,Urinary Urgency (UU) and Urge Urinary Incontinence (UUI),Urinary Urgency (UU) and Urge Urinary Incontinence (UUI),Urinary urgency,Exact - HP,http://purl.obolibrary.org/obo/HP_0000012,
587,https://doi.org/10.1002/14651858.CD007221.pub2,Acupuncture for uterine fibroids (Review),Uterine fibroids,Uterine fibroids,NOT FOUND,,,
1696,https://doi.org/10.1002/14651858.CD004987.pub2,Acupuncture for vascular dementia,Vascular dementia,Vascular dementia,vascular dementia,Exact - MONDO,http://purl.obolibrary.org/obo/MONDO_0004648,
1695,https://doi.org/10.1136/acupmed-2013-010363,Acupuncture for vascular mild cognitive impairment: a systematic review of randomised controlled trials,Vascular mild cognitive impairment (VMCI),cognitive impairment,NOT FOUND,,,
959,https://doi.org/10.1016/0740-5472(93)90019-x,Acupuncture Heroin Detoxification: A Single-Blind Clinical Trial,Heroin dependence or Heroin addiction,Heroin dependence,heroin dependence,Exact - MONDO,http://purl.obolibrary.org/obo/MONDO_0005367,
182,https://doi.org/10.1136/hrt.2009.187930,Acupuncture improves exercise tolerance of patients with heart failure: a placebo-controlled pilot study,Congestive heart failure (CHF),Congestive heart failure (CHF),congestive heart failure,Exact - MONDO,http://purl.obolibrary.org/obo/MONDO_0005009,
199,https://doi.org/10.1007/s00520-011-1134-8,Acupuncture improves health-related quality-of-life (HRQoL) and sleep in women with breast cancer and hot flushes,Breast cancer with vasomotor symptoms (hot flushes and sweating),Breast cancer with vasomotor symptoms (hot flashes and sweating),breast cancer,Exact - MONDO,http://purl.obolibrary.org/obo/MONDO_0007254,
672,https://doi.org/10.4103/0366-6999.200549,Acupuncture Improves Intestinal Absorption of Iron in Iron-deficient Obese Patients: A Randomized Controlled Preliminary Trial,Iron deficiency (ID) and iron deficiency anemia (IDA) in obese patients,Iron deficiency (ID) and iron deficiency anemia (IDA) in obese patients,iron deficiency anemia,Exact - MONDO,http://purl.obolibrary.org/obo/MONDO_0001356,
188,https://doi.org/10.3109/13697137.2012.698432,"Acupuncture improves sleep in postmenopause in a randomized, double-blind, placebo-controlled study",Insomnia,Insomnia,insomnia,Exact - MONDO,http://purl.obolibrary.org/obo/MONDO_0013600,
962,https://doi.org/10.1093/alcalc/34.4.629,Acupuncture in Alcoholism Treatment: A Randomized Out-Patient Study,Alcoholism,Alcoholism,alcohol dependence,Synonym - MONDO,http://purl.obolibrary.org/obo/MONDO_0007079,
1191,https://doi.org/10.3727/036012995816357113,Acupuncture in Angina Pectoris: Do Psycho-Social and Neurophysiological Factors Relate to the Effect?,Angina Pectoris,Angina Pectoris,Angina pectoris,Exact - HP,http://purl.obolibrary.org/obo/HP_0001681,
837,https://doi.org/10.1016/j.ctim.2011.07.002,Acupuncture in children and adolescents with bronchial asthma: A randomised controlled study ଝ,Bronchial asthma,asthma,NOT FOUND,,,
1508,https://doi.org/10.1093/rheumatology/41.2.205,Acupuncture in chronic epicondylitis: a randomized controlled trial,Chronic lateral epicondylitis (tennis elbow),Chronic lateral epicondylitis (tennis elbow),epicondylitis,Synonym - MONDO,http://purl.obolibrary.org/obo/MONDO_0001875,
891,https://doi.org/10.1093/ndt/gfh955,Acupuncture in haemodialysis patients at the Quchi (LI11) acupoint for refractory uraemic pruritus,Uraemic pruritus,pruritus,NOT FOUND,,,
314,https://doi.org/10.1097/00002508-200012000-00010,Acupuncture in Headache: A Critical Review,"Primary headaches (migraine headache, tension type headache, and mixed forms)","Primary headaches (migraine headache, tension type headache, and mixed forms)",Headache,Synonym - HP,http://purl.obolibrary.org/obo/HP_0002315,
1367,https://doi.org/10.1053/seiz.2000.0436,Acupuncture in intractable epilepsy: lack of effect on health-related quality of life,Intractable epilepsy,epilepsy,NOT FOUND,,,
1292,https://doi.org/10.1097/AJP.0b013e3181590d66,Acupuncture in Migraine Prevention A Randomized Sham Controlled Study With 6-months Posttreatment Follow-up,Migraine,Migraine,migraine disorder,Synonym - MONDO,http://purl.obolibrary.org/obo/MONDO_0005277,
327,https://doi.org/10.1111/j.1468-2982.2006.01062.x,Acupuncture in migraine prophylaxis: a randomized sham-controlled trial,Migraine,Migraine,migraine disorder,Synonym - MONDO,http://purl.obolibrary.org/obo/MONDO_0005277,
1694,https://doi.org/10.1142/S0192415X11008920,Acupuncture in Obstetrics and Gynecology: An Overview of Systematic Reviews,	- Hot flashes - Conception - Dysmenorrhea - Premenstrual syndrome - Nausea/vomiting - Breech presentation - Back pain during pregnancy - Procedural pain,"Hot flashes, Conception, Dysmenorrhea, Premenstrual syndrome, Nausea/vomiting, Breech presentation, Back pain, pregnancy, Procedural pain",NOT FOUND,,,
825,https://doi.org/10.1089/acm.2012.0719,Acupuncture in Patients Suffering from Allergic Asthma: Is It Worth Additional Costs?,Allergic bronchial asthma,asthma,NOT FOUND,,,
97,https://doi.org/10.1016/j.pain.2012.05.033,Acupuncture in patients with acute low back pain: A multicentre randomised controlled clinical trial,Acute nonspecific low back pain,Acute nonspecific low back pain,Low back pain,Exact - HP,http://purl.obolibrary.org/obo/HP_0003419,
854,https://doi.org/10.1016/S1081-1206(10)60294-3,Acupuncture in patients with allergic rhinitis: a pragmatic randomized trial,Allergic rhinitis,Allergic rhinitis,allergic rhinitis,Exact - MONDO,http://purl.obolibrary.org/obo/MONDO_0011786,
1358,https://doi.org/10.1097/AJP.0b013e318190511c,Acupuncture in Patients With Carpal Tunnel Syndrome A Randomized Controlled Trial,Carpal Tunnel Syndrome (CTS),Carpal Tunnel Syndrome (CTS),carpal tunnel syndrome,Exact - MONDO,http://purl.obolibrary.org/obo/MONDO_0007275,
106,https://doi.org/10.1001/archinte.166.4.450,Acupuncture in Patients With Chronic Low Back Pain A Randomized Controlled Trial,Chronic low back pain,Chronic low back pain,Low back pain,Exact - HP,http://purl.obolibrary.org/obo/HP_0003419,done:TCM
313,https://doi.org/10.1111/j.1468-2982.2008.01640.x,Acupuncture in patients with headache,Primary headache,Primary headache,Headache,Exact - HP,http://purl.obolibrary.org/obo/HP_0002315,
61,https://doi.org/10.1002/art.22154,"Acupuncture in Patients With Osteoarthritis of the Knee or Hip A Randomized, Controlled Trial With an Additional Nonrandomized Arm",Osteoarthritis (OA) of the knee or hip,Knee osteoarthritis and hip osteoarthritis,"Knee osteoarthritis, osteoarthritis, hip","Exact - HP, Synonym - MONDO","http://purl.obolibrary.org/obo/HP_0005086, http://purl.obolibrary.org/obo/MONDO_0006629",
71,https://doi.org/10.1016/S0140-6736(05)66871-7,Acupuncture in patients with osteoarthritis of the knee: a randomised trial,Osteoarthritis of the knee,Knee osteoarthritis,Knee osteoarthritis,Exact - HP,http://purl.obolibrary.org/obo/HP_0005086,
829,https://doi.org/10.7326/0003-4819-158-4-201302190-00002,Acupuncture in Patients With Seasonal Allergic Rhinitis,Seasonal Allergic Rhinitis,Seasonal Allergic Rhinitis,seasonal allergic rhinitis,Exact - MONDO,http://purl.obolibrary.org/obo/MONDO_0005324,
338,https://doi.org/10.1136/bmj.38512.405440.8F,Acupuncture in patients with tension-type headache: randomised controlled trial,Tension-type headache,Tension-type headache,Tension-type headache,Exact - HP,http://purl.obolibrary.org/obo/HP_0012228,
278,https://doi.org/10.1111/j.1365-2826.2007.01634.x,Acupuncture in Polycystic Ovary Syndrome: Current Experimental and Clinical Evidence,Polycystic ovary syndrome (PCOS),Polycystic ovary syndrome (PCOS),polycystic ovary syndrome,Exact - MONDO,http://purl.obolibrary.org/obo/MONDO_0008487,
1693,https://doi.org/10.3109/14767058.2013.845158,Acupuncture in post-date pregnancy: a pilot study,Prolonged pregnancy,pregnancy,NOT FOUND,,,
1017,https://doi.org/10.1016/j.jams.2013.04.005,Acupuncture in Preventing Postoperative Nausea and Vomiting: Efficacy of Two Acupuncture Points Versus a Single One,Postoperative nausea and vomiting,Postoperative nausea and vomiting,Nausea and vomiting,Exact - HP,http://purl.obolibrary.org/obo/HP_0002017,
1692,https://doi.org/10.1111/j.0954-6820.1986.tb02770.x,"Acupuncture in Severe, Stable Angina Pectoris: a Randomized Trial",Stable angina pectoris,Stable angina pectoris,Angina pectoris,Exact - HP,http://purl.obolibrary.org/obo/HP_0001681,
1559,https://doi.org/10.1016/S0965-2299(96)80087-2,Acupuncture in stroke recovery: a literature review,"Stroke (hemiplegia, paralysis)","Stroke (hemiplegia, paralysis)",stroke disorder,Synonym - MONDO,http://purl.obolibrary.org/obo/MONDO_0005098,
1093,https://doi.org/10.2522/ptj.20110138,Acupuncture in Subacute Stroke: No Benefits Detected,Subacute stroke,stroke,NOT FOUND,,,
1691,https://doi.org/10.1159/000315042,Acupuncture in Tension-Type Headache,Tension-Type Headache,Tension-Type Headache,Tension-type headache,Exact - HP,http://purl.obolibrary.org/obo/HP_0012228,
516,https://doi.org/10.1155/2012/309762,"Acupuncture in the Inpatient Acute Care Setting: A Pragmatic, Randomized Control Trial",Not specified (the study includes a variety of conditions without focusing on a single primary medical condition),Not specified (the study includes a variety of conditions without focusing on a single primary medical condition),,,,
132,https://doi.org/10.1097/00002508-200311000-00004,Acupuncture in the Management of Chronic Low Back Pain: A Blinded Randomized Controlled Trial,Chronic low back pain,Chronic low back pain,Low back pain,Exact - HP,http://purl.obolibrary.org/obo/HP_0003419,
714,https://doi.org/10.1034/j.1600-0412.2002.811008.x,Acupuncture in the management of pain in labor,Labor pain,Labor,NOT FOUND,,,
1035,https://doi.org/10.1136/aim.14.1.2,Acupuncture in the Management of Postoperative Nausea and Vomiting in Patients Receiving Morphine via a Patient Controlled Analgesia,Postoperative nausea and vomiting (PONV),Postoperative nausea and vomiting (PONV),Nausea and vomiting,Exact - HP,http://purl.obolibrary.org/obo/HP_0002017,
1228,https://doi.org/10.3109/00206099409071892,Acupuncture in the Management of Tinnitus: A Placebo-Controlled Study,Tinnitus (noise-induced),Tinnitus (noise-induced),tinnitus,Exact - MONDO,http://purl.obolibrary.org/obo/MONDO_0700322,
1036,https://doi.org/10.1111/j.1365-2044.1997.143-az0147.x,Acupuncture in the prevention of postoperative nausea and vomiting,Postoperative nausea or vomiting,Postoperative nausea or vomiting,Nausea,Exact - HP,http://purl.obolibrary.org/obo/HP_0002018,
303,https://doi.org/10.1046/j.1526-4610.2002.02203.x,Acupuncture in the Prophylactic Treatment of Migraine Without Aura: A Comparison with Flunarizine,Migraine without aura,Migraine without aura,migraine without aura,Exact - MONDO,http://purl.obolibrary.org/obo/MONDO_0100431,
1689,https://doi.org/10.1080/028134398750003386,Acupuncture in the prophylaxis of recurrent lower urinary tract infection in adult women,Recurrent lower urinary tract infection (UTI) in adult women,Recurrent lower urinary tract infection (UTI) in adult women,urinary tract infection,Exact - MONDO,http://purl.obolibrary.org/obo/MONDO_0100338,
967,https://doi.org/10.1080/1355621021000006017,"Acupuncture in the treatment of alcohol withdrawal symptoms: a randomized, placebo-controlled inpatient study",Alcohol withdrawal symptoms,Alcohol dependence,NOT FOUND,,,
564,https://doi.org/10.1177/1534735413520181,Acupuncture in the Treatment of Cancer-Related Psychological Symptoms,"Cancer-related psychological symptoms (depression, anxiety, sleep disturbance, quality of life)","cancer, depression, anxiety, sleep disturbance, quality of life",NOT FOUND,,,
1224,https://doi.org/10.1089/acm.2009.0062,Acupuncture in the Treatment of Diabetic Bladder Dysfunction,Diabetic bladder dysfunction (DBD),"bladder dysfunction, diabetes",NOT FOUND,,,
1231,https://doi.org/10.1530/acta.0.1240143,Acupuncture in the treatment of Graves' ophthalmopathy. A blinded randomized study,Graves' ophthalmopathy,Graves' ophthalmopathy,endocrine exophthalmos,Synonym - MONDO,http://purl.obolibrary.org/obo/MONDO_0001509,
1171,uri not found,Acupuncture in the Treatment of Hypertension: A Literature Review,Hypertension,Hypertension,Hypertension,Exact - HP,http://purl.obolibrary.org/obo/HP_0000822,
932,https://doi.org/10.1097/AJP.0b013e3181e2697e,Acupuncture in the Treatment of Pain in Temporomandibular Disorders: A Systematic Review and Meta-analysis of Randomized Controlled Trials,Temporomandibular Disorders (TMDs),Temporomandibular joint disorder (TMDs),temporomandibular joint disorder,Exact - MONDO,http://purl.obolibrary.org/obo/MONDO_0005473,
1441,uri not found,Acupuncture In The Treatment Of Patients With Chronic Obstructive Bronchitis: A Randomized Controlled Trial,Chronic Obstructive Bronchitis,Bronchitis,NOT FOUND,,,
1413,https://pubmed.ncbi.nlm.nih.gov/10427802.0/,Acupuncture in the treatment of posttraumatic pain syndrome,"Complex Regional Pain Syndrome (CRPS), also known as Reflex Sympathetic Dystrophy (RSD)","Complex Regional Pain Syndrome (CRPS), also known as Reflex Sympathetic Dystrophy (RSD)",complex regional pain syndrome,Exact - MONDO,http://purl.obolibrary.org/obo/MONDO_0019369,
294,https://doi.org/10.1038/sj.ijir.3901021,Acupuncture in the treatment of psychogenic erectile dysfunction: first results of a prospective randomized placebo-controlled study,Psychogenic Erectile Dysfunction,Erectile Dysfunction,NOT FOUND,,,
1688,https://doi.org/10.1016/s0022-5347(17)37121-5,Acupuncture in the treatment of renal colic,Renal colic,Renal colic,NOT FOUND,,,
67,https://doi.org/10.1186/1472-6882-7-35,Acupuncture in the treatment of rheumatoid arthritis: a double-blind controlled pilot study,Rheumatoid Arthritis (RA),Rheumatoid Arthritis (RA),rheumatoid arthritis,Exact - MONDO,http://purl.obolibrary.org/obo/MONDO_0008383,
1551,https://doi.org/10.1016/S0965-2299(96)80009-4,"Acupuncture in the treatment of stroke patients in the subacute stage: a randomized, controlled study",Stroke,Stroke,stroke disorder,Synonym - MONDO,http://purl.obolibrary.org/obo/MONDO_0005098,
210,https://doi.org/10.1007/s00405-014-3341-7,Acupuncture in the treatment of tinnitus: a systematic review and meta-analysis,Tinnitus,Tinnitus,tinnitus,Exact - MONDO,http://purl.obolibrary.org/obo/MONDO_0700322,
1411,https://doi.org/10.3109/00016359109005900,Acupuncture in treatment of facial muscular pain,Facial pain and headache of muscular origin; Craniomandibular disorders (CMD) of muscular origin,Facial pain and headache of muscular origin; Craniomandibular disorders (CMD) of muscular origin,Headache,Exact - HP,http://purl.obolibrary.org/obo/HP_0002315,
849,https://doi.org/10.1016/s0954-6111(98)90409-7,Acupuncture in treatment of stable asthma,Asthma,Asthma,asthma,Exact - MONDO,http://purl.obolibrary.org/obo/MONDO_0004979,
937,https://doi.org/10.1111/j.1365-2842.2005.01445.x,Acupuncture in xerostomia -a systematic review,Xerostomia,Xerostomia,Xerostomia,Exact - HP,http://purl.obolibrary.org/obo/HP_0000217,
184,https://doi.org/10.1054/jcaf.2002.129656,Acupuncture Inhibits Sympathetic Activation During Mental Stress in Advanced Heart Failure Patients,Heart Failure,Heart Failure,heart failure,Exact - MONDO,http://purl.obolibrary.org/obo/MONDO_0005252,
357,https://doi.org/10.1136/gut.35.8.1026,Acupuncture inhibits vagal gastric acid secretion stimulated by sham feeding in healthy subjects,Gastric acid secretion,Gastroesophageal reflux,NOT FOUND,,,
1058,https://doi.org/10.1142/S0192415X12500516,Acupuncture Intervention in Ischemic Stroke: A Randomized Controlled Prospective Study,Acute ischemic stroke,Acute ischemic stroke,ischemic stroke,Exact - MONDO,http://purl.obolibrary.org/obo/MONDO_1060198,
366,https://doi.org/10.1016/j.neulet.2010.08.016,Acupuncture is effective to attenuate stress and stimulate lymphocyte proliferation in the elderly,Not specified,Not specified,,,,
26,https://doi.org/10.1111/j.1460-9592.2009.03129.x,Acupuncture management of pain and emergence agitation in children after bilateral myringotomy and tympanostomy tube insertion,Postoperative pain and emergence agitation following bilateral myringotomy and tympanostomy tube (BMT) placement,Postoperative pain and emergence agitation following bilateral myringotomy and tympanostomy tube (BMT) placement,Pain,Exact - HP,http://purl.obolibrary.org/obo/HP_0012531,
1686,https://doi.org/10.1016/j.jebdp.2011.12.001,Acupuncture may be no more effective than sham acupuncture in treating temporomandibular joint disorders,Temporomandibular joint disorder (TMD),Temporomandibular joint disorder (TMD),temporomandibular joint disorder,Exact - MONDO,http://purl.obolibrary.org/obo/MONDO_0005473,
1542,uri not found,Acupuncture Medication Versus Medication Alone in Lowering Intracranial Pressure in Apoplectic Patients,Cerebral apoplexy with acute increase of intracranial pressure,Cerebral apoplexy,NOT FOUND,,,
42,https://doi.org/10.1038/srep06482,Acupuncture modulates cortical thickness and functional connectivity in knee osteoarthritis patients,Knee Osteoarthritis (OA),Knee Osteoarthritis (OA),Knee osteoarthritis,Exact - HP,http://purl.obolibrary.org/obo/HP_0005086,
328,https://doi.org/10.3310/hta8480,Acupuncture of chronic headache disorders in primary care: randomised controlled trial and economic analysis,"Chronic headache disorders, predominantly migraine","Chronic headache disorders, predominantly migraine",migraine disorder,Synonym - MONDO,http://purl.obolibrary.org/obo/MONDO_0005277,
1534,https://doi.org/10.1089/acu.2009.0709,Acupuncture of Motor Implicated Acupoints on Subacute Stroke Patients: An fMRI Evaluation Study,"Stroke (specifically, subacute ischemic stroke with motor impairment)","Stroke (specifically, subacute ischemic stroke with motor impairment)",stroke disorder,Synonym - MONDO,http://purl.obolibrary.org/obo/MONDO_0005098,
807,https://doi.org/10.1016/j.fertnstert.2005.08.070,"Acupuncture on the day of embryo transfer significantly improves the reproductive outcome in infertile women: a prospective, randomized trial",Infertility,Infertility,Infertility,Exact - HP,http://purl.obolibrary.org/obo/HP_0000789,done: TCM
816,https://doi.org/10.1016/j.rbmo.2010.03.029,Acupuncture on the day of embryo transfer: a randomized controlled trial of 635 patients,Infertility,Infertility,Infertility,Exact - HP,http://purl.obolibrary.org/obo/HP_0000789,
1685,https://doi.org/10.1089/acm.2012.0494,Acupuncture on Yintang Point Decreases Preoperative Anxiety,Preoperative anxiety,Preoperative anxiety,anxiety,Exact - MONDO,http://purl.obolibrary.org/obo/MONDO_0011918,
427,https://doi.org/10.1155/2013/493038,Acupuncture or Acupressure at the Sanyinjiao (SP6) Acupoint for the Treatment of Primary Dysmenorrhea: A Meta-Analysis,Primary dysmenorrhea,Primary dysmenorrhea,primary dysmenorrhea,Exact - MONDO,http://purl.obolibrary.org/obo/MONDO_1060206,
747,https://doi.org/10.1002/14651858.cd009232,Acupuncture or acupressure for pain management in labour,Pain associated with labor,Pain associated with labor,Pain,Exact - HP,http://purl.obolibrary.org/obo/HP_0012531,
533,https://doi.org/10.1016/S0254-6272(09)60001-7,Acupuncture plus Acupoint Injection for Treatment of Cervical Spondylosis of VertebroarterialType,Cervical spondylosis of vertebroarterial type,Cervical spondylosis of vertebroarterial type,Cervical spondylosis,Exact - HP,http://purl.obolibrary.org/obo/HP_0008480,
1573,uri not found,Acupuncture Plus Ear-point Press in Preventing Vomiting Induced by Chemotherapy with Cisplatin,Cancer (undergoing chemotherapy),Cancer (undergoing chemotherapy),cancer,Exact - MONDO,http://purl.obolibrary.org/obo/MONDO_0004992,
415,https://doi.org/10.1080/14767050410001668644,Acupuncture plus moxibustion to resolve breech presentation: a randomized controlled study,Breech presentation,Breech presentation,Breech presentation,Exact - HP,http://purl.obolibrary.org/obo/HP_0001623,
1477,https://pubmed.ncbi.nlm.nih.gov/16705847.0/,Acupuncture plus Point injection for 32 Cases of Obstinate Urticaria,Obstinate Urticaria,Urticaria,NOT FOUND,,,
386,https://doi.org/10.1006/nimg.2001.0798,Acupuncture Produces Central Activations in Pain Regions,Pain,Pain,Pain,Exact - HP,http://purl.obolibrary.org/obo/HP_0012531,
742,https://doi.org/10.1136/aim.2010.002394,"Acupuncture reduces crying in infants with infantile colic: a randomised, controlled, blind clinical study",Infantile colic,colic,NOT FOUND,,,
297,https://doi.org/10.1002/nau.10105,Acupuncture Reflexotherapy in the Treatment of Sensory Urgency That Persists After Transurethral Resection of the Prostate: A Preliminary Report,Sensory urgency persisting after transurethral resection of the prostate (TURP),Sensory urgency persisting after transurethral resection of the prostate,NOT FOUND,,,
1096,https://doi.org/10.1186/1471-2202-13-75,Acupuncture regulates the glucose metabolism in cerebral functional regions in chronic stage ischemic stroke patients-a PET-CT cerebral functional imaging study,Ischemic stroke,Ischemic stroke,ischemic stroke,Exact - MONDO,http://purl.obolibrary.org/obo/MONDO_1060198,
1684,https://doi.org/10.1016/j.breast.2012.07.015,"Acupuncture relieves menopausal discomfort in breast cancer patients: A prospective, double blinded, randomized study",Hot flashes and sleep disturbances in breast cancer patients,Hot flashes and sleep disturbances in breast cancer patients,"Hot flashes, sleep disorder","Exact - HP, Synonym - MONDO","http://purl.obolibrary.org/obo/HP_0031217, http://purl.obolibrary.org/obo/MONDO_0100081",
785,https://doi.org/10.1111/j.0001-6349.2004.0215.x,Acupuncture relieves pelvic and low-back pain in late pregnancy,Pelvic and low-back pain during late pregnancy,Pelvic pain and low back pain during late pregnancy,"Pelvic pain, Low back pain","Exact - HP, Exact - HP","http://purl.obolibrary.org/obo/HP_0034267, http://purl.obolibrary.org/obo/HP_0003419",
173,https://doi.org/10.7812/TPP/14-057,Acupuncture Safety in Patients Receiving Anticoagulants: A Systematic Review,Not specified (the paper focuses on the safety of acupuncture in patients receiving anticoagulants rather than a specific disease or condition),Not specified (the paper focuses on the safety of acupuncture in patients receiving anticoagulants rather than a specific disease or condition),,,,
1084,https://doi.org/10.1142/S0192415X09006990,"Acupuncture Stimulation Improves Balance Function in Stroke Patients: A Single-Blinded Controlled, Randomized Study",Stroke,Stroke,stroke disorder,Synonym - MONDO,http://purl.obolibrary.org/obo/MONDO_0005098,
487,https://doi.org/10.1177/1533317514536600,Acupuncture Stimulation of Taichong (Liv3) and Hegu (LI4) Modulates the Default Mode Network Activity in Alzheimer's Disease,Alzheimer's disease (AD),Alzheimer's disease (AD),Alzheimer disease,Exact - MONDO,http://purl.obolibrary.org/obo/MONDO_0004975,
157,https://doi.org/10.1308/003588410X12699663904196,Acupuncture therapy for chronic lower back pain: a systematic review,Low back pain,Low back pain,Low back pain,Exact - HP,http://purl.obolibrary.org/obo/HP_0003419,
1412,uri not found,Acupuncture Therapy for Chronic Pain A RANDOMIZED COMPARISON BETWEEN ACUPUNCTURE AND PSEUDO-ACUPUNCTURE WITH MINIMAL PERIPHERAL STIMULUS,"Chronic pain (including headaches, neck and shoulder pain, low back pain, arthritis, and osteoarthritis)","Chronic pain (including headaches, neck and shoulder pain, low back pain, arthritis, and osteoarthritis)",Chronic pain,Exact - HP,http://purl.obolibrary.org/obo/HP_0012532,
213,https://doi.org/10.1371/journal.pone.0125240,Acupuncture Therapy for Sudden Sensorineural Hearing Loss: A Systematic Review and Meta-Analysis of Randomized Controlled Trials,Sudden Sensorineural Hearing Loss (SSHL),Sudden Sensorineural Hearing Loss (SSHL),sudden sensorineural hearing loss,Exact - MONDO,http://purl.obolibrary.org/obo/MONDO_0043373,
671,https://doi.org/10.1097/MD.0000000000006064,Acupuncture therapy in the management of the clinical outcomes for temporomandibular disorders A PRISMA-compliant meta-analysis,Temporomandibular disorders (TMD),Temporomandibular joint disorder (TMD),temporomandibular joint disorder,Exact - MONDO,http://purl.obolibrary.org/obo/MONDO_0005473,
217,https://doi.org/10.1155/2015/143858,Acupuncture Therapy Is More Effective Than Artificial Tears for Dry Eye Syndrome: Evidence Based on a Meta-Analysis,Dry eye syndrome,Dry eye syndrome,dry eye syndrome,Exact - MONDO,http://purl.obolibrary.org/obo/MONDO_0006733,
1457,https://doi.org/10.1016/S1726-4901(07)70002-3,Acupuncture Therapy Results in Immediate Bronchodilating Effect in Asthma Patients,Asthma,Asthma,asthma,Exact - MONDO,http://purl.obolibrary.org/obo/MONDO_0004979,
1568,https://doi.org/10.1055/s-0028-1086039,Acupuncture to Alleviate Chemotherapy-induced Nausea and Vomiting in Pediatric Oncology — A Randomized Multicenter Crossover Pilot Trial,Cancer (solid malignant tumors) and chemotherapy induced nausea and vomiting,Cancer (solid malignant tumors) and chemotherapy induced nausea and vomiting,"cancer, Vomiting","Exact - MONDO, Exact - HP","http://purl.obolibrary.org/obo/MONDO_0004992, http://purl.obolibrary.org/obo/HP_0002013",
1403,https://doi.org/10.1097/AOG.0b013e31818b46bb,Acupuncture to Induce Labor A Randomized Controlled Trial,Postterm pregnancy and labor induction,Postterm pregnancy and labor induction,Postterm pregnancy,Exact - HP,http://purl.obolibrary.org/obo/HP_0031169,
715,https://doi.org/10.1080/14767050902906386,"Acupuncture to initiate labor (Acumoms 2): A randomized, sham-controlled clinical trial",Post-date pregnancy and labor initiation,labor,NOT FOUND,,,
690,https://doi.org/10.1155/2015/908538,Acupuncture to Reduce HIV-Associated Inflammation,HIV infection,HIV infection,HIV infectious disease,Synonym - MONDO,http://purl.obolibrary.org/obo/MONDO_0005109,
277,https://doi.org/10.1016/j.autneu.2010.03.013,Acupuncture to treat common reproductive health complaints: An overview of the evidence,"Menopause, Dysmenorrhea, PMS, PCOS, Menstrual-related symptoms","Menopause, Dysmenorrhea, PMS, PCOS, Menstrual-related symptoms","dysmenorrhea, polydactyly-myopia syndrome","Exact - MONDO, Synonym - MONDO","http://purl.obolibrary.org/obo/MONDO_1060205, http://purl.obolibrary.org/obo/MONDO_0008268",
783,https://doi.org/10.1046/j.1523-536x.2002.00149.x,Acupuncture To Treat Nausea and Vomiting in Early Pregnancy: A Randomized Controlled Trial,Nausea and vomiting in early pregnancy,Nausea and vomiting in early pregnancy,Nausea and vomiting,Exact - HP,http://purl.obolibrary.org/obo/HP_0002017,
194,https://doi.org/10.1155/2015/563236,Acupuncture to Treat Sleep Disorders in Postmenopausal Women: A Systematic Review,Insomnia and Obstructive Sleep Apnea Syndrome (OSAS),Insomnia and Obstructive Sleep Apnea Syndrome (OSAS),"insomnia, obstructive sleep apnea syndrome","Exact - MONDO, Exact - MONDO","http://purl.obolibrary.org/obo/MONDO_0013600, http://purl.obolibrary.org/obo/MONDO_0007147",
737,https://doi.org/10.1089/acm.2009.0714,Acupuncture Treatment as Breastfeeding Support: Preliminary Data,Insufficient milk production,milk production,NOT FOUND,,,
419,https://doi.org/10.1111/j.1471-0528.2002.01212.x,Acupuncture treatment during labour a randomised controlled trial,"Not specified (the paper focuses on acupuncture during labor, which is a natural process rather than a disease or condition)","Not specified (the paper focuses on acupuncture during labor, which is a natural process rather than a disease or condition)",,,,
1369,https://pubmed.ncbi.nlm.nih.gov/16334716.0/,Acupuncture Treatment for 15 Cases of Post traumatic Coma,Post traumatic Coma,Coma,NOT FOUND,,,
453,https://pubmed.ncbi.nlm.nih.gov/12747204.0/,Acupuncture Treatment for 157 Cases of Anxiety Neurosis,Anxiety neurosis,Anxiety and neurosis,anxiety,Exact - MONDO,http://purl.obolibrary.org/obo/MONDO_0011918,
888,https://pubmed.ncbi.nlm.nih.gov/11977515.0/,Acupuncture Treatment for 32 cases of Uremic Cutaneous Pruritus,Pruritus (itching),Pruritus (itching),Pruritus,Exact - HP,http://purl.obolibrary.org/obo/HP_0000989,
1531,https://pubmed.ncbi.nlm.nih.gov/17078439.0/,Acupuncture Treatment for 68 Cases of Functional Impairment Induced by Cerebral Hemorrhage at the Convalescence Stage,Cerebral hemorrhage (hypertension induced),Cerebral hemorrhage (hypertension induced),Cerebral hemorrhage,Exact - HP,http://purl.obolibrary.org/obo/HP_0001342,
1252,https://pubmed.ncbi.nlm.nih.gov/16447666.0/,Acupuncture Treatment for 76 Cases of Ulcerative Colitis,Ulcerative colitis,Ulcerative colitis,ulcerative colitis,Exact - MONDO,http://purl.obolibrary.org/obo/MONDO_0005101,
179,https://doi.org/10.1016/j.ijcard.2011.02.049,Acupuncture treatment for cardiac arrhythmias: A systematic review of randomized controlled trials,"Cardiac arrhythmias, including paroxysmal supraventricular tachycardia (PSVT), ventricular premature beat (VPB), atrial fibrillation (Af), sinus tachycardia (ST), and ventricular extrasytole (VE)","Cardiac arrhythmias, including paroxysmal supraventricular tachycardia (PSVT), ventricular premature beat (VPB), atrial fibrillation (Af), sinus tachycardia (ST), and ventricular extrasytole (VE)","Arrhythmia, atrial fibrillation, Sinus tachycardia","Synonym - HP, Exact - MONDO, Exact - HP","http://purl.obolibrary.org/obo/HP_0011675, http://purl.obolibrary.org/obo/MONDO_0004981, http://purl.obolibrary.org/obo/HP_0011703",
1256,https://doi.org/10.1159/000048847,Acupuncture Treatment for Irritable Bowel Syndrome A Double-Blind Controlled Study,Irritable Bowel Syndrome (IBS),Irritable Bowel Syndrome (IBS),irritable bowel syndrome,Exact - MONDO,http://purl.obolibrary.org/obo/MONDO_0005052,
1188,https://pubmed.ncbi.nlm.nih.gov/16447665.0/,Acupuncture Treatment for Multiple AortitisA Clinical Report of 40 Cases,Multiple Aortitis,Aortitis,NOT FOUND,,,
1393,uri not found,Acupuncture Treatment For Obesity: A Randomized Controlled Trial,Obesity,Obesity,obesity disorder,Synonym - MONDO,http://purl.obolibrary.org/obo/MONDO_0011122,
1591,https://doi.org/10.1016/j.jsat.2006.02.005,Acupuncture treatment for opiate addiction: A systematic review,Opiate dependence or Opiate addiction,Opiate dependence,opiate dependence,Exact - MONDO,http://purl.obolibrary.org/obo/MONDO_0005530,
749,https://doi.org/10.1136/bmj.a3115,"Acupuncture treatment for pain: systematic review of randomised clinical trials with acupuncture, placebo acupuncture, and no acupuncture groups","Pain (various conditions including knee osteoarthritis, tension type headache, migraine, low back pain, fibromyalgia, abdominal scar pain, postoperative pain, and procedural pain during colonoscopy)","Pain (various conditions including knee osteoarthritis, tension type headache, migraine, low back pain, fibromyalgia, abdominal scar pain, postoperative pain, and procedural pain during colonoscopy)",Pain,Exact - HP,http://purl.obolibrary.org/obo/HP_0012531,
226,https://doi.org/10.1093/ecam/nep186,Acupuncture Treatment for Plantar Fasciitis: A Randomized Controlled Trial with Six Months Follow-Up,Plantar fasciitis,Plantar fasciitis,plantar fasciitis,Exact - MONDO,http://purl.obolibrary.org/obo/MONDO_0004833,
1683,https://doi.org/10.1089/acu.2012.0913,Acupuncture Treatment for Premenstrual Syndrome,Premenstrual Syndrome (PMS),Premenstrual Syndrome (PMS),premenstrual tension,Synonym - MONDO,http://purl.obolibrary.org/obo/MONDO_0004169,
508,https://doi.org/10.1016/s0254-6272(09)60006-6,Acupuncture Treatment for Spontaneous Polyhidrosis,Spontaneous polyhidrosis,polyhidrosis,NOT FOUND,,,
1507,https://doi.org/10.1097/00002508-199009000-00009,Acupuncture Treatment in Epicondylalgia: A Comparative Study of Two Acupuncture Techniques,Lateral epicondylalgia (Tennis elbow),epicondylitis,NOT FOUND,,,
1248,https://doi.org/10.3748/wjg.v13.i25.3417,Acupuncture treatment in gastrointestinal diseases: A systematic review,	-irritable bowel syndrome (IBS) - Crohn's disease - Colitis ulcerosa - Functional dyspepsia - Diabetic gastroparesis - Chronic gastritis - Chronic constipation - Stomach carcinoma pain - Achalasia,"Irritable bowel syndrome, Crohn's disease, Colitis ulcerosa, Functional dyspepsia, Diabetic gastroparesis, Chronic gastritis, Chronic constipation, Stomach carcinoma pain, Achalasia",NOT FOUND,,,
222,https://doi.org/10.1111/j.1600-0420.2004.00254.x,Acupuncture treatment in patients with keratoconjunctivitis sicca: a pilot study,Keratoconjunctivitis sicca (KCS) or dry eye,Keratoconjunctivitis sicca (KCS) or dry eye,dry eye syndrome,Synonym - MONDO,http://purl.obolibrary.org/obo/MONDO_0006733,
1006,https://doi.org/10.2105/ajph.92.10.1609,Acupuncture Treatment in the Prevention of Uncomplicated Recurrent Lower Urinary Tract Infections in Adult Women,Acute lower urinary tract infections (UTIs),Acute lower urinary tract infections (UTIs),Recurrent urinary tract infections,Synonym - HP,http://purl.obolibrary.org/obo/HP_0000010,
1133,uri not found,Acupuncture Treatment of Acute Lumbar Sprain:A Controlled Study in 238 Patients,Acute lumbar sprain,"lumbar sprain, low back pain",NOT FOUND,,,
1682,https://doi.org/10.1111/j.1530-0277.1987.tb01310.x,Acupuncture Treatment of Alcoholic Recidivism: A Pilot Study,Alcoholism,Alcoholism,alcohol dependence,Synonym - MONDO,http://purl.obolibrary.org/obo/MONDO_0007079,
1308,uri not found,Acupuncture Treatment of Amenorrhea due to Medication: Clinical Observation of 117 Cases,Amenorrhea due to medication,Amenorrhea due to medication,amenorrhea,Exact - MONDO,http://purl.obolibrary.org/obo/MONDO_0001836,
1375,https://pubmed.ncbi.nlm.nih.gov/10921166.0/,Acupuncture Treatment of Bulbar PalsyA Report of 54 Cases,Bulbar palsy with cerebrovascular accident,Bulbar palsy with cerebrovascular accident,"Bulbar palsy, cerebrovascular disorder","Exact - HP, Synonym - MONDO","http://purl.obolibrary.org/obo/HP_0001283, http://purl.obolibrary.org/obo/MONDO_0011057",
142,https://doi.org/10.1016/0002-9343(83)91117-8,Acupuncture Treatment of Chronic Back Pain A Double-Blind Placebo-Controlled Trial,Chronic low back pain,Chronic low back pain,Low back pain,Exact - HP,http://purl.obolibrary.org/obo/HP_0003419,
1410,https://doi.org/10.1111/j.1526-4610.1983.hed2302066.x,Acupuncture Treatment of Chronic Facial Pain A Controlled Cross-over Trial,"Chronic facial pain (including atypical facial pain, atypical trigeminal neuralgia, and typical trigeminal neuralgia)","facial pain, trigeminal neuralgia",NOT FOUND,,,
141,https://doi.org/10.1016/s0304-3959(01)00444-4,"Acupuncture treatment of chronic low-back pain -a randomized, blinded, placebo-controlled trial with 9-month follow-up",Chronic low-back pain (LBP),Chronic low back pain (LBP),Low back pain,Exact - HP,http://purl.obolibrary.org/obo/HP_0003419,
1246,https://pubmed.ncbi.nlm.nih.gov/14719298.0/,Acupuncture Treatment of Chronic Superficial Gastritis by the Eight Methods of Intelligent Turtle,Chronic superficial gastritis,gastritis,NOT FOUND,,,
311,https://doi.org/10.1046/j.1468-2982.1985.0503137.x,Acupuncture treatment of chronic tension headache-a controlled cross-over trial,Chronic tension headache,headache,NOT FOUND,,,
606,https://pubmed.ncbi.nlm.nih.gov/12747200.0/,Acupuncture Treatment of Facial Paralysis Caused by Craniocerebral Trauma in 50 Cases,"Facial paralysis caused by craniocerebral trauma (cerebral contusion, intracranial hematoma)","Facial paralysis caused by craniocerebral trauma (cerebral contusion, intracranial hematoma)",facial paralysis,Exact - MONDO,http://purl.obolibrary.org/obo/MONDO_0001835,
456,https://pubmed.ncbi.nlm.nih.gov/17078438.0/,Acupuncture Treatment of GeneralizedAnxiety Disorder,Generalized Anxiety Disorder (GAD),Generalized Anxiety Disorder (GAD),generalized anxiety disorder,Exact - MONDO,http://purl.obolibrary.org/obo/MONDO_0001942,
1354,uri not found,Acupuncture Treatment of Geriatric Herpes Zoster: A Study of 40 Cases,Herpes zoster,Herpes zoster,herpes zoster,Exact - MONDO,http://purl.obolibrary.org/obo/MONDO_0005609,
1180,uri not found,Acupuncture Treatment of Hypertension,Hypertension,Hypertension,Hypertension,Exact - HP,http://purl.obolibrary.org/obo/HP_0000822,
1356,https://pubmed.ncbi.nlm.nih.gov/11263278.0/,Acupuncture Treatment of Parkinson's Disease A Report of 29 Cases,Parkinson's disease,Parkinson's disease,Parkinson disease,Exact - MONDO,http://purl.obolibrary.org/obo/MONDO_0005180,
757,https://doi.org/10.1089/acm.1999.5.521,Acupuncture Treatment of Patellofemoral Pain Syndrome,Patellofemoral pain syndrome,Patellofemoral pain syndrome,patellofemoral pain syndrome,Exact - MONDO,http://purl.obolibrary.org/obo/MONDO_0006894,
942,https://doi.org/10.1016/0964-1955(95)00085-2,Acupuncture Treatment of Patients Xerostomia with Radiation-induced,Xerostomia (radiation-induced),Xerostomia (radiation-induced),Xerostomia,Exact - HP,http://purl.obolibrary.org/obo/HP_0000217,
1130,https://doi.org/10.1111/j.1399-6576.1992.tb03511.x,Acupuncture treatment of severe knee osteoarthrosis. A long-term study,Osteoarthritis of the knee,Knee osteoarthritis,Knee osteoarthritis,Exact - HP,http://purl.obolibrary.org/obo/HP_0005086,
1391,https://pubmed.ncbi.nlm.nih.gov/16136932.0/,Acupuncture Treatment of Simple Obesity,Simple Obesity,Simple Obesity,obesity disorder,Synonym - MONDO,http://purl.obolibrary.org/obo/MONDO_0011122,
1221,uri not found,Acupuncture Treatment of Type II Diabetes Complicated with Cerebral Infarction: A Clinical Study,Type II Diabetes Complicated with Cerebral Infarction,Type II Diabetes Complicated with Cerebral Infarction,cerebral infarction,Exact - MONDO,http://purl.obolibrary.org/obo/MONDO_0002679,
326,https://doi.org/10.1136/jnnp.47.4.333,Acupuncture versus medical treatment for migraine and muscle tension headaches,Migraine and muscle tension headaches,Migraine and muscle tension headaches,migraine disorder,Synonym - MONDO,http://purl.obolibrary.org/obo/MONDO_0005277,
1260,https://doi.org/10.3736/jcim20100707,Acupuncture versus metoclopramide in treatment of postoperative gastroparesis syndrome in abdominal surgical patients: a randomized controlled trial,Postoperative gastroparesis syndrome (PGS),Postoperative gastroparesis syndrome (PGS),gastroparesis,Synonym - MONDO,http://purl.obolibrary.org/obo/MONDO_0006769,
1283,https://doi.org/10.1111/j.1365-2796.1994.tb01102.x,Acupuncture versus metoprolol in migraine prophylaxis: a randomized trial of trigger point inactivation,Migraine,Migraine,migraine disorder,Synonym - MONDO,http://purl.obolibrary.org/obo/MONDO_0005277,
1042,https://doi.org/10.1046/j.1365-2044.2001.02209.x,Acupuncture versus ondansetron in the prevention of postoperative vomiting A study of children undergoing dental surgery,Postoperative vomiting,Postoperative vomiting,Vomiting,Exact - HP,http://purl.obolibrary.org/obo/HP_0002013,
289,https://doi.org/10.1016/j.eururo.2011.01.019,"Acupuncture Versus Paroxetine for the Treatment of Premature Ejaculation: A Randomized, Placebo-Controlled Clinical Trial",Premature ejaculation (PE),Premature ejaculation (PE),premature ejaculation,Exact - MONDO,http://purl.obolibrary.org/obo/MONDO_0001780,
1427,https://pubmed.ncbi.nlm.nih.gov/16170293.0/,Acupuncture versus pharmacological approach to reduce Hyperemesis gravidarum discomfort,Hyperemesis gravidarum (HG),Hyperemesis gravidarum (HG),hyperemesis gravidarum,Exact - MONDO,http://purl.obolibrary.org/obo/MONDO_0006791,
542,https://doi.org/10.7326/0003-4819-141-12-200412210-00007,"Acupuncture versus Placebo for the Treatment of Chronic Mechanical Neck Pain A Randomized, Controlled Trial",Chronic Mechanical Neck Pain (associated with cervical spondylosis and osteoarthritis),"Neck Pain, spondylosis, osteoarthritis",NOT FOUND,,,
330,https://doi.org/10.1046/j.1365-2796.2003.01081.x,Acupuncture versus placebo versus sumatriptan for early treatment of migraine attacks: a randomized controlled trial,Migraine,Migraine,migraine disorder,Synonym - MONDO,http://purl.obolibrary.org/obo/MONDO_0005277,
998,https://doi.org/10.1159/000358202,"Acupuncture versus Solifenacin for Treatment of Overactive Bladder and Its Correlation with Urine Nerve Growth Factor Levels: A Randomized, Placebo-Controlled Clinical Trial",Overactive bladder (OAB),Overactive bladder (OAB),overactive bladder,Exact - MONDO,http://purl.obolibrary.org/obo/MONDO_0006624,
343,https://doi.org/10.1177/0333102411420585,Acupuncture versus topiramate in chronic migraine prophylaxis: A randomized clinical trial,Chronic Migraine (CM),Chronic Migraine (CM),migraine disorder,Synonym - MONDO,http://purl.obolibrary.org/obo/MONDO_0005277,
1018,https://doi.org/10.1136/acupmed-2014-010738,"Acupuncture versus usual care for postoperative nausea and vomiting in children after tonsillectomy/ adenoidectomy: a pragmatic, multicentre, double-blinded, randomised trial",Postoperative nausea and vomiting in children after tonsillectomy with or without adenoidectomy,Postoperative nausea and vomiting in children after tonsillectomy with or without adenoidectomy,Nausea and vomiting,Exact - HP,http://purl.obolibrary.org/obo/HP_0002017,
1680,https://pubmed.ncbi.nlm.nih.gov/23511357.0/,Acupuncture versus valproic acid in the prophylaxis of migraine without aura: a prospective controlled study,Migraine without aura,Migraine without aura,migraine without aura,Exact - MONDO,http://purl.obolibrary.org/obo/MONDO_0100431,
196,https://doi.org/10.1200/JCO.2009.23.5150,Acupuncture Versus Venlafaxine for the Management of Vasomotor Symptoms in Patients With Hormone Receptor-Positive Breast Cancer: A Randomized Controlled Trial,"Vasomotor symptoms (hot flashes, night sweats) secondary to antiestrogen hormone therapy in breast cancer patients","Vasomotor symptoms, hot flashes, night sweats, breast cancer",NOT FOUND,,,
1120,https://doi.org/10.1136/aim.24.Suppl.15,Acupuncture vs Streitberger needle in knee osteoarthritis — an RCT,Osteoarthritis of the knee,Knee osteoarthritis,Knee osteoarthritis,Exact - HP,http://purl.obolibrary.org/obo/HP_0005086,
733,https://doi.org/10.1186/1472-6882-14-187,Acupuncture with manual and electrical stimulation for labour pain: a longitudinal randomised controlled trial,Labour pain,labor,NOT FOUND,,,
1679,https://doi.org/10.3109/13697137.2010.484875,"Acupuncture-ameliorated menopausal symptoms: single-blind, placebo-controlled, randomized trial","Menopause and associated symptoms (hot flushes, etc.)","Menopause, hot flashes",NOT FOUND,,,
493,https://doi.org/10.1016/j.ctcp.2015.07.002,Acupuncture-induced changes of vagal function in patients with depression: A preliminary sham-controlled study with press needles,Depression,Depression,Depression,Exact - HP,http://purl.obolibrary.org/obo/HP_0000716,
771,https://doi.org/10.1155/2015/657809,Acupuncture-Point Stimulation for Postoperative Pain Control: A Systematic Review and Meta-Analysis of Randomized Controlled Trials,Postoperative pain,Postoperative pain,Pain,Exact - HP,http://purl.obolibrary.org/obo/HP_0012531,
638,https://doi.org/10.1089/acm.2016.0158,Acupuncture-Related Techniques for Psoriasis: A Systematic Review with Pairwise and Network Meta-Analyses of Randomized Controlled Trials,Psoriasis,Psoriasis,psoriasis,Exact - MONDO,http://purl.obolibrary.org/obo/MONDO_0005083,
1179,https://doi.org/10.1179/016164107X172220,"Acupuncture, a promising adjunctive therapy for essential hypertension: a double-bling, randomized, controlled trial",Hypertension,Hypertension,Hypertension,Exact - HP,http://purl.obolibrary.org/obo/HP_0000822,
482,https://doi.org/10.1136/bmjopen-2014-004964,"Acupuncture, counselling or usual care for depression and comorbid pain: secondary analysis of a randomised controlled trial",Depression with comorbid pain,Depression with comorbid pain,Depression,Exact - HP,http://purl.obolibrary.org/obo/HP_0000716,
509,https://doi.org/10.1016/0304-3959(79)90009-5,Acupuncture: An evaluation in the painful crises of sickle cell anaemia,Sickle cell anemia,Sickle cell anemia,NOT FOUND,,,
121,https://doi.org/10.12968/bjon.2002.11.21.10931,Acupuncture: evidence for its use in chronic low back pain,Chronic low back pain,Chronic low back pain,Low back pain,Exact - HP,http://purl.obolibrary.org/obo/HP_0003419,
207,https://doi.org/10.1111/j.1463-1326.2009.01192.x,Acupuncture: is it effective for treatment of insulin resistance?,Insulin resistance (IR),Insulin resistance (IR),Insulin resistance,Exact - HP,http://purl.obolibrary.org/obo/HP_0000855,
1585,uri not found,Acupuncture's Effects on Relieving Symptoms for Postradiation Cystitis and Prostatitis,Prostatitis and Radiation Cystitis,Prostatitis and Radiation Cystitis,"prostatitis, radiation cystitis","Exact - MONDO, Exact - MONDO","http://purl.obolibrary.org/obo/MONDO_0005280, http://purl.obolibrary.org/obo/MONDO_0004112",
1396,https://pubmed.ncbi.nlm.nih.gov/9123946.0/,Acupuncture/Acupressure for weight reduction? A systematic review,Obesity,Obesity,obesity disorder,Synonym - MONDO,http://purl.obolibrary.org/obo/MONDO_0011122,
1520,https://pubmed.ncbi.nlm.nih.gov/11199620.0/,Acupuncture/acupressure to treat gagging dental patients: A clinical study of anti gagging effects,Gag reflex,Gag reflex,NOT FOUND,,,
114,https://doi.org/10.1097/01.brs.0000252697.07214.65,Addition of Choice of Complementary Therapies to Usual Care for Acute Low Back Pain A Randomized Controlled Trial,Acute Low Back Pain (LBP),Acute Low Back Pain (LBP),Low back pain,Exact - HP,http://purl.obolibrary.org/obo/HP_0003419,
1091,https://doi.org/10.2340/16501977-0032,Additional therapeutic effects of electroacupuncture in conjunction with conventional rehabilitation for patients with first-ever ischaemic stroke,Ischaemic stroke,Ischaemic stroke,ischemic stroke,Synonym - MONDO,http://purl.obolibrary.org/obo/MONDO_1060198,
220,https://doi.org/10.1016/j.ophtha.2011.01.017,Adjunctive Effect of Acupuncture to Refractive Correction on Anisometropic Amblyopia One-Year Results of a Randomized Crossover Trial,Anisometropic amblyopia,Anisometropic amblyopia,NOT FOUND,,,
1129,https://doi.org/10.1159/000141929,Adjuvant Auricular Electroacupun cture and Autogenic Training in Rheumatoid Arthritis: A Randomized Controlled Trial Auricular Acupuncture and Autogenic Training in Rheumatoid Arthritis,Rheumatoid Arthritis (RA),Rheumatoid Arthritis (RA),rheumatoid arthritis,Exact - MONDO,http://purl.obolibrary.org/obo/MONDO_0008383,
886,https://pubmed.ncbi.nlm.nih.gov/11977526.0/,Advances in Experimental Studies on Treatment of Psoriasis by Traditional Chinese Medicine,Psoriasis,Psoriasis,psoriasis,Exact - MONDO,http://purl.obolibrary.org/obo/MONDO_0005083,
779,https://doi.org/10.1111/aogs.12587,Adverse event reporting in studies of penetrating acupuncture during pregnancy: a systematic review,	- Pelvic girdle pain - Low back pain - Nausea and vomiting - Dyspepsia - Depression - Insomnia,"Pelvic pain, Low back pain, Nausea, vomiting, Dyspepsia, Depression, Insomnia",NOT FOUND,,,
1517,https://doi.org/10.1080/08869634.1992.11677929,Adverse Events of Acupuncture and Occlusal Splint Therapy in the Treatment of Craniomandibular Disorders,Craniomandibular dysfunction (CMD),Craniomandibular dysfunction,NOT FOUND,,,
518,https://doi.org/10.7326/m15-0667,Alexander Technique Lessons or Acupuncture Sessions for Persons With Chronic Neck Pain A Randomized Trial,"Chronic, nonspecific neck pain","Chronic, nonspecific neck pain",Neck pain,Exact - HP,http://purl.obolibrary.org/obo/HP_0030833,
365,https://doi.org/10.1371/journal.pone.0039342,Altered Small-World Efficiency of Brain Functional Networks in Acupuncture at ST36: A Functional MRI Study,"Not specified (the study was conducted on healthy individuals, and no specific disease or condition is mentioned)","Not specified (the study was conducted on healthy individuals, and no specific disease or condition is mentioned)",,,,
134,https://doi.org/10.1186/1472-6882-10-74,An economic analysis of usual care and acupuncture collaborative treatment on chronic low back pain: A Markov model decision analysis,Chronic low back pain (LBP),Chronic low back pain (LBP),Low back pain,Exact - HP,http://purl.obolibrary.org/obo/HP_0003419,
1556,https://pubmed.ncbi.nlm.nih.gov/22875557.0/,"An Effectiveness Study Comparing Acupuncture, Physiotherapy, and Their Combination in Poststroke Rehabilitation: A Multicentered, Randomized, Controlled Clinical Trial",Stroke,Stroke,stroke disorder,Synonym - MONDO,http://purl.obolibrary.org/obo/MONDO_0005098,
1011,https://doi.org/10.1155/2014/592319,An Evaluation of Electroacupuncture at the Weizhong Acupoint (BL-40) as a Means of Relieving Pain Induced by Extracorporeal Shock Wave Lithotripsy,Urolithiasis (kidney stones),Urolithiasis (kidney stones),urolithiasis,Exact - MONDO,http://purl.obolibrary.org/obo/MONDO_0024647,
703,https://doi.org/10.1002/hbm.10098,An fMRI Study Comparing Brain Activation Between Word Generation and Electrical Stimulation of Language-Implicated Acupoints,Not specified (the paper focuses on language disorders but does not specify a particular Western medical condition or disease),Not specified (the paper focuses on language disorders but does not specify a particular Western medical condition or disease),,,,
361,https://doi.org/10.1155/2014/103491,An fMRI Study of Neuronal Specificity in Acupuncture: The Multiacupoint Siguan and Its Sham Point,Not specified (the paper mentions gastrointestinal and neurological disorders but does not specify a particular Western medical condition or disease),Not specified (the paper mentions gastrointestinal and neurological disorders but does not specify a particular Western medical condition or disease),,,,checked
1678,https://pubmed.ncbi.nlm.nih.gov/24445356.0/,An innovative acupuncture treatment for primary dysmenorrhea: a randomized cross over pilot study,Primary dysmenorrhea,Primary dysmenorrhea,primary dysmenorrhea,Exact - MONDO,http://purl.obolibrary.org/obo/MONDO_1060206,
483,https://doi.org/10.1016/j.ctcp.2010.05.013,An investigation into the effectiveness of traditional Chinese acupuncture (TCA) for chronic stress in adults: A randomised controlled pilot study,Chronic stress,stress,NOT FOUND,,,
1419,https://doi.org/10.1136/aim.15.2.74,An Investigation into the Possible Additive Effects of Acupuncture and Autogenic Relaxation in the Management of Chronic Pain,Chronic pain,Chronic pain,Chronic pain,Exact - HP,http://purl.obolibrary.org/obo/HP_0012532,
1527,https://pubmed.ncbi.nlm.nih.gov/16817264.0/,An Observation on the Acupuncture Treatment of Ischemic Wind Stroke with Different Lengths of Needle retaining Time,Ischemic wind stroke,ischemic stroke,NOT FOUND,,,
35,https://doi.org/10.1093/ecam/neh070,An Overview of Bee Venom Acupuncture in the Treatment of Arthritis,Rheumatoid Arthritis (RA) and Osteoarthritis (OA),Rheumatoid Arthritis (RA) and Osteoarthritis (OA),"rheumatoid arthritis, osteoarthritis","Exact - MONDO, Exact - MONDO","http://purl.obolibrary.org/obo/MONDO_0008383, http://purl.obolibrary.org/obo/MONDO_0005178",
1447,https://doi.org/10.1016/j.rmed.2004.05.005,An overview of two Cochrane systematic reviews of complementary treatments for chronic asthma: acupuncture and homeopathy,Asthma,Asthma,asthma,Exact - MONDO,http://purl.obolibrary.org/obo/MONDO_0004979,
1056,https://doi.org/10.1371/journal.pone.0114057,An Updated Meta-Analysis of the Efficacy and Safety of Acupuncture Treatment for Cerebral Infarction,Ischemic stroke,Ischemic stroke,ischemic stroke,Exact - MONDO,http://purl.obolibrary.org/obo/MONDO_1060198,
1677,https://pubmed.ncbi.nlm.nih.gov/19946394.0/,Analgesic effect of acupuncture needle penetration: a double blind crossover study,Not specified (the study focuses on pain management rather than a specific Western medical condition or disease),Not specified (the study focuses on pain management rather than a specific Western medical condition or disease),,,,
582,https://doi.org/10.1200/JCO.2003.09.011,"Analgesic Effect of Auricular Acupuncture for Cancer Pain: A Randomized, Blinded, Controlled Trial",Neuropathic pain in cancer patients,Neuropathic pain in cancer patients,Neuropathic pain,Exact - HP,http://purl.obolibrary.org/obo/HP_6000040,
17,https://doi.org/10.1016/j.athoracsur.2005.12.064,Analgesic Effect of Electroacupuncture in Postthoracotomy Pain: A Prospective Randomized Trial,Non-small cell lung carcinoma,Non-small cell lung carcinoma,non-small cell lung carcinoma,Exact - MONDO,http://purl.obolibrary.org/obo/MONDO_0005233,
917,https://doi.org/10.1142/S0192415X14500815,Analgesic Effect of Manual Acupuncture and Laser Acupuncture for Lateral Epicondylalgia: A Systematic Review and Meta-Analysis,Lateral epicondylalgia (Tennis elbow),epicondylitis,NOT FOUND,,,
1101,https://doi.org/10.3727/036012900816356172,Analgesic effects of acupuncture on pain after mandibular wisdom tooth extraction,Postoperative pain following mandibular wisdom tooth extraction,Postoperative pain following mandibular wisdom tooth extraction,Pain,Exact - HP,http://purl.obolibrary.org/obo/HP_0012531,
1848,https://doi.org/10.1155/2015/671242,Analysis and Thoughts about the Negative Results of International Clinical Trials on Acupuncture,	- Constipation - Chronic neuralgia - Infantile colic - Nausea and vomiting during delivery - Malposition - Lumbago and backache - Knee osteoarthritis - Knee joint pain of postmenopausal women - Emergency treatment - Irritable bowel syndrome - Woman health - Polycystic ovarian syndrome - Emesis - Low back pain - Smoking cessation - Atrial fibrillation - Postmenopausal symptoms and reproductive hormones - Cancer-related fatigue - Chronic low back pain - Migraine attacks - Obesity - Inner ear originated tinnitus - Bronchial asthma - Premature ejaculation - Osteoarthritis of the knee,	- Constipation - Chronic neuralgia - Infantile colic - Nausea and vomiting during delivery - Malposition - Lumbago and backache - Knee osteoarthritis - Knee joint pain of postmenopausal women - Emergency treatment - Irritable bowel syndrome - Woman health - Polycystic ovary syndrome - Emesis - Low back pain - Smoking cessation - Atrial fibrillation - Postmenopausal symptoms and reproductive hormones - Cancer-related fatigue - Chronic low back pain - Migraine attacks - Obesity - Inner ear originated tinnitus - Bronchial asthma - Premature ejaculation - Knee osteoarthritis,Vomiting,Exact - HP,http://purl.obolibrary.org/obo/HP_0002013,
654,https://doi.org/10.1016/j.jams.2017.09.001,Analysis of Evidence-Based Autism Symptoms Enhancement by Acupuncture,Autism Spectrum Disorder (ASD),Autism Spectrum Disorder (ASD),autism spectrum disorder,Exact - MONDO,http://purl.obolibrary.org/obo/MONDO_0005258,
541,https://doi.org/10.1007/s11655-009-0426-z,Analysis on the Effect of Acupuncture in Treating Cervical Spondylosis with Different Syndrome Types,Cervical spondylosis,Cervical spondylosis,Cervical spondylosis,Exact - HP,http://purl.obolibrary.org/obo/HP_0008480,
1032,https://doi.org/10.1111/j.1365-2044.1987.tb05180.x,Antiemetic studies with traditional Chinese acupuncture. A comparison of manual needling with electrical stimulation and commonly used antiemetics,Postoperative nausea and vomiting,Postoperative nausea and vomiting,Nausea and vomiting,Exact - HP,http://purl.obolibrary.org/obo/HP_0002017,
1094,https://doi.org/10.1142/S0192415X03001077,Antispastic Effect of Electroacupuncture and Moxibustion in Stroke Patients,Spasticity due to stroke,Spasticity due to stroke,Spasticity,Exact - HP,http://purl.obolibrary.org/obo/HP_0001257,
144,https://doi.org/10.1097/AJP.0b013e318193a6e1,"Applicability of Press Needles to a Double-blind Trial A Randomized, Double-blind, Placebo-controlled Trial",Low back pain (LBP),Low back pain (LBP),Low back pain,Exact - HP,http://purl.obolibrary.org/obo/HP_0003419,
1676,https://doi.org/10.1007/s11726-012-0564-2,Application of P300 in Scalp Acupuncture for Cognitive Disorder Due to Cerebral Infarction P300,Cognitive Disorder Due to Cerebral Infarction,Cognitive Disorder Due to Cerebral Infarction,cognitive disorder,Exact - MONDO,http://purl.obolibrary.org/obo/MONDO_0002039,
434,https://doi.org/10.1016/j.jams.2015.06.010,"As Acupressure Decreases Pain, Acupuncture May Improve Some Aspects of Quality of Life for Women with Primary Dysmenorrhea: A Systematic Review with Meta-Analysis",Primary dysmenorrhea,Primary dysmenorrhea,primary dysmenorrhea,Exact - MONDO,http://purl.obolibrary.org/obo/MONDO_1060206,
1275,uri not found,Ashi Point Massage Combined with Warming Needle Acupuncture in Treating 40 Cases of Cervicogenic Headache,Cervicogenic headache,headache,NOT FOUND,,,
1576,https://doi.org/10.1097/GME.0b013e31829374e8,Assessing Acupoint Stimulation in Reducing Pediatric Postoperative Nausea and Vomiting: A Systematic Review,Postoperative nausea and vomiting (PONV),Postoperative nausea and vomiting (PONV),Nausea and vomiting,Exact - HP,http://purl.obolibrary.org/obo/HP_0002017,
525,https://doi.org/10.1016/j.ctim.2010.11.005,Assessment of a traditional acupuncture therapy for chronic neck pain: A pilot randomised controlled study,Chronic neck pain,Chronic neck pain,Neck pain,Exact - HP,http://purl.obolibrary.org/obo/HP_0030833,
1675,https://doi.org/10.1089/107555302760253612,Assessment of Beliefs in the Effectiveness of Acupuncture for Treatment of Psychiatric Symptoms,Bipolar disorder,Bipolar disorder,bipolar disorder,Exact - MONDO,http://purl.obolibrary.org/obo/MONDO_0004985,
1674,https://doi.org/10.1016/j.cct.2003.10.016,Assessment of blinding in clinical trials,High cholesterol,High cholesterol,Hypercholesterolemia,Synonym - HP,http://purl.obolibrary.org/obo/HP_0003124,
403,https://doi.org/10.1136/acupmed-2016-011164,Associations between maternal characteristics and women's responses to acupuncture during labour: a secondary analysis from a randomised controlled trial,Labor pain,Labor,NOT FOUND,,,
1452,https://pubmed.ncbi.nlm.nih.gov/2878275.0/,Attenuation of exercise-induced asthma by acupuncture,Exercise induced asthma,Exercise induced asthma,asthma,Synonym - MONDO,http://purl.obolibrary.org/obo/MONDO_0004979,
981,https://doi.org/10.1016/j.jsat.2008.08.002,Auricular acupuncture as an adjunct to opiate detoxification treatment: Effects on withdrawal symptoms,Opiate dependence,Opiate dependence,opiate dependence,Exact - MONDO,http://purl.obolibrary.org/obo/MONDO_0005530,
951,https://doi.org/10.3109/10550499809034488,Auricular Acupuncture as an Adjunctive Treatment for Cocaine Addiction A Pilot Study,Cocaine dependence,Cocaine dependence,cocaine dependence,Exact - MONDO,http://purl.obolibrary.org/obo/MONDO_0005186,
938,https://doi.org/10.1007/s00784-011-0662-4,Auricular acupuncture effectively reduces state anxiety before dental treatment-a randomised controlled trial,Dental anxiety,Dental anxiety,anxiety,Exact - MONDO,http://purl.obolibrary.org/obo/MONDO_0011918,
467,https://doi.org/10.1089/acu.2014.1036,Auricular Acupuncture for Anxiety in Health Care Volunteers: Randomized Crossover Study Comparing Real and Sham Needles,Anxiety (state anxiety),Anxiety (state anxiety),anxiety,Exact - MONDO,http://purl.obolibrary.org/obo/MONDO_0011918,
953,https://doi.org/10.1186/1747-597X-7-48,Auricular acupuncture for chemically dependent pregnant women: a randomized controlled trial of the NADA protocol,Neonatal Abstinence Syndrome (NAS),Neonatal Abstinence Syndrome (NAS),neonatal abstinence syndrome,Exact - MONDO,http://purl.obolibrary.org/obo/MONDO_0005566,
956,https://doi.org/10.1002/14651858.CD005192.pub2,Auricular acupuncture for cocaine dependence,Cocaine dependence,Cocaine dependence,cocaine dependence,Exact - MONDO,http://purl.obolibrary.org/obo/MONDO_0005186,
463,https://doi.org/10.1213/01.ane.0000242531.12722.fd,Auricular Acupuncture for Dental Anxiety: A Randomized Controlled Trial,Dental Anxiety,Dental Anxiety,anxiety,Exact - MONDO,http://purl.obolibrary.org/obo/MONDO_0011918,
903,https://doi.org/10.1111/j.1742-1241.2008.01876.x,Auricular acupuncture for insomnia: a systematic review,Insomnia,Insomnia,insomnia,Exact - MONDO,http://purl.obolibrary.org/obo/MONDO_0013600,
740,https://doi.org/10.1093/ecam/neh097,Auricular Acupuncture for Pain Relief after Ambulatory Knee Arthroscopy-A Pilot Study,Post-operative pain after ambulatory knee arthroscopy,Post-operative pain after ambulatory knee arthroscopy,Pain,Exact - HP,http://purl.obolibrary.org/obo/HP_0012531,
744,https://doi.org/10.1503/cmaj.060875,Auricular acupuncture for pain relief after ambulatory knee surgery: a randomized trial,Postoperative pain after ambulatory knee surgery,Postoperative pain after ambulatory knee surgery,Pain,Exact - HP,http://purl.obolibrary.org/obo/HP_0012531,
16,https://doi.org/10.1016/j.pain.2004.08.021,Auricular acupuncture for pain relief after total hip arthroplasty - a randomized controlled study,Postoperative pain after total hip arthroplasty,Postoperative pain after total hip arthroplasty,Pain,Exact - HP,http://purl.obolibrary.org/obo/HP_0012531,
767,https://doi.org/10.1111/j.1365-2044.2008.05632.x,Auricular acupuncture for postoperative pain control: a systematic review of randomised clinical trials,Postoperative pain,Postoperative pain,Pain,Exact - HP,http://purl.obolibrary.org/obo/HP_0012531,
895,https://doi.org/10.7205/MILMED-D-14-00451,Auricular Acupuncture for Sleep Disturbance in Veterans With Post-Traumatic Stress Disorder: A Feasibility Study,Post-Traumatic Stress Disorder (PTSD) and Sleep Disturbance,Post-Traumatic Stress Disorder (PTSD) and Sleep Disturbance,"post-traumatic stress disorder, sleep disorder","Exact - MONDO, Synonym - MONDO","http://purl.obolibrary.org/obo/MONDO_0005146, http://purl.obolibrary.org/obo/MONDO_0100081",
755,https://doi.org/10.7205/milmed.171.10.1010,Auricular Acupuncture in the Treatment of Acute Pain Syndromes: A Pilot Study,Acute pain syndromes,Acute pain,NOT FOUND,,,
986,https://doi.org/10.1016/s0740-5472(98)00002-6,Auricular Acupuncture in the Treatment of Cocaine Abuse A Study of Efficacy and Dosing,Cocaine addiction,Cocaine dependence,cocaine dependence,Exact - MONDO,http://purl.obolibrary.org/obo/MONDO_0005186,
971,https://doi.org/10.1089/acm.2004.10.985,"Auricular Acupuncture in the Treatment of Cocaine/Crack Abuse: A Review of the Efficacy, the Use of the National Acupuncture Detoxification Association Protocol, and the Selection of Sham Points",Cocaine addiction or Cocaine dependence,Cocaine dependence,cocaine dependence,Exact - MONDO,http://purl.obolibrary.org/obo/MONDO_0005186,
13,https://doi.org/10.3727/036012906815844265,Auricular acupuncture reduces intraoperative fentanyl requirement during hip arthroplasty--a randomized double-blinded study,Degenerative osteoarthritis,osteoarthritis,NOT FOUND,,,
909,https://doi.org/10.1089/acm.2007.0544,Auricular Acupuncture Versus Sham Acupuncture in the Treatment of Women Who Have Insomnia,Insomnia,Insomnia,insomnia,Exact - MONDO,http://purl.obolibrary.org/obo/MONDO_0013600,
683,https://doi.org/10.1186/s12906-015-0606-7,Auricular acupuncture with seed or pellet attachments for primary insomnia: a systematic review and meta-analysis,Primary insomnia,Primary insomnia,insomnia,Exact - MONDO,http://purl.obolibrary.org/obo/MONDO_0013600,
1838,https://doi.org/10.2105/ajph.92.10.1642,"Auricular Acupuncture, Education, and Smoking Cessation: A Randomized, Sham-Controlled Trial",Smoking addiction and Cessation,Nicotine dependence,nicotine dependence,Exact - MONDO,http://purl.obolibrary.org/obo/MONDO_0008575,
1838,https://doi.org/10.5152/npa.2015.9887,"Auricular Acupuncture, Education, and Smoking Cessation: A Randomized, Sham-Controlled Trial",Nicotine addiction or Smoking cessation,Nicotine dependence,nicotine dependence,Exact - MONDO,http://purl.obolibrary.org/obo/MONDO_0008575,
499,https://doi.org/10.1097/00000539-200102000-00049,Auricular Acupuncture: A Potential Treatment for Anxiety,Anxiety,Anxiety,anxiety,Exact - MONDO,http://purl.obolibrary.org/obo/MONDO_0011918,
806,https://doi.org/10.1093/humrep/del110,Auricular electro-acupuncture as an additional perioperative analgesic method during oocyte aspiration in IVF treatment,Pain during oocyte aspiration in IVF treatment,Pain during oocyte aspiration in IVF treatment,Pain,Exact - HP,http://purl.obolibrary.org/obo/HP_0012531,
1242,https://pubmed.ncbi.nlm.nih.gov/11039005.0/,Auricular Plast er Therapy Plus Acupuncture at Zusanli for Postoperative Recovery of Intestinal Function,Postoperative gastrointestinal dysfunction,gastrointestinal dysfunction,NOT FOUND,,,
1485,uri not found,Auricular Point Sticking Combined with Acupuncture in the Treatment of 40 Patients with Insomnia,Insomnia,Insomnia,insomnia,Exact - MONDO,http://purl.obolibrary.org/obo/MONDO_0013600,
1673,https://doi.org/10.1089/acm.2009.0451,Auriculotherapy for Pain Management: A Systematic Review and Meta-Analysis of Randomized Controlled Trials,"Pain (perioperative, acute, chronic)","Pain (perioperative, acute, chronic)",Pain,Exact - HP,http://purl.obolibrary.org/obo/HP_0012531,
104,https://doi.org/10.1089/acu.2014.1025,Auriculotherapy Treatment Protocol for Low Back Pain: A Randomized Trial,Low back pain,Low back pain,Low back pain,Exact - HP,http://purl.obolibrary.org/obo/HP_0003419,
1184,uri not found,Back-Front Matching in Treating CHD,Coronary Heart Disease (CHD) Angina Pectoris,"Coronary Heart Disease, Angina Pectoris",NOT FOUND,,,
39,https://doi.org/10.1136/bmjopen-2014-006140,Bee venom acupuncture for rheumatoid arthritis: a systematic review of randomised clinical trials,Rheumatoid Arthritis (RA),Rheumatoid Arthritis (RA),rheumatoid arthritis,Exact - MONDO,http://purl.obolibrary.org/obo/MONDO_0008383,
65,uri not found,Bi Syndrome of the Knee Treated with Acupuncture with Patellofemoral Pain Syndrome As A Case,Patellofemoral Pain Syndrome,Patellofemoral Pain Syndrome,patellofemoral pain syndrome,Exact - MONDO,http://purl.obolibrary.org/obo/MONDO_0006894,
1566,uri not found,Bilateral Alternating Point Penetration Method for 25 Cases of Ischemic Stroke Hemiplegia,Ischemic stroke hemiplegia,"ischemic stroke, hemiplegia",NOT FOUND,,,
1515,https://doi.org/https://doi.org/10.1179/108331903225003190,"Biofeedback, Acupuncture and Transcutaneous Electric Nerve Stimulation in the Management of Temperomandibular Disorders: A Systematic Review",Temporomandibular disorders (TMD),Temporomandibular joint disorder (TMD),temporomandibular joint disorder,Exact - MONDO,http://purl.obolibrary.org/obo/MONDO_0005473,
1672,https://doi.org/10.3109/10601331003777444,Blinding assessment in clinical trials: A review of statistical methods and a proposal of blinding assessment protocol,Stroke,Stroke,stroke disorder,Synonym - MONDO,http://purl.obolibrary.org/obo/MONDO_0005098,
848,https://doi.org/10.1046/j.1365-2044.2001.02228.x,"Bloodletting acupuncture for the prevention of stridor in children after tracheal extubation: a randomised, controlled study",Stridor,Stridor,Stridor,Exact - HP,http://purl.obolibrary.org/obo/HP_0010307,
975,https://doi.org/10.1093/ecam/nem179,Body Acupuncture for Nicotine Withdrawal Symptoms: A Randomized Placebo-controlled Trial,Nicotine withdrawal symptoms,"Nicotine withdrawal symptoms, Nicotine dependence",nicotine dependence,Exact - MONDO,http://purl.obolibrary.org/obo/MONDO_0008575,
666,https://doi.org/10.1016/j.joim.2017.12.002,Brain functional connectivity network studies of acupuncture: a systematic review on resting-state fMRI,"	- Nervous system diseases: Stroke, Bell's palsy, Migraine, Mild cognitive impairment, Alzheimer's disease, Major depressive disorder - Motor system diseases: Carpal tunnel syndrome, Low-back pain, Chronic osteoarthritis - Other diseases: Functional dyspepsia, Hypertension, Overweight, Crohn's disease","	- Nervous system diseases: Stroke, Bell's palsy, Migraine, Mild cognitive impairment, Alzheimer's disease, Major depressive disorder - Motor system diseases: Carpal tunnel syndrome, low back pain, Chronic osteoarthritis - Other diseases: Functional dyspepsia, Hypertension, Overweight, Crohn's disease","migraine disorder, Cognitive impairment, Low back pain, Hypertension, Overweight","Synonym - MONDO, Exact - HP, Exact - HP, Exact - HP, Exact - HP","http://purl.obolibrary.org/obo/MONDO_0005277, http://purl.obolibrary.org/obo/HP_0100543, http://purl.obolibrary.org/obo/HP_0003419, http://purl.obolibrary.org/obo/HP_0000822, http://purl.obolibrary.org/obo/HP_0025502",
1460,https://doi.org/10.1378/chest.125.5.1783,"Can a Standardized Acupuncture Technique Palliate Disabling Breathlessness: A Single-Blind, Placebo-Controlled Crossover Study",Disabling breathlessness (primarily in patients with COPD),"breathlessness, COPD",NOT FOUND,,,
1169,https://doi.org/10.1089/acm.2011.0508,"Can Acupuncture Affect the Circadian Rhythm of Blood Pressure? A Randomized, Double-Blind, Controlled Trial",Hypertension,Hypertension,Hypertension,Exact - HP,http://purl.obolibrary.org/obo/HP_0000822,
1196,https://doi.org/10.1097/00004650-200311000-00004,Can Acupuncture Ease the Symptoms of Menopause?,Menopause,Menopause,NOT FOUND,,,
1043,https://doi.org/10.1177/014107689608900602,Can acupuncture have specific effects on health? A systematic review of acupuncture antiemesis trials,"Nausea and vomiting associated with surgery, cancer chemotherapy, and pregnancy (morning sickness)","Nausea and vomiting associated with surgery, cancer chemotherapy, and pregnancy (morning sickness)",Nausea and vomiting,Exact - HP,http://purl.obolibrary.org/obo/HP_0002017,
1506,https://doi.org/10.1136/aim.21.3.92,Can Acupuncture Reduce the Induction Time of a Local Anaesthetic? -A Pilot Study,	- Lateral epicondylitis - Patellar tendonitis - Plantar fasciitis - Frozen shoulder - Osteoarthritis,"epicondylitis, tendonitis, Plantar fasciitis, Frozen shoulder, Osteoarthritis",NOT FOUND,,,
1080,https://doi.org/10.1080/16501970510040362,Can electroacupuncture or transcutaneous nerve stimulation influence cognitive and emotional outcome after stroke?,Stroke,Stroke,stroke disorder,Synonym - MONDO,http://purl.obolibrary.org/obo/MONDO_0005098,
496,https://doi.org/10.1155/2014/329746,Can Tongue Acupuncture Enhance Body Acupuncture? First Results from Heart Rate Variability and Clinical Scores in Patients with Depression,Depression,Depression,Depression,Exact - HP,http://purl.obolibrary.org/obo/HP_0000716,
402,https://doi.org/10.1002/14651858.CD003928.pub3,Cephalic version by moxibustion for breech presentation,Breech presentation,Breech presentation,Breech presentation,Exact - HP,http://purl.obolibrary.org/obo/HP_0001623,
1873,https://doi.org/10.1007/s101030050048,Cerebral and peripheral effects of laserneedle stimulation,Not specified (the paper does not mention a specific disease or condition being studied),Not specified (the paper does not mention a specific disease or condition being studied),,,,
1382,https://doi.org/10.1179/016164103101202237,Cerebral and peripheral effects of laserneedle(R)-stimulation,Not specified (the paper does not mention a specific disease or condition being studied),Not specified (the paper does not mention a specific disease or condition being studied),,,,
1671,https://doi.org/10.1089/acm.2011.0308,Cerebrovascular Response in Migraineurs During Prophylactic Treatment with Acupuncture: A Randomized Controlled Trial,Migraine,Migraine,migraine disorder,Synonym - MONDO,http://purl.obolibrary.org/obo/MONDO_0005277,
702,https://doi.org/10.1016/s2005-2901(09)60028-5,Changes in Electrical Skin Resistance at Gallbladder 34 (GB34),"Not specified (the study focuses on ESR changes at an acupuncture point in healthy volunteers, not on a specific Western medical condition or disease)","Not specified (the study focuses on ESR changes at an acupuncture point in healthy volunteers, not on a specific Western medical condition or disease)",,,,
1065,https://doi.org/10.1016/j.jmpt.2014.06.003,"Changes in spasticity, widespread pressure pain sensitivity, and baropodometry after the application of dry needling in patients who have had a stroke: A randomized controlled trial",Poststroke spasticity,Poststroke spasticity,Spasticity,Exact - HP,http://purl.obolibrary.org/obo/HP_0001257,
1670,https://doi.org/10.1155/2016/9874207,Changes of Local Blood Flow in Response to Acupuncture Stimulation: A Systematic Review,"Fibromyalgia, Trapezius myalgia","Fibromyalgia, Trapezius myalgia",fibromyalgia,Exact - MONDO,http://purl.obolibrary.org/obo/MONDO_0005546,
877,https://doi.org/10.1002/14651858.CD008642.pub2,Chinese herbal medicine for atopic eczema,Atopic eczema,Atopic eczema,atopic eczema,Exact - MONDO,http://purl.obolibrary.org/obo/MONDO_0004980,
186,https://doi.org/10.1002/14651858.CD009023.pub2,Chinese herbal medicine for menopausal symptoms,Menopausal symptoms,Menopause,NOT FOUND,,,
178,https://doi.org/10.1016/j.ctim.2014.03.008,Chinese massage (Tuina) for the treatment of essential hypertension: A systematic review and meta-analysis,Essential Hypertension (EH),Essential Hypertension (EH),essential hypertension,Exact - MONDO,http://purl.obolibrary.org/obo/MONDO_0001134,
550,https://doi.org/10.1093/rheumatology/37.10.1118,Chronic neck pain: A comparison of acupuncture treatment and physiotherapy,Chronic neck pain,Chronic neck pain,Neck pain,Exact - HP,http://purl.obolibrary.org/obo/HP_0030833,
118,https://doi.org/10.1097/00007632-200307150-00003,"Chronic Spinal Pain A Randomized Clinical Trial Comparing Medication, Acupuncture, and Spinal Manipulation",Chronic spinal pain syndrome,back pain,NOT FOUND,,,
1139,https://doi.org/10.1016/s0161-4754(99)70082-5,"Chronic Spinal Pain Syndromes: A Clinical Pilot Trial Comparing Acupuncture, a Nonsteroidal Anti-inflammatory Drug, and Spinal Manipulation",Chronic spinal pain syndromes,"spinal pain, back pain",NOT FOUND,,,
337,https://doi.org/10.1111/j.1468-2982.2006.01209.x,"Chronic tension type headache treated with acupuncture, physical training and relaxation training. Between group differences",Chronic tension type headache (CTTH),Chronic tension type headache (CTTH),Tension-type headache,Exact - HP,http://purl.obolibrary.org/obo/HP_0012228,
1504,https://pubmed.ncbi.nlm.nih.gov/3853645.0/,Clinical analysis and experimental observation on acupuncture and moxibustion treatment of patellar tendon terminal disease in athletes,Patellar tendon terminal disease,Patellar tendon terminal disease,NOT FOUND,,,
997,https://pubmed.ncbi.nlm.nih.gov/15510795.0/,Clinical Analysis for the Acupuncture Treatment in 42 Cases of Gouty Renal Damage,Gouty renal damage,renal damage,NOT FOUND,,,
1373,uri not found,Clinical Analysis on Treatment of Parkinson's Disease by Acupuncture of the Main Points on The Governor Vessel Meridian,Parkinson's disease,Parkinson's disease,Parkinson disease,Exact - MONDO,http://purl.obolibrary.org/obo/MONDO_0005180,
1580,uri not found,CLINICAL AND EXPERIMENTAL RESEARCH ON THE ACUPUNCTURE TREATMENT OF UPPER URINARY TRACT CALCULI,Urinary calculi (kidney and ureter stones),Nephrolithiasis (kidney stones),NOT FOUND,,,
1213,uri not found,Clinical Comparison of Motor Conduction of Facial Nerve Branches: A Randomized Controlled Trial of Using Acupuncture to Treat Bell's Palsy,Bell's Palsy,Bell's Palsy,Bell's palsy,Exact - MONDO,http://purl.obolibrary.org/obo/MONDO_0005665,
1360,uri not found,Clinical Control Study of Different Acupuncture Therapies On Lateral Femoral Cutaneous Neuritis,Lateral femoral cutaneous neuritis (LFCN),neuritis,NOT FOUND,,,
1059,https://doi.org/10.1016/s0254-6272(15)30075-3,Clinical curative effect of electric acupuncture on acute cerebral infarction: a randomized controlled multicenter trial,Ischemic cerebral apoplexy (acute ischemic stroke),"Ischemic cerebral apoplexy, ischemic stroke",NOT FOUND,,,
1118,https://pubmed.ncbi.nlm.nih.gov/11452568.0/,Clinical decisions in the use of acupuncture as an adjunctive therapy for osteoarthritis of the knee,Osteoarthritis of the knee,Knee osteoarthritis,Knee osteoarthritis,Exact - HP,http://purl.obolibrary.org/obo/HP_0005086,
575,https://doi.org/10.1136/aim.2010.002733,Clinical effectiveness and safety of acupuncture in the treatment of irradiation-induced xerostomia in patients with head and neck cancer: a systematic review,Irradiation-induced xerostomia in patients with head and neck cancer (HNC),Irradiation-induced xerostomia in patients with head and neck cancer (HNC),Xerostomia,Exact - HP,http://purl.obolibrary.org/obo/HP_0000217,
589,https://doi.org/10.1097/MD.0000000000005836,Clinical effectiveness of acupuncture on Parkinson disease A PRISMA-compliant systematic review and meta-analysis,Parkinson's disease (PD),Parkinson's disease (PD),Parkinson disease,Exact - MONDO,http://purl.obolibrary.org/obo/MONDO_0005180,
94,https://doi.org/10.1016/s0254-6272(09)60003-0,Clinical effects of acupuncture after surgical operation in patients with prolapse of the lumbar intervertebral disc,Prolapse of the lumbar intervertebral disc (PLID),low back pain,NOT FOUND,,,
1218,https://doi.org/10.1016/s0254-6272(10)60003-9,Clinical Effects of Acupuncture for Diabetic Peripheral Neuropathy,Diabetic Peripheral Neuropathy,Diabetic Peripheral Neuropathy,peripheral neuropathy,Exact - MONDO,http://purl.obolibrary.org/obo/MONDO_0005244,
1068,https://doi.org/10.1089/acm.2011.0131,Clinical Effects of Scalp Electrical Acupuncture in Stroke: A Sham Controlled Randomized Clinical Trial,Chronic ischemic stroke,Chronic ischemic stroke,ischemic stroke,Exact - MONDO,http://purl.obolibrary.org/obo/MONDO_1060198,
1669,https://doi.org/10.1007/s11726-012-0566-0,Clinical Efficacy Observation of Scalp acupuncture based Therapy for Vascular Dementia,Vascular dementia (VD),Vascular dementia (VD),vascular dementia,Exact - MONDO,http://purl.obolibrary.org/obo/MONDO_0004648,
1668,https://link.springer.com/article/10.1007/s11655-011-0875-z,Clinical Evaluation of Soothing Gan (肝) and Invigorating Pi (脾) Acupuncture Treatment on Diarrhea predominant Irritable Bowel Syndrome,Diarrhea predominant irritable bowel syndrome (IBS D),"Diarrhea, irritable bowel syndrome",NOT FOUND,,,
1257,https://pubmed.ncbi.nlm.nih.gov/17710798.0/,Clinical Observat ion Clinical Research on Acupuncture and Moxibustion Treatment of | Chronic Atrophic Gastritis,Chronic atrophic gastritis,Chronic atrophic gastritis,chronic atrophic gastritis,Exact - MONDO,http://purl.obolibrary.org/obo/MONDO_0006665,
1198,uri not found,Clinical Observati on Acupuncture for Treatment of Climacteric SyndromeA Report of 35 Cases,Climacteric syndrome,Climacteric syndrome,NOT FOUND,,,
1219,https://pubmed.ncbi.nlm.nih.gov/15510787.0/,Clinical Observation Clinical Observation on Acupuncture Treatment in 35 Cases of Diabetic Gastroparesis,Diabetic Gastroparesis,Diabetic Gastroparesis,gastroparesis,Exact - MONDO,http://purl.obolibrary.org/obo/MONDO_0006769,
1148,https://doi.org/10.1007/s11726-010-0047-2,Clinical Observation of a Combination of Acupuncture and Drug Administration for Non specific Acute Lumbar Sprain,Non specific acute lumbar sprain,low back pain,NOT FOUND,,,
1390,uri not found,Clinical Observation of Acupuncture of the Back-Shu Points Along the Bladder Meridian of Foot-Taiyang for Females with Simple Obesity,Simple Obesity,Simple Obesity,obesity disorder,Synonym - MONDO,http://purl.obolibrary.org/obo/MONDO_0011122,
1347,uri not found,Clinical Observation of Auricular Acupuncture and Acupoint Injection Combined with Transdermal Fentanyl Application in the Treatment of Cancer Pain,Advanced cancer pain,cancer,NOT FOUND,,,
1667,uri not found,Clinical Observation of Combined Acupuncture and Herbs in Treating Chronic Pelvic Inflammation,Chronic Pelvic Inflammation,"inflammation, pelvic pain",NOT FOUND,,,
1110,uri not found,Clinical Observation of Du Meridian Moxibustion Combined with Acupuncture in Relieving Pain of Ankylosing Spondylitis,Ankylosing spondylitis (AS),Ankylosing spondylitis (AS),ankylosing spondylitis,Exact - MONDO,http://purl.obolibrary.org/obo/MONDO_0005306,
1880,https://doi.org/10.1007/s11726-009-0091-y,Clinical Observation of Nerve near Needling for Occipital Neuralgia,Occipital Neuralgia,Occipital Neuralgia,Occipital neuralgia,Exact - HP,http://purl.obolibrary.org/obo/HP_0012318,
1497,uri not found,Clinical Observation of the Treatment of 87 Cases of Insomnia with Acupuncture to Regulate the Yingiao and Yanggiao Channels,Insomnia,Insomnia,insomnia,Exact - MONDO,http://purl.obolibrary.org/obo/MONDO_0013600,
1532,https://pubmed.ncbi.nlm.nih.gov/12376307.0/,Clinical Observation of Treating 78 cases of Wind Stroke with Five Center Needling,Wind stroke,stroke,NOT FOUND,,,
1282,uri not found,Clinical Observation of Treating Migraine with Deep Needling at Point Fengchi,Migraine,Migraine,migraine disorder,Synonym - MONDO,http://purl.obolibrary.org/obo/MONDO_0005277,
1468,uri not found,Clinical Observation of Treatment of 89 Adhesive Capsulitis Cases with Ear pressing And Warming Acupuncture,Adhesive capsulitis (frozen shoulder and motionless shoulder),Adhesive capsulitis (frozen shoulder and motionless shoulder),frozen shoulder,Synonym - MONDO,http://purl.obolibrary.org/obo/MONDO_0006763,
1666,https://doi.org/10.1007/s11726-010-0428-6,Clinical Observation of Warm Acupuncture in Treating Diabetic Peripheral Neuropathy,Diabetic Peripheral Neuropathy,Diabetic Peripheral Neuropathy,peripheral neuropathy,Exact - MONDO,http://purl.obolibrary.org/obo/MONDO_0005244,
1536,https://pubmed.ncbi.nlm.nih.gov/17710801.0/,Clinical Observation on 30 Cases of Transient Cerebral Ischemia Attack Treated with Acupuncture and Medication,Transient cerebral ischemia attack,cerebral ischemia,NOT FOUND,,,
1264,https://pubmed.ncbi.nlm.nih.gov/11789327.0/,Clinical Observation on Abdominal Cluster Needling for Treatment of Chronic Annexitis,Chronic annexitis,Chronic annexitis,NOT FOUND,,,
1399,uri not found,Clinical Observation on Acupuncture and Moxibustion Combined with Mifepristone and Misoprostol for Terminating Early,Early pregnancy termination,"abortion, pregnancy, pregnancy termination",NOT FOUND,,,
1365,https://pubmed.ncbi.nlm.nih.gov/16941974.0/,Clinical Observation on Acupuncture Combined with Medicine for Treatment of Infantile Febrile Convulsion,Febrile convulsion,Febrile convulsion,Febrile seizure (within the age range of 3 months to 6 years),Synonym - HP,http://purl.obolibrary.org/obo/HP_0002373,
1276,https://doi.org/10.1007/s11726-011-0477-5,Clinical Observation on Acupuncture for Migrain,Migraine,Migraine,migraine disorder,Synonym - MONDO,http://purl.obolibrary.org/obo/MONDO_0005277,
1111,https://doi.org/10.1007/s11726-012-0628-3,Clinical Observation on Acupuncture moxibustion Therapy in Treating Ankylosing Spondylitis,Ankylosing Spondylitis (AS),Ankylosing Spondylitis (AS),ankylosing spondylitis,Exact - MONDO,http://purl.obolibrary.org/obo/MONDO_0005306,
1491,https://doi.org/10.1007/s11726-010-0433-9,Clinical Observation on Acupuncture plus Auricular Point Sticking in Treating Insomnia,Insomnia,Insomnia,insomnia,Exact - MONDO,http://purl.obolibrary.org/obo/MONDO_0013600,
1544,uri not found,Clinical observation on acupuncture therapy for cerebral hemorrhage,Cerebral hemorrhage,Cerebral hemorrhage,Cerebral hemorrhage,Exact - HP,http://purl.obolibrary.org/obo/HP_0001342,
232;1664,https://doi.org/10.1007/s11726-011-0506-4,Clinical Observation on Acupuncture Treating Functional Gastrointestinal Disorder after Gallstone Surgery,Functional gastrointestinal disorder after gallstone removal surgery,Functional gastrointestinal disorder after gallstone removal surgery,digestive system disorder,Synonym - MONDO,http://purl.obolibrary.org/obo/MONDO_0004335,
232;1664,uri not found,Clinical Observation on Acupuncture Treating Functional Gastrointestinal Disorder after Gallstone Surgery,Functional gastrointestinal disorder after gallstone removal surgery,Functional gastrointestinal disorder after gallstone removal surgery,digestive system disorder,Synonym - MONDO,http://purl.obolibrary.org/obo/MONDO_0004335,
1562,https://doi.org/10.1007/s11726-013-0669-2,Clinical Observation on Acupuncture Treatment for Cerebral Infarction Sequela,Cerebral infarction sequela,Cerebral infarction,NOT FOUND,,,
511,https://doi.org/10.1007/s11726-011-0500-x,Clinical Observation on Acupuncture Treatment of Alopecia Areata,Alopecia areata,Alopecia areata,alopecia areata,Exact - MONDO,http://purl.obolibrary.org/obo/MONDO_0005340,
449,https://pubmed.ncbi.nlm.nih.gov/17078447.0/,Clinical Observation on Acupuncture Treatment of Depressive Neurosis in 30 Cases,Depressive neurosis,Depressive neurosis,neurotic disorder,Synonym - MONDO,http://purl.obolibrary.org/obo/MONDO_0005379,
1883,https://doi.org/10.1016/s0254-6272(10)60006-4,Clinical Observation on Acupuncture Treatment of Intractable Insomnia,Intractable insomnia,insomnia,NOT FOUND,,,
528,https://pubmed.ncbi.nlm.nih.gov/17393625.0/,Clinical Observation on Cervical Spondylopathy of the Vertebroarterial Type Treated by Electro acupuncture,Cervical spondylopathy of the vertebroarterial type,Cervical spondylosis,NOT FOUND,,,
1442,https://doi.org/10.1007/BF02973152,Clinical Observation on Combination Therapy of Acupuncture and Chinese Herbal Medicine in Treating Vocal Cord Nodule,Vocal cord nodule (VCN),Vocal cord nodule,NOT FOUND,,,
1268;1795,https://doi.org/10.1007/s11726-011-0519-z,Clinical Observation on Combined Acupuncture and Herbs in Treating Impotence,Erectile Dysfunction,Erectile Dysfunction,erectile dysfunction,Exact - MONDO,http://purl.obolibrary.org/obo/MONDO_0005362,
1268;1795,https://doi.org/10.1007/s11726-011-0519-z,Clinical Observation on Combined Acupuncture and Herbs in Treating Impotence,Erectile dysfunction,Erectile dysfunction,erectile dysfunction,Exact - MONDO,http://purl.obolibrary.org/obo/MONDO_0005362,
1663,https://doi.org/10.1007/s11726-012-0562-4,Clinical Observation on Combined Acupuncture and Medicine in Treating Post stroke Depression,Post stroke depression (PSD),depression,NOT FOUND,,,
1238,https://doi.org/10.1007/s11726-009-0274-6,Clinical Observation on Combined Warming Needle and Patented Chinese Medicine for Irritable Bowel Syndrome,Irritable Bowel Syndrome (IBS),Irritable Bowel Syndrome (IBS),irritable bowel syndrome,Exact - MONDO,http://purl.obolibrary.org/obo/MONDO_0005052,
1662,https://doi.org/10.1007/s11726-013-0665-6,Clinical Observation on Combining Acupuncture and Eye Drops for Primary Open Angle Glaucoma,Primary Open Angle Glaucoma (POAG),Primary Open Angle Glaucoma (POAG),open-angle glaucoma,Synonym - MONDO,http://purl.obolibrary.org/obo/MONDO_0005338,
1305,https://pubmed.ncbi.nlm.nih.gov/9389098.0/,Clinical observation on correcting malposition of fetus by electroacupuncture,Malposition of fetus,Breech presentation,NOT FOUND,,,
1661,https://doi.org/10.1016/s0254-6272(13)60099-0,Clinical observation on effect of scalp electroacupuncture for mild cognitive impairment,Mild Cognitive Impairment (MCI),Mild Cognitive Impairment (MCI),Cognitive impairment,Exact - HP,http://purl.obolibrary.org/obo/HP_0100543,
423,https://pubmed.ncbi.nlm.nih.gov/17710804.0/,Clinical Observation on Electroacupuncture Treatment of 30 Cases of Chronic Hepatitis B,Chronic Hepatitis B,Chronic Hepatitis B,chronic hepatitis B virus infection,Synonym - MONDO,http://purl.obolibrary.org/obo/MONDO_0005366,
1558,uri not found,Clinical Observation on Fu's Subcutaneous Needling plus Electroacupuncture for Post-stroke Spastic Hemiplegia,Post stroke spastic hemiplegia,"stroke, hemiplegia",NOT FOUND,,,
1325,https://pubmed.ncbi.nlm.nih.gov/8196410.0/,Clinical observation on needling extrachannel points in treating mental depression,Mental Depression,Depression,Depression,Exact - HP,http://purl.obolibrary.org/obo/HP_0000716,
1660,https://doi.org/10.1016/S0254-6272(08)60043-6,Clinical Observation on Post-stroke Anxiety Neurosis Treated by Acupuncture,Post-stroke anxiety neurosis (PSAN),anxiety,NOT FOUND,,,
1220,https://pubmed.ncbi.nlm.nih.gov/16817274.0/,Clinical Observation on Senile Patients with Impaired Glucose Tolerance Treated by Point Application,Impaired glucose tolerance (IGT),Impaired glucose tolerance (IGT),Impaired glucose tolerance,Exact - HP,http://purl.obolibrary.org/obo/HP_0040270,
1584,https://doi.org/10.1007/s11655-011-0800-5,Clinical Observation on the Acupuncture Treatment in Patients with Urinary Retention after Radical Hysterectomy,Urinary retention after radical hysterectomy,Urinary retention after radical hysterectomy,Urinary retention,Exact - HP,http://purl.obolibrary.org/obo/HP_0000016,
1431,https://doi.org/10.1016/j.jad.2004.05.009,Clinical Observation on the Effects of Electroacupuncture at Shaoze (SI 1) in 46 Cases of Postpartum Insufficient Lactation,Postpartum insufficient lactation,lactation,NOT FOUND,,,
1464,https://doi.org/10.1007/s11726-010-0450-8,Clinical Observation on the Post stroke Shoulder Pain and Blood Viscosity Treated by Acupuncture moxibustion Therapy,Post stroke shoulder pain,shoulder pain,NOT FOUND,,,
1478,https://doi.org/10.1007/s11655-007-0219-1,Clinical Observation on the Treatment of Chloasma by Chinese Herbs Combined with Acupuncture,Chloasma,Chloasma,Melasma,Synonym - HP,http://purl.obolibrary.org/obo/HP_0025272,
1855,uri not found,Clinical Observation on the Treatment of Diabetic Gastroparesis with Acupuncture,Diabetic Gastroparesis,Diabetic Gastroparesis,gastroparesis,Exact - MONDO,http://purl.obolibrary.org/obo/MONDO_0006769,
1164;1163,uri not found,Clinical Observation on the Treatment of Relapsed Lumbar Disc Herniation after Disc Surgery by Acupuncture plus Medication,Acute lymphangitis,Acute lymphangitis,lymphangitis,Exact - MONDO,http://purl.obolibrary.org/obo/MONDO_0005832,
1164;1163,https://doi.org/10.1007/s11726-010-0436-6,Clinical Observation on the Treatment of Relapsed Lumbar Disc Herniation after Disc Surgery by Acupuncture plus Medication,Relapsed lumbar disc herniation after lumbar disc surgery,low back pain,NOT FOUND,,,
1553,https://pubmed.ncbi.nlm.nih.gov/17955649.0/,Clinical Observation on Therapeutic Effects of the Point Penetrating Method in Acupuncture Treatment of Spastic Hemiparalysis Due to Cerebrovascular Disorders,Spastic hemiparalysis due to cerebrovascular disorders (stroke),"hemiparalysis, stroke",NOT FOUND,,,
1657,https://doi.org/10.1007/s11726-009-0051-6,Clinical Observation on Treating Menopause Syndrome with Acupuncture Therapy,Menopause Syndrome,Menopause,NOT FOUND,,,
1232,https://pubmed.ncbi.nlm.nih.gov/14535181.0/,Clinical Observation on Treatment of Acquired Paralytic Strabismus by Acupuncture Plus Oral Administration of Chinese Herbs,Acquired paralytic strabismus,strabismus,NOT FOUND,,,
1371,https://pubmed.ncbi.nlm.nih.gov/16136936.0/,Clinical Observation on Treatment of Auditory Hallucinosis by Electroacupuncture A Report of 30 Cases,Auditory hallucinosis,hallucinosis,NOT FOUND,,,
598,https://doi.org/10.1007/s11655-013-1504-9,Clinical Observation on Treatment of Clearing the Governor Vessel and Refreshing the Mind Needling in,Cerebral Palsy,Cerebral Palsy,cerebral palsy,Exact - MONDO,http://purl.obolibrary.org/obo/MONDO_0006497,
1327,https://doi.org/10.1007/s11655-007-0228-0,Clinical Observation on Treatment of Depression by Electro-Acupuncture Combined with Paroxetine,Depression,Depression,Depression,Exact - HP,http://purl.obolibrary.org/obo/HP_0000716,
1057,https://pubmed.ncbi.nlm.nih.gov/17955651.0/,Clinical Observation on Treatment of Ischemic Apoplexy by Electroacupuncture plus Acupoint Injection,Ischemic apoplexy (cerebral infarction or lacunar cerebral infarction),"Ischemic apoplexy, cerebral infarction",NOT FOUND,,,
1115,https://doi.org/10.1007/s11726-009-0349-4,Clinical Observation on Treatment of Knee Osteoarthrit is by Warm Needling Method,Knee Osteoarthritis,Knee Osteoarthritis,Knee osteoarthritis,Exact - HP,http://purl.obolibrary.org/obo/HP_0005086,
1167,https://doi.org/10.1007/s11726-012-0609-6,Clinical Observation on Tuina plus Warm Needling Moxibustion for Lumbar Disc Herniation,Lumbar Disc Herniation,low back pain,NOT FOUND,,,
1245,https://pubmed.ncbi.nlm.nih.gov/16136930.0/,Clinical Observation Ulcerative Colitis Treated by Acupuncture at Jiaji Points (EX B2) and Tapping with Plum blossom Needle at Sanjiaoshu (BL22) and Dachangshu (BL 25)A Report of 43 Cases,Ulcerative colitis (UC),Ulcerative colitis (UC),ulcerative colitis,Exact - MONDO,http://purl.obolibrary.org/obo/MONDO_0005101,
34,https://doi.org/10.1016/s0254-6272(12)60009-0,Clinical Observations Acupuncture in Preterm Babies during Minor Painful Procedures,Not specified (the paper focuses on pain management during minor procedures in preterm neonates rather than a specific disease or condition),Not specified (the paper focuses on pain management during minor procedures in preterm neonates rather than a specific disease or condition),,,,
898,https://doi.org/10.1016/s0254-6272(10)60038-6,Clinical Observations Acupuncture plus Cupping for Treating Insomnia in College Students,Insomnia,Insomnia,insomnia,Exact - MONDO,http://purl.obolibrary.org/obo/MONDO_0013600,
1659,https://doi.org/10.1016/S0254-6272(11)60042-3,Clinical Observations Clinical Research of Acupuncture on Malignant Tumor Patients for Improving Depression and Sleep Quality,Depression and insomnia in malignant tumor patients,Depression and insomnia in malignant tumor patients,"Depression, insomnia","Exact - HP, Exact - MONDO","http://purl.obolibrary.org/obo/HP_0000716, http://purl.obolibrary.org/obo/MONDO_0013600",
1046,https://doi.org/10.1142/S0192415X03001156,Clinical Observations on Postoperative Vomiting Treated by Auricular Acupuncture,Postoperative nausea and vomiting (PONV),Postoperative nausea and vomiting (PONV),Nausea and vomiting,Exact - HP,http://purl.obolibrary.org/obo/HP_0002017,
1240,uri not found,Clinical Research of Stomach Three-needle Acupuncture in the Treatment of Postoperative Gastroparesis Syndrome,Postoperative gastroparesis syndrome (PGS),Postoperative gastroparesis syndrome (PGS),gastroparesis,Synonym - MONDO,http://purl.obolibrary.org/obo/MONDO_0006769,
1124,https://doi.org/10.1016/s0254-6272(09)60075-3,Clinical Research on Abdominal Acupuncture plus Conventional Acupuncture for Knee Osteoarthritis,Knee osteoarthritis,Knee osteoarthritis,Knee osteoarthritis,Exact - HP,http://purl.obolibrary.org/obo/HP_0005086,
1415,uri not found,Clinical Research on Improving VAS Value of Patients with Thalamic Pain with Mind-Regulating and Pain-Relieving Acupuncture,Thalamic pain caused by cerebrovascular diseases (infarction or hemorrhage),"Thalamic pain, cerebrovascular disease, infarction, hemorrhage",NOT FOUND,,,
1298,uri not found,Clinical Research on the Effect of Scalp Penetration Acupuncture Treating Exercise-Induced Fatigue,Exercise induced fatigue,fatigue,NOT FOUND,,,
1658,https://doi.org/10.1111/j.1440-1819.1998.tb03262.x,Clinical research on the therapeutic effect of the electro-acupuncture treatment in patients with depression,Depression,Depression,Depression,Exact - HP,http://purl.obolibrary.org/obo/HP_0000716,
1158,uri not found,Clinical Research on Treating Lumbar Disc Herniation with Acupuncture and Cupping Therapy,Lumbar disc herniation,"disc herniation, low back pain",NOT FOUND,,,
1535,uri not found,Clinical Research on Treatment of Premonitory Apoplexy with Electro-acupuncture of Head Points,Transient Ischemic Attack (TIA),Transient Ischemic Attack (TIA),transient ischemic attack,Exact - MONDO,http://purl.obolibrary.org/obo/MONDO_0005264,
1157,uri not found,Clinical studies on sciatica caused by intervertebral disc herniation with electroacupuncture or Diclofenac sodium treatment,Sciatica caused by intervertebral disc herniation,Sciatica caused by intervertebral disc herniation,sciatica,Exact - MONDO,http://purl.obolibrary.org/obo/MONDO_0024333,
286,https://pubmed.ncbi.nlm.nih.gov/16334718.0/,Clinical studies on treatment of chronic prostatitis with acupuncture and mild moxibustion,Chronic prostatitis,Chronic prostatitis,chronic prostatitis,Exact - MONDO,http://purl.obolibrary.org/obo/MONDO_0022103,
1472,https://doi.org/10.1185/03007998009112038,"Clinical study comparing acupuncture, physiotherapy, injection and oral anti inflammatory therapy in shoulder cuff lesions",Rotator cuff lesion,shoulder pain,NOT FOUND,,,
1656,https://doi.org/10.1185/03007998009112038,"Clinical study comparing acupuncture, physiotherapy, injection and oral anti-inflammatory therapy in shoulder-cuff lesions",Rotator-cuff lesion,shoulder pain,NOT FOUND,,,
430,https://doi.org/10.1007/s11726-011-0538-9,Clinical Study of Acupuncture and Moxibustion for Girls with Dysfunctional Uterine Bleeding,Dysfunctional uterine bleeding in adolescents,uterine bleeding,NOT FOUND,,,
1239,uri not found,Clinical Study of Acupuncture at Shangjuxu (ST37) in Treating Irritable Bowel Syndrome,"Irritable Bowel Syndrome (IBS), specifically diarrhea type","Irritable Bowel Syndrome (IBS), specifically diarrhea type",irritable bowel syndrome,Exact - MONDO,http://purl.obolibrary.org/obo/MONDO_0005052,
1332,uri not found,Clinical Study of Acupuncture Combined with Massage Method of Tongdu in Treating Neck Strain,Neck strain / Cervical strain,"Neck pain, Cervical pain",NOT FOUND,,,
1182,https://doi.org/10.1007/BF02934062,Clinical Study of Ambulatory Blood Pressure Monitoring Applied to The Evaluation of Acupuncture Treatment for Hypertension,Hypertension,Hypertension,Hypertension,Exact - HP,http://purl.obolibrary.org/obo/HP_0000822,
1583,uri not found,Clinical Study of Electroacupuncture Treatment of Senile Urge Urinary Incontinence,Senile Urge Urinary Incontinence,Urinary Incontinence,NOT FOUND,,,
1353,https://doi.org/10.3103/S1047197914010104,Clinical Study of Fire Needle in Alleviating Herpes Zoster Pain,Herpes zoster pain,Herpes zoster,NOT FOUND,,,
1310,uri not found,Clinical Study of Scalp Acupuncture with Extended Needle Retention at Scalp-Acupoints for Treatment of Vascular Dementia,Vascular Dementia,Vascular Dementia,vascular dementia,Exact - MONDO,http://purl.obolibrary.org/obo/MONDO_0004648,
1357,uri not found,Clinical Study of Yin-Yang Hu Ci Acupuncture Therapy for Epilepsy,Epilepsy,Epilepsy,epilepsy,Exact - MONDO,http://purl.obolibrary.org/obo/MONDO_0005027,
1488,uri not found,Clinical Study on Acupuncture and Daytime Wakefulness in Insomnia Patients,Insomnia,Insomnia,insomnia,Exact - MONDO,http://purl.obolibrary.org/obo/MONDO_0013600,
1882,https://doi.org/10.1007/s11726-009-0137-1,Clinical Study on Acupuncture and Ischemic Stroke,Ischemic Stroke,Ischemic Stroke,ischemic stroke,Exact - MONDO,http://purl.obolibrary.org/obo/MONDO_1060198,
1492,https://doi.org/10.1007/s11726-010-0023-x,Clinical Study on Acupuncture moxibustion Treatment for Insomnia in Heart spleen Deficiency,Insomnia,Insomnia,insomnia,Exact - MONDO,http://purl.obolibrary.org/obo/MONDO_0013600,
1493,https://doi.org/10.1007/s11726-010-0401-4,Clinical Study on Acupuncture plus Auricular Point Sticking for Insomnia,Insomnia,Insomnia,insomnia,Exact - MONDO,http://purl.obolibrary.org/obo/MONDO_0013600,
592,https://doi.org/10.1007/s11726-011-0478-4,Clinical Study on Acupuncture Treating Thalamic Pain,Thalamic pain syndrome,Thalamic pain,NOT FOUND,,,
1349,https://pubmed.ncbi.nlm.nih.gov/10437260.0/,Clinical study on acupuncture treatment of stomach carcinoma pain,Stomach carcinoma pain,cancer,NOT FOUND,,,
1850,https://doi.org/10.1007/s11726-013-0661-x,Clinical Study on Combined Acupuncture and Chinese Medicinal Fumigation for Dry Eye Syndrome,Dry Eye Syndrome (DES),Dry Eye Syndrome (DES),dry eye syndrome,Exact - MONDO,http://purl.obolibrary.org/obo/MONDO_0006733,
1653,uri not found,Clinical Study on Combined Acupuncture with Chinese Medicine for Infertility Due to Hydrosalpinx,Hydrosalpinx,Hydrosalpinx,hydrosalpinx,Exact - MONDO,http://purl.obolibrary.org/obo/MONDO_0600025,
1494,https://doi.org/10.1007/S11726-009-0210-9,Clinical Study on Combined Needle embedding and Medication for Depressive Sleep Disorder,Depressive sleep disorder,Depressive sleep disorder,sleep disorder,Exact - MONDO,http://purl.obolibrary.org/obo/MONDO_0100081,
1652,uri not found,Clinical Study on Deep Insertion at Tianshu (ST 25) for Colonic Slow Transit Constipation,Colonic slow transit constipation (STC),constipation,NOT FOUND,,,
1540,https://doi.org/10.1007/BF02935400,Clinical Study on Effect of Scalp Acupuncture in Treating Acute Cerebral Hemorrhage,Acute cerebral hemorrhage (ACH),Acute cerebral hemorrhage (ACH),Cerebral hemorrhage,Exact - HP,http://purl.obolibrary.org/obo/HP_0001342,
192;1874,https://doi.org/10.1007/s11726-011-0531-3,Clinical Study on Electroacupuncture for Perimenopause Syndrome,Perimenopausal syndrome (PMS),"Perimenopausal syndrome, menopause",NOT FOUND,,,
1600,https://doi.org/10.1007/s11726-009-0203-8,Clinical Study on Electroacupuncture for Post withdrawal Anxiety depression Mood in Heroin Addicts,Post withdrawal anxiety and depression,Post withdrawal anxiety and depression,Depression,Exact - HP,http://purl.obolibrary.org/obo/HP_0000716,
1651,https://doi.org/10.1007/s11726-010-0444-6,Clinical Study on Electroacupuncture Treatment for Post stroke Depression,Post stroke depression,depression,NOT FOUND,,,
429,https://doi.org/10.1007/s11726-011-0539-8,Clinical Study on Hydro acupuncture for Hypomenorrhea,Hypomenorrhea,Hypomenorrhea,NOT FOUND,,,
1543,uri not found,Clinical Study on the Needling and Drug Treatment of Acute Cerebral Hemorrhage,Acute Cerebral Hemorrhage,Acute Cerebral Hemorrhage,Cerebral hemorrhage,Exact - HP,http://purl.obolibrary.org/obo/HP_0001342,
248,https://doi.org/10.1007/s11655-010-0516-y,Clinical Study on the Treatment of Gastroesophageal Reflux by Acupuncture,Gastroesophageal Reflux (GER),Gastroesophageal Reflux (GER),Gastroesophageal reflux,Exact - HP,http://purl.obolibrary.org/obo/HP_0002020,
1649,https://doi.org/10.1007/s11655-011-0671-9,Clinical Study on the Treatment of Primary Dysmenorrhea with Preconditioning Acupuncture,Primary dysmenorrhea,Primary dysmenorrhea,primary dysmenorrhea,Exact - MONDO,http://purl.obolibrary.org/obo/MONDO_1060206,
993,https://doi.org/10.1007/s11726-011-0483-7,Clinical Study on the Treatment of Renal Colic by Body and Auricular Acupuncture,Renal colic,colic,NOT FOUND,,,
1866,https://doi.org/10.1016/s0254-6272(09)60009-1,Clinical Study on the Visceral Differentiation-Based Acupuncture Therapy for Insomnia,Insomnia,Insomnia,insomnia,Exact - MONDO,http://purl.obolibrary.org/obo/MONDO_0013600,
1223,https://pubmed.ncbi.nlm.nih.gov/16705843.0/,Clinical Study on the Wrist Ankle Acupuncture Treatment for 30 Cases of Diabetic Peripheral Neuritis,Diabetic Peripheral Neuritis,Diabetic Peripheral Neuritis,neuritis,Exact - MONDO,http://purl.obolibrary.org/obo/MONDO_0002122,
1483,https://pubmed.ncbi.nlm.nih.gov/14719295.0/,Clinical Study on Therapeutic Effect of Acupuncture on Behcet's Disease,Behcet's Disease,Behcet's Disease,Behcet disease,Exact - MONDO,http://purl.obolibrary.org/obo/MONDO_0007191,
1109,https://doi.org/10.1007/s11726-009-0354-7,Clinical Study on Treatment of Knee Osteoarthritis with Combined Acupuncture and Medication,Knee Osteoarthritis,Knee Osteoarthritis,Knee osteoarthritis,Exact - HP,http://purl.obolibrary.org/obo/HP_0005086,
1648,https://doi.org/10.1007/s11726-010-0445-5,Clinical Study on Treatment of Post stroke Depression by Scalp Acupuncture plus Body Acupuncture,Post stroke depression,depression,NOT FOUND,,,
1313,https://pubmed.ncbi.nlm.nih.gov/11498896.0/,Clinical Study on Treatment of Senile Vascular Dementia by Acupuncture,Senile vascular dementia,dementia,NOT FOUND,,,
1647,https://doi.org/10.1007/s11726-008-0024-1,Clinical Study on Treatment of Vascular Dementia with Scalp Acupuncture,Vascular Dementia,Vascular Dementia,vascular dementia,Exact - MONDO,http://purl.obolibrary.org/obo/MONDO_0004648,
255,https://doi.org/10.1111/j.1365-2036.2007.03520.x,Clinical trial: acupuncture vs. doubling the proton pump inhibitor dose in refractory heartburn,Gastro-oesophageal reflux disease (GERD),Gastroesophageal reflux,NOT FOUND,,,
1646,https://doi.org/10.1016/j.jclinepi.2014.02.021,Clinically meaningful nocebo effect occurs in acupuncture treatment: a systematic review,Low back pain and knee osteoarthritis,Low back pain and knee osteoarthritis,"Low back pain, Knee osteoarthritis","Exact - HP, Exact - HP","http://purl.obolibrary.org/obo/HP_0003419, http://purl.obolibrary.org/obo/HP_0005086",
574,https://doi.org/10.1002/14651858.CD007753.pub3,Cochrane Database of Systematic Reviews Acupuncture for cancer pain in adults (Review),Cancer-related pain,Cancer-related pain,Pain,Exact - HP,http://purl.obolibrary.org/obo/HP_0012531,
667,https://doi.org/10.1002/14651858.cd004046.pub4,Cochrane Database of Systematic Reviews Acupuncture for depression (Review),Depression,Depression,Depression,Exact - HP,http://purl.obolibrary.org/obo/HP_0000716,
261,https://doi.org/10.1002/14651858.CD007689.pub3,Cochrane Database of Systematic Reviews Acupuncture for polycystic ovarian syndrome (Review),Polycystic ovarian syndrome (PCOS),Polycystic ovary syndrome (PCOS),polycystic ovary syndrome,Exact - MONDO,http://purl.obolibrary.org/obo/MONDO_0008487,
689,https://doi.org/10.1002/14651858.CD002962.pub4,Cochrane Database of Systematic Reviews Acupuncture or acupressure for induction of labour (Review),Induction of labour,Induction of labour,NOT FOUND,,,
425,https://doi.org/10.1002/14651858.CD005288.pub2,Cochrane Database of Systematic Reviews Chinese herbal medicine for primary dysmenorrhoea (Review),Primary dysmenorrhoea (painful menstrual cramps of unknown cause),Primary dysmenorrhea,NOT FOUND,,,
552,https://doi.org/10.1002/14651858.cd009603.pub3,Cochrane Database of Systematic Reviews Interventions for the management of dry mouth: nonpharmacological interventions (Review),Xerostomia (dry mouth),Xerostomia (dry mouth),Xerostomia,Exact - HP,http://purl.obolibrary.org/obo/HP_0000217,
401,https://doi.org/10.1002/14651858.CD009234.pub2,Cochrane Database of Systematic Reviews Pain management for women in labour: an overview of systematic reviews (Review),Pain in labour,Pain in labour,Pain,Exact - HP,http://purl.obolibrary.org/obo/HP_0012531,
501,https://doi.org/10.1089/acm.2008.0607,"Combination of Acupuncture and Fluoxetine for Depression: A Randomized, Double-Blind, Sham-Controlled Trial",Major Depressive Disorder (MDD),Major Depressive Disorder (MDD),major depressive disorder,Exact - MONDO,http://purl.obolibrary.org/obo/MONDO_0002009,
885,https://doi.org/10.22040/ajcrtam.2017.24885,Combination of flying needle with Chinese Herbal Medicine in the treatment of Atopic dermatitis: A clinical trial,Atopic dermatitis,Atopic dermatitis,atopic eczema,Synonym - MONDO,http://purl.obolibrary.org/obo/MONDO_0004980,
190,https://doi.org/10.1007/s11726-011-0532-2,combined acupuncture moxibustion and psychotherapy for perimenopause syndrome,Perimenopausal syndrome,"Perimenopausal syndrome, menopause",NOT FOUND,,,
211,https://doi.org/10.1177/1545968314542616,Combined Central and Peripheral Stimulation for Treatment of Chronic Tinnitus: A Randomized Pilot Study,Tinnitus,Tinnitus,tinnitus,Exact - MONDO,http://purl.obolibrary.org/obo/MONDO_0700322,
588,https://pubmed.ncbi.nlm.nih.gov/8088198.0/,"Combined traditional Chinese medicine and Western medicine. Relieving effects of Chinese herbs, ear acupuncture and epidural morphine on postoperative pain in liver cancer.",postoperative pain in liver cancer,postoperative pain in liver cancer,Pain,Exact - HP,http://purl.obolibrary.org/obo/HP_0012531,
745,https://doi.org/10.1089/acm.2005.11.723,Commentary on Sood et al.: Cochrane Systematic Reviews in Acupuncture: Methodological Diversity in Database Searching,Not specified (the paper does not mention a specific disease or condition),Not specified (the paper does not mention a specific disease or condition),,,,should be removed from db: it's a commentary
138,https://doi.org/10.1016/j.spinee.2013.08.049,Comparative clinical effectiveness of management strategies for sciatica: systematic review and network meta-analyses,Sciatica,Sciatica,sciatica,Exact - MONDO,http://purl.obolibrary.org/obo/MONDO_0024333,
1329,uri not found,Comparative Clinical Study on the Treatment of Schizophrenia with Electroacupuncture and Reduced Doses of Antipsychotic Drugs,Schizophrenia,Schizophrenia,schizophrenia,Exact - MONDO,http://purl.obolibrary.org/obo/MONDO_0005090,
238,https://doi.org/10.1016/s0254-6272(15)30116-3,Comparative effect of electroacupuncture and moxibustion on the expression of substance P and vasoactive intestinal peptide in patients with irritable bowel syndrome,Irritable Bowel Syndrome (IBS) - specifically diarrhea-predominant (IBS-D) and constipation-predominant (IBS-C) types,"Irritable Bowel Syndrome, diarrhea, constipation",NOT FOUND,,,
155,https://doi.org/10.1097/BRS.0b013e31822ef878,"Comparative effectiveness of exercise, acupuncture, and spinal manipulation for low back pain",Chronic Low Back Pain (LBP),Chronic Low Back Pain (LBP),Low back pain,Exact - HP,http://purl.obolibrary.org/obo/HP_0003419,
1586,uri not found,Comparative Effects Acupuncture and Tolterodine on Decreasing Overactive Bladder Symptom Score on Overactive Bladder,Overactive Bladder,Overactive Bladder,overactive bladder,Exact - MONDO,http://purl.obolibrary.org/obo/MONDO_0006624,
387,https://doi.org/10.1016/0304-3959(76)90005-1,Comparative effects of acupuncture and transcutaneous stimulation on the perception of painful dental stimuli,Dental pain,Dental pain,Pain,Exact - HP,http://purl.obolibrary.org/obo/HP_0012531,
706,https://doi.org/10.1016/0304-3959(82)90133-6,Comparative Effects of Electroacupuncture and Transcutaneous Nerve Stimulation on the Human Blink Reflex,Not specified (the study focuses on physiological responses in healthy volunteers rather than a specific disease or condition),Not specified (the study focuses on physiological responses in healthy volunteers rather than a specific disease or condition),,,,
1104,https://doi.org/10.3727/036012985816714432,"Comparative Study of the Analgesic Effect of Transcutaneous Nerve Stimulation (TNS), Electroacupuncture (EA) and Meperidine in the Treatment of Postoperative Pain",Postoperative pain,Postoperative pain,Pain,Exact - HP,http://purl.obolibrary.org/obo/HP_0012531,
1317,https://doi.org/10.1007/s11655-007-0103-z,"Comparative Study of the Specificities of Needling Acupoints DU20, DU26 and HT7 in Intervening Vascular Dementia in Different Areas in the Brain on the Basis of Scale Assessment and Cerebral Functional Imaging",Vascular Dementia (VD),Vascular Dementia (VD),vascular dementia,Exact - MONDO,http://purl.obolibrary.org/obo/MONDO_0004648,
1319,uri not found,Comparative Study on Acupuncture Combined With Behavioral Desensitization for Treatment of Anxiety Neuroses,Anxiety neuroses,Anxiety,NOT FOUND,,,
1135,uri not found,Comparative Study on Acupuncture Needling Methods for Sciatica: Routine Needling vs. Point-to-Point Penetration and Deep Puncture,Sciatica,Sciatica,sciatica,Exact - MONDO,http://purl.obolibrary.org/obo/MONDO_0024333,
1126,https://doi.org/10.1007/BF02836525,Comparative Study on Treatment of Acute Gouty Arthritis by Electroacupuncture with Different Frequency,Acute Gouty Arthritis (AGA),Acute Gouty Arthritis (AGA),Gout,Synonym - HP,http://purl.obolibrary.org/obo/HP_0001997,
459,https://doi.org/10.1089/acu.2007.0534,Comparative Study Treating Attention Deficit/Hyperactivity Disorder (ADHD) Patients Using the New Multiphase Hand Acupuncture Microsystem and Koryo Hand Therapy System,Attention Deficit/Hyperactivity Disorder (ADHD),Attention Deficit/Hyperactivity Disorder (ADHD),attention deficit-hyperactivity disorder,Exact - MONDO,http://purl.obolibrary.org/obo/MONDO_0007743,
55,https://doi.org/10.1097/00002508-200405000-00008,"Comparison Between Electro-Acupuncture and Hydrotherapy, Both in Combination With Patient Education and Patient Education Alone, on the Symptomatic Treatment of Osteoarthritis of the Hip",Osteoarthritis of the hip,Osteoarthritis of the hip,osteoarthritis,Exact - MONDO,http://purl.obolibrary.org/obo/MONDO_0005178,
1474,https://doi.org/10.3727/036012901816355938,Comparison Between Superficial and Deep Acupuncture in the Treatment of the Shoulder's Myofascial Pain: A Randomized and Controlled Study,Shoulder myofascial pain,shoulder pain,NOT FOUND,,,
113,https://doi.org/10.1016/j.ctim.2010.11.002,Comparison between the effects of trigger point mesotherapy versus acupuncture points mesotherapy in the treatment of chronic low back pain: A short term randomized controlled trial,Chronic low back pain (CLBP),Chronic low back pain (CLBP),Low back pain,Exact - HP,http://purl.obolibrary.org/obo/HP_0003419,
754,https://doi.org/10.1111/j.1533-2500.2010.00396.x,Comparison of Acupuncture to Injection for Myofascial Trigger Point Pain,Myofascial pain syndrome,Myofascial pain syndrome,myofascial pain syndrome,Exact - MONDO,http://purl.obolibrary.org/obo/MONDO_0006862,
1548,uri not found,Comparison of effects of acupuncture on cerebral infarction in different parts,Acute cerebral infarction,Acute cerebral infarction,cerebral infarction,Exact - MONDO,http://purl.obolibrary.org/obo/MONDO_0002679,
1342,https://doi.org/10.1089/pho.2004.22.306,"Comparison of Laser, Dry Needling, and Placebo Laser Treatments in Myofascial Pain Syndrome",Myofascial Pain Syndrome (MPS),Myofascial Pain Syndrome (MPS),myofascial pain syndrome,Exact - MONDO,http://purl.obolibrary.org/obo/MONDO_0006862,
1336,https://doi.org/10.1097/AJP.0b013e3181b8cdc8,"Comparison of Miniscalpel-needle Release, Acupuncture Needling, and Stretching Exercise to Trigger Point in Myofascial Pain Syndrome",Myofascial pain syndrome (MPS),Myofascial pain syndrome (MPS),myofascial pain syndrome,Exact - MONDO,http://purl.obolibrary.org/obo/MONDO_0006862,
165,https://doi.org/10.1213/01.ANE.0000112312.94043.DF,Comparison of Percutaneous Electrical Nerve Stimulation with Transcutaneous Electrical Nerve Stimulation for Long-Term Pain Relief in Patients with Chronic Low Back Pain,Chronic Low Back Pain (LBP),Chronic Low Back Pain (LBP),Low back pain,Exact - HP,http://purl.obolibrary.org/obo/HP_0003419,
1289,https://pubmed.ncbi.nlm.nih.gov/11038990.0/,Comparison of Pharmacological Treatment Versus Acupuncture Treatment for Migraine Without AuraAnalysis of Socio medical Parameters,Migraine without aura,Migraine without aura,migraine without aura,Exact - MONDO,http://purl.obolibrary.org/obo/MONDO_0100431,
1440,https://doi.org/10.1378/chest.96.1.102,Comparison of Real and Placebo Acupuncture in Histamine-Induced Asthma A Double-Blind Crossover Study,Asthma,Asthma,asthma,Exact - MONDO,http://purl.obolibrary.org/obo/MONDO_0004979,
1453,https://pubmed.ncbi.nlm.nih.gov/339785.0/,Comparison of real and simulated acupuncture and isoproterenol in methacholine-induced asthma,Bronchial Asthma,Asthma,NOT FOUND,,,
108,https://doi.org/10.1097/00002508-200205000-00003,Comparison of Superficial and Deep Acupuncture in the Treatment of Lumbar Myofascial Pain: A Double-Blind Randomized Controlled Study,Chronic lumbar myofascial pain,low back pain,NOT FOUND,,,
90,https://doi.org/10.1177/0269215507082738,Comparison of the effect of two types of acupuncture on quality of life in secondary progressive multiple sclerosis: a preliminary single-blind randomized controlled trial,Secondary progressive multiple sclerosis (SPMS),Secondary progressive multiple sclerosis (SPMS),secondary progressive multiple sclerosis,Exact - MONDO,http://purl.obolibrary.org/obo/MONDO_0000450,
1509,https://doi.org/10.3727/036012902816026040,Comparison of the Effectiveness Between Manual Acupuncture and Electroacupuncture on Patients With Tennis Elbow,Tennis Elbow (Lateral Epicondylitis),Lateral Epicondylitis,epicondylitis,Synonym - MONDO,http://purl.obolibrary.org/obo/MONDO_0001875,
127,https://doi.org/10.1136/aim.2009.001164,Comparison of the effectiveness of acupuncture treatment and local anaesthetic injection for low back pain: a randomised controlled clinical trial,Low back pain,Low back pain,Low back pain,Exact - HP,http://purl.obolibrary.org/obo/HP_0003419,
68,https://doi.org/10.1136/aim.2008.000067,Comparison of the effectiveness of six and two acupuncture point regimens in osteoarthritis of the knee: a randomised trial,Osteoarthritis of the knee,Knee osteoarthritis,Knee osteoarthritis,Exact - HP,http://purl.obolibrary.org/obo/HP_0005086,
1645,https://doi.org/10.1016/j.jams.2016.06.002,"Comparison of the Effects of Manual Acupuncture, Laser Acupuncture, and Electromagnetic Field Stimulation at Acupuncture Point BL15 on Heart Rate Variability",Cardiac disorders (coronary heart disease and acute myocardial ischemia),"Cardiac disorder, coronary heart disease, acute myocardial ischemia",NOT FOUND,,,
996,https://doi.org/10.1016/j.ajem.2015.02.033,"Comparison of the efficacy of diclofenac, acupuncture, and acetaminophen in the treatment of renal colic",Renal colic due to urolithiasis,urolithiasis,NOT FOUND,,,
356,https://doi.org/10.1186/s12906-016-1477-2,Comparison of the placebo effect between different non-penetrating acupuncture devices and real acupuncture in healthy subjects: a randomized clinical trial,Not specified (the study focuses on evaluating placebo acupuncture methods in healthy subjects rather than treating a specific disease or condition),Not specified (the study focuses on evaluating placebo acupuncture methods in healthy subjects rather than treating a specific disease or condition),,,,
1644,https://doi.org/10.2519/jospt.2014.5229,Comparison of the Short-Term Outcomes Between Trigger Point Dry Needling and Trigger Point Manual Therapy for the Management of Chronic Mechanical Neck Pain: A Randomized Clinical Trial,Neck pain,Neck pain,Neck pain,Exact - HP,http://purl.obolibrary.org/obo/HP_0030833,
863,https://doi.org/10.1177/0269215512448388,Comparison of the therapeutic effects of ultrasound-guided platelet-rich plasma injection and dry needling in rotator cuff disease: a randomized controlled trial,"Rotator cuff disease (specifically, supraspinatus tendon lesions including tendinosis and partial tears less than 1.0 cm)",shoulder pain,NOT FOUND,,,
836,https://doi.org/10.1016/j.ctim.2005.01.002,"Comparison of traditional Chinese acupuncture, minimal acupuncture at non acupoints and conventional treatment for chronic sinusitis ଝ",Chronic sinusitis,Chronic sinusitis,chronic rhinosinusitis,Synonym - MONDO,http://purl.obolibrary.org/obo/MONDO_0006031,
699,https://doi.org/10.1136/aim.21.4.133,Comparison of Transient Heart Rate Reduction Associated with Acupuncture Stimulation in Supine and Sitting Subjects,Not specified (the study focuses on physiological responses in healthy subjects rather than a specific disease or condition),Not specified (the study focuses on physiological responses in healthy subjects rather than a specific disease or condition),,,,
717,https://doi.org/10.5505/agri.2016.38991,Comparison of two different dry-needling techniques in the treatment of myofascial pain syndrome İki farklı kuru iğneleme tekniğinin miyofasial,Myofascial Pain Syndrome (MPS),Myofascial Pain Syndrome (MPS),myofascial pain syndrome,Exact - MONDO,http://purl.obolibrary.org/obo/MONDO_0006862,
1105,https://doi.org/10.1142/s0192415x81000305,Comparison Study Between Acupuncture and Pentazocine Analgesic and Respiratory Post-operative Effects,Uterine fibromatosis,Uterine fibromatosis,NOT FOUND,,,
51,https://doi.org/10.1016/j.knee.2013.12.002,Comparison the effect of lateral wedge insole and acupuncture in medial compartment knee osteoarthritis: A randomized controlled trial,Knee osteoarthritis (OA),Knee osteoarthritis (OA),Knee osteoarthritis,Exact - HP,http://purl.obolibrary.org/obo/HP_0005086,
879,https://doi.org/10.1007/s40257-016-0209-1,Complementary and Alternative Medicine for Atopic Dermatitis: An Evidence-Based Review,Atopic dermatitis (AD),Atopic dermatitis (AD),atopic eczema,Synonym - MONDO,http://purl.obolibrary.org/obo/MONDO_0004980,
1095,https://doi.org/10.1161/STROKEAHA.109.555227,Complex Traditional Chinese Medicine for Poststroke Motor Dysfunction A Systematic Review,Stroke,Stroke,stroke disorder,Synonym - MONDO,http://purl.obolibrary.org/obo/MONDO_0005098,
254,https://doi.org/10.1136/bmj.39524.439618.25,Components of placebo effect: randomised controlled trial in patients with irritable bowel syndrome,Irritable Bowel Syndrome (IBS),Irritable Bowel Syndrome (IBS),irritable bowel syndrome,Exact - MONDO,http://purl.obolibrary.org/obo/MONDO_0005052,
1082,https://doi.org/10.1186/1472-6882-10-41,Contralateral acupuncture versus ipsilateral acupuncture in the rehabilitation of post-stroke hemiplegic patients: a systematic review,Post-stroke hemiplegia,Post-stroke hemiplegia,hemiplegia,Exact - MONDO,http://purl.obolibrary.org/obo/MONDO_0001170,
857,https://doi.org/10.2519/jospt.2017.6698,Contribution of Dry Needling to Individualized Physical Therapy Treatment of Shoulder Pain: A Randomized Clinical Trial,Shoulder pain,Shoulder pain,Shoulder pain,Exact - HP,http://purl.obolibrary.org/obo/HP_0030834,
1454,https://doi.org/10.1016/S0140-6736(86)92732-7,Controlled trial of acupuncture for disabling breathlessness,Chronic Obstructive Pulmonary Disease (COPD),Chronic Obstructive Pulmonary Disease (COPD),chronic obstructive pulmonary disease,Exact - MONDO,http://purl.obolibrary.org/obo/MONDO_0005002,
1643,https://doi.org/10.1016/s0140-6736(89)90135-9,Controlled trial of acupuncture for severe recidivist alcoholism,Alcoholism,Alcoholism,alcohol dependence,Synonym - MONDO,http://purl.obolibrary.org/obo/MONDO_0007079,
1641,https://doi.org/10.1097/00002508-199809000-00012,Controlled Trial of Japanese Acupuncture for Chronic Myofascial Neck Pain: Assessment of Specific and Nonspecific Effects of Treatment,Chronic myofascial neck pain,neck pain,NOT FOUND,,,
171,https://doi.org/10.1007/s11655-017-2753-9,Conventional Acupuncture for Cardiac Arrhythmia: A Systematic Review of Randomized Controlled Trials,Cardiac arrhythmia,Cardiac arrhythmia,Arrhythmia,Synonym - HP,http://purl.obolibrary.org/obo/HP_0011675,
1066,https://doi.org/10.1089/acm.2007.6316,Correlated Change in Upper Limb Function and Motor Cortex Activation After Verum and Sham Acupuncture in Patients with Chronic Stroke,Chronic hemiparetic stroke,stroke,NOT FOUND,,,
335,https://doi.org/10.1136/bmj.38033.896505.eb,Cost effectiveness analysis of a randomised trial of acupuncture for chronic headache in primary care,Chronic headache (predominantly migraine),Chronic headache (predominantly migraine),headache disorder,Synonym - MONDO,http://purl.obolibrary.org/obo/MONDO_0021146,
1128,https://doi.org/10.2522/ptj.20100239,Cost Effectiveness of Acupuncture Care as an Adjunct to Exercise Bas d Physical Therapy for Osteoarthritis of the Knee,Osteoarthritis of the knee,Knee osteoarthritis,Knee osteoarthritis,Exact - HP,http://purl.obolibrary.org/obo/HP_0005086,
98,https://doi.org/10.1111/papr.12116,Cost-effectiveness of Acupuncture for Chronic Nonspecific Low Back Pain,Chronic lower back pain (LBP),Chronic lower back pain (LBP),Low back pain,Synonym - HP,http://purl.obolibrary.org/obo/HP_0003419,
524,https://doi.org/10.1016/j.pain.2006.06.006,Cost-effectiveness of acupuncture treatment in patients with chronic neck pain,Chronic neck pain,Chronic neck pain,Neck pain,Exact - HP,http://purl.obolibrary.org/obo/HP_0030833,
935,https://doi.org/10.1016/j.jams.2014.12.001,Could Acupuncture Be Useful in the Treatment of Temporomandibular Dysfunction?,"Temporomandibular dysfunction (TMD), specifically chronic temporomandibular joint myofascial pain","Temporomandibular joint disorder (TMD), specifically chronic temporomandibular joint myofascial pain",temporomandibular joint disorder,Exact - MONDO,http://purl.obolibrary.org/obo/MONDO_0005473,
374,https://doi.org/10.1142/S0192415X07004758,Crossover Clinical Trial to Determine the Effect of Manual Acupuncture at Siguan Points (Bilateral LI4 and LR3) on Intestinal Motility in Healthy Subjects,Not specified (the study focuses on normal intestinal motility in healthy subjects rather than a specific disease or condition),Not specified (the study focuses on normal intestinal motility in healthy subjects rather than a specific disease or condition),,,,
1089,https://doi.org/10.1016/j.jns.2010.03.033,Cupping for stroke rehabilitation: A systematic review,Stroke,Stroke,stroke disorder,Synonym - MONDO,http://purl.obolibrary.org/obo/MONDO_0005098,
695,https://doi.org/10.1186/s13020-017-0142-0,Cupping therapy versus acupuncture for pain-related conditions: a systematic review of randomized controlled trials and trial sequential analysis,	- Cervical spondylosis - Knee osteoarthritis - Lateral femoral cutaneous neuritis - Lumber disk herniation - Postherpetic neuralgia - Scapulohumeral periarthritis - Soft tissue contusion - Acute ankle joint - Muscles fibrositis - Fibromyalgia - Toothache,"Cervical spondylosis, osteoarthritis, neuritis, disk herniation, neuralgia, periarthritis, Soft tissue contusion, acute ankle joint, fibrositis, Fibromyalgia, Toothache",NOT FOUND,,,
1640,https://doi.org/10.1007/s11655-011-0857-1,"De-qi, Not Psychological Factors, Determines the Therapeutic Efficacy of Acupuncture Treatment for Primary Dysmenorrhea",Primary dysmenorrhea,Primary dysmenorrhea,primary dysmenorrhea,Exact - MONDO,http://purl.obolibrary.org/obo/MONDO_1060206,
1430,https://doi.org/10.1080/00016340500317153,Decrease of pregnant women's pelvic pain after acupuncture: A randomized controlled single-blind study,Pelvic pain in late pregnancy,Pelvic pain in late pregnancy,Pelvic pain,Exact - HP,http://purl.obolibrary.org/obo/HP_0034267,
559,https://doi.org/10.1177/1534735415572879,Defining the Quality of Acupuncture: The Case of Acupuncture for Cancer-Related Fatigue,Cancer-related fatigue (CRF),Cancer-related fatigue (CRF),Fatigue,Exact - HP,http://purl.obolibrary.org/obo/HP_0012378,
53,https://doi.org/10.1093/ecam/nen080,"Delayed Effect of Acupuncture Treatment in OA of the Knee: A Blinded, Randomized, Controlled Trial",Osteoarthritis (OA) of the knee,Knee osteoarthritis,Knee osteoarthritis,Exact - HP,http://purl.obolibrary.org/obo/HP_0005086,
466,https://doi.org/10.1016/s0254-6272(09)60037-6,Depressive Neurosis Treated by Acupuncture for Regulating the Liver - A Report of 176 Cases,Depressive Neurosis,Depressive Neurosis,neurotic disorder,Synonym - MONDO,http://purl.obolibrary.org/obo/MONDO_0005379,
1638,https://doi.org/10.1016/S1566-0702(03)00103-6,Depressor effect on blood pressure and flow elicited by electroacupuncture in normal subjects,Not specified (the study focuses on normal individuals and does not specify a particular disease or condition),Not specified (the study focuses on normal individuals and does not specify a particular disease or condition),,,,
697,10.1142/S0192415X0500293X,Deqi Sensation Between the Acupuncture Experienced and the Naïve: A Korean Study II,Not specified,Not specified,,,,DOI link corrected
475,https://doi.org/10.1016/j.jsat.2011.04.001,Determining the efficacy of auricular acupuncture for reducing anxiety in patients withdrawing from psychoactive drugs,Anxiety associated with withdrawal from psychoactive drugs,Anxiety associated with withdrawal from psychoactive drugs,anxiety,Exact - MONDO,http://purl.obolibrary.org/obo/MONDO_0011918,
704,https://doi.org/10.1089/acm.2005.11.1005,Development of a Chinese Medicine Assessment Measure: An Interdisciplinary Approach Using the Delphi Method,Dysmenorrhea,Dysmenorrhea,dysmenorrhea,Exact - MONDO,http://purl.obolibrary.org/obo/MONDO_1060205,
521,https://doi.org/10.1002/j.1532-2149.2012.00215.x,Does acupuncture activate endogenous analgesia in chronic whiplash-associated disorders? A randomized crossover trial,Chronic whiplash-associated disorders (WAD),whiplash,NOT FOUND,,,
1637,https://doi.org/10.1186/s12884-016-1092-8,Does acupuncture have a role in the treatment of threatened miscarriage? Findings from a feasibility randomised trial and semi-structured participant interviews,Threatened miscarriage,miscarriage,NOT FOUND,,,
1079,https://doi.org/10.1161/hs0102.101815,Does Acupuncture Have Additional Value to Standard Poststroke Motor Rehabilitation?,Stroke,Stroke,stroke disorder,Synonym - MONDO,http://purl.obolibrary.org/obo/MONDO_0005098,
1061,https://doi.org/10.1161/01.str.0000035908.74261.c9,Does Acupuncture Improve Motor Recovery After Stroke? A Meta-Analysis of Randomized Controlled Trials,Stroke,Stroke,stroke disorder,Synonym - MONDO,http://purl.obolibrary.org/obo/MONDO_0005098,
1636,https://doi.org/10.1155/2011/301767,Does Acupuncture Improve Quality of Life for Patients with Pain Associated with the Spine? A Systematic Review,Pain associated with the spine (PAWS),Pain associated with the spine (PAWS),Pain,Exact - HP,http://purl.obolibrary.org/obo/HP_0012531,
1435,uri not found,Does acupuncture improve the endometrium for women undergoing an embryo transfer: A pilot randomised controlled trial,Infertility,Infertility,Infertility,Exact - HP,http://purl.obolibrary.org/obo/HP_0000789,
145,https://doi.org/10.1016/S0304-3959(02)00269-5,"Does acupuncture improve the orthopedic management of chronic low back pain -a randomized, blinded, controlled trial with 3 months follow up",Chronic low back pain (LBP),Chronic low back pain (LBP),Low back pain,Exact - HP,http://purl.obolibrary.org/obo/HP_0003419,
418,https://doi.org/10.1080/00016340701645287,Does acupuncture used in nulliparous women reduce time from prelabour rupture of membranes at term to active phase of labour? A randomised controlled trial,Prelabour rupture of membranes (PROM),labor,NOT FOUND,,,
1026,https://doi.org/10.1089/acm.2008.0264,Does Auricular Acupuncture Reduce Postoperative Vomiting After Cholecystectomy?,Postoperative nausea and vomiting (PONV),Postoperative nausea and vomiting (PONV),Nausea and vomiting,Exact - HP,http://purl.obolibrary.org/obo/HP_0002017,
963,https://doi.org/10.1016/S0021-5198(19)65282-0,Does electroacupuncture reduce craving for alcohol? A randomized controlled study,Alcohol dependence or abuse,Alcohol dependence or abuse,alcohol dependence,Exact - MONDO,http://purl.obolibrary.org/obo/MONDO_0007079,
673,https://doi.org/10.1159/000363442,Does Integrative Medicine Enhance Balance in Aging Adults? -Proof of Concept for Benefit of Electro-acupuncture Therapy in Parkinson's Disease,Parkinson's disease (PD),Parkinson's disease (PD),Parkinson disease,Exact - MONDO,http://purl.obolibrary.org/obo/MONDO_0005180,
1280,https://pubmed.ncbi.nlm.nih.gov/10437184.0/,Does psychological testing help to predict the response to acupuncture or massage/relaxation therapy in patients presenting to a general neurology clinic with headache?,Chronic headache (including tension type headaches and migraines),"Chronic headache, tension-type headache and migraine","headache disorder, Tension-type headache, migraine disorder","Synonym - MONDO, Exact - HP, Synonym - MONDO","http://purl.obolibrary.org/obo/MONDO_0021146, http://purl.obolibrary.org/obo/HP_0012228, http://purl.obolibrary.org/obo/MONDO_0005277",
1725,https://doi.org/10.1089/acm.2011.0404,"Does Traditional Chinese Medicine Pattern Affect Acupoint Specific Effect? Analysis of Data from a Multicenter, Randomized, Controlled Trial for Primary Dysmenorrhea",Primary dysmenorrhea (PD),Primary dysmenorrhea (PD),primary dysmenorrhea,Exact - MONDO,http://purl.obolibrary.org/obo/MONDO_1060206,
1140,https://doi.org/10.1097/00007632-198005000-00011,Dry Needling of Muscle Motor Points for Chronic Low-Back Pain A Randomized Clinical Trial With Long-Term Follow-Up,Chronic low-back pain,Chronic low back pain,Low back pain,Exact - HP,http://purl.obolibrary.org/obo/HP_0003419,
546,https://doi.org/10.1089/acm.2006.6371,Dry Needling of Trigger Points with and Without Paraspinal Needling in Myofascial Pain Syndromes in Elderly Patients,Myofascial Pain Syndrome (MPS) of the upper trapezius muscle,Myofascial Pain Syndrome (MPS) of the upper trapezius muscle,myofascial pain syndrome,Exact - MONDO,http://purl.obolibrary.org/obo/MONDO_0006862,
558,https://doi.org/10.1136/acupmed-2015-010781,EA versus sham acupuncture and no acupuncture for the control of acute and delayed chemotherapy-induced nausea and vomiting: a pilot study,Chemotherapy-induced nausea and vomiting (CINV),Chemotherapy-induced nausea and vomiting (CINV),Nausea and vomiting,Exact - HP,http://purl.obolibrary.org/obo/HP_0002017,
969,https://doi.org/10.1111/j.1530-0277.2006.00333.x,Ear Acupuncture for Alcohol Withdrawal in Comparison With Aromatherapy: A Randomized-Controlled Trial,Alcohol withdrawal,Alcohol withdrawal,alcohol withdrawal,Exact - MONDO,http://purl.obolibrary.org/obo/MONDO_0005433,
191,https://doi.org/10.1007/s11726-011-0533-1,Ear acupuncture for perimenopause syndrome: A multi centered randomized controlled trial,Perimenopause syndrome,"Perimenopause syndrome, menopause",NOT FOUND,,,
340,https://doi.org/10.1007/s10072-011-0525-4,Ear acupuncture in the treatment of migraine attacks: a randomized trial on the efficacy of appropriate versus inappropriate acupoints,Migraine without aura,Migraine without aura,migraine without aura,Exact - MONDO,http://purl.obolibrary.org/obo/MONDO_0100431,
1519,uri not found,Ear Acupuncture of Epidemic Parotitis: Analysis of 362 Cases,Epidemic parotitis (Acute parotitis),Epidemic parotitis (Acute parotitis),mumps infectious disease,Synonym - MONDO,http://purl.obolibrary.org/obo/MONDO_0000989,
29,https://doi.org/10.1111/j.1471-0528.2008.02016.x,Ear acupuncture or local anaesthetics as pain relief during postpartum surgical repair: a randomised controlled trial,Pain during postpartum surgical repair,Pain during postpartum surgical repair,Pain,Exact - HP,http://purl.obolibrary.org/obo/HP_0012531,
273,https://pubmed.ncbi.nlm.nih.gov/16579094.0/,Ear Acupuncture Therapy for 37 Cases of Dysmenorrhea due to Endometriosis,Endometriosis with a focus on dysmenorrhea,Endometriosis with a focus on dysmenorrhea,endometriosis,Exact - MONDO,http://purl.obolibrary.org/obo/MONDO_0005133,
1739,https://doi.org/10.4103/1673-5374.131590,Early filiform needle acupuncture for poststroke depression: a meta-analysis of 17 randomized controlled clinical trials,Poststroke depression,Poststroke depression,Depression,Exact - HP,http://purl.obolibrary.org/obo/HP_0000716,
239,https://doi.org/10.1097/MD.0000000000000284,"Effect and Safety of Deep Needling and Shallow Needling for Functional Constipation A Multicenter, Randomized Controlled Trial",Functional Constipation,Functional Constipation,Constipation,Exact - HP,http://purl.obolibrary.org/obo/HP_0002019,
1529,https://pubmed.ncbi.nlm.nih.gov/16817265.0/,"Effect of ""Phased Whole Acupuncture Therapy"" on Ability of Daily Life in 63 Cases of Cerebral Infarction induced Hemiplegia",Cerebral infarction induced hemiplegia,"Cerebral infarction, hemiplegia",NOT FOUND,,,
169,https://doi.org/10.1016/s0254-6272(15)30133-3,Effect of a Traditional Chinese Medicine combined therapy on adolescent idiopathic scoliosis: a randomized controlled trial,Adolescent idiopathic scoliosis (AIS),Adolescent idiopathic scoliosis (AIS),adolescent idiopathic scoliosis,Exact - MONDO,http://purl.obolibrary.org/obo/MONDO_0005488,
385,https://doi.org/10.1016/j.ctim.2006.09.004,Effect of Acu-TENS on recovery heart rate after treadmill running exercise in subjects with normal health,Not specified (the study focuses on healthy subjects and the effect of Acu-TENS on heart rate recovery after exercise),Not specified (the study focuses on healthy subjects and the effect of Acu-TENS on heart rate recovery after exercise),,,,
1262,uri not found,Effect of Acupuncture and Traditional Chinese Herbal Medicine in Treating Endometriosis,Endometriosis,Endometriosis,endometriosis,Exact - MONDO,http://purl.obolibrary.org/obo/MONDO_0005133,
360,https://doi.org/10.1136/acupmed-2013-010441,Effect of acupuncture at HT7 on heart rate variability: an exploratory study,Not specified (the study was conducted on healthy volunteers to explore the effect of acupuncture on HRV),Not specified (the study was conducted on healthy volunteers to explore the effect of acupuncture on HRV),,,,
1487,uri not found,Effect of Acupuncture at Shenmai (BL 62) and Zhaohai (KI 6) on Polysomnography of Primary Insomnia,Primary insomnia,Primary insomnia,insomnia,Exact - MONDO,http://purl.obolibrary.org/obo/MONDO_0013600,
1211,https://doi.org/10.1016/s0254-6272(10)60026-x,Effect of Acupuncture Combined with Blood-letting by a Three-edged Needle on 50 cases of Bell's Palsy at the Acute Stage,Bell's palsy,Bell's palsy,Bell's palsy,Exact - MONDO,http://purl.obolibrary.org/obo/MONDO_0005665,
555,https://doi.org/10.1177/1534735415570634,"Effect of Acupuncture for Radioactive-Iodine-Induced Anorexia in Thyroid Cancer Patients: A Randomized, Double-Blinded, Sham-Controlled Pilot Study",Thyroid cancer with RAI-induced anorexia,Thyroid cancer with RAI-induced anorexia,"thyroid cancer, Anorexia","Exact - MONDO, Exact - HP","http://purl.obolibrary.org/obo/MONDO_0002108, http://purl.obolibrary.org/obo/HP_0002039",
1178,https://doi.org/10.1093/oxfordjournals.eurheartj.a059865,Effect of acupuncture in patients with angina pectoris,Angina pectoris,Angina pectoris,Angina pectoris,Exact - HP,http://purl.obolibrary.org/obo/HP_0001681,
828,https://doi.org/10.1142/S0192415X0200020X,Effect of Acupuncture in the Treatment of Seasonal Allergic Rhinitis: A Randomized Controlled Clinical Trial,Seasonal Allergic Rhinitis (SAR),Seasonal Allergic Rhinitis (SAR),seasonal allergic rhinitis,Exact - MONDO,http://purl.obolibrary.org/obo/MONDO_0005324,
887,https://doi.org/10.1089/acm.2009.0684,Effect of Acupuncture on Allergen-Induced Basophil Activation in Patients with Atopic Eczema: A Pilot Trial,Atopic eczema,Atopic eczema,atopic eczema,Exact - MONDO,http://purl.obolibrary.org/obo/MONDO_0004980,
1437,https://doi.org/10.1136/aim.2009.002022,Effect of acupuncture on assisted reproduction,Infertility,Infertility,Infertility,Exact - HP,http://purl.obolibrary.org/obo/HP_0000789,
1856,https://doi.org/10.1007/s11255-016-1403-z,Effect of acupuncture on clinical symptoms and laboratory indicators for chronic prostatitis/chronic pelvic pain syndrome: a systematic review and meta-analysis,Chronic prostatitis/chronic pelvic pain syndrome (CP/CPPS),Chronic prostatitis/chronic pelvic pain syndrome (CP/CPPS),chronic prostatitis,Exact - MONDO,http://purl.obolibrary.org/obo/MONDO_0022103,
1438,https://doi.org/10.1007/BF02713881,Effect of Acupuncture on Exercise-Induced Asthma,Asthma (specifically exercise-induced asthma),Asthma (specifically exercise-induced asthma),asthma,Exact - MONDO,http://purl.obolibrary.org/obo/MONDO_0004979,
1741,https://doi.org/10.1111/j.1365-2133.1987.tb07359.x,Effect of acupuncture on experimentally induced itch,Pruritus (itch),Pruritus (itch),Pruritus,Exact - HP,http://purl.obolibrary.org/obo/HP_0000989,
1557,https://doi.org/10.1007/s11726-010-0451-7,Effect of Acupuncture on Functional Reconstruction of the Wrist Following Cerebral Apoplexy,Stroke (cerebral apoplexy),Stroke (cerebral apoplexy),stroke disorder,Synonym - MONDO,http://purl.obolibrary.org/obo/MONDO_0005098,
705,https://doi.org/10.1007/BF01296505,Effect of Acupuncture on Gastric Acid Secretion in Healthy Male Volunteers,Not specified (the study focuses on physiological responses in healthy individuals rather than a specific disease or condition),Not specified (the study focuses on physiological responses in healthy individuals rather than a specific disease or condition),,,,
681,https://doi.org/10.1371/journal.pone.0180918,Effect of acupuncture on hot flush and menopause symptoms in breast cancer-A systematic review and meta-analysis,Breast cancer with hot flush and menopause symptoms,Breast cancer with hot flush and menopause symptoms,breast cancer,Exact - MONDO,http://purl.obolibrary.org/obo/MONDO_0007254,
1029,https://doi.org/10.1016/s0029-7844(00)01152-2,"Effect of Acupuncture on Nausea of Pregnancy: A Randomized, Controlled Trial",Nausea of pregnancy,Nausea of pregnancy,Nausea,Exact - HP,http://purl.obolibrary.org/obo/HP_0002018,
1159,https://doi.org/10.1142/S0192415X00000052,Effect of Acupuncture on Pain Management in Patients Before and After Lumbar Disc Protrusion Surgery -A Randomized Control Study,Lumbar Disc Protrusion,low back pain,NOT FOUND,,,
1384,https://doi.org/10.1142/s0192415x75000177,Effect of Acupuncture on Pain Threshold and Pain Tolerance Determined by Electrical Stimulation of the Skin: A Controlled Study,Pain,Pain,Pain,Exact - HP,http://purl.obolibrary.org/obo/HP_0012531,
948,https://doi.org/10.1179/016164109X12537002793805,Effect of acupuncture on selective attention for smoking-related visual cues in smokers,Nicotine dependence,Nicotine dependence,nicotine dependence,Exact - MONDO,http://purl.obolibrary.org/obo/MONDO_0008575,
1738,https://doi.org/10.1136/acupmed-2011-010064,Effect of acupuncture on symptoms of anxiety in women undergoing in vitro fertilisation: a prospective randomised controlled study,Anxiety,Anxiety,anxiety,Exact - MONDO,http://purl.obolibrary.org/obo/MONDO_0011918,
1324,uri not found,Effect of Acupuncture on the Hypothalamus-pituitary-adrenal Axis in Patients with Depression,Depression,Depression,Depression,Exact - HP,http://purl.obolibrary.org/obo/HP_0000716,
593,https://doi.org/10.1111/cns.12507,Effect of Acupuncture on the Motor and Nonmotor Symptoms in Parkinson's Disease-A Review of Clinical Studies,Parkinson's disease,Parkinson's disease,Parkinson disease,Exact - MONDO,http://purl.obolibrary.org/obo/MONDO_0005180,
805,https://doi.org/10.1016/j.fertnstert.2005.09.062,"Effect of acupuncture on the outcome of in vitro fertilization and intracytoplasmic sperm injection: a randomized, prospective, controlled clinical study",Infertility,Infertility,Infertility,Exact - HP,http://purl.obolibrary.org/obo/HP_0000789,
1757,https://doi.org/10.1089/107555303322524517,Effect of Acupuncture or Acupressure on Quality of Life of Patients with Chronic Obstructive Asthma: A Pilot Study,Chronic Obstructive Asthma,Chronic Obstructive Asthma,asthma,Synonym - MONDO,http://purl.obolibrary.org/obo/MONDO_0004979,
1758,https://doi.org/10.1089/acm.2011.0493,Effect of Acupuncture Therapy for Postponing Wallerian Degeneration of Cerebral Infarction as Shown by Diffusion Tensor Imaging,Acute cerebral infarction (stroke),Acute cerebral infarction (stroke),cerebral infarction,Exact - MONDO,http://purl.obolibrary.org/obo/MONDO_0002679,
536,https://doi.org/10.1016/j.pain.2004.01.018,Effect of acupuncture treatment on chronic neck and shoulder pain in sedentary female workers: a 6-month and 3-year follow-up study,Chronic neck and shoulder pain and related headache,Chronic neck and shoulder pain and related headache,Shoulder pain,Exact - HP,http://purl.obolibrary.org/obo/HP_0030834,
1326,https://doi.org/10.1179/016164106X91951,Effect of acupuncture treatment on vascular dementia,Vascular dementia (VaD),Vascular dementia (VaD),vascular dementia,Exact - MONDO,http://purl.obolibrary.org/obo/MONDO_0004648,
853,https://pubmed.ncbi.nlm.nih.gov/14660810.0/,Effect of adding a Chinese herbal preparation to acupuncture for seasonal allergic rhinitis: randomised doubleblind controlled trial,Seasonal allergic rhinitis,Seasonal allergic rhinitis,seasonal allergic rhinitis,Exact - MONDO,http://purl.obolibrary.org/obo/MONDO_0005324,
1174,uri not found,Effect of an Herbal Compound Combined with Acupuncture & Qigong on Angina Pectoris,Angina Pectoris,Angina Pectoris,Angina pectoris,Exact - HP,http://purl.obolibrary.org/obo/HP_0001681,
393,https://doi.org/10.1136/acupmed-2013-010483,Effect of bidirectional rotation of an acupuncture needle at LI10 on acupuncture needle sensation and experimentally-induced contact heat pain in healthy human volunteers,Not specified (the study focuses on experimental heat pain in healthy volunteers rather than a specific disease or condition),Not specified (the study focuses on experimental heat pain in healthy volunteers rather than a specific disease or condition),,,,
1578,uri not found,Effect of Chengshan Point Injection in Treating Pains Induced by Urinary Calculi,Pain induced by urinary calculi (kidney stones and ureter stones),Nephrolithiasis (kidney stones),NOT FOUND,,,
1074,https://doi.org/10.1007/s11726-011-0542-0,Effect of Combined Acupuncture and Chinese Herbal Formula on the Motor Function and Activities of Daily Living in Post stroke Patients,Stroke,Stroke,stroke disorder,Synonym - MONDO,http://purl.obolibrary.org/obo/MONDO_0005098,
1723,https://doi.org/10.1007/s11726-010-0429-5,Effect of Combined Acupuncture and Medication for Hypertension due to Type 2 Diabetes Mellitus and Plasma Neuropeptide Y,Hypertension due to type 2 diabetes mellitus,Hypertension due to type 2 diabetes mellitus,Hypertension,Exact - HP,http://purl.obolibrary.org/obo/HP_0000822,
1737,https://doi.org/10.1007/s11726-012-0581-1,Effect of Combined Acupuncture with Chinese Medicine on Overall Function of Patients with Post stroke Depression,Post stroke depression (PSD),depression,NOT FOUND,,,
408,https://doi.org/10.1016/S0254-6272(15)30149-7,Effect of direct current pulse stimulating acupoints of JiaJi (T10-L3) and Ciliao (BL 32) with Han's Acupoint Nerve Stimulator on labour pain in women: a randomized controlled clinical study,Labor pain during childbirth,"Labor, childbirth",NOT FOUND,,,
914,https://doi.org/10.1136/bjsm.2003.009431,"Effect of dry needling of gluteal muscles on straight leg raise: a randomised, placebo controlled, double blind trial",Posterior thigh pain referred from gluteal trigger points,pain,NOT FOUND,,,
1312,https://doi.org/10.1007/s11596-014-1317-x,Effect of Electro-acupuncture Stimulation of Ximen (PC4) and Neiguan (PC6) on Remifentanil-induced Breakthrough Pain Following Thoracal Esophagectomy,Vascular dementia (VD),Vascular dementia (VD),vascular dementia,Exact - MONDO,http://purl.obolibrary.org/obo/MONDO_0004648,
15,https://doi.org/10.12659/MSM.890111,Effect of electroacupuncture at Zusanli (ST36) and Sanyinjiao (SP6) acupoints on adrenocortical function in etomidate anesthesia patients,Adrenal cortical inhibition induced by etomidate anesthesia,Adrenal cortical inhibition,NOT FOUND,,,
999,https://doi.org/10.1097/WON.0000000000000025,Effect of Electroacupuncture Combined With Tolterodine on Treating Female Mixed Urinary Incontinence,Mixed Urinary Incontinence (MUI),urinary Incontinence,NOT FOUND,,,
167,https://doi.org/10.1016/s0254-6272(15)30131-x,Effect of electroacupuncture on muscle state and infrared thermogram changes in patients with acute lumbar muscle sprain,Acute lumbar muscle sprain (soft tissue laceration),"muscle sprain, soft tissue laceration",NOT FOUND,,,
1467,https://doi.org/10.6452/KJMS.200010.0525,Effect of electroacupuncture on shoulder subluxation for stroke patients,Shoulder subluxation in stroke patients,Shoulder subluxation in stroke patients,Shoulder subluxation,Exact - HP,http://purl.obolibrary.org/obo/HP_0003835,
1150,https://doi.org/10.1089/acu.2010.0764,Effect of Electroacupuncture on the Third Lumbar Transverse Process Syndrome: A Randomized Controlled Trial,Third Lumbar Transverse Process Syndrome (TLTP syndrome),Transverse Process Syndrome,NOT FOUND,,,
363,https://pubmed.ncbi.nlm.nih.gov/26393991.0/,Effect of Electroacupuncture on Transcutaneous Oxygen Partial Pressure During Hyperbaric Oxygen Therapy in Healthy Individuals,Not specified (the paper focuses on healthy individuals and the physiological effects of EA during HBOT without specifying a particular disease or condition),Not specified (the paper focuses on healthy individuals and the physiological effects of EA during HBOT without specifying a particular disease or condition),,,,
1734,https://doi.org/10.1089/acm.2016.0361,Effect of Electroacupuncture on Visceral and Hepatic Fat in Women with Abdominal Obesity: A Randomized Controlled Study Based on Magnetic Resonance Imaging,Abdominal Obesity,Abdominal Obesity,Abdominal obesity,Exact - HP,http://purl.obolibrary.org/obo/HP_0012743,
1479,https://doi.org/10.1007/s11655-010-0066-3,Effect of Gan-Pi Regulatory Needling in Treating Chloasma,Chloasma,Chloasma,Melasma,Synonym - HP,http://purl.obolibrary.org/obo/HP_0025272,
1102,https://doi.org/10.1007/s11655-001-0306-7,Effect of General Anaesthesia with Combination of Acupuncture and Enflurane Applied in Radical Operation of Laryngocarcinoma,Laryngocarcinoma,Laryngocarcinoma,NOT FOUND,,,
547,https://doi.org/10.1136/aim.23.2.52,Effect of intensive acupuncture on pain-related social and psychological variables for women with chronic neck and shoulder pain -an RCT with six month and three year follow up,Chronic neck and shoulder pain,Low back pain and pelvic pain during pregnancy,"Low back pain, Pelvic pain","Exact - HP, Exact - HP","http://purl.obolibrary.org/obo/HP_0003419, http://purl.obolibrary.org/obo/HP_0034267",
32,https://doi.org/10.1136/aim.2008.000075,"Effect of intraoperative electroacupuncture on postoperative pain, analgesic requirements, nausea and sedation: a randomised controlled trial",Postoperative pain and related symptoms following abdominal hysterectomy and laparoscopic cholecystectomy,Postoperative pain and related symptoms following abdominal hysterectomy and laparoscopic cholecystectomy,Pain,Exact - HP,http://purl.obolibrary.org/obo/HP_0012531,
422,https://doi.org/10.1016/j.ctim.2016.10.009,Effect of LI4 and BL32 acupressure on labor pain and delivery outcome in the first stage of labor in primiparous women: A randomized controlled trial,Labor pain,Labor pain,NOT FOUND,,,
718,https://doi.org/10.1136/acupmed-2016-011208,"Effect of minimal acupuncture for infantile colic: a multicentre, three-armed, single-blind, randomised controlled trial (ACU-COL)",Infantile colic,colic,NOT FOUND,,,
353,https://doi.org/10.1016/j.jams.2016.08.002,Effect of Needling at CV-12 (Zhongwan) on Blood Glucose Levels in Healthy Volunteers: A Pilot Randomized Placebo Controlled Trial,Diabetes mellitus,Diabetes mellitus,diabetes mellitus,Exact - MONDO,http://purl.obolibrary.org/obo/MONDO_0005015,
10,https://doi.org/10.1136/acupmed-2013-010498,Effect of perioperative electroacupuncture as an adjunctive therapy on postoperative analgesia with tramadol and ketamine in prostatectomy: a randomised sham-controlled single-blind trial,Prostate malignancy (prostate cancer),prostate cancer,NOT FOUND,,,
594,https://doi.org/10.1111/jgs.13164,Effect of press needles on swallowing reflex in older adults with cerebrovascular disease: A randomized double-blind controlled trial,Cerebrovascular disease (stroke) with dysphasia,Cerebrovascular disease (stroke) with dysphasia,specific language disorder,Synonym - MONDO,http://purl.obolibrary.org/obo/MONDO_0016226,done:TCM
970,https://doi.org/10.1186/1472-6882-12-11,Effect of self-administered auricular acupressure on smoking cessation -a pilot study,Tobacco smoking,Nicotine dependence,nicotine dependence,Exact - MONDO,http://purl.obolibrary.org/obo/MONDO_0008575,
488,https://doi.org/10.1016/s0254-6272(15)30132-1,Effect of soothing-liver and nourishing-heart acupuncture on early selective serotonin reuptake inhibitor treatment onset for depressive disorder and related indicators of neuroimmunology: a randomized controlled clinical trial,Depressive disorder,Depressive disorder,depressive disorder,Exact - MONDO,http://purl.obolibrary.org/obo/MONDO_0002050,
927,https://doi.org/10.1111/joor.12380,Effect of temporomandibular disorder therapy on otologic signs and symptoms: a systematic review,Temporomandibular Disorders (TMD),Temporomandibular joint disorder (TMD),temporomandibular joint disorder,Exact - MONDO,http://purl.obolibrary.org/obo/MONDO_0005473,
1142,https://doi.org/10.1097/00000542-199912000-00012,Effect of the Duration of Electrical Stimulation on the Analgesic Response in Patients with Low Back Pain,Low back pain (LBP) secondary to degenerative lumbar disk disease,Low back pain (LBP) secondary to degenerative lumbar disk disease,Low back pain,Exact - HP,http://purl.obolibrary.org/obo/HP_0003419,
1225,https://doi.org/10.3109/03005364000000063,"Effect of traditional Chinese acupuncture on severe tinnitus: a double-blind, placebo-controlled, clinical investigation with open therapeutic control",Tinnitus (severe),Tinnitus (severe),tinnitus,Exact - MONDO,http://purl.obolibrary.org/obo/MONDO_0700322,
1383,https://doi.org/10.1016/0304-3959(81)90192-5,Effect of transcutaneous electrotherapy on CSF β-endorphin content in patients without pain problems,"Not specified (the paper focuses on patients without pain problems, but specific conditions like obstructive hydrocephalus and CSF fistulae are mentioned as reasons for hospitalization)","Not specified (the paper focuses on patients without pain problems, but specific conditions like obstructive hydrocephalus and CSF fistulae are mentioned as reasons for hospitalization)",,,,
685,https://doi.org/10.1007/s11655-014-1851-1,Effect of Zhubin (KI9) Acupuncture in Reducing Alcohol Craving in Patients with Alcohol Dependence: A Randomized Placebo-Controlled Trial,Alcohol dependence,Alcohol dependence,alcohol dependence,Exact - MONDO,http://purl.obolibrary.org/obo/MONDO_0007079,
130,https://doi.org/10.1007/s00586-007-0379-x,Effect sizes of non-surgical treatments of non-specific low-back pain,Non-specific low-back pain (LBP),Low back pain (LBP) and pelvic pain (PP),"Low back pain, Pelvic pain","Exact - HP, Exact - HP","http://purl.obolibrary.org/obo/HP_0003419, http://purl.obolibrary.org/obo/HP_0034267",
103,https://doi.org/10.1089/acm.2012.0338,"Effectiveness and Acceptance of Acupuncture in Patients with Chronic Low Back Pain: Results of a Prospective, Randomized, Controlled Trial",Chronic low back pain,Chronic low back pain,Low back pain,Exact - HP,http://purl.obolibrary.org/obo/HP_0003419,
652,https://doi.org/10.1136/acupmed-2016-011342,Effectiveness and safety of acupuncture combined with Madopar for Parkinson's disease: a systematic review with metaanalysis,Parkinson's disease (PD),Parkinson's disease (PD),Parkinson disease,Exact - MONDO,http://purl.obolibrary.org/obo/MONDO_0005180,
682,https://doi.org/10.1016/j.ctim.2017.08.005,Effectiveness and safety of acupuncture in the treatment of Parkinson's disease: A systematic review and meta-analysis of randomized controlled trials,Parkinson's disease (PD),Parkinson's disease (PD),Parkinson disease,Exact - MONDO,http://purl.obolibrary.org/obo/MONDO_0005180,
350,https://doi.org/10.1111/j.1526-4610.2006.00598.x,Effectiveness and Tolerability of Acupuncture Compared With Metoprolol in Migraine Prophylaxis,Migraine,Migraine,migraine disorder,Synonym - MONDO,http://purl.obolibrary.org/obo/MONDO_0005277,
1736,https://doi.org/10.1089/acm.2012.0429,Effectiveness of Abdominal Acupuncture for Patients with Obesity-Type Polycystic Ovary Syndrome: A Randomized Controlled Trial,Polycystic Ovary Syndrome (PCOS),Polycystic Ovary Syndrome (PCOS),polycystic ovary syndrome,Exact - MONDO,http://purl.obolibrary.org/obo/MONDO_0008487,
645,https://doi.org/10.1142/S0192415X17500859,Effectiveness of Acupuncture and Electroacupuncture for Chronic Neck Pain: A Systematic Review and Meta-Analysis,Chronic neck pain,Chronic neck pain,Neck pain,Exact - HP,http://purl.obolibrary.org/obo/HP_0030833,
1293,https://doi.org/10.3727/036012984816714703,Effectiveness of Acupuncture and Physiotherapy on Myogenic Headache: A Comparative Study,Tension-neck syndrome with headache,Tension-neck syndrome with headache,Headache,Exact - HP,http://purl.obolibrary.org/obo/HP_0002315,
73,https://doi.org/10.7326/0003-4819-141-12-200412210-00006,"Effectiveness of Acupuncture as Adjunctive Therapy in Osteoarthritis of the Knee A Randomized, Controlled Trial",Osteoarthritis of the knee,Knee osteoarthritis,Knee osteoarthritis,Exact - HP,http://purl.obolibrary.org/obo/HP_0005086,
692,https://doi.org/10.1136/acupmed-2014-010705,Effectiveness of acupuncture combined with rehabilitation for treatment of acute or subacute stroke: a systematic review,Stroke,Stroke,stroke disorder,Synonym - MONDO,http://purl.obolibrary.org/obo/MONDO_0005098,
661,https://doi.org/10.1155/2017/2504021,Effectiveness of Acupuncture for Early Recovery of Bowel Function in Cancer: A Systematic Review and Meta-Analysis,Postoperative ileus (POI),Postoperative ileus (POI),ileus,Exact - MONDO,http://purl.obolibrary.org/obo/MONDO_0004567,
135,https://doi.org/10.1097/01.brs.0000435025.65564.b7,Effectiveness of Acupuncture for Nonspecific Chronic Low Back Pain A Systematic Review and Meta-analysis,Nonspecific chronic low back pain (NSCLBP),Nonspecific chronic low back pain (NSCLBP),Low back pain,Exact - HP,http://purl.obolibrary.org/obo/HP_0003419,
1346,https://doi.org/10.1007/s11655-013-1439-1,Effectiveness of Acupuncture for Palliative Care in Cancer Patients: A Systematic Review,Cancer,Cancer,cancer,Exact - MONDO,http://purl.obolibrary.org/obo/MONDO_0004992,
628,https://doi.org/10.1002/mds.21993,Effectiveness of Acupuncture for Parkinson Disease: a Systematic Review,Parkinson disease (PD),Parkinson disease (PD),Parkinson disease,Exact - MONDO,http://purl.obolibrary.org/obo/MONDO_0005180,
268,https://doi.org/10.1155/2015/842180,Effectiveness of Acupuncture for Primary Ovarian Insufficiency: A Systematic Review and Meta-Analysis,Primary Ovarian Insufficiency (POI),Primary Ovarian Insufficiency (POI),Premature ovarian insufficiency,Synonym - HP,http://purl.obolibrary.org/obo/HP_0008209,
1561,https://doi.org/10.1007/s004150170132,Effectiveness of acupuncture for stroke:A systematic review,Stroke,Stroke,stroke disorder,Synonym - MONDO,http://purl.obolibrary.org/obo/MONDO_0005098,
1402,https://doi.org/10.1016/S1701-2163(16)34021-X,Effectiveness of Acupuncture for the Initiation of Labour at Term: A Pilot Randomized Controlled Trial,"Not specified (the study focuses on the initiation of labor in women at term, which is a process rather than a specific disease or condition)","Not specified (the study focuses on the initiation of labor in women at term, which is a process rather than a specific disease or condition)",,,,
148,https://doi.org/10.1155/2015/425108,Effectiveness of Acupuncture for Treating Sciatica: A Systematic Review and Meta-Analysis,Sciatica,Sciatica,sciatica,Exact - MONDO,http://purl.obolibrary.org/obo/MONDO_0024333,
930,https://doi.org/10.1089/acm.2008.0484,Effectiveness of Acupuncture in the Treatment of Temporomandibular Disorders of Muscular Origin: A Systematic Review of the Last Decade,"Temporomandibular Disorders (TMD) of Muscular Origin, specifically Myofascial Pain (MP)","Temporomandibular joint disorder (TMD) of Muscular Origin, specifically Myofascial Pain (MP)",temporomandibular joint disorder,Exact - MONDO,http://purl.obolibrary.org/obo/MONDO_0005473,
1525,https://pubmed.ncbi.nlm.nih.gov/22875561.0/,Effectiveness of Acupuncture in Treatment of Facial Spasm: A Meta analysis,Facial spasm (hemifacial spasm),Facial spasm (hemifacial spasm),facial spasm,Exact - MONDO,http://purl.obolibrary.org/obo/MONDO_0007593,
269,https://doi.org/10.1136/acupmed-2016-011163,Effectiveness of acupuncture in women with polycystic ovarian syndrome undergoing in vitro fertilisation or intracytoplasmic sperm injection: a systematic review and meta-analysis,Polycystic Ovarian Syndrome (PCOS),Polycystic ovary syndrome (PCOS),polycystic ovary syndrome,Exact - MONDO,http://purl.obolibrary.org/obo/MONDO_0008487,
1732,https://doi.org/10.1016/j.urology.2014.11.004,"Effectiveness of Acupuncture on Chronic ProstatitiseChronic Pelvic Pain Syndrome Category IIIB Patients: A Prospective, Randomized, Nonblinded, Clinical Trial",Chronic Prostatitis/Chronic Pelvic Pain Syndrome (CP CPPS) Category IIIB,Chronic Prostatitis/Chronic Pelvic Pain Syndrome (CP CPPS) Category IIIB,chronic prostatitis,Exact - MONDO,http://purl.obolibrary.org/obo/MONDO_0022103,
688,https://doi.org/10.1016/j.jams.2017.01.002,Effectiveness of Acupuncture Therapy on Stress in a Large Urban College Population,Stress,Stress,NOT FOUND,,,
410,https://doi.org/10.1016/j.ctim.2008.01.001,Effectiveness of acupuncture-type interventions versus expectant management to correct breech presentation: A systematic review ଝ,Breech presentation,Breech presentation,Breech presentation,Exact - HP,http://purl.obolibrary.org/obo/HP_0001623,
1063,https://doi.org/10.1016/S2095-4964(15)60178-9,Effectiveness of bee venom acupuncture in alleviating post-stroke shoulder pain: a systematic review and meta-analysis,Post-stroke shoulder pain,Post-stroke shoulder pain,Shoulder pain,Exact - HP,http://purl.obolibrary.org/obo/HP_0030834,
752,https://doi.org/10.1007/s00590-017-1957-1,Effectiveness of dry needling and high-volume image-guided injection in the management of chronic mid-portion Achilles tendinopathy in adult population: a literature review,Achilles tendinopathy,Achilles tendinopathy,NOT FOUND,,,
759,https://doi.org/10.1016/j.apmr.2014.12.015,Effectiveness of Dry Needling for Myofascial Trigger Points Associated With Neck and Shoulder Pain: A Systematic Review and Meta-Analysis,Myofascial trigger points (MTrPs) associated with neck and shoulder pain,Myofascial trigger points (MTrPs) associated with neck and shoulder pain,Shoulder pain,Exact - HP,http://purl.obolibrary.org/obo/HP_0030834,
758,https://doi.org/10.2519/jospt.2013.4668,Effectiveness of Dry Needling for Upper-Quarter Myofascial Pain: A Systematic Review and Meta-analysis,Myofascial pain syndrome (MPS),Myofascial pain syndrome (MPS),myofascial pain syndrome,Exact - MONDO,http://purl.obolibrary.org/obo/MONDO_0006862,
1852,https://doi.org/10.1016/j.jbmt.2021.02.015,Effectiveness of dry needling techniques in patients with knee osteoarthritis: A systematic review and meta-analysis,Knee Osteoarthritis,Knee Osteoarthritis,Knee osteoarthritis,Exact - HP,http://purl.obolibrary.org/obo/HP_0005086,
1098,https://doi.org/10.1007/s00240-005-0473-7,Effectiveness of electro-acupuncture compared to sedo-analgesics in relieving pain during shockwave lithotripsy,Nephrolithiasis (kidney stones),Nephrolithiasis (kidney stones),nephrolithiasis,Exact - MONDO,http://purl.obolibrary.org/obo/MONDO_0008171,
630,https://doi.org/10.7556/jaoa.2008.108.10.559,Effectiveness of Osteopathy in the Cranial Field and Myofascial Release Versus Acupuncture as Complementary Treatment for Children With Spastic Cerebral Palsy: A Pilot Study,Spastic cerebral palsy,Spastic cerebral palsy,spastic cerebral palsy,Exact - MONDO,http://purl.obolibrary.org/obo/MONDO_0000396,
202,https://doi.org/10.1503/cmaj.121108,Effectiveness of strengthened stimulation during acupuncture for the treatment of Bell palsy: a randomized controlled trial,Bell palsy,Bell's palsy,Bell's palsy,Exact - MONDO,http://purl.obolibrary.org/obo/MONDO_0005665,
597,https://doi.org/10.1371/journal.pone.0118498,Effectiveness of Traditional Chinese Medicine as an Adjunct Therapy for Parkinson's Disease: A Systematic Review and Meta-Analysis,Parkinson's disease (PD),Parkinson's disease (PD),Parkinson disease,Exact - MONDO,http://purl.obolibrary.org/obo/MONDO_0005180,
224,https://doi.org/10.2522/ptj.20130255,Effectiveness of Trigger Point Dry Needling for Plantar Heel Pain: A Randomized Controlled Trial,Plantar heel pain,heel pain,NOT FOUND,,,
1722,https://doi.org/10.1186/1472-6882-14-11,Effects and treatment methods of acupuncture and herbal medicine for premenstrual syndrome/ premenstrual dysphoric disorder: systematic review,Premenstrual syndrome (PMS) and premenstrual dysphoric disorder (PMDD),Premenstrual syndrome (PMS) and premenstrual dysphoric disorder (PMDD),"premenstrual tension, premenstrual dysphoric disorder","Synonym - MONDO, Exact - MONDO","http://purl.obolibrary.org/obo/MONDO_0004169, http://purl.obolibrary.org/obo/MONDO_1010182",
693,https://doi.org/10.1186/s12906-017-1924-8,Effects of acupoint-stimulation for the treatment of primary dysmenorrhoea compared with NSAIDs: a systematic review and meta-analysis of 19 RCTs,Primary dysmenorrhoea (PD),dysmenorrhea,NOT FOUND,,,
1759,https://pubmed.ncbi.nlm.nih.gov/14687475.0/,Effects of acupoints TENS on heat pain threshold in normal subjects,Not specified (the paper does not explicitly mention a specific disease or condition),Not specified (the paper does not explicitly mention a specific disease or condition),,,,
1742,https://doi.org/10.1136/acupmed-2014-010720,Effects of acupressure on anxiety: a systematic review and meta-analysis,Anxiety,Anxiety,anxiety,Exact - MONDO,http://purl.obolibrary.org/obo/MONDO_0011918,
568,https://doi.org/10.1188/14.ONF.581-592,Effects of Acupuncture and Acupressure on Cancer-Related Fatigue: A Systematic Review,Cancer-related fatigue (CRF),Cancer-related fatigue (CRF),Fatigue,Exact - HP,http://purl.obolibrary.org/obo/HP_0012378,
787,https://doi.org/10.1111/j.1466-7657.2003.00205.x,Effects of acupuncture and care interventions on the outcome of inflammatory symptoms of the breast in lactating women,Inflammatory symptoms of the breast during lactation,"lactation, breast inflammation",NOT FOUND,,,
1724,https://doi.org/10.1097/GME.0b013e31829374e8,Effects of acupuncture and Chinese herbal medicine (Zhi Mu 14) on hot flushes and quality of life in postmenopausal women: results of a four-arm randomized controlled pilot trial,Hot flushes in postmenopausal women,hot flashes in postmenopausal women,Hot flashes,Exact - HP,http://purl.obolibrary.org/obo/HP_0031217,
264,https://doi.org/10.1016/j.fertnstert.2011.11.010,"Effects of acupuncture and exercise on insulin sensitivity, adipose tissue characteristics, and markers of coagulation and fibrinolysis in women with polycystic ovary syndrome: secondary analyses of a randomized controlled trial",Polycystic ovary syndrome (PCOS),Polycystic ovary syndrome (PCOS),polycystic ovary syndrome,Exact - MONDO,http://purl.obolibrary.org/obo/MONDO_0008487,done: TCM
1271,https://pubmed.ncbi.nlm.nih.gov/14695986.0/,Effects of acupuncture and moxa treatment in patients with semen abnormalities,Oligoastenoteratozoospermia,Oligoastenoteratozoospermia,NOT FOUND,,,
1229,https://pubmed.ncbi.nlm.nih.gov/18246680.0/,Effects of Acupuncture and Moxibustion on Tear film of the Patients with Xerophthalmia,Xerophthalmia,Xerophthalmia,xerophthalmia,Exact - MONDO,http://purl.obolibrary.org/obo/MONDO_0000948,
873,https://doi.org/10.1191/0269215504cr849oa,Effects of acupuncture and placebo TENS in addition to exercise in treatment of rotator cuff tendinitis,Rotator cuff tendinitis,"tendinitis, shoulder pain",NOT FOUND,,,
83,https://doi.org/10.1177/0269215507077362,Effects of acupuncture and sham acupuncture in addition to physiotherapy in patients undergoing bilateral total knee arthroplasty--a randomized controlled trial,Knee osteoarthritis,Knee osteoarthritis,Knee osteoarthritis,Exact - HP,http://purl.obolibrary.org/obo/HP_0005086,
788,https://doi.org/10.1136/bmj.38397.507014.E0,Effects of acupuncture and stabilising exercises as adjunct to standard treatment in pregnant women with pelvic girdle pain: randomised single blind controlled trial,Pelvic girdle pain during pregnancy,"Pelvic pain, pregnancy",NOT FOUND,,,
1726,https://doi.org/10.1016/0022-3999(84)90052-7,Effects of acupuncture and transcutaneous electrical nerve stimulation on cold-induced pain in normal subjects,"Not specified (the study focuses on cold-induced pain, an experimentally induced condition rather than a specific Western medical condition or disease)","Not specified (the study focuses on cold-induced pain, an experimentally induced condition rather than a specific Western medical condition or disease)",,,,
838,https://doi.org/10.1089/acm.2006.5283,"Effects of Acupuncture as a Treatment for Hyperventilation Syndrome: A Pilot, Randomized Crossover Trial",Hyperventilation Syndrome (HVS),Hyperventilation,NOT FOUND,,,
1550,https://doi.org/10.1016/s0254-6272(10)60002-7,Effects of Acupuncture at 7-9 am and 3-5 pm on Plasma Thromboxane and Prostaglandin in Patients with Ischemic Cerebrovascular Disease,Ischemic cerebrovascular disease,cerebrovascular disease,NOT FOUND,,,
1302,uri not found,Effects of Acupuncture at Feishu(BL 13) and Nonmeridian-nonacupoint on Pulmonary Function,Not specified (the study focuses on healthy individuals and general pulmonary function improvement),Not specified (the study focuses on healthy individuals and general pulmonary function improvement),,,,
1295,https://doi.org/10.1089/acu.2009.0691,Effects of Acupuncture at Large Intestine 4 (LI 4) on Electrical Tooth Pulp Stimulation: A Randomized Controlled Pilot Study,Dental pain / Sensory threshold in response to electrical pulp stimulation,Dental pain / Sensory threshold in response to electrical pulp stimulation,Pain,Exact - HP,http://purl.obolibrary.org/obo/HP_0012531,
1729,https://doi.org/10.1007/s00404-012-2674-y,Effects of acupuncture for initiation of labor: a double-blind randomized sham-controlled trial,Prolonged pregnancy (post-term pregnancy),pregnancy,NOT FOUND,,,
650,https://doi.org/10.1371/journal.pone.0186616,Effects of acupuncture for the treatment of endometriosis-related pain: A systematic review and meta-analysis,Endometriosis,Endometriosis,endometriosis,Exact - MONDO,http://purl.obolibrary.org/obo/MONDO_0005133,
834,https://doi.org/10.1177/014107688207500408,Effects of acupuncture in bronchial asthma: preliminary communication',Bronchial asthma,asthma,NOT FOUND,,,
395,https://doi.org/10.1016/j.explore.2011.02.004,Effects of acupuncture in reducing attrition and mortality in HIV-infected men with peripheral neuropathy,HIV infection with peripheral neuropathy,HIV infection with peripheral neuropathy,"HIV infectious disease, peripheral neuropathy","Synonym - MONDO, Exact - MONDO","http://purl.obolibrary.org/obo/MONDO_0005109, http://purl.obolibrary.org/obo/MONDO_0005244",
639,https://doi.org/10.1007/s00520-017-3955-6,Effects of acupuncture on cancer-related fatigue: a meta-analysis,Cancer-related fatigue (CRF),Cancer-related fatigue (CRF),Fatigue,Exact - HP,http://purl.obolibrary.org/obo/HP_0012378,
1321,https://doi.org/10.1007/s11655-013-1323-4,Effects of Acupuncture on Chinese Medicine Syndromes of Vascular Dementia,Vascular dementia (VaD),Vascular dementia (VaD),vascular dementia,Exact - MONDO,http://purl.obolibrary.org/obo/MONDO_0004648,
1206,https://doi.org/10.1097/GME.0000000000000260,"Effects of Acupuncture on Climacteric Vasomotor Symptoms, Quality of Life, and Urinary Excretion of Neuropeptides among Postmenopausal Women",Climacteric Vasomotor Symptoms (Hot Flushes),hot flashes,NOT FOUND,,,
637,https://doi.org/10.1089/acm.2016.0355,Effects of Acupuncture on Gait of Patients with Multiple Sclerosis,Multiple sclerosis with gait impairment,Multiple sclerosis with gait impairment,multiple sclerosis,Exact - MONDO,http://purl.obolibrary.org/obo/MONDO_0005301,
461,https://pubmed.ncbi.nlm.nih.gov/15510807.0/,"Effects of Acupuncture on Hemorheology, Blood Lipid Content and Nail Fold Microcirculation in Multiple Infarct Dementia Patients",Multiple Infarct Dementia (MID),Dementia,NOT FOUND,,,
1207,https://doi.org/10.1097/gme.0b013e3181bfac3b,Effects of acupuncture on hot flashes in perimenopausal and postmenopausal women-a multicenter randomized clinical trial,Hot flashes,Hot flashes,Hot flashes,Exact - HP,http://purl.obolibrary.org/obo/HP_0031217,
579,https://doi.org/10.1155/2014/217397,"Effects of Acupuncture on Leucopenia, Neutropenia, NK, and B Cells in Cancer Patients: A Randomized Pilot Study",Colorectal cancer (CRC),Colorectal cancer (CRC),colorectal cancer,Exact - MONDO,http://purl.obolibrary.org/obo/MONDO_0005575,
189,https://doi.org/10.1097/GME.0000000000000260,Effects of acupuncture on menopause-related symptoms and quality of life in women on natural menopause: a meta-analysis of randomized controlled trials,"Menopause-related symptoms, specifically hot flashes and other symptoms associated with menopause","Menopause, hot flashes",NOT FOUND,,,
187,https://doi.org/10.1097/NCC.0000000000000278,Effects of Acupuncture on Menopause-Related Symptoms in Breast Cancer Survivors A Meta-analysis of Randomized Controlled Trials,Menopause-related symptoms in breast cancer survivors,"Menopause, breast cancer",NOT FOUND,,,
1655,https://doi.org/10.5606/tftrd.2024.14372,"Effects of acupuncture on oxidative stress mechanisms, pain, and quality of life in fibromyalgia: A prospective study from Türkiye",Fibromyalgia syndrome (FMS),Fibromyalgia syndrome (FMS),fibromyalgia,Synonym - MONDO,http://purl.obolibrary.org/obo/MONDO_0005546,
815,https://doi.org/10.1136/bmj.39471.430451.BE,Effects of acupuncture on rates of pregnancy and live birth among women undergoing in vitro fertilisation: systematic review and meta-analysis,Infertility,Infertility,Infertility,Exact - HP,http://purl.obolibrary.org/obo/HP_0000789,
390,https://doi.org/10.1371/journal.pone.0113731,Effects of Acupuncture on Sensory Perception: A Systematic Review and Meta-Analysis,"Pain conditions (e.g., myofascial pain, fibromyalgia, chronic neck and back pain, temporomandibular disorder, DOMS)","myofascial pain, fibromyalgia, chronic neck pain and back pain, temporomandibular joint disorder, DOMS","fibromyalgia, Neck pain, Back pain, temporomandibular joint disorder","Exact - MONDO, Exact - HP, Exact - HP, Exact - MONDO","http://purl.obolibrary.org/obo/MONDO_0005546, http://purl.obolibrary.org/obo/HP_0030833, http://purl.obolibrary.org/obo/HP_0003418, http://purl.obolibrary.org/obo/MONDO_0005473",
1589,https://doi.org/10.1006/pmed.1996.0125,Effects of Acupuncture on Smoking Cessation or Reduction for Motivated Smokers',Smoking addiction or nicotine dependence,nicotine dependence,nicotine dependence,Exact - MONDO,http://purl.obolibrary.org/obo/MONDO_0008575,
382,https://doi.org/10.1089/acm.2008.0173,Effects of Acupuncture on Symptoms and Muscle Function in Delayed Onset Muscle Soreness,Delayed Onset Muscle Soreness (DOMS),Muscle Soreness,NOT FOUND,,,
801,https://doi.org/10.1136/acupmed-2012-010198,Effects of acupuncture on the outcome of in vitro fertilisation and intracytoplasmic sperm injection in women with polycystic ovarian syndrome,Polycystic Ovarian Syndrome (PCOS),Polycystic ovary syndrome (PCOS),polycystic ovary syndrome,Exact - MONDO,http://purl.obolibrary.org/obo/MONDO_0008487,
793,https://doi.org/10.1089/acm.2011.0158,Effects of Acupuncture on the Outcomes of In Vitro Fertilization: A Systematic Review and Meta-Analysis,Not specified (the paper focuses on IVF/ICSI outcomes rather than a specific Western medical condition or disease),Not specified (the paper focuses on IVF/ICSI outcomes rather than a specific Western medical condition or disease),,,,
664,https://doi.org/10.3389/fneur.2018.00030,effects of acupuncture on the Recovery Outcomes of Stroke Survivors with Shoulder Pain: a Systematic Review,Poststroke shoulder pain,Poststroke shoulder pain,Shoulder pain,Exact - HP,http://purl.obolibrary.org/obo/HP_0030834,
915,https://doi.org/10.1142/S0192415X09006989,Effects of Acupuncture Stimulation on Recovery Ability of Male Elite Basketball Athletes,Muscle fatigue,Muscle fatigue,Increased muscle fatiguability,Synonym - HP,http://purl.obolibrary.org/obo/HP_0003750,
619,https://doi.org/10.1186/1749-8546-5-11,Effects of acupuncture to treat fibromyalgia: A preliminary randomised controlled trial,Fibromyalgia,Fibromyalgia,fibromyalgia,Exact - MONDO,http://purl.obolibrary.org/obo/MONDO_0005546,
1081,https://doi.org/10.1161/01.str.29.10.2100,"Effects of Acupuncture Treatment on Daily Life Activities and Quality of Life A Controlled, Prospective, and Randomized Study of Acute Stroke Patients",Acute stroke,Acute stroke,stroke disorder,Synonym - MONDO,http://purl.obolibrary.org/obo/MONDO_0005098,
1088,https://doi.org/10.1177/1545968304271568,Effects of Acupuncture Treatment on Poststroke Motor Recovery and Physical Function: A Pilot Study,Stroke,Stroke,stroke disorder,Synonym - MONDO,http://purl.obolibrary.org/obo/MONDO_0005098,
862,https://pubmed.ncbi.nlm.nih.gov/15921471.0/,Effects of Acupuncture Versus Ultrasound in Patients With Impingement Syndrome: Randomized Clinical Trial,Impingement syndrome,Impingement syndrome,NOT FOUND,,,
1192,https://doi.org/10.1080/13697130601165059,"Effects of acupuncture, applied relaxation, estrogens and placebo on hot flushes in postmenopausal women: an analysis of two prospective, parallel, randomized studies",Menopausal hot flushes,hot flashes,NOT FOUND,,,
545,https://doi.org/10.1054/math.2000.0357,"Effects of acupuncture, cervical manipulation and NSAID therapy on dizziness and impaired head repositioning of suspected cervical origin: a pilot study",Dizziness/Vertigo of suspected cervical origin,Dizziness/Vertigo of suspected cervical origin,Vertigo,Synonym - HP,http://purl.obolibrary.org/obo/HP_0002321,
1730,https://doi.org/10.1186/1472-6882-13-308,"Effects of an integrative treatment, therapeutic acupuncture and conventional treatment in alleviating psychological distress in primary care patients -a pragmatic randomized controlled trial",Psychological distress (anxiety and depression),Psychological distress (anxiety and depression),"Abnormal emotional state, anxiety, Depression","Synonym - HP, Exact - MONDO, Exact - HP","http://purl.obolibrary.org/obo/HP_0100851, http://purl.obolibrary.org/obo/MONDO_0011918, http://purl.obolibrary.org/obo/HP_0000716",
368,https://doi.org/10.1089/acm.2006.12.813,"Effects of Contralateral Electroacupuncture on Brain Function: A Double-Blind, Randomized, Pilot Clinical Trial",Not specified (the study focuses on healthy volunteers and the effect of acupuncture on brain function rather than a specific disease or condition),Not specified (the study focuses on healthy volunteers and the effect of acupuncture on brain function rather than a specific disease or condition),,,,
1733,https://doi.org/10.1016/j.math.2016.07.009,Effects of dry needling to the symptomatic versus control shoulder in patients with unilateral subacromial pain syndrome *,Unilateral subacromial pain syndrome,shoulder pain,NOT FOUND,,,
1183,https://doi.org/10.1016/j.jcm.2008.07.003,Effects of electrical stimulation of acupuncture points on blood pressure,Hypertension,Hypertension,Hypertension,Exact - HP,http://purl.obolibrary.org/obo/HP_0000822,
407,https://doi.org/10.1007/s00404-014-3427-x,Effects of electro-acupuncture on labor pain management,Labor pain,Labor,NOT FOUND,,,
500,https://doi.org/10.1007/s11655-013-1594-4,Effects of Electro-Acupuncture on Personality Traits in Depression: A Randomized Controlled Study,"Depression (Major Depressive Disorder, MDD)",Major Depressive Disorder (MDD),major depressive disorder,Exact - MONDO,http://purl.obolibrary.org/obo/MONDO_0002009,
1194,https://doi.org/10.1016/s0965229902000547,Effects of electro-acupuncture on psychological distress in postmenopausal women,Climacteric symptoms in postmenopausal women,menopause,NOT FOUND,,,
457,https://doi.org/10.1016/j.jad.2006.07.012,Effects of electroacupuncture and fluoxetine on the density of GTP-binding-proteins in platelet membrane in patients with major depressive disorder,Major Depressive Disorder (MDD),Major Depressive Disorder (MDD),major depressive disorder,Exact - MONDO,http://purl.obolibrary.org/obo/MONDO_0002009,
711,https://doi.org/10.1038/sj.ijo.0802997,Effects of electroacupuncture in reducing weight and waist circumference in obese women: a randomized crossover trial,Obesity,Obesity,obesity disorder,Synonym - MONDO,http://purl.obolibrary.org/obo/MONDO_0011122,
1728,https://doi.org/10.1089/acm.2011.0637,Effects of Electroacupuncture on Depression and the Production of Glial Cell Line-Derived Neurotrophic Factor Compared with Fluoxetine: A Randomized Controlled Pilot Study,Depression / Depressive Disorder (DD),Depression / Depressive Disorder (DD),Depression,Exact - HP,http://purl.obolibrary.org/obo/HP_0000716,
1106,https://doi.org/10.1136/aim.20.2-3.56,Effects of Electroacupuncture on Intraoperative and Postoperative Analgesic Requirement,Postoperative pain management in gynaecologic lower abdominal surgery,Postoperative pain,NOT FOUND,,,
1756,https://doi.org/10.1136/acupmed-2011-010082,Effects of electroacupuncture on stress-related symptoms in medical students: a randomised controlled pilot study,"Stress-related symptoms: sleep disorders, anxiety, depression, and burnout","Stress-related symptoms: sleep disorders, anxiety, depression, and burnout","anxiety, Depression","Exact - MONDO, Exact - HP","http://purl.obolibrary.org/obo/MONDO_0011918, http://purl.obolibrary.org/obo/HP_0000716",
1731,https://doi.org/10.1136/acupmed-2013-010408,Effects of electroacupuncture on stress-related symptoms in medical students: a randomised placebo-controlled study,"Stress-related symptoms (sleep disorders, anxiety, depression, burnout)","stress, sleep disorder, anxiety, depression, burnout",NOT FOUND,,,
391,https://doi.org/10.1016/j.pain.2006.01.012,"Effects of intensity of electroacupuncture upon experimental pain in healthy human volunteers: A randomized, double-blind, placebo-controlled study",Not specified (the study focuses on pain perception in healthy volunteers rather than a specific disease or condition),Not specified (the study focuses on pain perception in healthy volunteers rather than a specific disease or condition),,,,
304,https://doi.org/10.1371/journal.pone.0099538,Effects of Long-Term Acupuncture Treatment on Resting-State Brain Activity in Migraine Patients: A Randomized Controlled Trial on Active Acupoints and Inactive Acupoints,Migraine without aura,Migraine without aura,migraine without aura,Exact - MONDO,http://purl.obolibrary.org/obo/MONDO_0100431,
1172,https://pubmed.ncbi.nlm.nih.gov/14719303.0/,Effects of Magnetic Needle Acupuncture on Blood Pressure and Plasma ET 1 Level in the Patient of Hypertension,Hypertension,Hypertension,Hypertension,Exact - HP,http://purl.obolibrary.org/obo/HP_0000822,
1420,https://doi.org/10.1136/aim.26.3.171,"Effects of minimal acupuncture in children with infantile colica prospective, quasi-rando mised single blind controlled trial",Infantile colic,colic,NOT FOUND,,,
153,https://doi.org/10.1016/j.pain.2013.03.013,"Effects of motion style acupuncture treatment in acute low back pain patients with severe disability: A multicenter, randomized, controlled, comparative effectiveness trial",Acute low back pain (aLBP),Acute low back pain (aLBP),Low back pain,Exact - HP,http://purl.obolibrary.org/obo/HP_0003419,
670,https://doi.org/10.1089/acm.2014.0199,Effects of Music in Combination with Vibration in Acupuncture Points on the Treatment of Fibromyalgia,Fibromyalgia,Fibromyalgia,fibromyalgia,Exact - MONDO,http://purl.obolibrary.org/obo/MONDO_0005546,
1406,https://doi.org/10.2340/165019771997243250,Effects of Repeated Sensory Stimulation Sessions (Electro Acupuncture) on Skin Temperature in Chronic Pain Patients,Long lasting nociceptive pain,pain,NOT FOUND,,,
405,https://doi.org/10.1016/j.ctim.2010.09.001,Effects of Sanyinjiao (SP6) with electroacupuncture on labour pain in women during labour,Labour pain,labor pain,NOT FOUND,,,
378,https://doi.org/10.1186/1749-8546-3-14,Effects of tender point acupuncture on delayed onset muscle soreness (DOMS) -a pragmatic trial,Delayed onset muscle soreness (DOMS),muscle soreness,NOT FOUND,,,
1270,https://pubmed.ncbi.nlm.nih.gov/16334720.0/,Effects of the Combined Therapy of Acupuncture with Herbal Drugs on Male Immune Infertility A Clinical Report of 50 Cases,Male immune infertility,infertility,NOT FOUND,,,
1547,https://pubmed.ncbi.nlm.nih.gov/16447664.0/,Effects of the Lifting Manipulation of Scalp Acupuncture for Raising Myodynamia of the Affected Limbs in Hemiplegic Patients Due to Cerebral Thrombosis,Hemiplegia due to cerebral thrombosis,Hemiplegia due to cerebral thrombosis,hemiplegia,Exact - MONDO,http://purl.obolibrary.org/obo/MONDO_0001170,
193,https://doi.org/10.3109/13697137.2014.937687,Effects of Traditional Chinese Medicine on symptom clusters during the menopausal transition,"Menopausal transition (MT) and associated symptoms: hot flashes, sleep disturbances, mood disturbances, cognitive disturbances, and pain symptoms.","Menopausal transition (MT) and associated symptoms: hot flashes, sleep disturbances, mood disturbances, cognitive disturbances, and pain symptoms.",sleep disorder,Synonym - MONDO,http://purl.obolibrary.org/obo/MONDO_0100081,
641,https://doi.org/10.1089/acm.2016.0111,Effects of Transcutaneous Electrical Acupoint Stimulation on Motor Functions and Self-Care Ability in Children with Cerebral Palsy,Cerebral Palsy (CP),Cerebral Palsy (CP),cerebral palsy,Exact - MONDO,http://purl.obolibrary.org/obo/MONDO_0006497,
1851,https://doi.org/10.1089/acm.2014.0284,"Effects of Transcutaneous Electrical Acupoint Stimulation on Patients with Stable Chronic Obstructive Pulmonary Disease: A Prospective, Single-Blind, Randomized, Placebo-Controlled Study",Chronic Obstructive Pulmonary Disease (COPD),Chronic Obstructive Pulmonary Disease (COPD),chronic obstructive pulmonary disease,Exact - MONDO,http://purl.obolibrary.org/obo/MONDO_0005002,
934,https://doi.org/10.1016/j.jams.2012.01.013,Effects of Trigger Point Acupuncture Treatment on Temporomandibular Disorders: A Preliminary Randomized Clinical Trial,"Temporomandibular disorders (TMDs), specifically chronic temporomandibular joint myofascial pain","Temporomandibular joint disorder (TMD), specifically chronic temporomandibular joint myofascial pain",temporomandibular joint disorder,Exact - MONDO,http://purl.obolibrary.org/obo/MONDO_0005473,
1168,uri not found,Effects of Various Stimulation Methods on Bone Mineral Density in Patients with Primary Osteoporosis,Primary osteoporosis,Primary osteoporosis,osteoporosis,Exact - MONDO,http://purl.obolibrary.org/obo/MONDO_0005298,
530,https://doi.org/10.1016/J.PAIN.2006.07.002,Efficacy and safety of acupuncture for chronic uncomplicated neck pain: A randomised controlled study q,Chronic uncomplicated neck pain,Chronic uncomplicated neck pain,Neck pain,Exact - HP,http://purl.obolibrary.org/obo/HP_0030833,
627,https://doi.org/10.1089/acm.2007.0011,Efficacy and Safety of Acupuncture for Idiopathic Parkinson's Disease: A Systematic Review,Idiopathic Parkinson's disease (IPD),Idiopathic Parkinson's disease (IPD),Parkinson disease,Exact - MONDO,http://purl.obolibrary.org/obo/MONDO_0005180,
503,https://doi.org/10.1038/pr.2015.91,Efficacy and safety of acupuncture in children: an overview of systematic reviews,	- Cerebral Palsy (CP) - Nocturnal Enuresis - Tic Disorders - Amblyopia - Pain Reduction - Hypoxic Ischemic Encephalopathy - Attention Deficit Hyperactivity Disorder (ADHD) - Mumps - Autism Spectrum Disorder (ASD) - Asthma - Nausea/Vomiting - Myopia - Epilepsy,"Cerebral Palsy, Nocturnal Enuresis, tic Disorders, Amblyopia, Pain, Hypoxic Ischemic Encephalopathy, Attention Deficit Hyperactivity Disorder, Mumps, Autism, Asthma, Nausea, Vomiting, Myopia, Epilepsy",NOT FOUND,,,
204,https://pubmed.ncbi.nlm.nih.gov/15498373.0/,Efficacy of acupuncture and moxibustion in treating Bell' s palsy : a multicenter randomized controlled trial in China,Bell's palsy (idiopathic facial paralysis),Bell's palsy (idiopathic facial paralysis),Bell's palsy,Exact - MONDO,http://purl.obolibrary.org/obo/MONDO_0005665,
1735,https://doi.org/10.1089/acm.2008.0272,Efficacy of Acupuncture as a Treatment for Chronic Shoulder Pain,"Chronic shoulder pain (with specific diagnoses including osteoarthritis, rotator cuff tendonitis, adhesive capsulitis, rotator cuff syndromes, rotator cuff tear, biceps tendonitis, and subacromial bursitis)","Chronic shoulder pain (with specific diagnoses including osteoarthritis, rotator cuff tendonitis, adhesive capsulitis, rotator cuff syndromes, rotator cuff tear, biceps tendonitis, and subacromial bursitis)",Shoulder pain,Exact - HP,http://purl.obolibrary.org/obo/HP_0030834,
208,https://doi.org/10.1001/archotol.126.4.489,Efficacy of Acupuncture as a Treatment for Tinnitus A Systematic Review,Tinnitus,Tinnitus,tinnitus,Exact - MONDO,http://purl.obolibrary.org/obo/MONDO_0700322,
1727,https://doi.org/10.1111/j.1526-4637.2012.01376.x,"Efficacy of Acupuncture for Acute Migraine Attack: A Multicenter Single Blinded, Randomized Controlled Trialp me_1376 623..630",Migraine,Migraine,migraine disorder,Synonym - MONDO,http://purl.obolibrary.org/obo/MONDO_0005277,
203,https://doi.org/10.1371/journal.pone.0121880,Efficacy of Acupuncture for Bell's Palsy: A Systematic Review and Meta-Analysis of Randomized Controlled Trials,Bell's palsy,Bell's palsy,Bell's palsy,Exact - MONDO,http://purl.obolibrary.org/obo/MONDO_0005665,
240,https://doi.org/10.1142/S0192415X13500493,Efficacy of Acupuncture for Chronic Constipation: A Systematic Review,Chronic functional constipation,Chronic functional constipation,Constipation,Exact - HP,http://purl.obolibrary.org/obo/HP_0002019,
991,https://doi.org/10.1186/1477-7517-2-4,Efficacy of acupuncture for cocaine dependence: a systematic review & meta-analysis,Cocaine dependence,Cocaine dependence,cocaine dependence,Exact - MONDO,http://purl.obolibrary.org/obo/MONDO_0005186,
332,https://doi.org/10.1016/j.pain.2011.04.006,"Efficacy of acupuncture for migraine prophylaxis: A single-blinded, double-dummy, randomized controlled trial",Migraine without aura,Migraine without aura,migraine without aura,Exact - MONDO,http://purl.obolibrary.org/obo/MONDO_0100431,
1748,https://doi.org/10.1155/2014/313549,Efficacy of Acupuncture for Psychological Symptoms Associated with Opioid Addiction: A Systematic Review and Meta-Analysis,Opioid dependence with psychological symptoms (anxiety and depression),Opioid dependence,opiate dependence,Synonym - MONDO,http://purl.obolibrary.org/obo/MONDO_0005530,
1284,https://doi.org/10.1016/s1474-4422(06)70382-9,Efficacy of acupuncture for the prophylaxis of migraine: a multicentre randomised controlled clinical trial,Migraine,Migraine,migraine disorder,Synonym - MONDO,http://purl.obolibrary.org/obo/MONDO_0005277,
625,https://doi.org/10.2174/1874312900903010025,Efficacy of Acupuncture for the Treatment of Fibromyalgia: Systematic Review and Meta-Analysis of Randomized Trials,Fibromyalgia,Fibromyalgia,fibromyalgia,Exact - MONDO,http://purl.obolibrary.org/obo/MONDO_0005546,
851,https://doi.org/10.1183/09031936.02.00078702,Efficacy of acupuncture in asthma: systematic review and metaanalysis of published data from 11 randomised controlled trials,Asthma,Asthma,asthma,Exact - MONDO,http://purl.obolibrary.org/obo/MONDO_0004979,
821,https://doi.org/10.1186/s13052-015-0155-1,Efficacy of acupuncture in children with asthma: a systematic review,Asthma,Asthma,asthma,Exact - MONDO,http://purl.obolibrary.org/obo/MONDO_0004979,
618,https://doi.org/10.1093/rheumatology/kep439,Efficacy of acupuncture in fibromyalgia syndrome-a systematic review with a meta-analysis of controlled clinical trials,Fibromyalgia Syndrome (FMS),Fibromyalgia Syndrome (FMS),fibromyalgia,Synonym - MONDO,http://purl.obolibrary.org/obo/MONDO_0005546,
679,https://doi.org/10.1155/2015/208690,Efficacy of Acupuncture in Itch: A Systematic Review and Meta-Analysis of Clinical Randomized Controlled Trials,Itch (pruritus),"Itch, pruritus",NOT FOUND,,,
440,https://doi.org/10.1016/j.ctim.2009.12.001,Efficacy of acupuncture in management of premenstrual syndrome: A systematic review,Premenstrual syndrome (PMS),Premenstrual syndrome (PMS),premenstrual tension,Synonym - MONDO,http://purl.obolibrary.org/obo/MONDO_0004169,
1779,https://doi.org/10.1111/j.1540-8167.2010.01878.x,Efficacy of Acupuncture in Preventing Atrial Fibrillation Recurrences After Electrical Cardioversion,Atrial fibrillation (AF),Atrial fibrillation (AF),atrial fibrillation,Exact - MONDO,http://purl.obolibrary.org/obo/MONDO_0004981,
557,https://doi.org/10.1016/j.ygyno.2014.10.025,Efficacy of acupuncture in prevention of delayed chemotherapy induced nausea and vomiting in gynecologic cancer patients,"Gynecologic cancer (including ovarian, endometrial, primary peritoneal, fallopian tube, and cervical cancers)","Gynecologic cancer (including ovarian, endometrial, primary peritoneal, fallopian tube, and cervical cancers)",female reproductive organ cancer,Synonym - MONDO,http://purl.obolibrary.org/obo/MONDO_0001416,
1037,https://doi.org/10.1016/j.athoracsur.2009.04.106,Efficacy of Acupuncture in Prevention of Postoperative Nausea in Cardiac Surgery Patients,Postoperative nausea (PON),Postoperative nausea (PON),Nausea,Exact - HP,http://purl.obolibrary.org/obo/HP_0002018,
474,https://doi.org/10.1155/2014/850367,Efficacy of Acupuncture in Reducing Preoperative Anxiety: A Meta-Analysis,Preoperative anxiety,Preoperative anxiety,anxiety,Exact - MONDO,http://purl.obolibrary.org/obo/MONDO_0011918,
880,https://doi.org/10.1111/ced.12732,Efficacy of acupuncture in the management of atopic dermatitis: a systematic review,Atopic dermatitis (AD) or atopic eczema (AE),Atopic dermatitis (AD) or atopic eczema (AE),atopic eczema,Synonym - MONDO,http://purl.obolibrary.org/obo/MONDO_0004980,
600,https://doi.org/10.1016/S0254-6272(15)30037-6,Efficacy of acupuncture on fibromyalgia syndrome: a Meta-analysis,Fibromyalgia syndrome (FMS),Fibromyalgia syndrome (FMS),fibromyalgia,Synonym - MONDO,http://purl.obolibrary.org/obo/MONDO_0005546,
1122,https://doi.org/10.1056/NEJM197508212930803,"Efficacy of acupuncture on osteoarthritic pain: A controlled, double-blind study",Osteoarthritis,Osteoarthritis,osteoarthritis,Exact - MONDO,http://purl.obolibrary.org/obo/MONDO_0005178,
236,https://doi.org/10.1016/j.ctim.2015.07.007,Efficacy of acupuncture treatment for functional dyspepsia: A systematic review and meta-analysis,Functional dyspepsia,Functional dyspepsia,dyspepsia,Exact - MONDO,http://purl.obolibrary.org/obo/MONDO_0002268,
734,https://doi.org/10.1016/j.jams.2013.10.003,Efficacy of Acupuncture versus Local Methylprednisolone Acetate Injection in De Quervain's Tenosynovitis: A Randomized Controlled Trial,De Quervain's Tenosynovitis,Tenosynovitis,NOT FOUND,,,
1480,https://doi.org/10.1136/aim.2010.003004,Efficacy of ah shi point acupuncture on acne vulgaris,Acne vulgaris,Acne vulgaris,NOT FOUND,,,
772,https://doi.org/10.1155/2014/934670,Efficacy of Auricular Therapy for Pain Management: A Systematic Review and Meta-Analysis,"Pain management for various conditions including dysmenorrhea, postoperative pain, hip fracture, low back pain, and bone marrow aspiration.","Pain management for various conditions including dysmenorrhea, postoperative pain, hip fracture, low back pain, and bone marrow aspiration.","Pain, hip fracture, Low back pain","Exact - HP, Exact - MONDO, Exact - HP","http://purl.obolibrary.org/obo/HP_0012531, http://purl.obolibrary.org/obo/MONDO_0005327, http://purl.obolibrary.org/obo/HP_0003419",
944,https://doi.org/10.1016/s1079-2104(05)80121-0,Efficacy of Chinese acupuncture on postoperative oral surgery pain,Postoperative oral surgery pain,dental pain,NOT FOUND,,,
640,https://doi.org/10.1089/acm.2016.0250,Efficacy of Combined Treatment with Acupuncture and Bee Venom Acupuncture as an Adjunctive Treatment for Parkinson's Disease,Idiopathic Parkinson's disease (IPD),Idiopathic Parkinson's disease (IPD),Parkinson disease,Exact - MONDO,http://purl.obolibrary.org/obo/MONDO_0005180,
223,https://doi.org/10.1142/S0192415X12500863,Efficacy of Electro-Acupuncture in Chronic Plantar Fasciitis: A Randomized Controlled Trial,Chronic plantar fasciitis,Chronic plantar fasciitis,plantar fasciitis,Exact - MONDO,http://purl.obolibrary.org/obo/MONDO_0004833,
137,https://doi.org/10.1016/0304-3959(86)90057-6,Efficacy of Electroacupuncture and TENS in the Rehabilitation of Chronic Low Back Pain Patients,Chronic Low Back Pain,Chronic Low Back Pain,Low back pain,Exact - HP,http://purl.obolibrary.org/obo/HP_0003419,
1052,https://doi.org/10.1142/S0192415X13500651,Efficacy of Integrated Rehabilitation Techniques of Traditional Chinese Medicine for Ischemic Stroke: A Randomized Controlled Trial,Ischemic stroke,Ischemic stroke,ischemic stroke,Exact - MONDO,http://purl.obolibrary.org/obo/MONDO_1060198,
160,https://doi.org/10.1034/j.1600-0579.2003.00202.x,Efficacy of Percutaneous Electrical Nerve Stimulation for the Treatment of Chronic Low Back Pain in Older Adults,Chronic Low Back Pain (CLBP),Chronic Low Back Pain (CLBP),Low back pain,Exact - HP,http://purl.obolibrary.org/obo/HP_0003419,
74,https://doi.org/10.1111/j.1532-5415.2007.01314.x,Efficacy of Periosteal Stimulation Therapy for the Treatment of Osteoarthritis-Associated Chronic Knee Pain: An Initial Controlled Clinical Trial,Osteoarthritis (OA) of the knee,Knee osteoarthritis,Knee osteoarthritis,Exact - HP,http://purl.obolibrary.org/obo/HP_0005086,
249,https://doi.org/10.1089/acm.2008.0373,Efficacy of Traditional Chinese Medicine for the Management of Constipation: A Systematic Review,Constipation,Constipation,Constipation,Exact - HP,http://purl.obolibrary.org/obo/HP_0002019,
1770,https://doi.org/10.1089/acm.2013.0120,Efficacy of Yamamoto New Scalp Acupuncture Versus Traditional Chinese Acupuncture for Migraine Treatment,Migraine headache,Migraine headache,migraine disorder,Synonym - MONDO,http://purl.obolibrary.org/obo/MONDO_0005277,
1366,uri not found,Efficiency of Acupuncture in Patients with Fibromyalgia,Fibromyalgia,Fibromyalgia,fibromyalgia,Exact - MONDO,http://purl.obolibrary.org/obo/MONDO_0005546,
1781,https://doi.org/10.1142/S0192415X10008159,Electrical Acupoint Stimulation Changes Body Composition and the Meridian Systems in Postmenopausal Women with Obesity,Obesity in postmenopausal women,Obesity in postmenopausal women,obesity disorder,Synonym - MONDO,http://purl.obolibrary.org/obo/MONDO_0011122,
1780,https://doi.org/10.1177/0269215513494875,Electrical acupoint stimulation of the affected arm in acute stroke: a placebo-controlled randomized clinical trial,Acute stroke with moderate to severe weakness in the arm contralateral to the side of the stroke,Acute stroke with moderate to severe weakness in the arm contralateral to the side of the stroke,stroke disorder,Synonym - MONDO,http://purl.obolibrary.org/obo/MONDO_0005098,
2,https://doi.org/10.4103/2277-9175.133206,Electrical stimulation of acupuncture points for analgesia during bone marrow aspiration and biopsy: A randomized double-blind placebo-controlled trial,Pain during bone marrow aspiration and biopsy (BMA/BMB),Pain during bone marrow aspiration and biopsy (BMA/BMB),Pain,Exact - HP,http://purl.obolibrary.org/obo/HP_0012531,
544,https://doi.org/10.1213/01.ANE.0000082246.67897.0B,Electrical Stimulation of Auricular Acupuncture Points Is More Effective Than Conventional Manual Auricular Acupuncture in Chronic Cervical Pain: A Pilot Study,Chronic cervical pain,"cervical pain, neck pain",NOT FOUND,,,
797,https://doi.org/10.1093/humrep/deg277,Electro acupuncture as a peroperative analgesic method and its effects on implantation rate and neuropeptide Y concentrations in follicular ¯uid,Infertility,Infertility,Infertility,Exact - HP,http://purl.obolibrary.org/obo/HP_0000789,
1486,uri not found,Electro Acupuncture in Treating 45 Patients with Sleep Disorders of Depression,Depression associated with sleep disorders,Depression associated with sleep disorders,Depression,Exact - HP,http://purl.obolibrary.org/obo/HP_0000716,
1000,https://pubmed.ncbi.nlm.nih.gov/15889513.0/,Electro acupuncture Treatment for the Upper Segment Ureterolithiasis Under B Ultrasonography,Ureterolithiasis,Ureterolithiasis,ureterolithiasis,Exact - MONDO,http://purl.obolibrary.org/obo/MONDO_0007009,
1031,https://doi.org/10.1111/j.1365-2044.1990.tb14744.x,Electro-acupuncture and postoperative emesis,Postoperative emesis,Postoperative emesis,Vomiting,Synonym - HP,http://purl.obolibrary.org/obo/HP_0002013,
371,https://doi.org/10.1097/00000539-200207000-00017,"Electro-Acupuncture at the Zusanli, Yanglingquan, and Kunlun Points Does Not Reduce Anesthetic Requirement",Not specified (the paper focuses on anesthetic requirement rather than a specific medical condition or disease),Not specified (the paper focuses on anesthetic requirement rather than a specific medical condition or disease),,,,
9,https://doi.org/10.1142/S0192415X14500682,Electro-Acupuncture Decreases Postoperative Pain and Improves Recovery in Patients Undergoing a Supratentorial Craniotomy,Supratentorial tumor resection,cancer,NOT FOUND,,,
406,https://doi.org/10.1093/ecam/nel053,Electro-Acupuncture in Relieving Labor Pain,Labor pain,Labor pain,NOT FOUND,,,
1335,uri not found,Electro-Acupuncture of Paravertebral Points in Treating Cervical Spondylosis,Cervical Spondylosis,Cervical Spondylosis,Cervical spondylosis,Exact - HP,http://purl.obolibrary.org/obo/HP_0008480,
1161,uri not found,Electro-Acupuncture of Paravertebral Points in Treating L3 Transverse Process Syndrome,"L, Transverse Process Syndrome","Transverse Process Syndrome, low back pain",NOT FOUND,,,
1751,https://doi.org/10.1016/j.jams.2011.11.001,Electro-acupuncture Stimulation at Acupoints Reduced the Severity of Hypotension During Anesthesia in Patients Undergoing Liver Transplantation *,End-stage liver disease leading to hypotension during liver transplantation,liver disease,NOT FOUND,,,
250,https://doi.org/10.3748/wjg.v16.i1.104,Electro-acupuncture to prevent prolonged postoperative ileus: A randomized clinical trial,Prolonged postoperative ileus (PPOI),ileus,NOT FOUND,,,
809,https://doi.org/10.1093/humrep/deh665,Electro-acupuncture versus conventional analgesia: a comparison of pain levels during oocyte aspiration and patients' experiences of well-being after surgery,Pain during oocyte aspiration,Pain during oocyte aspiration,Pain,Exact - HP,http://purl.obolibrary.org/obo/HP_0012531,
477,https://doi.org/10.1177/0269215508096172,Electro-acupuncture versus sham electro-acupuncture for auditory hallucinations in patients with schizophrenia: a randomized controlled trial,Schizophrenia with auditory hallucinations,Schizophrenia with auditory hallucinations,schizophrenia,Exact - MONDO,http://purl.obolibrary.org/obo/MONDO_0005090,
1320,https://doi.org/10.1016/j.jad.2006.07.012,Electro-acupuncture vs. amitriptyline in the treatment of depressive states,Depression,Depression,Depression,Exact - HP,http://purl.obolibrary.org/obo/HP_0000716,
1884,https://doi.org/10.1136/acupmed-2012-010254,Electroacupuncture alleviates intraoperative immunosuppression in patients undergoing supratentorial craniotomy,"Not specified (the study focuses on immune response during surgery, not a specific disease or condition)","Not specified (the study focuses on immune response during surgery, not a specific disease or condition)",,,,
30,https://doi.org/10.1111/j.1572-0241.2003.07231.x,"Electroacupuncture Analgesia for Colonoscopy: A Prospective, Randomized, Placebo-Controlled Study",Not specified (the paper focuses on the procedure of colonoscopy and management of discomfort and anxiety rather than a specific disease or condition),Not specified (the paper focuses on the procedure of colonoscopy and management of discomfort and anxiety rather than a specific disease or condition),,,,
23,https://doi.org/10.1136/aim.15.1.10,Electroacupuncture Analgesia in Major Abdominal and Pelvic Surgery: A Randomised Study,Cancer,Cancer,cancer,Exact - MONDO,http://purl.obolibrary.org/obo/MONDO_0004992,
302,https://doi.org/10.1186/s12906-015-0664-x,"Electroacupuncture analgesia is associated with increased serum brain-derived neurotrophic factor in chronic tension-type headache: a randomized, sham controlled, crossover trial",Chronic tension-type headache (CTTH),Chronic tension-type headache (CTTH),Tension-type headache,Exact - HP,http://purl.obolibrary.org/obo/HP_0012228,
1107,https://doi.org/10.1093/bja/62.3.258,Electroacupuncture and postoperative pain,"Postoperative pain following elective hysterectomy, salpingo oophorectomy, or operation for tubal infertility","Postoperative pain following elective hysterectomy, salpingo oophorectomy, or operation for tubal infertility",Pain,Exact - HP,http://purl.obolibrary.org/obo/HP_0012531,
1783,https://doi.org/10.1155/2013/969824,Electroacupuncture and Rosiglitazone Combined Therapy as a Means of Treating Insulin Resistance and Type 2 Diabetes Mellitus: A Randomized Controlled Trial,Type 2 diabetes mellitus (T2DM),Type 2 diabetes mellitus (T2DM),type 2 diabetes mellitus,Exact - MONDO,http://purl.obolibrary.org/obo/MONDO_0005148,
660,https://doi.org/10.1136/bmjopen-2017-017153,Electroacupuncture as an adjunctive therapy for motor dysfunction in acute stroke survivors: a systematic review and meta-analyses,Poststroke motor dysfunction (PSMD),stroke,NOT FOUND,,,
320,https://doi.org/10.1016/S0254-6272(09)60030-3,Electroacupuncture at Qiuxu (GB 40) for Treatment of Migraine - A Clinical Multicentral Random Controlled Study,Migraine,Migraine,migraine disorder,Synonym - MONDO,http://purl.obolibrary.org/obo/MONDO_0005277,
242,https://doi.org/10.1136/acupmed-2013-010490,Electroacupuncture at ST36 accelerates the recovery of gastrointestinal motility after colorectal surgery: a randomised controlled trial,Postoperative ileus after colorectal surgery,Postoperative ileus after colorectal surgery,ileus,Exact - MONDO,http://purl.obolibrary.org/obo/MONDO_0004567,
1141,https://pubmed.ncbi.nlm.nih.gov/2973008.0/,Electroacupuncture compared with paracetamol for acute low back pain,Low back pain,Low back pain,Low back pain,Exact - HP,http://purl.obolibrary.org/obo/HP_0003419,
1859,https://doi.org/10.1142/S0192415X15500883,Electroacupuncture for Acute Ischemic Stroke: A Meta-Analysis of Randomized Controlled Trials,Acute ischemic stroke,Acute ischemic stroke,ischemic stroke,Exact - MONDO,http://purl.obolibrary.org/obo/MONDO_1060198,
1033,https://doi.org/10.1001/jama.284.21.2755,Electroacupuncture for Control of Myeloablative Chemotherapy-Induced Emesis A Randomized Controlled Trial,Emesis associated with myeloablative chemotherapy in breast cancer patients,Emesis associated with myeloablative chemotherapy in breast cancer patients,Vomiting,Synonym - HP,http://purl.obolibrary.org/obo/HP_0002013,
561,https://doi.org/10.1002/cncr.28917,"Electroacupuncture for Fatigue, Sleep, and Psychological Distress in Breast Cancer Patients With Aromatase Inhibitor-Related Arthralgia: A Randomized Trial",Not specified (the paper focuses on symptoms related to breast cancer and aromatase inhibitors but does not specify a single primary medical condition or disease),Not specified (the paper focuses on symptoms related to breast cancer and aromatase inhibitors but does not specify a single primary medical condition or disease),,,,
285,https://doi.org/10.1371/journal.pone.0059449,Electroacupuncture for Moderate and Severe Benign Prostatic Hyperplasia: A Randomized Controlled Trial,Benign Prostatic Hyperplasia (BPH),Benign Prostatic Hyperplasia (BPH),benign prostatic hyperplasia,Exact - MONDO,http://purl.obolibrary.org/obo/MONDO_0010811,
1577,https://doi.org/10.1089/acu.2012.0876,"Electroacupuncture for Nausea, Vomiting, and Myelosuppression in Women Receiving Adjuvant Chemotherapy for Early Breast Cancer: A Randomized Controlled Pilot Trial",Breast Cancer,Breast Cancer,breast cancer,Exact - MONDO,http://purl.obolibrary.org/obo/MONDO_0007254,
636,https://doi.org/10.1016/j.apmr.2017.03.023,Electroacupuncture for Poststroke Spasticity: A Systematic Review and Meta-Analysis,Poststroke spasticity,Poststroke spasticity,Spasticity,Exact - HP,http://purl.obolibrary.org/obo/HP_0001257,
905,https://doi.org/10.1093/sleep/32.8.1039,Electroacupuncture for Primary Insomnia: A Randomized Controlled Trial,Primary insomnia,Primary insomnia,insomnia,Exact - MONDO,http://purl.obolibrary.org/obo/MONDO_0013600,
614,https://doi.org/10.5665/SLEEP.1056,Electroacupuncture for Residual Insomnia Associated with Major Depressive Disorder: A Randomized Controlled Trial,Major Depressive Disorder (MDD) with residual insomnia,Major Depressive Disorder (MDD) with residual insomnia,major depressive disorder,Exact - MONDO,http://purl.obolibrary.org/obo/MONDO_0002009,
323,https://doi.org/10.1111/j.1526-4610.2004.04077.x,"Electroacupuncture for Tension-type Headache on Distal Acupoints Only: A Randomized, Controlled, Crossover Trial",Tension-type headache (TTH),Tension-type headache (TTH),Tension-type headache,Exact - HP,http://purl.obolibrary.org/obo/HP_0012228,
1274,https://doi.org/10.1007/s11726-011-0522-4,Electroacupuncture for Treating Prostatic Hyperplasia: A Randomized Controlled Trial,Prostatic Hyperplasia (Benign Prostatic Hyperplasia),Benign Prostatic Hyperplasia,benign prostatic hyperplasia,Exact - MONDO,http://purl.obolibrary.org/obo/MONDO_0010811,
632,https://doi.org/10.1136/bmj.305.6864.1249,Electroacupuncture in fibromyalgia: results of a controlled trial,Fibromyalgia,Fibromyalgia,fibromyalgia,Exact - MONDO,http://purl.obolibrary.org/obo/MONDO_0005546,
1395,https://doi.org/10.1089/jwh.2005.14.434,"Electroacupuncture in Obese Women: A Randomized, Controlled Pilot Study",Obesity,Obesity,obesity disorder,Synonym - MONDO,http://purl.obolibrary.org/obo/MONDO_0011122,
18,https://doi.org/10.1007/s11605-011-1446-5,Electroacupuncture in Reduction of Discomfort Associated with Barostat-Induced Rectal Distension-A Randomized Controlled Study,"Not specified (the study focuses on reducing colorectal discomfort during colonoscopy, not a specific disease or condition)","Not specified (the study focuses on reducing colorectal discomfort during colonoscopy, not a specific disease or condition)",,,,
1753,https://doi.org/10.1007/s11726-013-0653-x,Electroacupuncture in Treating Depression: A Randomized Controlled Study,Depression,Depression,Depression,Exact - HP,http://purl.obolibrary.org/obo/HP_0000716,
657,https://doi.org/10.1155/2017/1791258,Electroacupuncture is Beneficial for Primary Dysmenorrhea: The Evidence from Meta-Analysis of Randomized Controlled Trials,Primary dysmenorrhea (PD),Primary dysmenorrhea (PD),primary dysmenorrhea,Exact - MONDO,http://purl.obolibrary.org/obo/MONDO_1060206,
1073,https://doi.org/10.1682/jrrd.2007.11.0181,Electroacupuncture may help motor recovery in chronic stroke survivors: A pilot study,Stroke,Stroke,stroke disorder,Synonym - MONDO,http://purl.obolibrary.org/obo/MONDO_0005098,
1015,https://doi.org/10.1007/s11655-013-1425-7,Electroacupuncture on PC6 Prevents Opioid-Induced Nausea and Vomiting after Laparoscopic Surgery,Postoperative nausea and vomiting (PONV),Postoperative nausea and vomiting (PONV),Nausea and vomiting,Exact - HP,http://purl.obolibrary.org/obo/HP_0002017,
451,https://doi.org/10.1016/s0254-6272(09)60027-3,Electroacupuncture on the Head Points for Improving Gnosia in Patients with Vascular Dementia,Vascular Dementia,Vascular Dementia,vascular dementia,Exact - MONDO,http://purl.obolibrary.org/obo/MONDO_0004648,
684,https://doi.org/10.1371/journal.pone.0178838,Electroacupuncture prevents endothelial dysfunction induced by ischemia-reperfusion injury via a cyclooxygenase-2-dependent mechanism: A randomized controlled crossover trial,Ischemia-reperfusion (IR) injury-induced endothelial dysfunction,"Ischemia, endothelial dysfunction",NOT FOUND,,,
1028,https://doi.org/10.1097/00000542-200202000-00013,Electroacupuncture Prophylaxis of Postoperative Nausea and Vomiting following Pediatric Tonsillectomy with or without Adenoidectomy,Postoperative nausea and vomiting (PONV),Postoperative nausea and vomiting (PONV),Nausea and vomiting,Exact - HP,http://purl.obolibrary.org/obo/HP_0002017,
1755,https://doi.org/10.1053/j.gastro.2012.10.050,Electroacupuncture Reduces Duration of Postoperative Ileus After Laparoscopic Surgery for Colorectal Cancer,Postoperative ileus,Postoperative ileus,ileus,Exact - MONDO,http://purl.obolibrary.org/obo/MONDO_0004567,
14,https://doi.org/10.1136/acupmed-2011-010095,Electroacupuncture reduces the dose of midazolam monitored by the bispectral index in critically ill patients with mechanical ventilation: an exploratory study,Critically ill patients requiring sedation during mechanical ventilation in ICU,mechanical ventilation,NOT FOUND,,,
1436,https://doi.org/10.1016/s1028-4559(09)60276-x,Electroacupuncture reduces uterine artery blood flow impedence in infertile women,Infertility,Infertility,Infertility,Exact - HP,http://purl.obolibrary.org/obo/HP_0000789,
81,https://doi.org/10.1186/1472-6882-2-3,Electroacupuncture versus Diclofenac in symptomatic treatment of Osteoarthritis of the knee: a randomized controlled trial,Osteoarthritis (OA) of the knee,Knee osteoarthritis,Knee osteoarthritis,Exact - HP,http://purl.obolibrary.org/obo/HP_0005086,
367,https://doi.org/10.1016/j.ctcp.2007.12.005,Electrodermal activity as a possible physiological marker for acupuncture,Not specified (the study involved healthy volunteers and did not focus on a specific disease or condition),Not specified (the study involved healthy volunteers and did not focus on a specific disease or condition),,,,
397,https://doi.org/10.1016/j.jams.2014.02.005,Electromyographic and Strength Analyses of Activation Patterns of the Wrist Flexor Muscles after Acupuncture,Not specified (the paper does not explicitly mention a specific Western medical condition or disease),Not specified (the paper does not explicitly mention a specific Western medical condition or disease),,,,
1301,https://pubmed.ncbi.nlm.nih.gov/17711042.0/,Electromyographic evaluation of the masseter and temporal muscles activity in volunteers submitted to acupuncture,Not specified (the study focuses on the physiological effects of acupuncture on muscle activity in healthy volunteers rather than a specific disease or condition),Not specified (the study focuses on the physiological effects of acupuncture on muscle activity in healthy volunteers rather than a specific disease or condition),,,,
855,https://doi.org/10.1002/14651858.CD012225,Electrotherapy modalities for rotator cuff disease (Review),"Rotator cuff disease (including subacromial impingement syndrome, rotator cuff tendinitis, calcific tendinitis)","shoulder pain, tendinitis",NOT FOUND,,,
1405,https://doi.org/10.1016/S1082-3174(11)80075-9,Electrotherapy of Chronic Musculoskeletal Pain: Comparison of Electroacupuncture and Acupuncture Like Transcutaneous Electrical Nerve Stimulation,"Chronic musculoskeletal pain (including conditions such as osteoarthritis, low back pain, whiplash, tendinitis, epicondylitis, capsulitis, and fibrositis)","musculoskeletal pain, osteoarthritis, low back pain, whiplash, tendinitis, epicondylitis, capsulitis, fibrositis",NOT FOUND,,,
1087,https://doi.org/10.1007/s00415-008-0790-1,"Evaluating the efficacy of acupuncture in defined aspects of stroke recovery A randomised, placebo controlled single blind study",Stroke,Stroke,stroke disorder,Synonym - MONDO,http://purl.obolibrary.org/obo/MONDO_0005098,
1754,https://doi.org/10.1186/s12906-016-1026-z,Evaluating validity of various acupuncture device types: a random sequence clinical trial,Not specified (the paper does not mention a specific disease or condition being studied),Not specified (the paper does not mention a specific disease or condition being studied),,,,
1514,https://pubmed.ncbi.nlm.nih.gov/9497660.0/,Evaluation of acupuncture and occlusal splint therapy in the treatment of temporomandibular joint disorders,Temporomandibular joint disorder (TMD),Temporomandibular joint disorder (TMD),temporomandibular joint disorder,Exact - MONDO,http://purl.obolibrary.org/obo/MONDO_0005473,
1752,https://doi.org/10.1001/archotol.125.5.567,Evaluation of Acupuncture for Pain Control After Oral Surgery A Placebo-Controlled Trial,Postoperative oral surgery pain,dental pain,NOT FOUND,,,
634,https://doi.org/10.1002/mds.20503,Evaluation of Acupuncture in the Treatment of Parkinson's Disease: A Double-Blind Pilot Study,Parkinson's Disease,Parkinson's Disease,Parkinson disease,Exact - MONDO,http://purl.obolibrary.org/obo/MONDO_0005180,
259,https://doi.org/10.1089/acm.2008.0369,Evaluation of Manual Acupuncture at Classical and Nondefined Points for Treatment of Functional Dyspepsia: A Randomized-Controlled Trial,Functional Dyspepsia (FD),Functional Dyspepsia (FD),dyspepsia,Exact - MONDO,http://purl.obolibrary.org/obo/MONDO_0002268,
388,https://doi.org/10.1142/S0192415X0700476X,"Evaluation of Scalp and Auricular Acupuncture on EEG, HRV, and PRV",Not specified (the paper does not focus on a specific Western medical condition or disease),Not specified (the paper does not focus on a specific Western medical condition or disease),,,,
644,https://doi.org/10.1016/j.apmr.2017.06.008,Evidence for Dry Needling in the Management of Myofascial Trigger Points Associated With Low Back Pain: A Systematic Review and Meta-Analysis,Low back pain (LBP),Low back pain (LBP),Low back pain,Exact - HP,http://purl.obolibrary.org/obo/HP_0003419,
1760,https://doi.org/10.1177/0333102414523847,Evidence for the use of dry needling and physiotherapy in the management of cervicogenic or tension-type headache: A systematic review,Tension-type headache and Cervicogenic headache,Tension-type headache and Cervicogenic headache,Tension-type headache,Exact - HP,http://purl.obolibrary.org/obo/HP_0012228,
520,https://doi.org/10.1097/PHM.0000000000000266,Evidence for the Use of Ischemic Compression and Dry Needling in the Management of Trigger Points of the Upper Trapezius in Patients with Neck Pain A Systematic Review,Neck pain with trigger points in the upper trapezius muscle,Neck pain with trigger points in the upper trapezius muscle,Neck pain,Exact - HP,http://purl.obolibrary.org/obo/HP_0030833,
59,https://doi.org/10.1136/aim.25.1-2.29,Evidence from RCTs on optimal acupuncture treatment for knee osteoarthritis--an exploratory review,Osteoarthritis of the knee,Knee osteoarthritis,Knee osteoarthritis,Exact - HP,http://purl.obolibrary.org/obo/HP_0005086,
1143,https://doi.org/10.1097/AJP.0b013e3182274018,Exercise and Auricular Acupuncture for Chronic Low-back Pain A Feasibility Randomized-c ontrolled Trial,Chronic Low-Back Pain (CLBP),Chronic low back Pain (CLBP),Low back pain,Exact - HP,http://purl.obolibrary.org/obo/HP_0003419,
1831,https://doi.org/10.1371/journal.pone.0205405,Exercises and Dry Needling for Subacromial Pain Syndrome: A Randomized Parallel-Group Trial,Subacromial pain syndrome,shoulder pain,NOT FOUND,,,
214,https://doi.org/10.1093/ecam/nep047,Exploring the Evidence Base for Acupuncture in the Treatment of Ménière's Syndrome-A Systematic Review,Ménière's disease,Ménière's disease,NOT FOUND,,,
1439,https://doi.org/10.1007/s11726-010-0098-4,External Application of Chinese Medicine following Tapping Using a Plum blossom Needle for Allergic Rhinitis,Allergic rhinitis,Allergic rhinitis,allergic rhinitis,Exact - MONDO,http://purl.obolibrary.org/obo/MONDO_0011786,
1054,https://doi.org/10.1155/2015/871327,Eye Acupuncture Treatment for Stroke: A Systematic Review and Meta-Analysis,Stroke,Stroke,stroke disorder,Synonym - MONDO,http://purl.obolibrary.org/obo/MONDO_0005098,
1775,https://doi.org/10.1089/acm.2011.0914,Factors Associated with Conflicting Findings on Acupuncture for Tension-Type Headache: Qualitative and Quantitative Analyses,Tension-type headache (TTH),Tension-type headache (TTH),Tension-type headache,Exact - HP,http://purl.obolibrary.org/obo/HP_0012228,
647,https://doi.org/10.1371/journal.pone.0187723,Factors related to acupuncture response in patients with chronic severe functional constipation: Secondary analysis of a randomized controlled trial,Chronic severe functional constipation (CSFC),constipation,NOT FOUND,,,
1394,https://doi.org/10.1007/BF03339737,Failure of acupuncture in the treatment of obesity: A pilot study,Obesity,Obesity,obesity disorder,Synonym - MONDO,http://purl.obolibrary.org/obo/MONDO_0011122,
1764,https://doi.org/10.1016/0304-3959(77)90064-1,Failure of Acupuncture to Produce Localized Changes in Subjective Cold Pain Ratings,"Not specified (the paper focuses on pain sensitivity in healthy volunteers, not a specific disease or condition)","Not specified (the paper focuses on pain sensitivity in healthy volunteers, not a specific disease or condition)",,,,
741,https://doi.org/10.1186/1472-6882-11-93,"Feeding, stooling and sleeping patterns in infants with colic -a randomized controlled trial of minimal acupuncture",Infantile colic,colic,NOT FOUND,,,
1768,https://doi.org/10.1016/S2005-2901(10)60018-0,Fifteen-day Acupuncture Treatment Relieves Diabetic Peripheral Neuropathy,Diabetic Peripheral Neuropathy (DPN),Diabetic Peripheral Neuropathy (DPN),peripheral neuropathy,Exact - MONDO,http://purl.obolibrary.org/obo/MONDO_0005244,
1484,https://pubmed.ncbi.nlm.nih.gov/18246682.0/,Fifty Cases of Chloasma Treated by Acupuncture plus Intensive Pulse Light Irradiation,Chloasma (Melasma),Chloasma (Melasma),Melasma,Synonym - HP,http://purl.obolibrary.org/obo/HP_0025272,
246,https://doi.org/10.1016/s0254-6272(08)60006-0,Forty cases of gastrointestinal neurosis treated by acupunture,Gastrointestinal neurosis,"Gastrointestinal neurosis, neurosis",NOT FOUND,,,
1564,https://pubmed.ncbi.nlm.nih.gov/11360530.0/,Forty five Cases of Apoplexy Treated by Electroacupuncture at the Points of Yin Meridians,Apoplexy (stroke or cerebral hemorrhage),"Apoplexy, stroke, cerebral hemorrhage",NOT FOUND,,,
1530,https://pubmed.ncbi.nlm.nih.gov/18246677.0/,Forty six Cases of Acute Cerebral Infarction Treated with the Combined Use of Acupuncture and Drugs,Acute cerebral infarction (stroke),Acute cerebral infarction (stroke),cerebral infarction,Exact - MONDO,http://purl.obolibrary.org/obo/MONDO_0002679,
539,https://pubmed.ncbi.nlm.nih.gov/16334714.0/,Forty six Cases ofthe Nerve Root Involved Cervical Spondylopathy Treated by Needling the Sitian Points,Nerve root involved cervical spondylopathy,cervical spondylopathy,NOT FOUND,,,
1187,https://doi.org/10.1016/s0254-6272(09)60002-9,Forty-six Cases of Vertebrobasilar Insufficiency Treated by Acupuncture plus Intravenous Infusion of Ligustrazine,Vertebrobasilar Insufficiency (VBI),Vertebrobasilar Insufficiency (VBI),vertebrobasilar insufficiency,Exact - MONDO,http://purl.obolibrary.org/obo/MONDO_0001613,
1362,https://doi.org/10.1016/s0254-6272(08)60040-0,Forty-two Cases of Greater Occipital Neuralgia Treated by Acupuncture plus Acupoint-Injection,Greater Occipital Neuralgia,Neuralgia,NOT FOUND,,,
686,https://doi.org/10.1155/2015/492150,Fourier-Domain Optical Coherence Tomography for Monitoring the Lower Tear Meniscus in Dry Eye after Acupuncture Treatment,Dry eye,Dry eye,dry eye syndrome,Synonym - MONDO,http://purl.obolibrary.org/obo/MONDO_0006733,
1181,https://pubmed.ncbi.nlm.nih.gov/1511917.0/,Frequent Ventricular Extrasystole Treated by Needling Neiguan (PC 6) plus Oral Administration of Mexiletine — A Report of 30 Cases,Frequent ventricular extrasystole,ventricular extrasystole,NOT FOUND,,,
549,https://doi.org/10.1089/acm.2006.6125,Fu's Subcutaneous Needling: Possible Clinical Evidence of the Subcutaneous Connective Tissue in Acupuncture,Myofascial trigger points (MTrP) in the neck,Myofascial trigger points,NOT FOUND,,,
105,https://doi.org/10.1089/acu.2013.1015,Function of Auricular Point Acupressure in Inducing Changes in Inflammatory Cytokines During Chronic Low Back Pain: A Pilot Study,Chronic low back pain (CLBP),Chronic low back pain (CLBP),Low back pain,Exact - HP,http://purl.obolibrary.org/obo/HP_0003419,
1522,https://doi.org/10.1089/acu.2009.0694,Functional MRI and Acupuncture (Large Intestine 4 Acupoint) in Patients With Myofascial Pain of the Jaw Muscles: A Pilot Randomized Trial,Myofascial pain of the jaw (chronic myofascial pain syndrome of the masticatory muscles),Myofascial pain,NOT FOUND,,,
235,https://doi.org/10.1111/nmo.12793,Functional neuroimaging studies in functional dyspepsia patients: a systematic review,Functional dyspepsia (FD),Functional dyspepsia (FD),dyspepsia,Exact - MONDO,http://purl.obolibrary.org/obo/MONDO_0002268,
1250,https://doi.org/10.1136/gut.2005.074518,G Acupuncture treatment in irritable bowel ZONLINE syndrome,Irritable Bowel Syndrome (IBS),Irritable Bowel Syndrome (IBS),irritable bowel syndrome,Exact - MONDO,http://purl.obolibrary.org/obo/MONDO_0005052,
120,https://doi.org/10.1001/archinte.167.17.1892,"German Acupuncture Trials (GERAC) for Chronic Low Back Pain Randomized, Multicenter, Blinded, Parallel-Group Trial With 3 Groups",Chronic low back pain,Chronic low back pain,Low back pain,Exact - HP,http://purl.obolibrary.org/obo/HP_0003419,done:TCM
867,https://doi.org/10.1016/j.pain.2010.06.036,"German Randomized Acupuncture Trial for chronic shoulder pain (GRASP) -A pragmatic, controlled, patient-blinded, multi-centre trial in an outpatient care environment",Chronic shoulder pain (CSP),Chronic shoulder pain (CSP),Shoulder pain,Exact - HP,http://purl.obolibrary.org/obo/HP_0030834,
1022,https://doi.org/10.1371/journal.pone.0014766,Getting the Grip on Nonspecific Treatment Effects: Emesis in Patients Randomized to Acupuncture or Sham Compared to Patients Receiving Standard Care,Radiotherapy-induced emesis (nausea and vomiting),Radiotherapy-induced emesis (nausea and vomiting),Vomiting,Synonym - HP,http://purl.obolibrary.org/obo/HP_0002013,
901,https://doi.org/10.1089/acu.2013.0989,Group Auricular Acupuncture for PTSD Related Insomnia in Veterans: A Randomized Trial,PTSD related insomnia,"PTSD, insomnia",NOT FOUND,,,
1877,https://doi.org/10.1371/journal.pone.0104729,Habituation to Experimentally Induced Electrical Pain during Voluntary-Breathing Controlled Electrical Stimulation (BreEStim),Not specified (the paper focuses on pain perception and habituation in healthy subjects),Not specified (the paper focuses on pain perception and habituation in healthy subjects),,,,
1451,https://doi.org/10.1136/aim.14.1.6,Hay Fever Treatment in General Practice: A Randomised Controlled Trial Comparing Standardised Western Acupuncture with,Hay Fever,Hay Fever,seasonal allergic rhinitis,Synonym - MONDO,http://purl.obolibrary.org/obo/MONDO_0005324,
1476,https://pubmed.ncbi.nlm.nih.gov/17078448.0/,He Ne Laser Auricular Irradiation Plus Body Acupuncture for Treatment of Acne Vulgaris in 36 Cases,Acne vulgaris,Acne vulgaris,NOT FOUND,,,
852,https://doi.org/10.1186/1756-0500-1-37,"Health-related quality of life in a trial of acupuncture, sham acupuncture and conventional treatment for chronic sinusitis",Chronic sinusitis,Chronic sinusitis,chronic rhinosinusitis,Synonym - MONDO,http://purl.obolibrary.org/obo/MONDO_0006031,
96,https://doi.org/10.1089/acm.2010.0779,Hegu Acupuncture for Chronic Low-Back Pain: A Randomized Controlled Trial,Chronic low back pain (CLBP),Chronic low back pain (CLBP),Low back pain,Exact - HP,http://purl.obolibrary.org/obo/HP_0003419,
987,https://doi.org/10.1136/bmj.291.6508.1538,Helping people to stop smoking: randomised comparison of groups being treated with acupuncture and nicotine gum with control group,"Not specified (the paper covers multiple conditions: rubella vaccination response, smoking cessation, and eye injuries from squash)","Not specified (the paper covers multiple conditions: rubella vaccination response, smoking cessation, and eye injuries from squash)",,,,
1473,https://doi.org/10.1300/J094v12n02_04,"Hemiparetic Shoulder Pain Syndrome Treated with Deep Dry Needling During Early Rehabilitation: A Prospective, Open Label, Randomized Investigation","Hemiparetic shoulder pain syndrome resulting from a cerebrovascular accident (CVA, stroke)","shoulder pain, stroke",NOT FOUND,,,
,https://doi.org/10.1002/14651858.CD007410.pub2,Hot flashes in perimenopausal and postmenopausal women,Hot flushes (menopausal vasomotor symptom),Hot flashes (menopausal vasomotor symptom),Hot flashes,Exact - HP,http://purl.obolibrary.org/obo/HP_0031217,
225,https://doi.org/10.11622/smedj.2016143,How effective is acupuncture for reducing pain due to How effective is acupuncture for reducing pain due to plantar fasciitis? plantar fasciitis?,Plantar fasciitis,Plantar fasciitis,plantar fasciitis,Exact - MONDO,http://purl.obolibrary.org/obo/MONDO_0004833,
384,https://doi.org/10.1016/0304-3959(90)91071-P,Hypalgesic efficacy of acupuncture on experimental pain in man. Comparison of laser acupuncture and needle acupuncture,Pain (experimental heat stimuli),Pain (experimental heat stimuli),Pain,Exact - HP,http://purl.obolibrary.org/obo/HP_0012531,
176,https://doi.org/10.1155/2013/808971,Hypothalamus-Related Resting Brain Network Underlying Short-Term Acupuncture Treatment in Primary Hypertension,Hypertension,Hypertension,Hypertension,Exact - HP,http://purl.obolibrary.org/obo/HP_0000822,
1227,https://pubmed.ncbi.nlm.nih.gov/1914952.0/,"Idiopathic Subjective Tinnitus Treated by Biofeedback, Acupuncture and Drug Therapy",Idiopathic Subjective Tinnitus (IST),Tinnitus,NOT FOUND,,,
436,https://doi.org/10.1111/j.1526-4637.2010.01017.x,Immediate Analgesia Effect of Single Point Acupuncture in Primary Dysmenorrhea: A Randomized Controlled Trial,Primary dysmenorrhea,Primary dysmenorrhea,primary dysmenorrhea,Exact - MONDO,http://purl.obolibrary.org/obo/MONDO_1060206,
435,https://doi.org/10.1089/acm.2009.0326,Immediate Effect of Acupuncture at Sanyinjiao (SP6) and Xuanzhong (GB39) on Uterine Arterial Blood Flow in Primary Dysmenorrhea,Primary Dysmenorrhea,Primary Dysmenorrhea,primary dysmenorrhea,Exact - MONDO,http://purl.obolibrary.org/obo/MONDO_1060206,
907,https://doi.org/10.1136/aim.2009.001867,Immediate effect of acupuncture on the sleep pattern of patients with obstructive sleep apnoea,Obstructive Sleep Apnoea (OSA),Obstructive Sleep Apnoea (OSA),Obstructive sleep apnea,Synonym - HP,http://purl.obolibrary.org/obo/HP_0002870,
687,https://doi.org/10.1016/j.jams.2017.06.003,Immediate Effect of Needling at CV-12 (Zhongwan) Acupuncture Point on Blood Glucose Level in Patients with Type 2 Diabetes Mellitus: A Pilot Randomized Placebo-Controlled Trial,Type 2 Diabetes Mellitus,Type 2 Diabetes Mellitus,type 2 diabetes mellitus,Exact - MONDO,http://purl.obolibrary.org/obo/MONDO_0005148,
383,https://doi.org/10.1007/s00421-010-1510-y,"Immediate effects of acupuncture on strength performance: a randomized, controlled crossover trial",Not specified (the paper focuses on improving strength performance and potential rehabilitation implications without specifying a primary medical condition),Not specified (the paper focuses on improving strength performance and potential rehabilitation implications without specifying a primary medical condition),,,,
535,https://doi.org/10.1016/s0304-3959(02)00062-3,"Immediate effects of dry needling and acupuncture at distant points in chronic neck pain: results of a randomized, double-blind, sham-controlled crossover trial",Chronic neck pain,Chronic neck pain,Neck pain,Exact - HP,http://purl.obolibrary.org/obo/HP_0030833,
49,https://doi.org/10.1136/acupmed-2013-010489,"Immediate effects of electroacupuncture and manual acupuncture on pain, mobility and muscle strength in patients with knee osteoarthritis: a randomised controlled trial",Knee osteoarthritis,Knee osteoarthritis,Knee osteoarthritis,Exact - HP,http://purl.obolibrary.org/obo/HP_0005086,
1523,https://doi.org/10.1038/sj.bdj.2009.959,"Immediate effects of microsystem acupuncture in patients with oromyofacial pain and craniomandibular disorders (CMD): a double-blind, placebo-controlled trial",Craniomandibular disorders (CMD) and oromyofacial pain,"Craniomandibular disorder, pain",NOT FOUND,,,
847,https://doi.org/10.1089/acm.2000.6.519,Immunomodulatory Effects of Acupuncture in the Treatment of Allergic Asthma: A Randomized Controlled Study,Allergic asthma,Allergic asthma,allergic asthma,Exact - MONDO,http://purl.obolibrary.org/obo/MONDO_0004784,
1288,https://doi.org/10.1163/156856900750232605,Impact of acupuncture as add on therapy to pharmacological treatment of migraine: A pilot study,Migraine without aura,Migraine without aura,migraine without aura,Exact - MONDO,http://purl.obolibrary.org/obo/MONDO_0100431,
1594,uri not found,Impact of Acupuncture on the Brain Function of Heroin Addicts,Heroin addiction,Heroin dependence,heroin dependence,Exact - MONDO,http://purl.obolibrary.org/obo/MONDO_0005367,
279,https://doi.org/10.1152/ajpendo.00495.2010,Impact of electro-acupuncture and physical exercise on hyperandrogenism and oligo/amenorrhea in women with polycystic ovary syndrome: a randomized controlled trial,Polycystic Ovary Syndrome (PCOS),Polycystic Ovary Syndrome (PCOS),polycystic ovary syndrome,Exact - MONDO,http://purl.obolibrary.org/obo/MONDO_0008487,
91,https://doi.org/10.1186/1472-6882-12-209,Impact of electroacupuncture on quality of life for patients with Relapsing-Remitting Multiple Sclerosis under treatment with immunomodulators: A randomized study,Relapsing-Remitting Multiple Sclerosis (RRMS),Relapsing-Remitting Multiple Sclerosis (RRMS),relapsing-remitting multiple sclerosis,Exact - MONDO,http://purl.obolibrary.org/obo/MONDO_0005314,
1864,https://doi.org/10.1136/aim.2009.002220,Implementation of acupuncture and acupressure under surgical procedures in children: a pilot study,Not specified (the paper focuses on surgical procedures and symptoms rather than a specific Western medical condition or disease),Not specified (the paper focuses on surgical procedures and symptoms rather than a specific Western medical condition or disease),,,,
1154,https://doi.org/10.1111/j.1399-6576.1994.tb03839.x,Importance of modes of acupuncture in the treatment of chronic nociceptive low back pain,Chronic nociceptive low back pain,low back pain,NOT FOUND,,,
1379,https://doi.org/10.4065/81.6.749,Improvement in Fibromyalgia Symptoms With Acupuncture: Results of a Randomized Controlled Trial,Fibromyalgia,Fibromyalgia,fibromyalgia,Exact - MONDO,http://purl.obolibrary.org/obo/MONDO_0005546,
1259,uri not found,Improvement of Gastric Movement in Patients with Functional Dyspepsia Treated with Acupuncture,Functional Dyspepsia (FD),Functional Dyspepsia (FD),dyspepsia,Exact - MONDO,http://purl.obolibrary.org/obo/MONDO_0002268,
812,https://pubmed.ncbi.nlm.nih.gov/17515023.0/,In vitro fertilization and acupuncture: Clinical efficacy and mechanistic basis,Infertility,Infertility,Infertility,Exact - HP,http://purl.obolibrary.org/obo/HP_0000789,
858,https://doi.org/10.1016/j.jmpt.2014.11.007,Inclusion of trigger point dry needling in a multimodal physical therapy program for postoperative shoulder pain: A randomized clinical trial,Postoperative shoulder pain,Postoperative shoulder pain,Shoulder pain,Exact - HP,http://purl.obolibrary.org/obo/HP_0030834,
1513,https://doi.org/10.1016/0304-3959(91)90092-C,Increased postoperative pain and consumption of analgesics following acupuncture,Postoperative pain and complications following impacted mandibular third molar removal,Postoperative pain and complications following impacted mandibular third molar removal,Pain,Exact - HP,http://purl.obolibrary.org/obo/HP_0012531,
265,https://doi.org/10.1089/acm.2016.0208,Individualized Acupuncture for Symptom Relief in Functional Dyspepsia: A Randomized Controlled Trial,Functional Dyspepsia (FD),Functional Dyspepsia (FD),dyspepsia,Exact - MONDO,http://purl.obolibrary.org/obo/MONDO_0002268,
1400,https://pubmed.ncbi.nlm.nih.gov/4032390.0/,Induction of Cervical Dilatation in Preparation for First Trimester Abortion and Its Influence on HCG,Cervical dilatation for first trimester abortion,"labor, abortion",NOT FOUND,,,
1019,https://doi.org/10.1007/BF03008646,Ineffectiveness of acupuncture and droperidol in preventing vomiting following strabismus repair in children,Strabismus,Strabismus,strabismus,Exact - MONDO,http://purl.obolibrary.org/obo/MONDO_0003432,
1746,https://doi.org/10.3389/fneur.2025.1633823,Infl uence of Acupuncture Treatment on Cerebral Activity in Functional Dyspepsia Patients and Its Relationship With Effi cacy,Functional Dyspepsia (FD),Functional Dyspepsia (FD),dyspepsia,Exact - MONDO,http://purl.obolibrary.org/obo/MONDO_0002268,
1267,uri not found,Influence of Acupuncture on Cytokines in Chronic Pelvic Pain Syndrome,Chronic Pelvic Pain Syndrome (CP/CPPS),Pelvic Pain,NOT FOUND,,,
701,https://doi.org/10.1046/j.1469-0705.2001.00221.x,Influence of acupuncture on Doppler ultrasound in pregnant women,Intrauterine Growth Restriction (IUGR),Intrauterine Growth Restriction (IUGR),fetal growth restriction,Synonym - MONDO,http://purl.obolibrary.org/obo/MONDO_0005030,
1750,https://doi.org/10.1007/s11726-012-0568-y,Influence of Acupuncture on Remodeling of Swallowing Functions for Patients with Pseudobulbar Palsy after Cerebral Infarction,Pseudobulbar Palsy after Cerebral Infarction,Pseudobulbar Palsy after Cerebral Infarction,pseudobulbar palsy,Exact - MONDO,http://purl.obolibrary.org/obo/MONDO_0006930,
794,https://doi.org/10.1136/acupmed-2012-010269,Influence of acupuncture on the outcomes of in vitro fertilisation when embryo implantation has failed: a prospective randomised controlled clinical trial,Infertility due to embryo implantation failure,Infertility due to embryo implantation failure,Infertility,Exact - HP,http://purl.obolibrary.org/obo/HP_0000789,
799,https://doi.org/10.1016/s0015-0282(01)03273-3,Influence of acupuncture on the pregnancy rate in patients who undergo assisted reproduction therapy,Not specified (the paper does not explicitly mention a specific Western medical condition or disease beyond the context of infertility and assisted reproduction),Not specified (the paper does not explicitly mention a specific Western medical condition or disease beyond the context of infertility and assisted reproduction),,,,
1747,https://doi.org/10.1111/jmwh.12262,Influence of Acupuncture on the Third Stage of Labor: A Randomized Controlled Trial,Postpartum hemorrhage (PPH),Postpartum hemorrhage,NOT FOUND,,,
881,https://doi.org/10.1111/j.1398-9995.2009.02284.x,"Influence of acupuncture on type I hypersensitivity itch and the wheal and flare response in adults with atopic eczema -a blinded, randomized, placebo-controlled, crossover trial",Atopic eczema,Atopic eczema,atopic eczema,Exact - MONDO,http://purl.obolibrary.org/obo/MONDO_0004980,
1166,https://doi.org/10.1007/s11726-010-0454-4,Influence of Acupuncture plus LONG's Manual Manipulations on Functional Improvement in Lumbar Intervertebral Disc Protrusion,Lumbar intervertebral disc protrusion,low back pain,NOT FOUND,,,
808,https://doi.org/10.1016/j.fertnstert.2005.12.015,Influence of acupuncture stimulation on pregnancy rates for women undergoing embryo transfer,Infertility,Infertility,Infertility,Exact - HP,http://purl.obolibrary.org/obo/HP_0000789,done: TCM
392,https://doi.org/10.1136/acupmed-2013-010422,Influence of different durations of electroacupuncture stimulation on skin blood flow and muscle blood volume,Not specified (the study focuses on physiological effects in healthy volunteers rather than a specific disease or condition),Not specified (the study focuses on physiological effects in healthy volunteers rather than a specific disease or condition),,,,
1533,uri not found,Influence of Electric Scalp Acupuncture on Blood Apolipoprotein in Patients of Stroke: A Prospective Randomized Trial on 183 Patients,Stroke,Stroke,stroke disorder,Synonym - MONDO,http://purl.obolibrary.org/obo/MONDO_0005098,
506,https://doi.org/10.1016/s0254-6272(09)60080-7,Influence of Electroacupuncture on the Side Effects of Fkuoxetine on Depression Patients,Depression,Depression,Depression,Exact - HP,http://purl.obolibrary.org/obo/HP_0000716,
553,https://doi.org/10.1007/s10549-016-3765-4,Informing hot flash treatment decisions for breast cancer survivors: a systematic review of randomized trials comparing active interventions,Hot flashes in breast cancer survivors,Hot flashes in breast cancer survivors,Hot flashes,Exact - HP,http://purl.obolibrary.org/obo/HP_0031217,
1839,https://doi.org/10.1016/s0254-6272(08)60004-7,Insomnia Due to Deficiency of Both the Heart and Spleen Treated by Acupuncture-Moxibustion and Chinese Tuina,Insomnia,Insomnia,insomnia,Exact - MONDO,http://purl.obolibrary.org/obo/MONDO_0013600,
38,https://doi.org/10.1097/RHU.0b013e3182a21848,Integrating acupuncture with exercise-based physical therapy for knee osteoarthritis: a randomized controlled trial,Knee Osteoarthritis (Knee OA),Knee Osteoarthritis (Knee OA),Knee osteoarthritis,Exact - HP,http://purl.obolibrary.org/obo/HP_0005086,
,https://doi.org/10.1089/10755530260127952,Integrating Patient Preferences in Clinical Trials: A Pilot Study of Acupuncture Versus Midazolam for Gastroscopy,Not specified (the paper does not specify a particular disease or condition being studied; it focuses on the procedure and pretreatment options),Not specified (the paper does not specify a particular disease or condition being studied; it focuses on the procedure and pretreatment options),,,,
776,https://doi.org/10.1002/14651858.CD001139.pub4,Interventions for preventing and treating low-back and pelvic pain during pregnancy,Chronic low back pain (CLBP),Low back pain and pelvic pain during pregnancy,"Low back pain, Pelvic pain","Exact - HP, Exact - HP","http://purl.obolibrary.org/obo/HP_0003419, http://purl.obolibrary.org/obo/HP_0034267",
777,https://doi.org/10.1002/14651858.CD010607.PUB2,Interventions for treating hyperemesis gravidarum: a Cochrane systematic review and meta-analysis,Hyperemesis gravidarum,Hyperemesis gravidarum,hyperemesis gravidarum,Exact - MONDO,http://purl.obolibrary.org/obo/MONDO_0006791,
908,https://doi.org/10.1142/S0192415X09007624,Intradermal Acupuncture on Shen-Men and Nei-Kuan Acupoints Improves Insomnia in Stroke Patients by Reducing the Sympathetic Nervous Activity: A Randomized Clinical Trial,Insomnia after stroke,Insomnia after stroke,insomnia,Exact - MONDO,http://purl.obolibrary.org/obo/MONDO_0013600,
906,https://doi.org/10.1142/S0192415X04002399,Intradermal Acupuncture on Shen-Men and Nei-Kuan Acupoints in Patients With Insomnia After Stroke,Insomnia after stroke,Insomnia after stroke,insomnia,Exact - MONDO,http://purl.obolibrary.org/obo/MONDO_0013600,
1,https://doi.org/10.1002/lary.25252,"Intraoperative Acupuncture for Posttonsillectomy Pain: A Randomized, Double-Blind, Placebo-Controlled Trial",Postoperative pain following tonsillectomy,Postoperative pain following tonsillectomy,Pain,Exact - HP,http://purl.obolibrary.org/obo/HP_0012531,
8,https://doi.org/10.1136/acupmed-2014-010749,Intraoperative and postoperative anaesthetic and analgesic effect of multipoint transcutaneous electrical acupuncture stimulation combined with sufentanil anaesthesia in patients undergoing supratentorial craniotomy,Not specified (the paper focuses on anesthesia and postoperative recovery during supratentorial craniotomy without specifying a particular disease or condition),Not specified (the paper focuses on anesthesia and postoperative recovery during supratentorial craniotomy without specifying a particular disease or condition),,,,
1505,https://doi.org/10.5772/53970,Introduction to Floating Acupuncture: Clinical Study on the Treatment of Lateral Epicondylitis,Lateral epicondylitis (Tennis elbow),Lateral epicondylitis (Tennis elbow),epicondylitis,Synonym - MONDO,http://purl.obolibrary.org/obo/MONDO_0001875,
394,https://doi.org/10.1136/acupmed-2014-010617,Investigation into the effects of using two or four acupuncture needles with bidirectional rotation on experimentally-induced contact heat pain in healthy subjects,"Not specified (the study focuses on experimentally-induced contact thermal pain in healthy volunteers, not a specific disease or condition)","Not specified (the study focuses on experimentally-induced contact thermal pain in healthy volunteers, not a specific disease or condition)",,,,
729,https://doi.org/10.1016/S0304-3959(99)00304-8,Is acupuncture effective for the treatment of chronic pain? A systematic review,Chronic pain; Non-specific low back pain,Chronic pain; Non-specific low back pain,"Chronic pain, Low back pain","Exact - HP, Exact - HP","http://purl.obolibrary.org/obo/HP_0012532, http://purl.obolibrary.org/obo/HP_0003419",
1834,https://pubmed.ncbi.nlm.nih.gov/10086765.0/,Is Acupuncture Effective in the Treatment of Fibromyalgia?,Fibromyalgia syndrome (FMS),Fibromyalgia syndrome (FMS),fibromyalgia,Synonym - MONDO,http://purl.obolibrary.org/obo/MONDO_0005546,
263,https://doi.org/10.2147/JPR.S55580,Is acupuncture effective in the treatment of pain in endometriosis?,Endometriosis,Endometriosis,endometriosis,Exact - MONDO,http://purl.obolibrary.org/obo/MONDO_0005133,
613,https://doi.org/10.1016/j.jns.2014.04.016,Is acupuncture efficacious therapy in Parkinson's disease?,Parkinson's disease,Parkinson's disease,Parkinson disease,Exact - MONDO,http://purl.obolibrary.org/obo/MONDO_0005180,
272,https://doi.org/10.1016/j.ejogrb.2010.06.023,Is acupuncture in addition to conventional medicine effective as pain treatment for endometriosis? A randomised controlled cross-over trial,Endometriosis,Endometriosis,endometriosis,Exact - MONDO,http://purl.obolibrary.org/obo/MONDO_0005133,
926,https://doi.org/10.4103/0259-1162.177182,Is acupuncturing effective in controlling the gag reflex during dental procedures? A review of literature,Gag reflex,Gag reflex,NOT FOUND,,,
649,https://doi.org/10.1136/acupmed-2017-011401,Is laser acupuncture an effective complementary therapy for obesity management? A systematic review of clinical trials,Obesity,Obesity,obesity disorder,Synonym - MONDO,http://purl.obolibrary.org/obo/MONDO_0011122,
359,https://doi.org/10.1155/2015/152086,Is Skin-Touch Sham Needle Not Placebo? A Double-Blind Crossover Study on Pain Alleviation,Pain,Pain,Pain,Exact - HP,http://purl.obolibrary.org/obo/HP_0012531,
1773,https://doi.org/10.1089/acm.2010.0325,Is the Diurnal Profile of Salivary Cortisol Concentration a Useful Marker for Measuring Reported Stress in Acupuncture Research? A Randomized Controlled Pilot Study,Chronic stress,stress,NOT FOUND,,,
571,https://doi.org/10.1136/aim.2011.004044,Is there a role for acupuncture in the symptom management of patients receiving palliative care for cancer? A pilot study of 20 patients comparing acupuncture with nurse-led supportive care,Incurable cancer,cancer,NOT FOUND,,,
1361,https://pubmed.ncbi.nlm.nih.gov/14719299.0/,Juvenile Myasthenia Laryngis Treated by Acupuncture and TCM Medication,Myasthenia laryngis (laryngoparalysis),"laryngis, laryngoparalysis",NOT FOUND,,,
1777,https://doi.org/10.1046/j.1365-2281.2000.00280.x,Lack of effect of acupuncture upon signs and symptoms of delayed onset muscle soreness,Delayed Onset Muscle Soreness (DOMS),Muscle Soreness,NOT FOUND,,,
495,https://doi.org/10.1136/aim.23.3.103,Laser acupuncture for mild to moderate depression in a primary care setting -a randomised controlled trial,Mild to moderate depression,depression,NOT FOUND,,,
723,https://doi.org/10.1016/j.jams.2014.06.015,Laser Acupuncture for Treating Musculoskeletal Pain: A Systematic Review with Meta-analysis,Musculoskeletal pain,Musculoskeletal pain,NOT FOUND,,,
925,https://doi.org/10.1016/0304-3959(90)91078-W,Laser treatment applied to acupuncture points in lateral humeral epicondylalgia. A double-blind study,Lateral humeral epicondylalgia (Tennis elbow),epicondylitis,NOT FOUND,,,
122,https://doi.org/10.1097/00007632-200107010-00005,Lessons from a Trial of Acupuncture and Massage for Low Back Pain Patient Expectations and Treatment Effects,Chronic low back pain,Chronic low back pain,Low back pain,Exact - HP,http://purl.obolibrary.org/obo/HP_0003419,
1762,https://doi.org/10.1155/2017/7916031,Lifestyle-Related Factors in the Self-Management of Chemotherapy-Induced Peripheral Neuropathy in Colorectal Cancer: A Systematic Review,Chemotherapy-induced peripheral neuropathy (CIPN),Chemotherapy-induced peripheral neuropathy (CIPN),peripheral neuropathy,Exact - MONDO,http://purl.obolibrary.org/obo/MONDO_0005244,
662,https://doi.org/10.1097/aap.0000000000000740,Literature Review and Meta-Analysis of Transcutaneous Electrical Nerve Stimulation in Treating Chronic Back Pain,chronic back pain,chronic back pain,Back pain,Exact - HP,http://purl.obolibrary.org/obo/HP_0003418,
770,https://doi.org/10.1002/ejp.671,Local and distant acupuncture points stimulation for chronic musculoskeletal pain: A systematic review on the comparative effects,Chronic musculoskeletal pain (CMP),pain,NOT FOUND,,,
1569,https://doi.org/10.1038/clpt.1991.106,Local anesthesia blocks the antiemetic action of P6 acupuncture,Postoperative nausea and vomiting,Postoperative nausea and vomiting,Nausea and vomiting,Exact - HP,http://purl.obolibrary.org/obo/HP_0002017,
362,https://doi.org/10.1186/1476-5918-8-2,Local increase in trapezius muscle oxygenation during and after acupuncture,Shoulder stiffness (SS),"frozen shoulder, shoulder pain",NOT FOUND,,,
99,https://doi.org/10.1016/j.jmpt.2004.12.004,"Long-term follow-up of a randomized clinical trial assessing the efficacy of medication, acupuncture, and spinal manipulation for chronic mechanical spinal pain syndromes",Chronic mechanical spinal pain syndromes,"spinal pain, back pain",NOT FOUND,,,
573,https://doi.org/10.1080/13697130801958709,"Long-term follow-up of acupuncture and hormone therapy on hot flushes in women with breast cancer: a prospective, randomized, controlled multicenter trial",Vasomotor symptoms (hot flushes and sweating) in women with a history of breast cancer,"Vasomotor symptoms, hot flashes, sweating, breast cancer",NOT FOUND,,,
1774,https://pubmed.ncbi.nlm.nih.gov/22966246.0/,Longitudinal Anti-Müllerian Hormone in Women with Polycystic Ovary Syndrome: An Acupuncture Randomized Clinical Trial,Polycystic Ovary Syndrome (PCOS),Polycystic Ovary Syndrome (PCOS),polycystic ovary syndrome,Exact - MONDO,http://purl.obolibrary.org/obo/MONDO_0008487,
1740,10.22454/FamMed.2020.179585,"Longitudinal Study of Well-Being, Burnout and Emotional Intelligence in Family Medicine Residents",Not specified (the study focuses on burnout and well being rather than a specific Western medical condition or disease),Not specified (the study focuses on burnout and well being rather than a specific Western medical condition or disease),,,,
276,https://doi.org/10.1152/ajpregu.00197.2009,Low-frequency electroacupuncture and physical exercise decrease high muscle sympathetic nerve activity in polycystic ovary syndrome,Polycystic ovary syndrome (PCOS),Polycystic ovary syndrome (PCOS),polycystic ovary syndrome,Exact - MONDO,http://purl.obolibrary.org/obo/MONDO_0008487,
318,https://doi.org/10.1142/S0192415X10008111,Manage Migraine with Acupuncture: A Review of Acupuncture Protocols in Randomized Controlled Trials,Migraine,Migraine,migraine disorder,Synonym - MONDO,http://purl.obolibrary.org/obo/MONDO_0005277,
929,https://doi.org/10.1111/jopr.12957,Management of gag reflex for patients undergoing dental treatment (Review),Gag reflex,Gag reflex,NOT FOUND,,,
291,https://doi.org/10.1016/j.maturitas.2009.10.017,Managing hot flushes in men after prostate cancer-A systematic review,Hot flushes in men with prostate cancer,hot flashes in men with prostate cancer,Hot flashes,Exact - HP,http://purl.obolibrary.org/obo/HP_0031217,
725,https://doi.org/10.1016/j.apmr.2004.11.044,Manual Acupuncture for Analgesia During Electromyography: A Pilot Study,"Not specified (the paper focuses on pain management during electromyography, not a specific disease or condition)","Not specified (the paper focuses on pain management during electromyography, not a specific disease or condition)",,,,
769,https://doi.org/10.1136/acupmed-2016-011176,Manual acupuncture for myofascial pain syndrome: a systematic review and meta-analysis,Myofascial pain syndrome (MPS),Myofascial pain syndrome (MPS),myofascial pain syndrome,Exact - MONDO,http://purl.obolibrary.org/obo/MONDO_0006862,
584,https://doi.org/10.1089/acm.2007.0793,Manual Acupuncture Improved Quality of Life in Cancer Patients with Radiation-Induced Xerostomia,Radiation-induced xerostomia,Radiation-induced xerostomia,Xerostomia,Exact - HP,http://purl.obolibrary.org/obo/HP_0000217,
1433,https://doi.org/10.1016/s0885-3924(00)00185-8,"Manual Acupuncture Reduces Hyperemesis Gravidarum: A Placebo-Controlled, Randomized, Single-Blind, Crossover Study",Hyperemesis gravidarum,Hyperemesis gravidarum,hyperemesis gravidarum,Exact - MONDO,http://purl.obolibrary.org/obo/MONDO_0006791,
651,https://doi.org/10.1016/j.gtc.2017.08.015,"Massage Acupuncture, Moxibustion, and Other Forms of Complementary and Alter native Medicine in Inflammatory Bowel Disease",Inflammatory Bowel Disease (IBD),Inflammatory Bowel Disease (IBD),inflammatory bowel disease,Exact - MONDO,http://purl.obolibrary.org/obo/MONDO_0005265,done: TCM
818,https://doi.org/10.3109/00016489.2014.973533,"Measurable impact of acupuncture on mucosal swelling of inferior turbinates: a prospective, randomized, controlled study",Nasal congestion due to hypertrophic inferior turbinate (resulting from allergic and chronic rhinitis),Nasal congestion due to hypertrophic inferior turbinate (resulting from allergic and chronic rhinitis),Nasal congestion,Exact - HP,http://purl.obolibrary.org/obo/HP_0001742,
267,uri not found,Mechanism study on acupuncture for non-insulin resistant polycystic ovary syndrome,Polycystic ovary syndrome (PCOS),Polycystic ovary syndrome (PCOS),polycystic ovary syndrome,Exact - MONDO,http://purl.obolibrary.org/obo/MONDO_0008487,
648,https://doi.org/10.3390/ijms18112270,Mechanisms of Acupuncture Therapy in Ischemic Stroke Rehabilitation: A Literature Review of Basic Studies,Ischemic Stroke,Ischemic Stroke,ischemic stroke,Exact - MONDO,http://purl.obolibrary.org/obo/MONDO_1060198,
819,https://doi.org/10.1155/2015/975632,"Mediators, Receptors, and Signalling Pathways in the Anti-Inflammatory and Antihyperalgesic Effects of Acupuncture",Allergic rhinitis,Allergic rhinitis,allergic rhinitis,Exact - MONDO,http://purl.obolibrary.org/obo/MONDO_0011786,
1749,https://doi.org/10.1016/s0254-6272(12)60024-7,Meta analysis of the curative effect of acupuncture on post-stroke depression,Post-stroke depression (PSD),Post-stroke depression (PSD),Depression,Exact - HP,http://purl.obolibrary.org/obo/HP_0000716,
206,https://doi.org/10.1186/1472-6882-13-311,Meta-analysis of acupuncture for relieving non-organic dyspeptic symptoms suggestive of diabetic gastroparesis,Diabetic Gastroparesis,Diabetic Gastroparesis,gastroparesis,Exact - MONDO,http://purl.obolibrary.org/obo/MONDO_0006769,
583,https://doi.org/10.1177/1534735413510024,Meta-Analysis of Randomized Controlled Trials of Acupuncture for Cancer-Related Fatigue,Cancer-related fatigue (CRF),Cancer-related fatigue (CRF),Fatigue,Exact - HP,http://purl.obolibrary.org/obo/HP_0012378,
1772,https://doi.org/10.1089/acm.2010.0156,Meta-Analysis of Scalp Acupuncture for Acute Hypertensive Intracerebral Hemorrhage,Intracerebral hemorrhage (ICH) due to hypertension,Intracerebral hemorrhage (ICH) due to hypertension,intracerebral hemorrhage,Exact - MONDO,http://purl.obolibrary.org/obo/MONDO_0013792,
973,https://doi.org/10.1177/0897190013489574,Methadone Maintenance Treatment Versus Methadone Maintenance Treatment Plus Auricular Acupuncture: Impacts on Patient Satisfaction and Coping Mechanism,Opiate dependence,Opiate dependence,opiate dependence,Exact - MONDO,http://purl.obolibrary.org/obo/MONDO_0005530,
381,https://doi.org/10.1088/0967-3334/28/10/N01,Microcirculatory characteristics of acupuncture points obtained by laser Doppler flowmetry,Not specified (the paper focuses on the physiological basis of acupoints in healthy individuals rather than a specific Western medical condition or disease),Not specified (the paper focuses on the physiological basis of acupoints in healthy individuals rather than a specific Western medical condition or disease),,,,
1287,uri not found,Migraine Treated by Acupuncture,Migraine,Migraine,migraine disorder,Synonym - MONDO,http://purl.obolibrary.org/obo/MONDO_0005277,
295,https://doi.org/10.2164/jandrol.111.013235,Minireview Acupuncture for Chronic Nonbacterial Prostatitis/Chronic Pelvic Pain Syndrome: A Systematic Review,Chronic prostatitis/chronic pelvic pain syndrome (CP/CPPS),Chronic prostatitis/chronic pelvic pain syndrome (CP/CPPS),chronic prostatitis,Exact - MONDO,http://purl.obolibrary.org/obo/MONDO_0022103,
700,https://doi.org/10.1016/j.apmr.2004.11.047,Modulation of the Sleep State-Dependent P50 Midlatency Auditory-Evoked Potential by Electric Stimulation of Acupuncture Points,Not specified (the paper discusses potential applications for disorders of hypervigilance but does not specify a primary medical condition or disease being studied),Not specified (the paper discusses potential applications for disorders of hypervigilance but does not specify a primary medical condition or disease being studied),,,,
1030,https://doi.org/10.1097/01.anes.0000290617.98058.d9,Monitoring of Neuromuscular Blockade at the P6 Acupuncture Point Reduces the Incidence of Postoperative Nausea and Vomiting,Postoperative Nausea and Vomiting (PONV),Postoperative Nausea and Vomiting (PONV),Nausea and vomiting,Exact - HP,http://purl.obolibrary.org/obo/HP_0002017,
691,https://doi.org/10.1016/j.maturitas.2017.03.314,Moxibustion for the treatment of osteoarthritis: An updated systematic review and meta-analysis,Osteoarthritis (OA),Osteoarthritis (OA),osteoarthritis,Exact - MONDO,http://purl.obolibrary.org/obo/MONDO_0005178,
1380,https://pubmed.ncbi.nlm.nih.gov/17710799.0/,Moxibustion in Combination with Psychological Approaches in 310 Cases,Chronic Fatigue Syndrome (CFS),Chronic Fatigue Syndrome (CFS),myalgic encephalomeyelitis/chronic fatigue syndrome,Synonym - MONDO,http://purl.obolibrary.org/obo/MONDO_0005404,
308,https://doi.org/10.1046/j.1468-2982.1990.1003131.x,Muscle tenderness in tension headache treated with acupuncture or physiotherapy,Tension headache (synonymous with muscle contraction headache),headache,NOT FOUND,,,
722,https://doi.org/10.1016/j.math.2010.05.010,Myofascial trigger point needling for whiplash associated pain e A feasibility study,Whiplash associated pain,pain,NOT FOUND,,,
1153,https://doi.org/10.1371/journal.pone.0000919,Naturopathic Care for Chronic Low Back Pain: A Randomized Trial,Chronic low back pain,Chronic low back pain,Low back pain,Exact - HP,http://purl.obolibrary.org/obo/HP_0003419,
864,https://doi.org/10.1002/art.24675,Naturopathic Treatment of Rotator Cuff Tendinitis Among Canadian Postal Workers: A Randomized Controlled Trial,Rotator cuff tendinitis,"shoulder pain, tendinitis",NOT FOUND,,,
523,https://doi.org/10.1097/AJP.0b013e3181e375c9,Neck Pain Treatment With Acupuncture: Does the Number of Needles Matter?,Myofascial neck pain syndrome,neck pain,NOT FOUND,,,
1116,https://pubmed.ncbi.nlm.nih.gov/22588814.0/,Needle acupuncture for osteoarthritis of the knee A systematic review and updated meta analysis,Osteoarthritis of the knee (KOA),Knee osteoarthritis (KOA),Knee osteoarthritis,Exact - HP,http://purl.obolibrary.org/obo/HP_0005086,
1083,https://doi.org/10.1016/j.apmr.2003.06.012,Needle Acupuncture in Chronic Poststroke Leg Spasticity,Chronic poststroke leg spasticity,leg spasticity,NOT FOUND,,,
346,https://doi.org/10.1046/j.1468-2982.2001.00198.x,"Needle acupuncture in tension-type headache: a randomized, placebo-controlled study",Tension-type headache,Tension-type headache,Tension-type headache,Exact - HP,http://purl.obolibrary.org/obo/HP_0012228,
50,https://doi.org/10.3892/etm.2014.1516,Needle-knife therapy improves the clinical symptoms of knee osteoarthritis by inhibiting the expression of inflammatory cytokines,Knee osteoarthritis (KOA),Knee osteoarthritis (KOA),Knee osteoarthritis,Exact - HP,http://purl.obolibrary.org/obo/HP_0005086,
1175,https://pubmed.ncbi.nlm.nih.gov/16447669.0/,Needling Neiguan (P6) for Treatment of Low Pulse Pressure Syndrome —A Report of 31 Cases,Low pulse pressure syndrome,Low pulse pressure syndrome,NOT FOUND,,,
460,https://doi.org/10.1142/S0192415X04002363,Needling of the Extra 1 Point Decreases BIS Values and Preoperative Anxiety,Not specified (the study focuses on preoperative anxiety rather than a specific Western medical condition or disease),Not specified (the study focuses on preoperative anxiety rather than a specific Western medical condition or disease),,,,
1545,uri not found,Needling Paravertebral Points in Treatment of Post-Stroke Thalamic Pain,Post stroke thalamic pain,"thalamic pain, stroke",NOT FOUND,,,
727,https://doi.org/10.1053/apmr.2001.24023,Needling Therapies in the Management of Myofascial Trigger Point Pain: A Systematic Review,Myofascial trigger point pain,pain,NOT FOUND,,,
1571,uri not found,"Neiguan, the P6 anti-emetic acupuncture point: effect on nalbuphine emetic sequelae",Post operative nausea and vomiting,Post operative nausea and vomiting,Vomiting,Exact - HP,http://purl.obolibrary.org/obo/HP_0002013,
952,https://doi.org/10.1007/s00213-013-3015-y,Neural substrates of acupuncture in the modulation of cravings induced by smoking-related visual cues: an FMRI study,Nicotine dependence and smoking cessation,Nicotine dependence and smoking cessation,nicotine dependence,Exact - MONDO,http://purl.obolibrary.org/obo/MONDO_0008575,
707,https://doi.org/10.1006/nimg.2002.1145,Neuronal Specificity of Acupuncture Response: A fMRI Study with Electroacupuncture,Pain (musculoskeletal pain/disorders of muscle and tendon),Pain (musculoskeletal pain/disorders of muscle and tendon),Pain,Exact - HP,http://purl.obolibrary.org/obo/HP_0012531,
840,https://doi.org/10.1136/aim.20.2-3.66,"No Effect Of Chinese Acupuncture On Isocapnic Hyperventilation With Cold Air In Asthmatics, Measured With Impulse Oscillometry",Asthma,Asthma,asthma,Exact - MONDO,http://purl.obolibrary.org/obo/MONDO_0004979,
1766,https://doi.org/10.1016/j.ctim.2010.12.002,"Non penetrating sham needle, is it an adequate sham control in acupuncture research? ଝ",Not specified (the study focuses on validating a sham needle control in acupuncture research rather than a specific disease or condition),Not specified (the study focuses on validating a sham needle control in acupuncture research rather than a specific disease or condition),,,,
1291,https://doi.org/10.1007/s100720300062,"Non-pharmacological approaches to chronic headaches: transcutaneous electrical nerve stimulation, lasertherapy and acupuncture in transformed migraine treatment",Transformed Migraine,Migraine,NOT FOUND,,,
60,https://doi.org/10.1054/ctim.2001.0442,Non-specific effects of traditional Chinese acupuncture in osteoarthritis of the hip,Osteoarthritis of the hip,Osteoarthritis of the hip,osteoarthritis,Exact - MONDO,http://purl.obolibrary.org/obo/MONDO_0005178,
995,https://doi.org/10.1016/j.ajog.2016.01.156,Nonantimuscarinic treatment for overactive bladder: a systematic review,Overactive bladder (OAB),Overactive bladder (OAB),overactive bladder,Exact - MONDO,http://purl.obolibrary.org/obo/MONDO_0006624,
92,https://doi.org/10.7326/M16-2459,Nonpharmacologic Therapies for Low Back Pain: A Systematic Review for an American College of Physicians Clinical Practice Guideline,Low back pain (acute or chronic nonradicular or radicular),Low back pain (acute or chronic nonradicular or radicular),Low back pain,Exact - HP,http://purl.obolibrary.org/obo/HP_0003419,
735,https://doi.org/10.1155/2013/219817,Objectifying Acupuncture Effects by Lung Function and Numeric Rating Scale in Patients Undergoing Heart Surgery,Poststernotomy pain,Poststernotomy pain,Pain,Exact - HP,http://purl.obolibrary.org/obo/HP_0012531,
1389,uri not found,Observation and Mechanism Exploration of Acupuncture on Body Weight Reduction,Obesity,Obesity,obesity disorder,Synonym - MONDO,http://purl.obolibrary.org/obo/MONDO_0011122,
1392,https://doi.org/10.1142/S0192415X09007466,Observation of Sympathomimetic Effect of Ear Acupuncture Stimulation for Body Weight Reduction,Obesity,Obesity,obesity disorder,Synonym - MONDO,http://purl.obolibrary.org/obo/MONDO_0011122,
1243,https://pubmed.ncbi.nlm.nih.gov/10681867.0/,Observation of the efficacy of acupuncture and moxibustion in 62 cases of chronic colitis,Chronic colitis (also known as ulcerative colitis),Chronic colitis (also known as ulcerative colitis),Chronic colitis,Exact - HP,http://purl.obolibrary.org/obo/HP_0100281,
1249,uri not found,Observation of the Therapeutic Effect of Acupuncture on 58 Cases of Functional Dyspepsia,Functional Dyspepsia (FD),Functional Dyspepsia (FD),dyspepsia,Exact - MONDO,http://purl.obolibrary.org/obo/MONDO_0002268,
1745,https://doi.org/10.1007/s11726-011-0468-6,Observation of Therapeutic Effects of Needle Warming Moxibustion for Chronic Diarrhea 温针灸治疗慢性腹泻疗效观察,Chronic diarrhea,Chronic diarrhea,chronic diarrheal disease,Synonym - MONDO,http://purl.obolibrary.org/obo/MONDO_0044751,
1565,https://pubmed.ncbi.nlm.nih.gov/14719302.0/,Observation on Acupuncture Treatment of Ischemic Apoplexy by Nourishing the Kidney and Regulating the Du Channel,Ischemic apoplexy (stroke),"Ischemic apoplexy, stroke",NOT FOUND,,,
517,https://doi.org/10.1007/s11726-011-0541-1,Observation on Efficacy of Acupuncture for Hyperplasia of Mammary Glands,Breast hyperplasia (fibrocystic breast disease),Breast hyperplasia,NOT FOUND,,,
1475,https://doi.org/10.1007/s11726-011-0498-0,Observation on the Effect of Cutaneous Acupuncture for Erysipelas with Hard Swollen Skin,Erysipelas with hard swollen skin,Erysipelas with hard swollen skin,erysipelas,Exact - MONDO,http://purl.obolibrary.org/obo/MONDO_0001266,
1388,https://pubmed.ncbi.nlm.nih.gov/12400423.0/,Observation on the Therapeutic Effects of Acupuncture for 60 Cases of Simple Obesity,Simple obesity,Simple obesity,obesity disorder,Synonym - MONDO,http://purl.obolibrary.org/obo/MONDO_0011122,
1428,https://pubmed.ncbi.nlm.nih.gov/20088416.0/,Observation on therapeutic effect of acupuncture on hyperemesis gravidarum,Hyperemesis gravidarum,Hyperemesis gravidarum,hyperemesis gravidarum,Exact - MONDO,http://purl.obolibrary.org/obo/MONDO_0006791,
1177,uri not found,Observation on therapeutic effect of magnetic acupuncture treatment of simple obesity complicated with hyperlipidemia,Hyperlipidemia,Hyperlipidemia,hyperlipidemia,Exact - MONDO,http://purl.obolibrary.org/obo/MONDO_0021187,
1765,https://doi.org/10.1007/s11726-012-0561-5,Observation on Therapeutic Effects of Abdominal Acupuncture plus Body Acupuncture for Moderate Depression,Moderate Depression,Moderate Depression,Depression,Exact - HP,http://purl.obolibrary.org/obo/HP_0000716,
1654;1501,https://doi.org/10.1007/s11726-009-0228-z,Observation on Therapeutic Effects of Acupuncture and Tuina in Treatment of Sprains and Strains of Minor Joints at Four Extremities,Sprains and strains of minor joints at the four extremities (metacarpophalangeal/metatarsophalangeal joints),"sprain, strain, joint paint",NOT FOUND,,,
1654;1501,uri not found,Observation on Therapeutic Effects of Acupuncture and Tuina in Treatment of Sprains and Strains of Minor Joints at Four Extremities,Sprains and strains of minor joints at the four extremities (including metacarpophalangeal and metatarsophalangeal joints),"Sprain, strain, joint pain",NOT FOUND,,,
1210,https://pubmed.ncbi.nlm.nih.gov/10437209.0/,Observation on therapeutic effects of blood-letting puncture with cupping in acute trigeminal neuralgia,Trigeminal neuralgia,Trigeminal neuralgia,trigeminal neuralgia,Exact - MONDO,http://purl.obolibrary.org/obo/MONDO_0008599,
1306,https://pubmed.ncbi.nlm.nih.gov/17036488.0/,Observation on therapeutic effects of scalp acupuncture analgesia on labor,Labor pain during childbirth,"Labor, childbirth",NOT FOUND,,,
1377,https://pubmed.ncbi.nlm.nih.gov/17393617.0/,Observation on Treatment of Dizziness Mainly by Acupuncture,Dizziness,Dizziness,Vertigo,Synonym - HP,http://purl.obolibrary.org/obo/HP_0002321,
1502,https://pubmed.ncbi.nlm.nih.gov/2761282.0/,"Observations on clinical therapeutic effect in treating soft tissue injuries by acupuncture, with pain threshold and electromyography as parameters","Soft tissue injuries (including strain of lumbar muscles, acute sprain of the lumbar spine, back and low back fascitis, musculofibrositis, periarthritis humeroscapularis)","Soft tissue injury, strain, fascitis, musculofibrositis, periarthritis",NOT FOUND,,,
1328,uri not found,Observations on the Therapeutic Effects of Acupuncture on Vascular Dementia,Vascular Dementia,Vascular Dementia,vascular dementia,Exact - MONDO,http://purl.obolibrary.org/obo/MONDO_0004648,
309,https://doi.org/10.1046/j.1468-2982.1990.1003123.x,Oculomotor Disturbances in Patients with Tension Headache Treated with Acupuncture or Physiotherapy,Tension headache,headache,NOT FOUND,,,
1016,https://doi.org/10.1136/acupmed-2013-010340,Ondansetron combined with ST36 (Zusanli) acupuncture point injection for postoperative vomiting,Postoperative vomiting (POV),Postoperative vomiting (POV),Vomiting,Exact - HP,http://purl.obolibrary.org/obo/HP_0002013,
1421,https://doi.org/10.1007/s00508-005-0501-1,Oral acupuncture in the therapy of craniomandibular dysfunction syndrome -a randomized controlled trial (RCT),Craniomandibular dysfunction syndrome (Temporomandibular disorders),"Craniomandibular dysfunction syndrome, Temporomandibular joint disorder",temporomandibular joint disorder,Exact - MONDO,http://purl.obolibrary.org/obo/MONDO_0005473,
936,https://doi.org/10.1159/000355435,Overview of Systematic Reviews and Meta-Analyses of Acupuncture for Stroke,Stroke,Stroke,stroke disorder,Synonym - MONDO,http://purl.obolibrary.org/obo/MONDO_0005098,
282,https://doi.org/10.1136/acupmed-2014-010592,Overview of the relevant literature on the possible role of acupuncture in treating male sexual dysfunction,Erectile dysfunction (ED) and premature ejaculation (PE),Erectile dysfunction (ED) and premature ejaculation (PE),"erectile dysfunction, premature ejaculation","Exact - MONDO, Exact - MONDO","http://purl.obolibrary.org/obo/MONDO_0005362, http://purl.obolibrary.org/obo/MONDO_0001780",
1574,uri not found,P6 Acupuncture Point Stimulation as an Anti-Emetic Therapy: A Review of the Research Literature,"Nausea and vomiting associated with surgery, cancer chemotherapy, and morning sickness","Nausea and vomiting associated with surgery, cancer chemotherapy, and morning sickness",Nausea and vomiting,Exact - HP,http://purl.obolibrary.org/obo/HP_0002017,
389,https://doi.org/10.1186/1472-6882-14-324,Pain and sensory detection threshold response to acupuncture is modulated by coping strategy and acupuncture sensation,Pain,Pain,Pain,Exact - HP,http://purl.obolibrary.org/obo/HP_0012531,
1266,https://doi.org/10.1016/j.jpag.2007.07.008,Pain in Adolescents and Young Women: Results of a Randomized Sham-Controlled Trial,Chronic pelvic pain in adolescents with endometriosis,Chronic pelvic pain in adolescents with endometriosis,Pelvic pain,Exact - HP,http://purl.obolibrary.org/obo/HP_0034267,
751,https://doi.org/10.1590/bjpt-rbf.2014.0066,"Pain intensity and cervical range of motion in women with myofascial pain treated with acupuncture and electroacupuncture: a double-blinded, randomized clinical trial",Myofascial pain,Myofascial pain,NOT FOUND,,,
48,https://doi.org/10.1186/1472-6882-14-312,Pain management with acupuncture in osteoarthritis: a systematic review and meta-analysis,Osteoarthritis,Osteoarthritis,osteoarthritis,Exact - MONDO,http://purl.obolibrary.org/obo/MONDO_0005178,
31,https://doi.org/10.1016/s1472-6483(10)62025-1,Pain relief during oocyte retrieval — exploring the role of different frequencies of electro-acupuncture,Pain during oocyte retrieval,Pain during oocyte retrieval,Pain,Exact - HP,http://purl.obolibrary.org/obo/HP_0012531,
28,https://doi.org/10.1093/humrep/deh229,Pain relief during oocyte retrieval with a new short duration electro-acupuncture techniqueÐan alternative to conventional analgesic methods,Pain during ovum pick-up (OPU),Pain during ovum pick-up (OPU),Pain,Exact - HP,http://purl.obolibrary.org/obo/HP_0012531,
1424,https://pubmed.ncbi.nlm.nih.gov/9656896.0/,Pain Threshold Responses to Two Different Modes of Sensory Stimulation in Patients With Orofacial Muscular Pain: Psychologic Considerations,Temporomandibular Disorder (TMD) with chronic orofacial muscular pain,Temporomandibular joint disorder (TMD) with chronic orofacial muscular pain,temporomandibular joint disorder,Exact - MONDO,http://purl.obolibrary.org/obo/MONDO_0005473,
1743,https://doi.org/10.1089/acm.2014.0186,Paradigms Manual and Electrical Needle Stimulation in Acupuncture Research: Pitfalls and Challenges of Heterogeneity,Pain conditions (general),Pain,NOT FOUND,,,
498,https://doi.org/10.1097/00000542-200406000-00011,Parental Auricular Acupuncture as an Adjunct for Parental Presence during Induction of Anesthesia,Not specified (the paper focuses on anxiety related to surgical procedures rather than a specific disease or condition),Not specified (the paper focuses on anxiety related to surgical procedures rather than a specific disease or condition),,,,
631,https://doi.org/10.1177/000992280404300406,Parental Perceptions of the Therapeutic Effect from Osteopathic Manipulation or Acupuncture in Children with Spastic Cerebral Palsy,Spastic cerebral palsy,Spastic cerebral palsy,spastic cerebral palsy,Exact - MONDO,http://purl.obolibrary.org/obo/MONDO_0000396,
1830,https://doi.org/10.1002/cncr.28352,"Patient-Reported Outcomes in Women With Breast Cancer Enrolled in a Dual-Center, Double-Blind, Randomized Controlled Trial Assessing the Effect of Acupuncture in Reducing Aromatase Inhibitor-Induced Musculoskeletal Symptoms",Breast Cancer,Breast Cancer,breast cancer,Exact - MONDO,http://purl.obolibrary.org/obo/MONDO_0007254,
117,https://doi.org/10.1001/jama.281.9.818,Percutaneous Electrical Nerve Stimulation for Low Back Pain A Randomized Crossover Study,Low Back Pain (LBP) secondary to degenerative disk disease,Low Back Pain (LBP) secondary to degenerative disk disease,Low back pain,Exact - HP,http://purl.obolibrary.org/obo/HP_0003419,
1045,https://doi.org/10.1136/aim.2010.002915,Perioperative acupuncture and postoperative acupressure can prevent postoperative vomiting following paediatric tonsillectomy or adenoidectomy: a pragmatic randomised controlled trial,Postoperative vomiting (PONV),Postoperative vomiting (PONV),Vomiting,Exact - HP,http://purl.obolibrary.org/obo/HP_0002013,
939,https://doi.org/10.1213/01.ane.0000253233.51490.dd,Perioperative Auricular Electroacupuncture Has No Effect on Pain and Analgesic Consumption After Third Molar Tooth Extraction,Third Molar Tooth Extraction,dental pain,NOT FOUND,,,
1387,https://pubmed.ncbi.nlm.nih.gov/14687469.0/,PET imaging of brain function while puncturing the acupoint ST36,Not specified (the study involves healthy volunteers and focuses on the effects of acupuncture on brain function),Not specified (the study involves healthy volunteers and focuses on the effects of acupuncture on brain function),,,,
1771,https://doi.org/10.1371/journal.pone.0104582,Phantom Acupuncture: Dissociating Somatosensory and Cognitive/Affective Components of Acupuncture Stimulation with a Novel Form of Placebo Acupuncture,"Not specified (the paper discusses acupuncture in general terms and its effects on pain, but does not specify a primary medical condition or disease)","Not specified (the paper discusses acupuncture in general terms and its effects on pain, but does not specify a primary medical condition or disease)",,,,
510,https://doi.org/10.1155/2016/4683121,Pharmacopuncture in Korea: A Systematic Review and Meta-Analysis of Randomized Controlled Trials,	- Obesity - Musculoskeletal conditions (including low back pain and cervicalgia) - Bell's palsy,"Obesity, Musculoskeletal conditions, low back pain, cervicalgia, Bell's palsy",NOT FOUND,,,
1767,https://doi.org/10.1097/BOR.0000000000000160,Physical therapies in the management of osteoarthritis: current state of the evidence,Osteoarthritis (specifically knee and hip osteoarthritis),Knee osteoarthritis and hip osteoarthritis,"Knee osteoarthritis, osteoarthritis, hip","Exact - HP, Synonym - MONDO","http://purl.obolibrary.org/obo/HP_0005086, http://purl.obolibrary.org/obo/MONDO_0006629",
54,https://doi.org/10.1016/j.ctim.2006.04.003,Physician and treatment characteristics in a randomised multicentre trial of acupuncture in patients with osteoarthritis of the knee,Osteoarthritis of the knee,Knee osteoarthritis,Knee osteoarthritis,Exact - HP,http://purl.obolibrary.org/obo/HP_0005086,
724,https://doi.org/10.1016/j.jpain.2009.08.010,Physician Characteristics and Variation in Treatment Outcomes: Are Better Qualified and Experienced Physicians More Successful in Treating Patients With Chronic Pain With Acupuncture?,"Chronic low back pain, headache, pain due to osteoarthritis of the knee or hip, neck pain","Chronic low back pain, headache, pain due to Knee osteoarthritis or hip, neck pain","Low back pain, Headache, Pain, Neck pain","Exact - HP, Exact - HP, Exact - HP, Exact - HP","http://purl.obolibrary.org/obo/HP_0003419, http://purl.obolibrary.org/obo/HP_0002315, http://purl.obolibrary.org/obo/HP_0012531, http://purl.obolibrary.org/obo/HP_0030833",
1386,https://doi.org/10.1109/IEMBS.2004.1404015,Physiologic Responses to Acupuncture Point Stimulation: A Pilot Study to Evaluate Methods and Instrumentation,Not applicable (the study involves healthy participants and does not focus on a specific disease or condition),Not applicable (the study involves healthy participants and does not focus on a specific disease or condition),NOT FOUND,,,
379,https://doi.org/10.1136/acupmed-2012-010280,"Physiological changes associated with de qi during electroacupuncture to LI4 and LI11: a randomised, placebo-controlled trial",Not specified (the study focuses on physiological responses in healthy subjects),Not specified (the study focuses on physiological responses in healthy subjects),,,,
586,https://doi.org/10.1007/s11764-007-0034-x,Pilot study of acupuncture for the treatment of joint symptoms related to adjuvant aromatase inhibitor therapy in postmenopausal breast cancer patients,AI-induced arthralgias (joint symptoms related to aromatase inhibitor therapy in postmenopausal breast cancer patients),arthralgia,NOT FOUND,,,
1837,https://pubmed.ncbi.nlm.nih.gov/19476729.0/,"Pilot, Randomized, Modified, Double Blind, Placebo Controlled Trial of Acupuncture for Cancer Related Fatigue",Cancer related fatigue,"Cancer, fatigue",NOT FOUND,,,
709,https://doi.org/10.1136/acupmed-2014-010530,Plasma nesfatin-1 level in obese patients after acupuncture: a randomised controlled trial,Obesity,Obesity,obesity disorder,Synonym - MONDO,http://purl.obolibrary.org/obo/MONDO_0011122,
1832,https://doi.org/10.1136/acupmed-2014-010689,Postoperative analgesia after low-frequency electroacupuncture as adjunctive treatment in inguinal hernia surgery with abdominal wall mesh reconstruction,Inguinal hernia,Inguinal hernia,Inguinal hernia,Exact - HP,http://purl.obolibrary.org/obo/HP_0000023,
1787,https://doi.org/10.1046/j.1365-2044.1998.00516.x,Postoperative nausea and vomiting in arthroscopic day-case surgery: a comparison between desflurane and isoflurane,Postoperative nausea and vomiting (PONV),Postoperative nausea and vomiting (PONV),Nausea and vomiting,Exact - HP,http://purl.obolibrary.org/obo/HP_0002017,
7,https://doi.org/10.1016/j.pmn.2009.08.001,Postoperative Pain: Acupuncture versus Percutaneous Electrical Nerve Stimulation,Postoperative pain in gynecologic oncology patients,Postoperative pain in gynecologic oncology patients,Pain,Exact - HP,http://purl.obolibrary.org/obo/HP_0012531,
41,https://doi.org/10.1016/j.pain.2011.11.007,"Practice, practitioner, or placebo? A multifactorial, mixed-methods randomized controlled trial of acupuncture",Osteoarthritic (OA) pain,"Osteoarthritis, Osteoarthritic (OA) pain",osteoarthritis,Exact - MONDO,http://purl.obolibrary.org/obo/MONDO_0005178,
162,https://doi.org/10.1093/aje/kwj224,Pragmatic Randomized Trial Evaluating the Clinical and Economic Effectiveness of Acupuncture for Chronic Low Back Pain,Chronic low back pain,Chronic low back pain,Low back pain,Exact - HP,http://purl.obolibrary.org/obo/HP_0003419,
1761,https://doi.org/10.1097/ajp.0b013e31827eb511,Predicting Prognostic Factors in a Randomized Controlled Trial of Acupuncture Versus Topiramate Treatment in Patients With Chronic Migraine,Chronic Migraine (CM),Chronic Migraine (CM),migraine disorder,Synonym - MONDO,http://purl.obolibrary.org/obo/MONDO_0005277,
1599,https://pubmed.ncbi.nlm.nih.gov/3788644.0/,Predictive value of MMPI scales on smoking cessation programs outcomes,Smoking cessation,Nicotine dependence,nicotine dependence,Exact - MONDO,http://purl.obolibrary.org/obo/MONDO_0008575,
1113,https://pubmed.ncbi.nlm.nih.gov/4617772.0/,Preliminary Clinical Study of Acupuncture in Rheumatoid Arthritis,Rheumatoid Arthritis,Rheumatoid Arthritis,rheumatoid arthritis,Exact - MONDO,http://purl.obolibrary.org/obo/MONDO_0008383,
1426,https://doi.org/10.1016/j.jad.2004.05.009,Preliminary communication Acupuncture: a promising treatment for depression during pregnancy,Depression during pregnancy,Depression during pregnancy,Depression,Exact - HP,http://purl.obolibrary.org/obo/HP_0000716,done: TCM
22,https://doi.org/10.1097/00000542-200108000-00015,"Preoperative Intradermal Acupuncture Reduces Postoperative Pain, Nausea and Vomiting, Analgesic Requirement, and Sympathoadrenal Responses",Postoperative pain and symptoms following elective upper and lower abdominal surgery,Postoperative pain and symptoms following elective upper and lower abdominal surgery,Pain,Exact - HP,http://purl.obolibrary.org/obo/HP_0012531,
372,https://doi.org/10.1213/01.ANE.0000048713.41657.D3,Pressure Applied on the Extra 1 Acupuncture Point Reduces Bispectral Index Values and Stress in Volunteers,Stress and anxiety,Stress and anxiety,anxiety,Exact - MONDO,http://purl.obolibrary.org/obo/MONDO_0011918,
336,https://doi.org/10.1016/S0304-3959(00)00315-8,Pressure pain threshold and needle acupuncture in chronic tension-type headache ± a double-blind placebo-controlled study,Chronic tension-type headache,Chronic tension-type headache,Tension-type headache,Exact - HP,http://purl.obolibrary.org/obo/HP_0012228,
833,https://doi.org/10.1016/j.ctim.2004.10.004,Preventive and curative effects of acupuncture on the common cold: a multicentre randomized controlled trial in Japan,Common Cold,Common Cold,common cold,Exact - MONDO,http://purl.obolibrary.org/obo/MONDO_0005709,
216,https://doi.org/10.1016/j.ajo.2015.04.033,Prospective Evaluation of Acupuncture as Treatment for Glaucoma,Primary open-angle glaucoma,Primary open-angle glaucoma,open-angle glaucoma,Synonym - MONDO,http://purl.obolibrary.org/obo/MONDO_0005338,
1582,https://doi.org/10.1159/000049773,Prospective Randomized Trial Using Laser Acupuncture versus Desmopressin in the Treatment of Nocturnal Enuresis,Nocturnal Enuresis (Monosymptomatic Nocturnal Enuresis),Nocturnal Enuresis (Monosymptomatic Nocturnal Enuresis),nocturnal enuresis,Exact - MONDO,http://purl.obolibrary.org/obo/MONDO_0000022,
1070,https://doi.org/10.1089/acm.2012.0578,"Prospective, Randomized Controlled Trial of Physiotherapy and Acupuncture on Motor Function and Daily Activities in Patients with Ischemic Stroke",Ischemic stroke,Ischemic stroke,ischemic stroke,Exact - MONDO,http://purl.obolibrary.org/obo/MONDO_1060198,
580,https://doi.org/10.1080/01674820600724797,Psychological well-being improves in women with breast cancer after treatment with applied relaxation or electro-acupuncture for vasomotor symptom,Breast cancer with vasomotor symptoms,Breast cancer with vasomotor symptoms,breast cancer,Exact - MONDO,http://purl.obolibrary.org/obo/MONDO_0007254,
1466,uri not found,Qici Method with Long Needles Treating 39 Patients with Scapulocostal Syndrome,Scapulocostal syndrome (scapulovertebrae pain syndrome),shoulder pain,NOT FOUND,,,
1769,https://doi.org/10.1186/1472-6882-14-151,Quality of reporting on randomized controlled trials of acupuncture for stroke rehabilitation,Stroke,Stroke,stroke disorder,Synonym - MONDO,http://purl.obolibrary.org/obo/MONDO_0005098,
292,https://doi.org/10.1016/j.fertnstert.2004.12.056,Quantitative evaluation of spermatozoa ultrastructure after acupuncture treatment for idiopathic male infertility,Idiopathic male infertility,Idiopathic male infertility,male infertility,Exact - MONDO,http://purl.obolibrary.org/obo/MONDO_0005372,
1782,https://doi.org/10.1007/s11726-012-0569-x,Quantity effect Relationship of Electroacupuncture for Urge Incontinence: A Multicenter Randomized Controlled Trial,Urinary Incontinence (UI),Urinary Incontinence (UI),Urinary incontinence,Exact - HP,http://purl.obolibrary.org/obo/HP_0000020,
875,https://doi.org/10.1016/S0304-3959(99)00107-4,Randomised clinical trial comparing the effects of acupuncture and a newly designed placebo needle in rotator cuff tendinitis,Rotator cuff tendinitis,tendinitis,NOT FOUND,,,
1778,https://doi.org/10.1111/and.12541,Randomised clinical trial of comparing effects of acupuncture and varicocelectomy on sperm parameters in infertile varicocele patients,Varicocele,Varicocele,varicocele,Exact - MONDO,http://purl.obolibrary.org/obo/MONDO_0001498,
1397,https://doi.org/10.1136/acupmed-2013-010435,Randomised Clinical Trial of Five Ear Acupuncture Points for the Treatment of Overweight People,Obesity,Obesity,obesity disorder,Synonym - MONDO,http://purl.obolibrary.org/obo/MONDO_0011122,
1776,https://doi.org/10.1111/j.1365-2036.2011.04979.x,Randomised clinical trial: an assessment of acupuncture on specific meridian or specific acupoint vs. sham acupuncture for treating functional dyspepsia,Functional dyspepsia (FD),Functional dyspepsia (FD),dyspepsia,Exact - MONDO,http://purl.obolibrary.org/obo/MONDO_0002268,
505,https://doi.org/10.1136/acupmed-2013-010470,Randomised clinical trials on acupuncture in the Korean literature: bibliometric analysis and methodological quality,"	- Musculoskeletal conditions: Low back pain, Shoulder pain, Sprain (ankle, wrist), Knee osteoarthritis, Neck pain, Myalgia, Elbow joint pain, Axial apondyloarthritis - Circulatory conditions: Stroke, Essential hypertension - Nervous system conditions: Bell’s palsy, Headache, Parkinson’s disease, Dizziness - Genitourinary conditions: Primary dysmenorrhoea, Hot flush, Premenstrual tension syndrome, Stress incontinence - Mental and behavioural disorder: Unspecified mood disorder, Anxiety disorder, Tobacco use - Ear, nose and throat conditions: Temporomandibular joint disorder, Allergic rhinitis, Tinnitus - Digestive conditions: Dyspepsia, Constipation - Motor or non-motor vehicle accident - Endocrine, nutritional and metabolic conditions: Obesity - Postprocedural disorders: Nausea, vomiting, pain after surgery - Symptoms, signs and abnormal clinical and laboratory findings not elsewhere classified: Fatigue - Conditions of the skin and subcutaneous tissue: Acne vulgaris","	- Musculoskeletal conditions: Low back pain, Shoulder pain, Sprain (ankle, wrist), Knee osteoarthritis, Neck pain, Myalgia, Elbow joint pain, Axial apondyloarthritis - Circulatory conditions: Stroke, Essential hypertension - Nervous system conditions: Bell’s palsy, Headache, Parkinson’s disease, Dizziness - Genitourinary conditions: Primary dysmenorrhoea, Hot flush, Premenstrual tension syndrome, Stress incontinence - Mental and behavioural disorder: Unspecified mood disorder, Anxiety disorder, Tobacco use - Ear, nose and throat conditions: Temporomandibular joint disorder, Allergic rhinitis, Tinnitus - Digestive conditions: Dyspepsia, Constipation - Motor or non-motor vehicle accident - Endocrine, nutritional and metabolic conditions: Obesity - Postprocedural disorders: Nausea, vomiting, pain after surgery - Symptoms, signs and abnormal clinical and laboratory findings not elsewhere classified: Fatigue - Conditions of the skin and subcutaneous tissue: Acne vulgaris","Shoulder pain, Knee osteoarthritis, Neck pain, Myalgia, Headache, anxiety disorder, allergic rhinitis, Vomiting, Pain","Exact - HP, Exact - HP, Exact - HP, Exact - HP, Exact - HP, Exact - MONDO, Exact - MONDO, Exact - HP, Exact - HP","http://purl.obolibrary.org/obo/HP_0030834, http://purl.obolibrary.org/obo/HP_0005086, http://purl.obolibrary.org/obo/HP_0030833, http://purl.obolibrary.org/obo/HP_0003326, http://purl.obolibrary.org/obo/HP_0002315, http://purl.obolibrary.org/obo/MONDO_0005618, http://purl.obolibrary.org/obo/MONDO_0011786, http://purl.obolibrary.org/obo/HP_0002013, http://purl.obolibrary.org/obo/HP_0012531",
1572,uri not found,Randomised comparison of the antiemetic effects of metoclopramide and electro-acupuncture in cancer chemotherapy,Cancer (chemotherapy induced nausea and vomiting),Cancer (chemotherapy induced nausea and vomiting),cancer,Exact - MONDO,http://purl.obolibrary.org/obo/MONDO_0004992,
623,https://doi.org/10.1136/jnnp.2003.021485,Randomised control trial of tongue acupuncture versus sham acupuncture in improving functional outcome in cerebral. palsy,Cerebral Palsy (CP),Cerebral Palsy (CP),cerebral palsy,Exact - MONDO,http://purl.obolibrary.org/obo/MONDO_0006497,
1155,https://doi.org/10.1136/aim.20.4.175,Randomised Controlled Trial Comparing the Effectiveness of Electroacupuncture and TENS for Low Back Pain: A Preliminary Study for a Pragmatic Trial,Low back pain (LBP) without sciatica,Low back pain,NOT FOUND,,,
156,https://doi.org/10.1136/bmj.38878.907361.7C,Randomised controlled trial of a short course of traditional acupuncture compared with usual care for persistent non-specific low back pain,Persistent non-specific low back pain,Persistent non-specific low back pain,Low back pain,Exact - HP,http://purl.obolibrary.org/obo/HP_0003419,
548,https://doi.org/10.1136/bmj.322.7302.1574,"Randomised trial of acupuncture compared with conventional massage and ""sham"" laser acupuncture for treatment of chronic neck pain",Chronic neck pain,Chronic neck pain,Neck pain,Exact - HP,http://purl.obolibrary.org/obo/HP_0030833,
876,https://doi.org/10.1016/j.pain.2004.08.030,Randomised trial of long term effect of acupuncture for shoulder pain,"Shoulder pain (from soft tissues lesions) including conditions like rotator cuff lesions, capsulitis, bicipital tendonitis, and bursitis.","Shoulder pain (from soft tissues lesions) including conditions like rotator cuff lesions, capsulitis, bicipital tendonitis, and bursitis.","bursitis, bursitis","Synonym - MONDO, Exact - MONDO","http://purl.obolibrary.org/obo/MONDO_0002471, http://purl.obolibrary.org/obo/MONDO_0002471",
534,https://doi.org/10.1016/j.ctim.2006.05.003,Randomised trial of trigger point acupuncture compared with other acupuncture for treatment of chronic neck pain,Chronic neck pain (CNP),Chronic neck pain (CNP),Neck pain,Exact - HP,http://purl.obolibrary.org/obo/HP_0030833,
11,https://doi.org/10.1136/aim.2010.003251,"Randomised, controlled study of preoperative eletroacupuncture for postoperative pain control after cardiac surgery",Cardiac surgery,Cardiac surgery,NOT FOUND,,,
233,https://doi.org/10.1097/MD.0000000000001968,Randomized Clinical Trial Comparing Efficacy of Simo Decoction and Acupuncture or Chewing Gum Alone on Postoperative Ileus in Patients With Hepatocellular Carcinoma After Hepatectomy,Postoperative ileus in patients with hepatocellular carcinoma (HCC),Postoperative ileus in patients with hepatocellular carcinoma (HCC),ileus,Exact - MONDO,http://purl.obolibrary.org/obo/MONDO_0004567,
1316,https://doi.org/10.1016/j.eujim.2011.09.003,Randomized Clinical Trial Comparing the Effects of Electro acupuncture and Maprotiline in Treating Depression,Major Depression,major depressive disorder,major depressive disorder,Exact - MONDO,http://purl.obolibrary.org/obo/MONDO_0002009,
719,https://doi.org/10.11607/ofph.23.4.12,Randomized Clinical Trial of Acupuncture for Myofascial Pain of the Jaw Muscles,Myofascial pain of the jaw muscles,"Myofascial pain, jaw pain",NOT FOUND,,,
1449,https://doi.org/10.1159/000210216,Randomized Clinical Trials of Acupuncture for Asthma a Systematic Review,Asthma,Asthma,asthma,Exact - MONDO,http://purl.obolibrary.org/obo/MONDO_0004979,
1790,https://doi.org/10.1093/ecam/nem130,Randomized Clinical Trials on Acupuncture in Korean Literature: A Systematic Review,	- Insomnia - Postoperative nausea and vomiting - Temporomandibular disorder (TMD) - Allergic rhinitis - Premenstrual syndrome - Frozen shoulder - Chronic low back pain - Chronic headache - Post-thoracotomy pain - Dysmenorrhea,"Insomnia, Postoperative nausea, vomiting, Temporomandibular disorder, Allergic rhinitis, Premenstrual syndrome, Frozen shoulder, back pain, headache, Post-thoracotomy pain, Dysmenorrhea",NOT FOUND,,,
1815,https://doi.org/10.1016/j.jclinepi.2014.04.004,Randomized cohort trial was shown to be feasible for evaluating treatments in low back pain,Low back pain (LBP),Low back pain (LBP),Low back pain,Exact - HP,http://purl.obolibrary.org/obo/HP_0003419,
1829,https://doi.org/10.1016/j.jtcvs.2008.07.053,Randomized controlled trial of a special acupuncture technique for pain after thoracotomy,Postthoracotomy pain,Postthoracotomy pain,Pain,Exact - HP,http://purl.obolibrary.org/obo/HP_0012531,
940,https://doi.org/10.1002/cncr.26550,Randomized Controlled Trial of Acupuncture for Prevention of Radiation-Induced Xerostomia Among Patients With Nasopharyngeal Carcinoma,Xerostomia (dry mouth),Xerostomia (dry mouth),Xerostomia,Exact - HP,http://purl.obolibrary.org/obo/HP_0000217,
1828,https://doi.org/10.1089/acm.2007.0768,Randomized Controlled Trial of Acupuncture Versus Sham Acupuncture in Autism Spectrum Disorder,Autism Spectrum Disorder,Autism Spectrum Disorder,autism spectrum disorder,Exact - MONDO,http://purl.obolibrary.org/obo/MONDO_0005258,
1824,https://pubmed.ncbi.nlm.nih.gov/20806998.0/,Randomized Controlled Trial of Electro Acupuncture for Autism Spectrum Disorder,Autism Spectrum Disorder (ASD),Autism Spectrum Disorder (ASD),autism spectrum disorder,Exact - MONDO,http://purl.obolibrary.org/obo/MONDO_0005258,
1233,https://doi.org/10.1001/archophthalmol.2010.306,Randomized Controlled Trial of Patching vs Acupuncture for Anisometropic Amblyopia in Children Aged 7 to 12 Years,Anisometropic Amblyopia,Anisometropic Amblyopia,NOT FOUND,,,
621,https://doi.org/10.1089/acm.2007.0756,Randomized Controlled Trial of Traditional Chinese Medicine (Acupuncture and Tuina) in Cerebral Palsy: Part 1-Any Increase in Seizure in Integrated Acupuncture and Rehabilitation Group Versus Rehabilitation Group?,Cerebral Palsy (CP),Cerebral Palsy (CP),cerebral palsy,Exact - MONDO,http://purl.obolibrary.org/obo/MONDO_0006497,
813,https://doi.org/10.1016/j.fertnstert.2010.05.024,Randomized controlled trial: effects of acupuncture on pregnancy rates in women undergoing in vitro fertilization,Infertility,Infertility,Infertility,Exact - HP,http://purl.obolibrary.org/obo/HP_0000789,
245,https://doi.org/10.3748/wjg.v20.i31.11000,Randomized controlled trial: Moxibustion and acupuncture for the treatment of Crohn's disease,Crohn's disease (CD),Crohn's disease (CD),Crohn disease,Exact - MONDO,http://purl.obolibrary.org/obo/MONDO_0005011,
551,https://doi.org/10.1089/acm.2008.0135,Randomized Controlled Trials of Acupuncture for Neck Pain: Systematic Review and Meta-Analysis,Neck pain,Neck pain,Neck pain,Exact - HP,http://purl.obolibrary.org/obo/HP_0030833,
513,https://doi.org/10.1155/2014/194047,Randomized Controlled Trials on Complementary and Traditional Medicine in the Korean Literature,Musculoskeletal conditions,Musculoskeletal conditions,NOT FOUND,,,
444,https://doi.org/10.1097/MLR.0000000000000237,Randomized Effectiveness Trial of a Brief Course of Acupuncture for Posttraumatic Stress Disorder,Posttraumatic Stress Disorder (PTSD),Post-traumatic Stress Disorder (PTSD),post-traumatic stress disorder,Exact - MONDO,http://purl.obolibrary.org/obo/MONDO_0005146,
780,https://doi.org/10.1016/j.jad.2012.04.008,Randomized non-invasive sham-controlled pilot trial of electroacupuncture for postpartum depression,Postpartum depression,Postpartum depression,postpartum depression,Exact - MONDO,http://purl.obolibrary.org/obo/MONDO_0005929,
110,https://doi.org/10.1001/archinte.161.8.1081,"Randomized Trial Comparing Traditional Chinese Medical Acupuncture, Therapeutic Massage, and Self-care Education for Chronic Low Back Pain",Chronic Low Back Pain,Chronic Low Back Pain,Low back pain,Exact - HP,http://purl.obolibrary.org/obo/HP_0003419,done:TCM
1258,uri not found,Randomized Trial Of Acupuncture Compared With Prokinetic Drugs And Sham Acupuncture For Chronic Idiopathic Dyspepsia,Chronic idiopathic dyspepsia (CID),Chronic idiopathic dyspepsia (CID),dyspepsia,Exact - MONDO,http://purl.obolibrary.org/obo/MONDO_0002268,
977,https://doi.org/10.1001/archinte.158.20.2251,Randomized Trial of Acupuncture for Nicotine Withdrawal Symptoms,Nicotine Withdrawal Symptoms,"Nicotine dependence, Nicotine Withdrawal Symptoms",nicotine dependence,Exact - MONDO,http://purl.obolibrary.org/obo/MONDO_0008575,done:TCM
180,https://doi.org/10.1161/CIRCULATIONAHA.106.661140,Randomized Trial of Acupuncture to Lower Blood Pressure,Arterial hypertension (high blood pressure),hypertension,NOT FOUND,,,
859,https://doi.org/10.1016/j.jams.2013.02.002,Randomized Trial of Trigger Point Acupuncture Treatment for Chronic Shoulder Pain: A Preliminary Study,Chronic shoulder pain,Chronic shoulder pain,Shoulder pain,Exact - HP,http://purl.obolibrary.org/obo/HP_0030834,
325,https://doi.org/10.1016/j.jclinepi.2006.06.014,Randomized trial vs. observational study of acupuncture for migraine found that patient characteristics differed but outcomes were similar,Migraine,Migraine,migraine disorder,Synonym - MONDO,http://purl.obolibrary.org/obo/MONDO_0005277,
1826,https://doi.org/10.1016/j.ctim.2010.08.002,Randomized-controlled study of treating attention deficit hyperactivity disorder of preschool children with combined electro-acupuncture and behavior therapy ଝ,Attention Deficit Hyperactivity Disorder (ADHD),Attention Deficit Hyperactivity Disorder (ADHD),attention deficit-hyperactivity disorder,Exact - MONDO,http://purl.obolibrary.org/obo/MONDO_0007743,
738,https://doi.org/10.1200/JCO.2009.23.4708,"Randomized, Blinded, Sham-Controlled Trial of Acupuncture for the Management of Aromatase Inhibitor-Associated Joint Symptoms in Women With Early-Stage Breast Cancer",Breast cancer with AI-induced arthralgias,Breast cancer with AI-induced arthralgias,breast cancer,Exact - MONDO,http://purl.obolibrary.org/obo/MONDO_0007254,
572,https://doi.org/10.1200/JCO.2007.12.0774,"Randomized, Controlled Trial of Acupuncture for the Treatment of Hot Flashes in Breast Cancer Patients",Hot flashes in breast cancer patients,Hot flashes in breast cancer patients,Hot flashes,Exact - HP,http://purl.obolibrary.org/obo/HP_0031217,
560,https://doi.org/10.1002/cncr.28973,"Randomized, Placebo-Controlled Trial of K1 Acupoint Acustimulation to Prevent Cisplatin-Induced or Oxaliplatin-Induced Nausea",Liver cancer (primary or metastatic),Liver cancer (primary or metastatic),liver cancer,Exact - MONDO,http://purl.obolibrary.org/obo/MONDO_0002691,
1539,https://doi.org/10.1177/136140969200600401,Real Versus Sham Acupuncture in the Treatment of Paralysis in Acute Stroke Patients: A CT Scan Lesion Site Study,Post stroke paralysis,"stroke, paralysis",NOT FOUND,,,
1549,uri not found,REATMENT OF ISCHEMIC APOPLECTIC HEMIPLEGIA,Ischemic apoplectic hemiplegia,"Ischemic stroke, hemiplegia",NOT FOUND,,,
1865,https://doi.org/10.1007/s10549-010-1283-3,Reducing vasomotor symptoms with acupuncture in breast cancer patients treated with adjuvant tamoxifen: a randomized controlled trial,Breast cancer with vasomotor symptoms (hot flushes and sweatings),Breast cancer with vasomotor symptoms (hot flashes and sweatings),breast cancer,Exact - MONDO,http://purl.obolibrary.org/obo/MONDO_0007254,
168,https://doi.org/10.1186/1749-8546-5-15,Reduction of chronic non-specific low back pain: A randomised controlled clinical trial on acupuncture and baclofen,Chronic non-specific low back pain (LBP),Chronic non-specific low back pain (LBP),Low back pain,Exact - HP,http://purl.obolibrary.org/obo/HP_0003419,
1071,https://doi.org/10.1089/acm.2011.0047,Rehabilitation of Stroke Patients Using Yamamoto New Scalp Acupuncture: A Pilot Study,Stroke,Stroke,stroke disorder,Synonym - MONDO,http://purl.obolibrary.org/obo/MONDO_0005098,
1860,https://doi.org/10.1080/08869634.1992.11677929,Rehabilitative medicine adverse events of acupuncture and occlusal splint therapy in the treatment of craniomandibular disorders,Craniomandibular dysfunction (CMD),Craniomandibular dysfunction,NOT FOUND,,,
531,https://doi.org/10.1016/s0965-2299(02)00082-1,Relief of chronic neck and shoulder pain by manual acupuncture to tender points-a sham-controlled randomized trial,Chronic neck and shoulder pain,Chronic neck pain and shoulder pain,"Neck pain, Shoulder pain","Exact - HP, Exact - HP","http://purl.obolibrary.org/obo/HP_0030833, http://purl.obolibrary.org/obo/HP_0030834",
1465,https://doi.org/10.1089/acu.2011.0824,Relief of Chronic Shoulder and Neck Pain by Electro Acupuncture and Transcutaneous Electrical Nervous Stimulation: A Randomized Crossover Trial,Chronic neck and shoulder pain (myofascial pain),Chronic neck and shoulder pain (myofascial pain),Shoulder pain,Exact - HP,http://purl.obolibrary.org/obo/HP_0030834,
128,https://doi.org/10.1136/aim.24.3.103,"Relief of low back pain immediately after acupuncture treatment -a randomised, placebo controlled trial",Low back pain,Low back pain,Low back pain,Exact - HP,http://purl.obolibrary.org/obo/HP_0003419,
872,https://doi.org/10.1016/j.apmr.2008.12.020,Remote Influences of Acupuncture on the Pain Intensity and the Amplitude Changes of Endplate Noise in the Myofascial Trigger Point of the Upper Trapezius Muscle,Chronic pain associated with myofascial trigger points (MTrPs) in the upper trapezius muscle.,Chronic pain associated with myofascial trigger points (MTrPs) in the upper trapezius muscle.,Chronic pain,Exact - HP,http://purl.obolibrary.org/obo/HP_0012532,
1344,https://doi.org/10.1097/PHM.0b013e3182328875,Remote Therapeutic Effectiveness of Acupuncture in Treating Myofascial Trigger Point of the Upper Trapezius Muscle,Chronic shoulder pain due to myofascial trigger points (MTrPs) in the upper trapezius muscle,Chronic shoulder pain due to myofascial trigger points (MTrPs) in the upper trapezius muscle,Shoulder pain,Exact - HP,http://purl.obolibrary.org/obo/HP_0030834,
1827,https://doi.org/10.1371/journal.pone.0113172,Reporting Quality of Systematic Reviews/Meta-Analyses of Acupuncture,	- Nervous system diseases - Musculoskeletal system diseases - Mental illness,"Nervous system disease, Musculoskeletal system disease, Mental illness",NOT FOUND,,,
1444,https://doi.org/10.1136/aim.2009.000471,Research into acupuncture for respiratory disease in Japan: a systematic review,	- Asthma - Chronic obstructive pulmonary disease (COPD) - Chronic bronchitis - Usual/idiopathic interstitial pneumonia (UIP) - Common cold,"Asthma, Chronic obstructive pulmonary disease, bronchitis, pneumonia, Common cold",NOT FOUND,,,
746,https://doi.org/10.1093/ecam/nep085,Review Randomized Clinical Trials of Constitutional Acupuncture: A Systematic Review,	- Parkinson's disease (PD) - Herniated nucleus pulposus (HNP) - Osteoarthritis of the knee joint (OA),"Parkinson's disease, Herniated nucleus pulposus, knee osteoarthritis",NOT FOUND,,,
205,https://doi.org/10.1136/acupmed-2013-010495,Role of acupuncture in the management of diabetic painful neuropathy (DPN): a pilot RCT,Diabetic painful neuropathy (DPN),"diabetes, neuropathic pain",NOT FOUND,,,
902,https://doi.org/10.1016/j.ctcp.2007.01.001,Role of acupuncture in the treatment of insomnia: A comprehensive review,Insomnia,Insomnia,insomnia,Exact - MONDO,http://purl.obolibrary.org/obo/MONDO_0013600,
1285,https://doi.org/10.1586/14737175.7.9.1121,Role of acupuncture in the treatment of migraine,Migraine,Migraine,migraine disorder,Synonym - MONDO,http://purl.obolibrary.org/obo/MONDO_0005277,
341,https://doi.org/10.1111/j.1468-2982.2004.00803.x,Role of the needling per se in acupuncture as prophylaxis for menstrually related migraine: a randomized placebo-controlled study,Menstrually related migraine,"Menstruation, migraine",NOT FOUND,,,
1800,https://doi.org/10.1155/2012/480950,Scalp Acupuncture for Acute Ischemic Stroke: A Meta-Analysis of Randomized Controlled Trials,Acute ischemic stroke,Acute ischemic stroke,ischemic stroke,Exact - MONDO,http://purl.obolibrary.org/obo/MONDO_1060198,
599,https://doi.org/10.1007/s11655-013-1431-9,Scalp Acupuncture for Parkinson's Disease: A Systematic Review of Randomized Controlled Trials,Parkinson's disease (PD),Parkinson's disease (PD),Parkinson disease,Exact - MONDO,http://purl.obolibrary.org/obo/MONDO_0005180,
476,https://doi.org/10.1016/j.explore.2015.04.004,Schizophrenia and depression: A systematic review of the effectiveness and the working mechanisms behind acupuncture,Depression and schizophrenia,Depression and schizophrenia,"Depression, schizophrenia","Exact - HP, Exact - MONDO","http://purl.obolibrary.org/obo/HP_0000716, http://purl.obolibrary.org/obo/MONDO_0005090",
464,https://doi.org/10.1016/j.jcrs.2006.06.027,Sedative effect of acupuncture during cataract surgery Prospective randomized double-blind study,Cataract,Cataract,cataract,Exact - MONDO,http://purl.obolibrary.org/obo/MONDO_0005129,
1077,https://doi.org/10.2147/CIA.S53814,Selection of acupoints for managing upper-extremity spasticity in chronic stroke patients,Stroke with upper-extremity spasticity,Stroke with upper-extremity spasticity,"stroke disorder, Upper limb spasticity","Synonym - MONDO, Synonym - HP","http://purl.obolibrary.org/obo/MONDO_0005098, http://purl.obolibrary.org/obo/HP_0006986",
1038,https://doi.org/10.1136/aim.14.2.68,Semi Permanent Acupuncture Needles in the Prevention of Post Operative Nausea and Vomiting,Postoperative nausea and vomiting (PONV),Postoperative nausea and vomiting (PONV),Nausea and vomiting,Exact - HP,http://purl.obolibrary.org/obo/HP_0002017,
763,https://doi.org/10.1080/165019702760279233,Sensory stimulation (acupuncture) for the treatment of idiopathic anterior knee pain,"Idiopathic anterior knee pain (IAKP), also known as patellofemoral pain syndrome","Idiopathic anterior knee pain (IAKP), also known as patellofemoral pain syndrome",patellofemoral pain syndrome,Exact - MONDO,http://purl.obolibrary.org/obo/MONDO_0006894,
1078,https://doi.org/10.1161/01.str.25.6.1176,Sensory stimulation promotes normalization of postural control after stroke,Hemiparetic stroke,stroke,NOT FOUND,,,
266,https://doi.org/10.1111/aogs.12571,Serum anti-Mullerian hormone and ovarian morphology assessed by magnetic resonance imaging in response to acupuncture and exercise in women with polycystic ovary syndrome: secondary analyses of a randomized controlled trial,Polycystic ovary syndrome (PCOS),Polycystic ovary syndrome (PCOS),polycystic ovary syndrome,Exact - MONDO,http://purl.obolibrary.org/obo/MONDO_0008487,
87,https://doi.org/10.1093/rheumatology/kem119,"Severe knee osteoarthritis: a randomized controlled trial of acupuncture, physiotherapy (supervised exercise) and standard management for patients awaiting knee replacement",Severe knee osteoarthritis,Severe knee osteoarthritis,Knee osteoarthritis,Exact - HP,http://purl.obolibrary.org/obo/HP_0005086,
1825,https://doi.org/10.1016/s0254-6272(13)60100-4,Short and long-term efficacy of combining Fuzhengliqi mixture with acupuncture in treatment of functional constipation,Functional Constipation (FC),Functional Constipation (FC),Constipation,Exact - HP,http://purl.obolibrary.org/obo/HP_0002019,
1462,https://doi.org/10.1378/chest.121.5.1396,Short-term Acupuncture Therapy Is of No Benefit in Patients With Moderate Persistent Asthma,Asthma (moderate persistent),Asthma (moderate persistent),asthma,Exact - MONDO,http://purl.obolibrary.org/obo/MONDO_0004979,
69,https://doi.org/10.1186/1471-2474-8-51,Short-term efficacy of physical interventions in osteoarthritic knee pain. A systematic review and meta-analysis of randomised placebo-controlled trials,Osteoarthritis of the knee (OAK),Knee osteoarthritis (OAK),Knee osteoarthritis,Exact - HP,http://purl.obolibrary.org/obo/HP_0005086,
1044,https://doi.org/10.1089/107555303771952190,"Single Needle Acupuncture Alleviates Gag Reflex During Transesophageal Echocardiography: A Blinded, Randomized, Controlled Pilot Trial",Ischemic stroke or transient ischemic attack,Ischemic stroke or transient ischemic attack,ischemic stroke,Exact - MONDO,http://purl.obolibrary.org/obo/MONDO_1060198,
765,https://doi.org/10.1136/acupmed-2014-010722,"Single-blinded, randomised preliminary study evaluating the effects of 2 Hz electroacupuncture for postoperative pain in patients with total knee arthroplasty",Severe degenerative knee-joint arthritis,arthritis,NOT FOUND,,,
870,https://doi.org/10.1093/rheumatology/ken040,Single-point acupuncture and physiotherapy for the treatment of painful shoulder: a multicentre randomized controlled trial,"Painful shoulder (subacromial syndrome) including rotator cuff tendinitis, subacromial bursitis, and associated conditions","Shoulder pain, tendinitis, bursitis",NOT FOUND,,,
473,https://doi.org/10.1186/1472-6882-14-210,"Six-month effects of integrative treatment, therapeutic acupuncture and conventional treatment in alleviating psychological distress in primary care patients -follow up from an open, pragmatic randomized controlled trial","Psychological distress, specifically depression, anxiety or panic disorders, severe stress, somatic symptoms/pain, and sleep disorders.","Psychological distress, specifically depression, anxiety or panic disorders, severe stress, somatic symptoms/pain, and sleep disorders.","Abnormal emotional state, sleep-wake disorder","Synonym - HP, Synonym - MONDO","http://purl.obolibrary.org/obo/HP_0100851, http://purl.obolibrary.org/obo/MONDO_0003406",
904,https://doi.org/10.1155/2013/969032,Sleep Ameliorating Effects of Acupuncture in a Psychiatric Population,Schizophrenia and Depression,Schizophrenia and Depression,"schizophrenia, Depression","Exact - MONDO, Exact - HP","http://purl.obolibrary.org/obo/MONDO_0005090, http://purl.obolibrary.org/obo/HP_0000716",
984,https://doi.org/10.1006/pmed.1996.9997,Smoking Cessation Rates 4 Years after Treatment by Nicotine Gum and Acupuncture,Smoking addiction,Nicotine dependence,nicotine dependence,Exact - MONDO,http://purl.obolibrary.org/obo/MONDO_0008575,
1590,https://doi.org/10.1016/0005-7967(83)90011-6,Smoking Cessation With Behaviour Therapy or Acupuncture: A Controlled Study,Smoking cessation,Nicotine dependence,nicotine dependence,Exact - MONDO,http://purl.obolibrary.org/obo/MONDO_0008575,
306,https://doi.org/10.3727/036012912X13831831256375,"Somatic Acupuncture Versus Ear Acupuncture in Migraine Therapy: A Randomized, Controlled, Blind Study",Migraine without aura,Migraine without aura,migraine without aura,Exact - MONDO,http://purl.obolibrary.org/obo/MONDO_0100431,
658,https://doi.org/10.1097/MD.0000000000009309,Space-time acupuncture for intractable cough after lupus nephropathy A case report and literature review,Intractable cough after lupus nephropathy,"cough, lupus",NOT FOUND,,,
1355,uri not found,Special Topic Study Clinical Observation of Acupuncture in Treating Pseudobulbar Palsy,Pseudobulbar palsy,Pseudobulbar palsy,pseudobulbar palsy,Exact - MONDO,http://purl.obolibrary.org/obo/MONDO_0006930,
1665,uri not found,Special Topic Study Clinical Observation on Acupuncture for Migraine,Migraine,Migraine,migraine disorder,Synonym - MONDO,http://purl.obolibrary.org/obo/MONDO_0005277,
768,https://doi.org/10.1016/j.pain.2013.05.008,Specifying the nonspecific components of acupuncture analgesia,Post-surgical pain after third molar surgery,Post-surgical pain after third molar surgery,Pain,Exact - HP,http://purl.obolibrary.org/obo/HP_0012531,
1076,https://doi.org/10.1016/s0254-6272(08)60022-9,Stage-oriented Comprehensive Acupuncture Treatment plus Rehabilitation Training for Apoplectic Hemiplegia,Apoplectic Hemiplegia,Hemiplegia,NOT FOUND,,,
146,https://doi.org/10.1155/2013/125937,Standardized versus Individualized Acupuncture for Chronic Low Back Pain: A Randomized Controlled Trial,Chronic low back pain,Chronic low back pain,Low back pain,Exact - HP,http://purl.obolibrary.org/obo/HP_0003419,
616,https://doi.org/10.1016/j.apmr.2010.09.023,Stimulation of Acupoint ST-34 Acutely Improves Gait Performance in Geriatric Patients During Rehabilitation: A Randomized Controlled Trial,Gait disorders/mobility limitations in geriatric patients,"Gait disorder, mobility limitations",NOT FOUND,,,
1021,https://doi.org/10.1002/14651858.CD003281.pub2,Stimulation of the wrist acupuncture point P6 for preventing postoperative nausea and vomiting,Postoperative nausea and vomiting (PONV),Postoperative nausea and vomiting (PONV),Nausea and vomiting,Exact - HP,http://purl.obolibrary.org/obo/HP_0002017,
183,https://doi.org/10.1161/01.HYP.0000241090.28070.4c,"Stop Hypertension With the Acupuncture Research Program (SHARP) Results of a Randomized, Controlled Clinical Trial",Hypertension,Hypertension,Hypertension,Exact - HP,http://purl.obolibrary.org/obo/HP_0000822,
1840,https://pubmed.ncbi.nlm.nih.gov/9594291.0/,Studies of needling depth in acupuncture treatment,"Pain symptoms (lumbago, omalgia, knee arthritis, neuralgia)","lumbago, omalgia, knee osteoarthritis, neuralgia","Low back pain, Knee osteoarthritis, neuralgia","Synonym - HP, Exact - HP, Exact - MONDO","http://purl.obolibrary.org/obo/HP_0003419, http://purl.obolibrary.org/obo/HP_0005086, http://purl.obolibrary.org/obo/MONDO_0021667",
1425,https://doi.org/10.1007/s11726-008-0027-y,Study on Clinical Efficacy of Needling Danzhong(CV 17) in Treating Postpartum Hypogalactia,Postpartum hypogalactia,Postpartum hypogalactia,NOT FOUND,,,
824,https://pubmed.ncbi.nlm.nih.gov/12125480.0/,"Study on Cytokines IL 2, IL 6, IL 10 in Patients of Chronic Allergic Rhinitis Treated with Acupuncture",Perennial rhinitis (allergic rhinitis),"Perennial rhinitis, allergic rhinitis",NOT FOUND,,,
1303,https://doi.org/10.1007/s11655-007-0010-3,Study on the Regulatory Effect of Electro acupuncture on Hegu Point (LI4) in Cerebral Response with Functional Magnetic Resonance Imaging',Not specified (the paper does not explicitly mention a specific Western medical condition or disease being studied),Not specified (the paper does not explicitly mention a specific Western medical condition or disease being studied),,,,
1323,uri not found,Study on the Treatment of Subcortical Arteriosclerotic Encephalopathy by Acupuncture Combined with Medicine,"Subcortical arteriosclerotic encephalopathy (SAE), Premenstrual syndrome (PMS)","Subcortical arteriosclerotic encephalopathy (SAE), Premenstrual syndrome (PMS)",premenstrual tension,Synonym - MONDO,http://purl.obolibrary.org/obo/MONDO_0004169,
874,https://doi.org/10.1093/fampra/cmq119,Subacromial corticosteroid injection or acupuncture with home exercises when treating patients with subacromial impingement in primary care-a randomized clinical trial,Subacromial impingement syndrome (SIS),shoulder pain,NOT FOUND,,,
1822,https://doi.org/10.1097/00006842-197910000-00004,Subject Expectancy and the Reduction of Cold Pressor Pain with Acupuncture and Placebo Acupuncture,Cold pressor pain,Cold pressor pain,NOT FOUND,,,
321,https://doi.org/10.1097/AJP.0b013e318208c8fe,"Subjective Well-being in Patients With Chronic Tension-type Headache: Effect of Acupuncture, Physical Training, and Relaxation Training",Chronic Tension-Type Headache (CTTH),Chronic Tension-Type Headache (CTTH),Tension-type headache,Exact - HP,http://purl.obolibrary.org/obo/HP_0012228,
1429,https://doi.org/10.1159/000077192,Success of Acupuncture and Acupressure of the Pc 6 Acupoint in the Treatment of Hyperemesis Gravidarum,Hyperemesis gravidarum (HG),Hyperemesis gravidarum (HG),hyperemesis gravidarum,Exact - MONDO,http://purl.obolibrary.org/obo/MONDO_0006791,
100,https://pubmed.ncbi.nlm.nih.gov/6218776.0/,Superficial acupuncture in the relief of chronic low back pain A placebo controlled randomised trial,Chronic low back pain,Chronic low back pain,Low back pain,Exact - HP,http://purl.obolibrary.org/obo/HP_0003419,
750,https://doi.org/10.1136/aim.21.3.80,Superficial Dry Needling and Active Stretching in the Treatment of Myofascial Pain -A Randomised Controlled Trial,Myofascial pain caused by active trigger points (TrPs),Myofascial pain,NOT FOUND,,,
44,https://doi.org/10.1136/acupmed-2012-010128,Supervised exercise plus acupuncture for moderate to severe knee osteoarthritis: a small randomised controlled trial,Knee osteoarthritis (OA),Knee osteoarthritis (OA),Knee osteoarthritis,Exact - HP,http://purl.obolibrary.org/obo/HP_0005086,
1254,uri not found,Swift Needling of Zusanli and Changqiang in Treating Infantile Diarrhea,Infantile diarrhea,Infantile diarrhea,infantile diarrhea,Exact - MONDO,http://purl.obolibrary.org/obo/MONDO_0043555,
377,https://doi.org/10.1016/j.ctim.2010.11.001,Sympathomodulatory effects of Saam acupuncture on heart rate variability in night-shift-working nurses,Not specified (the study focuses on autonomic nervous system imbalance due to night-shift work rather than a specific Western medical condition or disease),Not specified (the study focuses on autonomic nervous system imbalance due to night-shift work rather than a specific Western medical condition or disease),,,,
1350,https://doi.org/10.1016/j.jpainsymman.2006.09.016,Symptom Management with Massage and Acupuncture in Postoperative Cancer Patients: A Randomized Controlled Trial,Cancer (postoperative symptoms),Cancer (postoperative symptoms),cancer,Exact - MONDO,http://purl.obolibrary.org/obo/MONDO_0004992,
562,https://doi.org/10.1200/jco.2012.43.5818,Systematic Review of Acupuncture in Cancer Care: A Synthesis of the Evidence,Cancer,Cancer,cancer,Exact - MONDO,http://purl.obolibrary.org/obo/MONDO_0004992,
556,https://doi.org/10.1002/cncr.29630,Systematic Review of Acupuncture to Control Hot Flashes in Cancer Patients,Hot flashes (HFs),Hot flashes (HFs),Hot flashes,Exact - HP,http://purl.obolibrary.org/obo/HP_0031217,
441,https://doi.org/10.1080/00016340802443798,Systematic review of clinical trials of acupuncture-related therapies for primary dysmenorrhea,Primary dysmenorrhea,Primary dysmenorrhea,primary dysmenorrhea,Exact - MONDO,http://purl.obolibrary.org/obo/MONDO_1060206,
1819,https://doi.org/10.1093/ecco-jcc/jju007,Systematic Review of Complementary and Alternative Medicine Treatments in Inflammatory Bowel Diseases,"Inflammatory Bowel Diseases (IBD), specifically Crohn's disease (CD) and ulcerative colitis (UC)","Inflammatory Bowel Diseases (IBD), specifically Crohn's disease (CD) and ulcerative colitis (UC)",ulcerative colitis,Exact - MONDO,http://purl.obolibrary.org/obo/MONDO_0005101,
1823,https://doi.org/10.7861/clinmedicine.6-4-381,Systematic review of systematic reviews of acupuncture,"Painful conditions (including fibromyalgia, tension headache, migraine), stroke, nausea and vomiting, depression, insomnia, smoking cessation, weight loss, asthma","Painful conditions (including fibromyalgia, tension headache, migraine), stroke, nausea and vomiting, depression, insomnia, smoking cessation, weight loss, asthma","stroke disorder, Nausea, Vomiting, Depression, insomnia, Weight loss, asthma","Synonym - MONDO, Exact - HP, Exact - HP, Exact - HP, Exact - MONDO, Exact - HP, Exact - MONDO","http://purl.obolibrary.org/obo/MONDO_0005098, http://purl.obolibrary.org/obo/HP_0002018, http://purl.obolibrary.org/obo/HP_0002013, http://purl.obolibrary.org/obo/HP_0000716, http://purl.obolibrary.org/obo/MONDO_0013600, http://purl.obolibrary.org/obo/HP_0001824, http://purl.obolibrary.org/obo/MONDO_0004979",
665,https://doi.org/10.1016/j.arth.2018.01.070,Systematic Review of Three Electrical Stimulation Techniques for Rehabilitation After Total Knee Arthroplasty,End-stage knee osteoarthritis,knee osteoarthritis,NOT FOUND,,,
694,https://doi.org/10.1155/2017/6421852,Systematic Review on Acupuncture for Treatment of Dysphagia after Stroke,Dysphagia after stroke,Dysphagia after stroke,Dysphagia,Exact - HP,http://purl.obolibrary.org/obo/HP_0002015,
1315,https://doi.org/10.1017/s1092852900016400,Systematic Reviews of Clinical Trials of Acupuncture as Treatment The Well Rounded Brain for Depression: How Systematic and Accurate Are They?,Depression,Depression,Depression,Exact - HP,http://purl.obolibrary.org/obo/HP_0000716,
748,https://doi.org/10.1186/1472-6882-1-3,Systematic reviews of complementary therapies -an annotated bibliography. Part 1: Acupuncture,	- Pain syndromes - Rheumatic diseases - Addiction - Nausea - Asthma - Tinnitus - Weight reduction - Postoperative pain - Temporomandibular dysfunction - Chronic pain - Back and neck pain - Fibromyalgia,"Pain syndrome, Rheumatic disease, Addiction, Nausea, Asthma, Tinnitus, Weight loss, Postoperative pain, Temporomandibular dysfunction, Chronic pain, Back pain, neck pain, Fibromyalgia",NOT FOUND,,,
154,https://doi.org/10.1016/s0304-3959(00)00234-7,Teasing apart quality and validity in systematic reviews: an example from acupuncture trials in chronic neck and back pain,Chronic back and neck pain,Chronic back pain and neck pain,"Back pain, Neck pain","Exact - HP, Exact - HP","http://purl.obolibrary.org/obo/HP_0003418, http://purl.obolibrary.org/obo/HP_0030833",
1818,https://doi.org/10.1080/00913847.2015.1004296,Tendon needling for treatment of tendinopathy: A systematic review,Tendinopathy,Tendinopathy,disease of the tendon,Synonym - MONDO,http://purl.obolibrary.org/obo/MONDO_0100010,
1125,https://pubmed.ncbi.nlm.nih.gov/10729968.0/,"TENS, Electroacupuncture and Ice Massage: Comparison of Treatment for Osteoarthritis of the Knee",Osteoarthritis (OA) of the knee,Knee osteoarthritis,Knee osteoarthritis,Exact - HP,http://purl.obolibrary.org/obo/HP_0005086,
1511,https://doi.org/10.1016/s0965-2299(98)80017-4,Tension headache and signs and symptoms of craniomandibular disorders treated with acupuncture or physiotherapy,Chronic tension headache and craniomandibular disorders,"headache, craniomandibular disorder",NOT FOUND,,,
537,https://doi.org/10.1016/j.ctim.2008.02.006,Tension neck syndrome treated by acupuncture combined with physiotherapy: A comparative clinical trial (pilot study),Tension Neck Syndrome (TNS),neck pain,NOT FOUND,,,
344,https://doi.org/10.1046/j.1468-2982.2001.218238.x,The `dry-needle technique': intramuscular stimulation in tension-type headache,Tension-type headache (TTH),Tension-type headache (TTH),Tension-type headache,Exact - HP,http://purl.obolibrary.org/obo/HP_0012228,
1200,https://doi.org/10.1097/gme.0b013e31818c02ad,"The Acupuncture on Hot Flushes Among Menopausal Women (ACUFLASH) study, a randomized controlled trial",Hot flashes in postmenopausal women,Hot flashes in postmenopausal women,Hot flashes,Exact - HP,http://purl.obolibrary.org/obo/HP_0031217,
1204,https://doi.org/10.1136/aim.2009.000612,"The acupuncture treatment for postmenopausal hot flushes (Acuflash) study: traditional Chinese medicine diagnoses and acupuncture points used, and their relation to the treatment response",Postmenopausal hot flushes,Postmenopausal hot flashes,Hot flashes,Exact - HP,http://purl.obolibrary.org/obo/HP_0031217,
1136,https://doi.org/10.1142/s0192415x80000141,The Acupuncture Treatment of Low Back Pain: A Randomized Controlled Study,Low back pain,Low back pain,Low back pain,Exact - HP,http://purl.obolibrary.org/obo/HP_0003419,
1339,https://doi.org/10.1142/s0192415x81000433,The Acupuncture Treatment of Neck Pain: A Randomized Controlled Study,Chronic neck pain (cervical spine pain syndromes),Chronic neck pain (cervical spine pain syndromes),Neck pain,Exact - HP,http://purl.obolibrary.org/obo/HP_0030833,
1186,https://doi.org/10.1089/acm.2009.0427,"The Acute Effect of Acupuncture on Endothelial Dysfunction in Patients with Hypertension: A Pilot, Randomized, Double Blind, Placebo Con trolled Crossover Trial",Hypertension (essential),Hypertension (essential),Hypertension,Exact - HP,http://purl.obolibrary.org/obo/HP_0000822,
1503,https://doi.org/10.1093/rheumatology/33.12.1162,The analgesic effect of acupuncture in chronic tennis elbow pain,Chronic tennis elbow pain,epicondylitis,NOT FOUND,,,
1816,https://doi.org/10.1142/S0192415X01000228,The Analgesic Efficacy of Bee Venom Acupuncture for Knee Osteoarthritis: A Comparative Study with Needle Acupuncture,Knee Osteoarthritis (OA),Knee Osteoarthritis (OA),Knee osteoarthritis,Exact - HP,http://purl.obolibrary.org/obo/HP_0005086,
458,https://doi.org/10.1016/s0165-0327(99)00061-0,The benefit from whole body acupuncture in major depression *,Major Depression,Major Depressive Disorder (MDD),major depressive disorder,Exact - MONDO,http://purl.obolibrary.org/obo/MONDO_0002009,
450,https://doi.org/10.1016/j.jad.2015.01.048,The benefit of combined acupuncture and antidepressant medication for depression: A systematic review and meta-analysis,Depression,Depression,Depression,Exact - HP,http://purl.obolibrary.org/obo/HP_0000716,
454,https://pubmed.ncbi.nlm.nih.gov/16447661.0/,The Brain Resuscitation Acupuncture Method for Treatment of Post Wind Stroke Mental Depression,Post stroke mental depression,"stroke, depression",NOT FOUND,,,
764,https://doi.org/10.1016/j.ptsp.2015.06.003,The clinical impact of platelet-rich plasma on tendinopathy compared to placebo or dry needling injections: A meta-analysis,Tendinopathy,Tendinopathy,disease of the tendon,Synonym - MONDO,http://purl.obolibrary.org/obo/MONDO_0100010,
1814,https://doi.org/10.1136/acupmed-2012-010195,The combined effect of acupuncture and Tanacetum parthenium on quality of life in women with headache: randomised study,Chronic Migraine (CM),Chronic Migraine (CM),migraine disorder,Synonym - MONDO,http://purl.obolibrary.org/obo/MONDO_0005277,
396,https://doi.org/10.1089/acm.2007.7024,The Combined Effect of Relaxation Response and Acupuncture on Quality of Life in Patients with HIV: A Pilot Study,HIV/AIDS,HIV/AIDS,AIDS,Exact - MONDO,http://purl.obolibrary.org/obo/MONDO_0012268,
1205,https://doi.org/10.1016/s0254-6272(08)60001-1,The Combined Use of Acupuncture and Chinese Medicines for Treatment of Menopausal Syndrome -A Clinical Report of 63 Cases,Menopausal syndrome,"Menopausal syndrome, menopause",NOT FOUND,,,
1294,https://pubmed.ncbi.nlm.nih.gov/16208302.0/,The effect of acupuncture and moxibustion on physical performance by sedentary subjects submitted to ergospirometric test on the treadmill,"Not specified (the paper focuses on sedentary habits and fatigue, but does not specify a primary medical condition or disease)","Not specified (the paper focuses on sedentary habits and fatigue, but does not specify a primary medical condition or disease)",,,,
1372,https://doi.org/10.1053/seiz.1999.0278,The effect of acupuncture in chronic intractable epilepsy,Epilepsy (chronic intractable),Epilepsy (chronic intractable),epilepsy,Exact - MONDO,http://purl.obolibrary.org/obo/MONDO_0005027,
88,https://doi.org/10.1080/00016359850136058,The effect of acupuncture in the treatment of patients with primary Sjo Ègren's syndrome A controlled study,Primary Sjo Ègren's syndrome (1°SS),Sjo Ègren's syndrome,NOT FOUND,,,
844,https://doi.org/10.1142/S0192415X04001813,The Effect of Acupuncture on Allergic Rhinitis: A Randomized Controlled Clinical Trial,Allergic rhinitis,Allergic rhinitis,allergic rhinitis,Exact - MONDO,http://purl.obolibrary.org/obo/MONDO_0011786,
1193,https://pubmed.ncbi.nlm.nih.gov/11977530.0/,The Effect of Acupuncture on Bone Mineral Density in Postmenopausal Women,Osteoporosis,Osteoporosis,osteoporosis,Exact - MONDO,http://purl.obolibrary.org/obo/MONDO_0005298,
1363,uri not found,The Effect of Acupuncture on Improving the Quality of Life of Cerebral Palsy Patients,Cerebral Palsy,Cerebral Palsy,cerebral palsy,Exact - MONDO,http://purl.obolibrary.org/obo/MONDO_0006497,
1512,https://doi.org/10.1016/S0966-6532(98)00049-3,The effect of acupuncture on pain and swelling after day case molar teeth extraction under general anaesthesia,Post operative pain and swelling after third molar teeth extraction,dental pain,NOT FOUND,,,
56,https://doi.org/10.1093/rheumatology/38.9.864,"The effect of acupuncture on patients with rheumatoid arthritis: a randomized, placebo-controlled cross-over study",Rheumatoid Arthritis (RA),Rheumatoid Arthritis (RA),rheumatoid arthritis,Exact - MONDO,http://purl.obolibrary.org/obo/MONDO_0008383,
1053,https://pubmed.ncbi.nlm.nih.gov/17955657.0/,The Effect of Acupuncture on Plasma Endothelin Content in Cerebral Infarction Patients,Cerebral infarction (stroke),Cerebral infarction (stroke),cerebral infarction,Exact - MONDO,http://purl.obolibrary.org/obo/MONDO_0002679,
271,https://doi.org/10.1089/acm.2010.0380,The Effect of Acupuncture on Psychosocial Outcomes for Women Experiencing Infertility: A Pilot Randomized Controlled Trial,Infertility,Infertility,Infertility,Exact - HP,http://purl.obolibrary.org/obo/HP_0000789,
1809,https://doi.org/10.1016/0030-4220(92)90124-9,The effect of acupuncture on salivary flow rates in patients with xerostomia,Xerostomia,Xerostomia,Xerostomia,Exact - HP,http://purl.obolibrary.org/obo/HP_0000217,
1596,https://pubmed.ncbi.nlm.nih.gov/12596615.0/,The Effect of Acupuncture on the Acute Withdrawal Symptoms from Rapid Opiate Detoxification,Withdrawal symptoms associated with rapid opiate detoxification,opiate Withdrawal,NOT FOUND,,,
1799,https://doi.org/10.1142/S0192415X02000363,The Effect of Acupuncture on the Coronary Arteries as Evaluated by Coronary Angiography: A Preliminary Report,Angina pectoris,Angina pectoris,Angina pectoris,Exact - HP,http://purl.obolibrary.org/obo/HP_0001681,
1446,https://doi.org/10.1046/j.1365-2044.1998.00535.x,The effect of acupuncture on the incidence of postextubation laryngospasm in children,Laryngospasm occurring after tracheal extubation in children,Laryngospasm,NOT FOUND,,,
72,https://doi.org/10.1136/aim.22.1.14,The effect of acupuncture on the symptoms of knee osteoarthritis--an open randomised controlled study,Osteoarthritis of the knee,Knee osteoarthritis,Knee osteoarthritis,Exact - HP,http://purl.obolibrary.org/obo/HP_0005086,
445,https://doi.org/10.1016/j.jams.2012.12.006,The Effect of Acupuncture on Working Memory and Anxiety *,"Not specified (the study focuses on the effects of acupuncture on working memory and anxiety in healthy individuals, not a specific Western medical condition or disease)","Not specified (the study focuses on the effects of acupuncture on working memory and anxiety in healthy individuals, not a specific Western medical condition or disease)",,,,
1510,uri not found,"The effect of acupuncture versus ultrasound on pain level, grip strength and disability in individuals with lateral epicondylitis: A pilot study",Lateral epicondylitis (Tennis elbow),Lateral epicondylitis (Tennis elbow),epicondylitis,Synonym - MONDO,http://purl.obolibrary.org/obo/MONDO_0001875,
1398,https://doi.org/10.1089/jwh.2008.1005,The Effect of Auricular Acupuncture in Obese Women: A Randomized Controlled Trial,Obesity,Obesity,obesity disorder,Synonym - MONDO,http://purl.obolibrary.org/obo/MONDO_0011122,
20,https://doi.org/10.1046/j.1365-2044.2002.02832.x,The effect of auricular acupuncture on anaesthesia with desflurane,"Not specified (the paper focuses on anaesthetic requirement and analgesia during surgery, not a specific disease or condition)","Not specified (the paper focuses on anaesthetic requirement and analgesia during surgery, not a specific disease or condition)",,,,
19,https://doi.org/10.1097/AJP.0b013e3181fd516c,The Effect of Auricular Acupuncture on Fentanyl Requirement During Hip Arthroplasty A Randomized Controlled Trial,Degenerative osteoarthritis,osteoarthritis,NOT FOUND,,,
1385,https://doi.org/10.1142/S0192415X99000045,The Effect of Auricular Acupuncture on Olfactory Acuity,Not specified (the paper focuses on olfactory acuity and sensitivity in healthy volunteers),Not specified (the paper focuses on olfactory acuity and sensitivity in healthy volunteers),,,,
968,https://doi.org/10.1080/01612840290052631,The effect of auricular acupuncture on psychophysiological measures of cocaine craving,Cocaine dependence,Cocaine dependence,cocaine dependence,Exact - MONDO,http://purl.obolibrary.org/obo/MONDO_0005186,
370,https://doi.org/10.1111/j.1526-4637.2010.01051.x,The Effect of Brief Electrical and Manual Acupuncture Stimulation on Mechanical Experimental Pain,Not specified (the paper focuses on mechanical experimental pain and analgesia without specifying a particular disease or condition),Not specified (the paper focuses on mechanical experimental pain and analgesia without specifying a particular disease or condition),,,,
762,https://doi.org/10.1016/j.jbmt.2013.11.009,The effect of dry needling for myofascial trigger points in the neck and shoulders: A systematic review and meta-analysis,Myofascial pain syndrome caused by trigger points (MTrPs),Myofascial pain syndrome caused by trigger points (MTrPs),myofascial pain syndrome,Exact - MONDO,http://purl.obolibrary.org/obo/MONDO_0006862,
732,https://doi.org/10.1007/s10067-012-2112-3,The effect of dry needling in the treatment of myofascial pain syndrome: a randomized double-blinded placebo-controlled trial,Myofascial Pain Syndrome (MPS),Myofascial Pain Syndrome (MPS),myofascial pain syndrome,Exact - MONDO,http://purl.obolibrary.org/obo/MONDO_0006862,
1554,https://pubmed.ncbi.nlm.nih.gov/12014128.0/,The Effect of Electro-Acupuncture on Motor Function Recovery in Patients with Acute Cerebral Infarction: A Randomly Controlled Trial,Cerebral Infarction (Stroke),Cerebral Infarction (Stroke),cerebral infarction,Exact - MONDO,http://purl.obolibrary.org/obo/MONDO_0002679,
1092,https://doi.org/10.1016/j.apmr.2006.10.034,The Effect of Electro-Acupuncture on Spasticity of the Wrist Joint in Chronic Stroke Survivors,Spasticity in chronic stroke survivors,Spasticity in chronic stroke survivors,Spasticity,Exact - HP,http://purl.obolibrary.org/obo/HP_0001257,
726,https://doi.org/10.1016/j.ejpain.2007.10.003,The effect of electroacupuncture on opioid-like medication consumption by chronic pain patients: A pilot randomized controlled clinical trial,"Chronic non-malignant pain, specifically musculoskeletal pain","Chronic non-malignant pain, specifically musculoskeletal pain",Pain,Exact - HP,http://purl.obolibrary.org/obo/HP_0012531,
21,https://doi.org/10.1016/S0304-3959(02)00261-0,The effect of high and low frequency electroacupuncture in pain after lower abdominal surgery,Postoperative pain and opioid-related side effects following abdominal hysterectomy,Postoperative pain and opioid-related side effects following abdominal hysterectomy,Pain,Exact - HP,http://purl.obolibrary.org/obo/HP_0012531,
161,https://doi.org/10.1097/00000539-200102000-00038,The Effect of Montage on the Analgesic Response to Percutaneous Neuromodulation Therapy,Low back pain (LBP),Low back pain (LBP),Low back pain,Exact - HP,http://purl.obolibrary.org/obo/HP_0003419,
1108,https://doi.org/10.1046/j.1365-2044.1999.01030.x,The effect of pre-emptive acupuncture treatment on analgesic requirements after day-case knee arthroscopy,Postoperative pain following knee arthroscopy,Postoperative pain following knee arthroscopy,Pain,Exact - HP,http://purl.obolibrary.org/obo/HP_0012531,
1002,https://doi.org/10.1089/107555303322524508,The Effect of Prophylactic Acupuncture Treatment in Women with Recurrent Cystitis: Kidney Patients Fare Better,Recurrent cystitis,Recurrent cystitis,Recurrent cystitis,Exact - HP,http://purl.obolibrary.org/obo/HP_0012786,
380,https://doi.org/10.1016/j.apmr.2004.10.037,The Effect of Real and Sham Acupuncture on Thermal Sensation and Thermal Pain Thresholds,Not specified (the study focuses on thermal sensation and pain thresholds in healthy subjects without a specific disease or condition),Not specified (the study focuses on thermal sensation and pain thresholds in healthy subjects without a specific disease or condition),,,,
1025,https://doi.org/10.1136/aim.16.1.10,The Effect of Timing of PC.6 Acupuncture on Post Operative Vomiting Following Major Gynaecological Surgery,Post operative vomiting following major gynaecological surgery,vomiting,NOT FOUND,,,
502,https://doi.org/10.1097/MD.0000000000000933,The Effectiveness and Safety of Acupuncture for Patients With Alzheimer Disease A Systematic Review and Meta-Analysis of Randomized Controlled Trials,Alzheimer's disease (AD),Alzheimer's disease (AD),Alzheimer disease,Exact - MONDO,http://purl.obolibrary.org/obo/MONDO_0004975,
883,https://doi.org/10.1155/2016/5191729,The Effectiveness and Safety of Acupuncture for Patients with Chronic Urticaria: A Systematic Review,Chronic urticaria,Chronic urticaria,chronic urticaria,Exact - MONDO,http://purl.obolibrary.org/obo/MONDO_0850230,
1804,https://doi.org/10.1007/s00520-014-2161-z,The effectiveness and safety of moxibustion for treating cancer-related fatigue: a systematic review and meta-analyses,Cancer-related fatigue (CRF),Cancer-related fatigue (CRF),Fatigue,Exact - HP,http://purl.obolibrary.org/obo/HP_0012378,
492,https://doi.org/10.1136/aim.23.2.70,The effectiveness of acupuncture for depression -a systematic review of randomised controlled trials,Depression,Depression,Depression,Exact - HP,http://purl.obolibrary.org/obo/HP_0000716,
1806,https://doi.org/10.1136/acupmed-2012-010183,The effectiveness of acupuncture for plantar heel pain: a systematic review,Plantar heel pain (PHP),Plantar heel pain,NOT FOUND,,,
247,https://doi.org/10.1016/j.ctim.2014.05.002,The effectiveness of acupuncture in postoperative gastroparesis syndrome -A systematic review and meta-analysis,Postoperative gastroparesis syndrome (PGS),Postoperative gastroparesis syndrome (PGS),gastroparesis,Synonym - MONDO,http://purl.obolibrary.org/obo/MONDO_0006769,
1024,https://doi.org/10.1371/journal.pone.0082474,The Effectiveness of Acupuncture in Prevention and Treatment of Postoperative Nausea and Vomiting -A Systematic Review and Meta-Analysis,Postoperative nausea and vomiting (PONV),Postoperative nausea and vomiting (PONV),Nausea and vomiting,Exact - HP,http://purl.obolibrary.org/obo/HP_0002017,
1156,https://doi.org/10.1097/00007632-199906010-00011,The Effectiveness of Acupuncture in the Management of Acute and Chronic Low Back Pain A Systematic Review Within the Framework of the Cochrane Collaboration Back Review Group,Nonspecific low back pain,Nonspecific low back pain,Low back pain,Exact - HP,http://purl.obolibrary.org/obo/HP_0003419,
129,https://doi.org/10.1186/1749-799X-7-36,The effectiveness of acupuncture in treating chronic non-specific low back pain: a systematic review of the literature,Chronic non-specific low back pain,Chronic non-specific low back pain,Low back pain,Exact - HP,http://purl.obolibrary.org/obo/HP_0003419,
1801,https://doi.org/10.1186/2046-4053-1-46,The effectiveness of acupuncture research across components of the trauma spectrum response (tsr): a systematic review of reviews,Not specified (the paper focuses on a spectrum of conditions rather than a single primary medical condition or disease),Not specified (the paper focuses on a spectrum of conditions rather than a single primary medical condition or disease),,,,
928,https://doi.org/10.1136/acupmed-2015-010759,The effectiveness of acupuncture versus clonazepam in patients with burning mouth syndrome,Burning mouth syndrome (BMS),Burning mouth syndrome (BMS),burning mouth syndrome,Exact - MONDO,http://purl.obolibrary.org/obo/MONDO_0006687,
237,https://doi.org/10.1155/2015/670963,"The Effectiveness of Electroacupuncture for Functional Constipation: A Randomized, Controlled, Clinical Trial",Functional Constipation (FC),Functional Constipation (FC),Constipation,Exact - HP,http://purl.obolibrary.org/obo/HP_0002019,
158,https://doi.org/10.1089/acm.2004.10.803,The Effectiveness of Electroacupuncture Versus Electrical Heat Acupuncture in the Management of Chronic Low-Back Pain,Chronic low-back pain,Chronic low back pain,Low back pain,Exact - HP,http://purl.obolibrary.org/obo/HP_0003419,
743,https://doi.org/10.1016/j.apnr.2005.01.003,The effectiveness of hand acupuncture and moxibustion in decreasing pain and bcoldnessQ in Korea women who have had hysterectomy: a pilot study,Post-hysterectomy symptoms (pain and coldness),Post-hysterectomy,NOT FOUND,,,
753,https://doi.org/10.2519/jospt.2017.7096,The Effectiveness of Trigger Point Dry Needling for Musculoskeletal Conditions by Physical Therapists: A Systematic Review and Meta-analysis,"Musculoskeletal pain conditions, including neck pain, postoperative shoulder pain, chronic lower back pain, total knee arthroplasty, chronic ankle instability, myofascial pain, and fibromyalgia.","Musculoskeletal pain conditions, including neck pain, postoperative shoulder pain, chronic lower back pain, total knee arthroplasty, chronic ankle instability, myofascial pain, and fibromyalgia.","Shoulder pain, Low back pain, Ankle instability, fibromyalgia","Exact - HP, Synonym - HP, Exact - HP, Exact - MONDO","http://purl.obolibrary.org/obo/HP_0030834, http://purl.obolibrary.org/obo/HP_0003419, http://purl.obolibrary.org/obo/HP_0020309, http://purl.obolibrary.org/obo/MONDO_0005546",
756,https://doi.org/10.1016/j.surg.2014.08.062,"The effects of acupuncture after thyroid surgery: A randomized, controlled trial",Postoperative pain after thyroid surgery for benign thyroid diseases (euthyroidism or hyperthyroidism),Postoperative pain after thyroid surgery for benign thyroid diseases (euthyroidism or hyperthyroidism),Pain,Exact - HP,http://purl.obolibrary.org/obo/HP_0012531,
416,https://doi.org/10.1111/j.1479-828X.2006.00674.x,The effects of acupuncture during labour on nulliparous women:A randomised controlled trial,Labor pain and duration of active phase of labor,"Labor pain, duration of labor",NOT FOUND,,,
1176,https://pubmed.ncbi.nlm.nih.gov/15119162.0/,The Effects of Acupuncture in Treatment of Coronary Heart Diseases,Angina pectoris and acute myocardial infarct,Angina pectoris and acute myocardial infarct,"Angina pectoris, myocardial infarction","Exact - HP, Synonym - MONDO","http://purl.obolibrary.org/obo/HP_0001681, http://purl.obolibrary.org/obo/MONDO_0005068",
507,https://doi.org/10.1155/2015/839470,The Effects of Acupuncture on Cerebral and Muscular Microcirculation: A Systematic Review of Near-Infrared Spectroscopy Studies,"Stroke, cerebrovascular dementia, healthy subjects","Stroke, cerebrovascular dementia, healthy subjects",stroke disorder,Synonym - MONDO,http://purl.obolibrary.org/obo/MONDO_0005098,
1813,https://doi.org/10.2106/JBJS.15.00620,The Effects of Acupuncture on Chronic Knee Pain Due to Osteoarthritis A Meta-Analysis,Osteoarthritis,Osteoarthritis,osteoarthritis,Exact - MONDO,http://purl.obolibrary.org/obo/MONDO_0005178,
803,https://doi.org/10.1093/humupd/dmt026,The effects of acupuncture on rates of clinical pregnancy among women undergoing in vitro fertilization: a systematic review and meta-analysis,Infertility,Infertility,Infertility,Exact - HP,http://purl.obolibrary.org/obo/HP_0000789,
322,https://doi.org/10.1016/0304-3959(85)90074-0,The Effects of Acupuncture versus Placebo in the Treatment of Headache,Migrainous headaches,headache,NOT FOUND,,,
591,https://pubmed.ncbi.nlm.nih.gov/28371571.0/,The effects of acupuncture versus sham acupuncture in the treatment of fibromyalgia: a randomized controlled clinical trial,Fibromyalgia (FM),Fibromyalgia (FM),fibromyalgia,Exact - MONDO,http://purl.obolibrary.org/obo/MONDO_0005546,
47,https://doi.org/10.1016/j.jmpt.2012.12.003,The effects of collateral meridian therapy for knee osteoarthritis pain management: a pilot study,Knee Osteoarthritis (OA),Knee Osteoarthritis (OA),Knee osteoarthritis,Exact - HP,http://purl.obolibrary.org/obo/HP_0005086,
58,https://doi.org/10.1089/107555303322524490,The Effects of Electro-Acupuncture and Transcutaneous Electrical Nerve Stimulation on Patients with Painful Osteoarthritic Knees: A Randomized Controlled Trial with Follow-Up Evaluation,Osteoarthritis of the knee,Knee osteoarthritis,Knee osteoarthritis,Exact - HP,http://purl.obolibrary.org/obo/HP_0005086,
710,https://doi.org/10.1038/ijo.2009.41,"The effects of triple therapy (acupuncture, diet and exercise) on body weight: a randomized, clinical trial",Obesity,Obesity,obesity disorder,Synonym - MONDO,http://purl.obolibrary.org/obo/MONDO_0011122,
585,https://doi.org/10.1007/s10549-009-0533-8,The efficacy of acupoint stimulation for the management of therapy-related adverse events in patients with breast cancer: a systematic review,"Breast cancer-related adverse events: vasomotor syndrome, chemotherapy-induced nausea and vomiting, lymphedema, post-operation pain, aromatase inhibitors-related joint pain, leukopenia","Breast cancer-related adverse events: vasomotor syndrome, chemotherapy-induced nausea and vomiting, lymphedema, post-operation pain, aromatase inhibitors-related joint pain, leukopenia","Nausea, Vomiting, lymphedema, Pain, leukopenia","Exact - HP, Exact - HP, Exact - MONDO, Exact - HP, Exact - MONDO","http://purl.obolibrary.org/obo/HP_0002018, http://purl.obolibrary.org/obo/HP_0002013, http://purl.obolibrary.org/obo/MONDO_0019297, http://purl.obolibrary.org/obo/HP_0012531, http://purl.obolibrary.org/obo/MONDO_0003785",
1588,https://pubmed.ncbi.nlm.nih.gov/6942317.0/,The efficacy of acupuncture as an aid to stopping smoking,Smoking cessation (nicotine addiction),Nicotine dependence,nicotine dependence,Exact - MONDO,http://purl.obolibrary.org/obo/MONDO_0008575,
124,https://doi.org/10.1155/2015/192808,The Efficacy of Acupuncture for the Treatment of Sciatica: A Systematic Review and Meta-Analysis,Sciatica,Sciatica,sciatica,Exact - MONDO,http://purl.obolibrary.org/obo/MONDO_0024333,
894,https://doi.org/10.1155/2017/9614810,The Efficacy of Acupuncture for Treating Depression-Related Insomnia Compared with a Control Group: A Systematic Review and Meta-Analysis,Depression-related insomnia,Depression-related insomnia,insomnia,Exact - MONDO,http://purl.obolibrary.org/obo/MONDO_0013600,
1007,https://pubmed.ncbi.nlm.nih.gov/17914688.0/,The Efficacy of Acupuncture in Extracorporeal Shock Wave Lithotripsy,Urolithiasis (urinary tract stones),Urolithiasis (urinary tract stones),urolithiasis,Exact - MONDO,http://purl.obolibrary.org/obo/MONDO_0024647,
369,https://doi.org/10.1016/j.pain.2012.05.026,"The efficacy of acupuncture in human pain models: A randomized, controlled, double-blinded study",Pain,Pain,Pain,Exact - HP,http://purl.obolibrary.org/obo/HP_0012531,
1524,https://doi.org/10.1016/j.jdent.2006.09.004,The efficacy of acupuncture in the treatment of temporomandibular joint myofascial pain: A randomised controlled trial,Temporomandibular joint myofascial pain,"Temporomandibular joint myofascial pain, Temporomandibular joint disorder",temporomandibular joint disorder,Exact - MONDO,http://purl.obolibrary.org/obo/MONDO_0005473,
1417,https://pubmed.ncbi.nlm.nih.gov/9656906.0/,The Efficacy of Dry Needling and Procaine in the Treatment of Myofascial Pain in the Jaw Muscles,Myofascial pain in the jaw muscles,"Myofascial pain, jaw pain",NOT FOUND,,,
1812,https://doi.org/10.1089/acu.2012.0904,"The Feasibility and Effects of Acupuncture on Quality of Life Scores During Chemotherapy in Ovarian Cancer: Results from a Pilot, Randomized Sham-Controlled Trial",Ovarian cancer,Ovarian cancer,ovarian cancer,Exact - MONDO,http://purl.obolibrary.org/obo/MONDO_0008170,
1448,https://doi.org/10.1016/j.explore.2006.10.003,The Impact of Acupuncture and craniosacral therapy interventions on clinical outcomes in adults with asthma,Asthma,Asthma,asthma,Exact - MONDO,http://purl.obolibrary.org/obo/MONDO_0004979,
810,https://doi.org/10.1016/j.fertnstert.2008.01.018,The impact of acupuncture on in vitro fertilization outcome,Infertility (specifically in the context of In Vitro Fertilization),Infertility (specifically in the context of In Vitro Fertilization),Infertility,Exact - HP,http://purl.obolibrary.org/obo/HP_0000789,
595,https://doi.org/10.1089/neu.2014.3866,The Impact of Acupuncture on Neurological Recovery in Spinal Cord Injury: A Systematic Review and Meta-Analysis,Spinal cord injury (SCI),Spinal cord injury (SCI),spinal cord injury,Exact - MONDO,http://purl.obolibrary.org/obo/MONDO_0043797,
1370,uri not found,The impact of acupuncture on pain in patients with reflex sympathetic dystrophy,Reflex Sympathetic Dystrophy (RSD),Reflex Sympathetic Dystrophy (RSD),complex regional pain syndrome type 1,Synonym - MONDO,http://purl.obolibrary.org/obo/MONDO_0011441,
1788,https://doi.org/10.1080/01635581.2015.1004731,"The Impact of Complementary and Alternative Medicines on Cancer Symptoms, Treatment Side Effects, Quality of Life, and Survival in Women With Breast Cancer-A Systematic Review",Breast cancer,Breast cancer,breast cancer,Exact - MONDO,http://purl.obolibrary.org/obo/MONDO_0007254,
1835,https://doi.org/10.1097/00007632-198309000-00008,The Impact of Patients with Nonorganic Physical Findings on a Controlled Trial of Transcutaneous Electrical Nerve Stimulation and Electroacupuncture,Chronic low-back pain,Chronic low back pain,Low back pain,Exact - HP,http://purl.obolibrary.org/obo/HP_0003419,
95,https://doi.org/10.1016/j.jpain.2009.09.013,"The Impact of Placebo, Psychopathology, and Expectations on the Response to Acupuncture Needling in Patients with Chronic Low Back Pain",Chronic Low Back Pain,Chronic Low Back Pain,Low back pain,Exact - HP,http://purl.obolibrary.org/obo/HP_0003419,
1796,https://doi.org/10.1300/J069v13n03_07,The Impact of the Addition of an Acupuncture Treatment Program to an Existing Metro-Dade County Outpatient Substance Abuse Treatment Facility,Substance abuse,Substance abuse,substance abuse,Exact - MONDO,http://purl.obolibrary.org/obo/MONDO_0002491,
244,https://doi.org/10.1142/S0192415X13500225,The Influence of Electro-Acupuncture Stimulation to Female Constipation Patients,Constipation,Constipation,Constipation,Exact - HP,http://purl.obolibrary.org/obo/HP_0002019,
438,https://doi.org/10.1016/S0254-6272(09)60028-5,The Mind Tranquilizing and Menstruation Regulating Method for Acupuncture Treatment of Delayed Menstrual Cycle A Clinical Controlled Study,Dysfunctional uterine bleeding of the ovulatory type,uterine bleeding,NOT FOUND,,,
798,https://doi.org/10.1093/humrep/deh595,The pain-relieving effect of electro-acupuncture and conventional medical analgesic methods during oocyte retrieval: a systematic review of randomized controlled trials,Pain during oocyte retrieval,Pain during oocyte retrieval,Pain,Exact - HP,http://purl.obolibrary.org/obo/HP_0012531,
373,https://doi.org/10.1016/j.pain.2003.08.013,"The placebo needle, is it a valid and convincing placebo for use in acupuncture trials? A randomised, single-blind, cross-over pilot trial",Chronic/stable pain from a single joint (hip or knee),joint pain,NOT FOUND,,,
1432,https://doi.org/10.1016/s0965-2299(02)00072-9,The placebo response and effect of time in a trial of acupuncture to treat nausea and vomiting in early pregnancy,Nausea and vomiting in early pregnancy,Nausea and vomiting in early pregnancy,Nausea and vomiting,Exact - HP,http://purl.obolibrary.org/obo/HP_0002017,
569,https://doi.org/10.1177/1534735412451321,The Preventive and Therapeutic Effect of Acupuncture for Radiation-Induced Xerostomia in Patients With Head and Neck Cancer: A Systematic Review,Radiation-induced xerostomia in patients with head and neck cancer,Radiation-induced xerostomia in patients with head and neck cancer,Xerostomia,Exact - HP,http://purl.obolibrary.org/obo/HP_0000217,
1127,https://doi.org/10.1016/j.ejpain.2009.06.010,The relationship between patient and practitioner expectations and preferences and clinical outcomes in a trial of exercise and acupuncture for knee osteoarthritis,Knee osteoarthritis,Knee osteoarthritis,Knee osteoarthritis,Exact - HP,http://purl.obolibrary.org/obo/HP_0005086,
1792,https://doi.org/10.1007/s00213-002-1207-y,"The Relevance between Symptoms and Magnetic Resonance Imaging Analysis of the Hippocampus of Depressed Patients Given Electro-acupuncture Combined with Fluoxetine Intervention – A Randomized, Controlled Trial",Depression,Depression,Depression,Exact - HP,http://purl.obolibrary.org/obo/HP_0000716,
796,https://doi.org/10.1159/000362231,The Role of Acupuncture in in vitro Fertilization: A Systematic Review and Meta-Analysis,Infertility/Subfertility,Infertility/Subfertility,Infertility,Exact - HP,http://purl.obolibrary.org/obo/HP_0000789,
804,https://doi.org/10.1016/j.fertnstert.2008.02.094,The role of acupuncture in the management of subfertility,Subfertility,"Subfertility, infertility",NOT FOUND,,,
480,https://doi.org/10.1016/j.eatbeh.2016.03.002,The role of complementary and alternative medicine in the treatment of eating disorders: A systematic review,"Eating disorders (Anorexia Nervosa, Bulimia Nervosa, Binge Eating Disorder, PICA, Rumination Disorder, Avoidant/Restrictive Food Intake Disorder, Other Specified or Unspecified Feeding or Eating Disorder)","Eating disorder, Anorexia Nervosa, Bulimia Nervosa, Binge Eating Disorder, PICA, Rumination Disorder, Avoidant/Restrictive Food Intake Disorder, Feeding Disorder",NOT FOUND,,,
680,https://doi.org/10.1371/journal.pone.0180177,The role of treatment timing and mode of stimulation in the treatment of primary dysmenorrhea with acupuncture: An exploratory randomised controlled trial,Primary dysmenorrhea,Primary dysmenorrhea,primary dysmenorrhea,Exact - MONDO,http://purl.obolibrary.org/obo/MONDO_1060206,
409,https://doi.org/10.1016/s0254-6272(08)60037-0,The Safety of Electroacupuncture at Hegu (LI 4) plus Oxytocin for hastening Uterine Contraction of Puerperants - A randomized Controlled Clinical Observation,Difficult labor due to uterine inertia,labor,NOT FOUND,,,
479,https://doi.org/10.4088/jcp.08m04208,"The Safety, Acceptability, and Effectiveness of Acupuncture as an Adjunctive Treatment for Acute Symptoms in Bipolar Disorder",Bipolar disorder (focusing on hypomania and depression symptoms),Bipolar disorder (focusing on hypomania and depression symptoms),bipolar disorder,Exact - MONDO,http://purl.obolibrary.org/obo/MONDO_0004985,
151,https://doi.org/10.1213/01.ane.0000107941.16173.f7,The Short-and Long-Term Benefit in Chronic Low Back Pain Through Adjuvant Electrical Versus Manual Auricular Acupuncture,Chronic Low Back Pain,Chronic Low Back Pain,Low back pain,Exact - HP,http://purl.obolibrary.org/obo/HP_0003419,
933,https://doi.org/10.1111/j.1533-2500.2007.00140.x,The Short-Term Effects of Acupuncture on Myofascial Pain Patients After Clenching,Myofascial pain,Myofascial pain,NOT FOUND,,,
698,https://doi.org/10.1016/0022-3999(89)90010-x,The Significance of Needle Placement Site In Acupuncture,Not specified (the paper focuses on pain relief and sensations associated with acupuncture without specifying a particular disease or condition),Not specified (the paper focuses on pain relief and sensations associated with acupuncture without specifying a particular disease or condition),,,,
1374,https://pubmed.ncbi.nlm.nih.gov/16705846.0/,The TCM Combined Treatment for Aphasia Due to Cerebrovascular Disorders,Aphasia due to cerebrovascular disorders,Aphasia due to cerebrovascular disorders,aphasia,Exact - MONDO,http://purl.obolibrary.org/obo/MONDO_0000598,
1185,uri not found,The Therapeutic Effect and Effect on Plasma ET and cGRP Contents when Treating Angina Pectoris with a Combination of Acupuncture and Chinese Herbs,Angina Pectoris,Angina Pectoris,Angina pectoris,Exact - HP,http://purl.obolibrary.org/obo/HP_0001681,
1277,uri not found,The Therapeutic Effect of Acupuncture and Western Medicine in Treating Migraine,Migraine,Migraine,migraine disorder,Synonym - MONDO,http://purl.obolibrary.org/obo/MONDO_0005277,
540,https://doi.org/10.1142/s0192415x10008299,The Therapeutic Effects of Acupuncture on Patients with Chronic Neck Myofascial Pain Syndrome: A Single-Blind Randomized Controlled Trial,Chronic neck myofascial pain syndrome (MPS),"Chronic neck myofascial pain syndrome, neck pain",NOT FOUND,,,
1368,https://pubmed.ncbi.nlm.nih.gov/17078435.0/,The Therapeutic Effects of Electrical Acupuncture and Auricular Plaster in 32 Cases of Chronic Fatigue Syndrome,Chronic Fatigue Syndrome (CFS),Chronic Fatigue Syndrome (CFS),myalgic encephalomeyelitis/chronic fatigue syndrome,Synonym - MONDO,http://purl.obolibrary.org/obo/MONDO_0005404,
527,https://pubmed.ncbi.nlm.nih.gov/14719300.0/,The Therapeutic Effects of Triple Puncture and Routine Body Needling for Cervical Spondylosis,Cervical spondylosis,Cervical spondylosis,Cervical spondylosis,Exact - HP,http://purl.obolibrary.org/obo/HP_0008480,
538,https://doi.org/10.1016/j.ctim.2005.05.005,"The therapeutic efficacy of somatic acupuncture is not increased by auriculotherapy: A randomised, blind control study in cervical myofascial pain",Cervical myofascial pain,myofascial pain,NOT FOUND,,,
1160,https://pubmed.ncbi.nlm.nih.gov/10921148.0/,The third lumbar transverse process syndrome treated by electroacupuncture at Huatuojiaji points,The third lumbar transverse process syndrome,back pain,NOT FOUND,,,
270,https://doi.org/10.1016/j.maturitas.2011.02.001,The use of acupuncture for managing gynaecologic conditions: An overview of systematic reviews,	- Side effects of breast cancer chemotherapy - Menstrual disturbances - Menopausal symptoms - Female infertility - Uterine fibroids - Polycystic ovary syndrome,"breast cancer, Menstrual disturbance, Menopause, infertility, Uterine fibroids, Polycystic ovary syndrome",NOT FOUND,,,
1597,uri not found,The Use of Acupuncture for Smoking Withdrawal,Smoking addiction or nicotine dependence,Nicotine dependence,nicotine dependence,Exact - MONDO,http://purl.obolibrary.org/obo/MONDO_0008575,
1808,https://doi.org/10.1111/ajad.12453,The Use of Auricular Acupuncture in Opioid Use Disorder: A Systematic Literature Review,Opioid use disorder (OUD),substance abuse,NOT FOUND,,,
469,https://doi.org/10.1097/00000539-200111000-00024,The Use of Auricular Acupuncture to Reduce Preoperative Anxiety,Not specified (the study focuses on preoperative anxiety rather than a specific disease or condition),Not specified (the study focuses on preoperative anxiety rather than a specific disease or condition),,,,
1595,uri not found,The Use of Body Acupuncture for Treatment of Alcohol Dependence and Withdrawal Syndrome: A Controlled Study,Alcohol dependence and withdrawal symptoms,Alcohol dependence and withdrawal symptoms,alcohol dependence,Exact - MONDO,http://purl.obolibrary.org/obo/MONDO_0007079,
164,https://doi.org/10.1089/107555303322284767,The Use of Electro-Acupuncture in Conjunction with Exercise for the Treatment of Chronic Low-Back Pain,Chronic low-back pain (LBP),Chronic low back pain (LBP),Low back pain,Exact - HP,http://purl.obolibrary.org/obo/HP_0003419,
123,https://doi.org/10.1097/BRS.0b013e31816b4be4,The Use of Expertise-Based Randomized Controlled Trials to Assess Spinal Manipulation and Acupuncture for Low Back Pain A Systematic Review,Low back pain,Low back pain,Low back pain,Exact - HP,http://purl.obolibrary.org/obo/HP_0003419,
1040,https://doi.org/10.1097/00000539-199906000-00031,The Use of Nonpharmacologic Techniques to Prevent Postoperative Nausea and Vomiting: A Meta-Analysis,Postoperative Nausea and Vomiting (PONV),Postoperative Nausea and Vomiting (PONV),Nausea and vomiting,Exact - HP,http://purl.obolibrary.org/obo/HP_0002017,
1134,https://doi.org/10.1016/s0254-6272(09)60031-5,The Warming Acupuncture for Treatment of Sciatica in 30 Cases,Sciatica,Sciatica,sciatica,Exact - MONDO,http://purl.obolibrary.org/obo/MONDO_0024333,
1879,uri not found,Therapeutic Effect Analysis on Combined Acupuncture and Medication for Peripheral Facial Paralysis,Peripheral Facial Paralysis,Peripheral Facial Paralysis,facial paralysis,Exact - MONDO,http://purl.obolibrary.org/obo/MONDO_0001835,
1331,uri not found,Therapeutic Effect and Blood Rheology of Patients with Cervical Spondylosis Treated with Acupuncture Combined with Massage,Cervical spondylosis,Cervical spondylosis,Cervical spondylosis,Exact - HP,http://purl.obolibrary.org/obo/HP_0008480,
1811,https://doi.org/10.1007/s11726-011-0463-y,Therapeutic Effect Observation on Combined Acupuncture and Chinese Medicine for Reflux Esophagitis 针药并用治疗反流性食管炎疗效观察,Reflux Esophagitis,Esophagitis,NOT FOUND,,,
1802,https://doi.org/10.1007/s11726-012-0575-z,Therapeutic Effect Observation on Combined Acupuncture and Medication for Ovulation,Anovulatory infertility,infertility,NOT FOUND,,,
1463,https://doi.org/10.1007/s11726-012-0641-6,Therapeutic Effect Observation on Combined Tuina with Warm Needling Moxibustion for Adhesive Shoulder Periarthritis,"Adhesive shoulder periarthritis (ASP), also known as ""frozen shoulder""","Adhesive shoulder periarthritis (ASP), also known as ""frozen shoulder""",frozen shoulder,Exact - MONDO,http://purl.obolibrary.org/obo/MONDO_0006763,
892,https://doi.org/10.1007/s11726-011-0501-9,Therapeutic Effect Observation on Electroacupuncture plus Acupoint Injection for Alopecia Areata,Alopecia areata,Alopecia areata,alopecia areata,Exact - MONDO,http://purl.obolibrary.org/obo/MONDO_0005340,
889,https://doi.org/10.1007/s11726-011-0494-4,Therapeutic Effect Observation on Warm Needling for Keloidal Acne,Keloidal acne,Keloidal acne,acne keloid,Synonym - MONDO,http://purl.obolibrary.org/obo/MONDO_0043468,
653,https://doi.org/10.1097/MD.0000000000008830,Therapeutic effect of Chinese herbal medicines for post stroke recovery A traditional and network meta-analysis,Stroke,Stroke,stroke disorder,Synonym - MONDO,http://purl.obolibrary.org/obo/MONDO_0005098,
1867,https://doi.org/10.1007/s11726-012-0593-x,Therapeutic Efficacy Observation on Acupuncture for Post withdrawal Syndrome of Heroin Dependence,Post withdrawal syndrome of heroin dependence,Post withdrawal syndrome of heroin dependence,substance withdrawal syndrome,Synonym - MONDO,http://purl.obolibrary.org/obo/MONDO_0005567,
1598,uri not found,Therapeutic Efficacy Observation on Acupuncture for Post-withdrawal Syndrome of Heroin Dependence,Post withdrawal syndrome of heroin dependence,Post withdrawal syndrome of heroin dependence,substance withdrawal syndrome,Synonym - MONDO,http://purl.obolibrary.org/obo/MONDO_0005567,
1112,https://doi.org/10.1007/s11726-012-0605-x,Therapeutic Efficacy Observation on Acupuncture plus Medication for Rheumatoid Arthritis,Rheumatoid Arthritis (RA),Rheumatoid Arthritis (RA),rheumatoid arthritis,Exact - MONDO,http://purl.obolibrary.org/obo/MONDO_0008383,
1807,https://doi.org/10.1007/s11726-012-0565-1,Therapeutic Efficacy Observation on Acupuncture Treatment for Vascular Cognitive Disorder Following a Cerebral Infarction,Vascular Cognitive Disorder (VCD) following a cerebral infarction,Cognitive Disorder,NOT FOUND,,,
283,https://doi.org/10.1007/s11726-011-0514-4,Therapeutic efficacy observation on combined acupuncture and herbal formula for male sterility,Male infertility (abnormal semen),Male infertility (abnormal semen),male infertility,Exact - MONDO,http://purl.obolibrary.org/obo/MONDO_0005372,
1805,https://doi.org/10.1007/s11726-012-0576-y,Therapeutic Efficacy Observation on Electroacupuncture for Ovulatory Dysfunctional Infertility,Ovulatory Dysfunctional Infertility,Infertility,NOT FOUND,,,
1872,https://doi.org/10.1007/s11726-013-0670-9,Therapeutic Efficacy Observation on Electroacupuncture of Different Frequencies for the Third Lumbar Transverse Process Syndrome,The third lumbar transverse process syndrome (chronic low back pain or lumbar gluteal condition),"transverse process syndrome, low back pain, lumbar gluteal condition",NOT FOUND,,,
1793,https://doi.org/10.1007/s11726-012-0567-z,Therapeutic Efficacy Observation on Scalp Acupuncture for Vascular Dementia,Vascular Dementia,Vascular Dementia,vascular dementia,Exact - MONDO,http://purl.obolibrary.org/obo/MONDO_0004648,
1789,https://doi.org/10.1007/s11726-012-0563-3,Therapeutic Evaluation of Different Needling Methods for Tension type Headache,Tension type headache (TTH),Tension type headache (TTH),Tension-type headache,Exact - HP,http://purl.obolibrary.org/obo/HP_0012228,
1147,https://doi.org/10.1007/s11726-009-0286-2,Therapeutic Observation on Green Tortoise Probing Cave Operation plus Stuck Needle Method in Treating Transverse Process Syndrome of the Third Lumbar Vertebra,Transverse process syndrome of the third lumbar vertebra,low back pain,NOT FOUND,,,
1208,uri not found,Thirty-Two Cases of Trigeminal Neuralgia Treated with Acupuncture plus Chinese Traditional Drugs,Trigeminal neuralgia,Trigeminal neuralgia,trigeminal neuralgia,Exact - MONDO,http://purl.obolibrary.org/obo/MONDO_0008599,
319,https://doi.org/10.1016/s0254-6272(09)60076-5,Thirty-two Thirty-two Thirty-two Thirty-two Cases Cases Cases Cases of of of of Vascular Vascular Vascular Vascular Headache Headache Headache Headache Treated Treated Treated Treated by by by by Acupuncture Acupuncture Acupuncture Acupuncture Combined Combined Combined Combined with with with with Chinese Chinese Chinese Chinese Herbal Herbal Herbal Herbal Decoction Decoction Decoction Decoction,Vascular Headache (Migraine),Vascular Headache (Migraine),obsolete vascular headache,Synonym - MONDO,http://purl.obolibrary.org/obo/MONDO_0040797,
1803,https://doi.org/10.1111/j.1600-0528.2009.00494.x,Towards a proposal for assessment of blinding success in clinical trials- up-to-date review,Not specified (the paper discusses various RCTs but does not specify a primary medical condition or disease),Not specified (the paper discusses various RCTs but does not specify a primary medical condition or disease),,,,
1581,https://doi.org/10.3109/00365599309180416,Traditional acupuncture and electrical stimulation of the posterior tibial nerve. A trial in chronic interstitial cystitis,Interstitial cystitis,Interstitial cystitis,interstitial cystitis,Exact - MONDO,http://purl.obolibrary.org/obo/MONDO_0018301,
351,https://doi.org/10.1111/j.1526-4610.2007.00916.x,"Traditional Acupuncture in Migraine: A Controlled, Randomized Study",Migraine without aura,Migraine without aura,migraine without aura,Exact - MONDO,http://purl.obolibrary.org/obo/MONDO_0100431,
316,https://doi.org/10.1016/0304-3959(92)90080-U,Traditional Chinese acupuncture in tension-type headache: a controlled study,Tension-type headache,Tension-type headache,Tension-type headache,Exact - HP,http://purl.obolibrary.org/obo/HP_0012228,
1041,https://doi.org/10.1136/bmj.293.6547.583,Traditional Chinese acupuncture: a potentially-useful antiemetic?,Perioperative nausea and vomiting,Perioperative nausea and vomiting,Nausea and vomiting,Exact - HP,http://purl.obolibrary.org/obo/HP_0002017,
626,https://doi.org/10.1016/j.ctim.2014.06.004,Traditional Chinese medicine for chronic fatigue syndrome: A systematic review of randomized clinical trials,Chronic Fatigue Syndrome (CFS),Chronic Fatigue Syndrome (CFS),myalgic encephalomeyelitis/chronic fatigue syndrome,Synonym - MONDO,http://purl.obolibrary.org/obo/MONDO_0005404,
774,https://doi.org/10.1371/journal.pone.0117146,Traditional Chinese Medicine for Neck Pain and Low Back Pain: A Systematic Review and Meta-Analysis,Neck pain (NP) and low back pain (LBP),Neck pain (NP) and low back pain (LBP),"Neck pain, Low back pain","Exact - HP, Exact - HP","http://purl.obolibrary.org/obo/HP_0030833, http://purl.obolibrary.org/obo/HP_0003419",
890,https://doi.org/10.1111/j.1742-481X.2012.00969.x,Traditional Chinese medicine for pressure ulcer: a meta-analysis,Pressure ulcers (bedsores or pressure sores),Pressure ulcers (bedsores or pressure sores),ulcer disease,Synonym - MONDO,http://purl.obolibrary.org/obo/MONDO_0043839,
675,https://doi.org/10.1111/appy.12265,Traditional Chinese medicine for schizophrenia: A survey of randomized trials,Schizophrenia,Schizophrenia,schizophrenia,Exact - MONDO,http://purl.obolibrary.org/obo/MONDO_0005090,
659,https://doi.org/10.1016/j.sxmr.2017.11.007,Traditional Chinese Medicine for Sexual Dysfunction: Review of the Evidence,Sexual dysfunction,Sexual dysfunction or sexual disorder,sexual disorder,Exact - MONDO,http://purl.obolibrary.org/obo/MONDO_0000595,
617,https://doi.org/10.1089/acm.2009.0609,Traditional Chinese Medicine for Treatment of Cerebral Palsy in Children: A Systematic Review of Randomized Clinical Trials,Cerebral Palsy (CP),Cerebral Palsy (CP),cerebral palsy,Exact - MONDO,http://purl.obolibrary.org/obo/MONDO_0006497,
620,https://doi.org/10.1089/acm.2009.0599,Traditional Chinese Medicine for Treatment of Fibromyalgia: A Systematic Review of Randomized Controlled Trials,Fibromyalgia (FM),Fibromyalgia (FM),fibromyalgia,Exact - MONDO,http://purl.obolibrary.org/obo/MONDO_0005546,
607,https://doi.org/10.1016/j.sleep.2008.08.012,Traditional needle acupuncture treatment for insomnia: A systematic review of randomized controlled trials,Insomnia,Insomnia,insomnia,Exact - MONDO,http://purl.obolibrary.org/obo/MONDO_0013600,
1798,https://doi.org/10.1136/acupmed-2014-010708,Training in self-needling and performing it as part of a clinical trial: the practitioner and patient experience,Cancer-related fatigue,Cancer-related fatigue,Fatigue,Exact - HP,http://purl.obolibrary.org/obo/HP_0012378,
1490,uri not found,Tranquilizing Mind Acupuncture in the Treatment of 35 Patients with Insomnia,Insomnia,Insomnia,insomnia,Exact - MONDO,http://purl.obolibrary.org/obo/MONDO_0013600,
949,https://doi.org/10.1111/pme.12738,Transcutaneous Electrical Acupoint Stimulation for the Treatment of Withdrawal Syndrome in Heroin Addicts,Heroin withdrawal syndrome,opiate dependence,NOT FOUND,,,
983,https://doi.org/10.1016/S0740-5472(03)00162-4,Treating drug using prison inmates with auricular acupuncture: A randomized controlled trial,Not specified (the primary focus is on drug use and associated discomfort rather than a specific Western medical disease or condition),Not specified (the primary focus is on drug use and associated discomfort rather than a specific Western medical disease or condition),,,,
152,https://doi.org/10.1097/BRS.0b013e3181c2a8d3,Treatment Expectations and Preferences as Predictors of Outcome of Acupuncture for Chronic Back Pain,Chronic non-specific low back pain,Chronic non-specific low back pain,Low back pain,Exact - HP,http://purl.obolibrary.org/obo/HP_0003419,
1286,https://doi.org/10.1159/000091999,Treatment in a Randomized Multicenter Trial of Acupuncture for Migraine (ART Migraine),Migraine,Migraine,migraine disorder,Synonym - MONDO,http://purl.obolibrary.org/obo/MONDO_0005277,
1333,https://pubmed.ncbi.nlm.nih.gov/11360535.0/,Treatment of 482 Cases of Cervical Spondylopathy by Combining Point injection and Needle warming via Moxibustion,Cervical spondylopathy,Cervical spondylosis,NOT FOUND,,,
1314,https://pubmed.ncbi.nlm.nih.gov/10921134.0/,Treatment of 50 cases of senile dementia by acupuncture combined with inhalation of herbal drugs and oxygen,Senile dementia,dementia,NOT FOUND,,,
1278,uri not found,Treatment of 60 Migraine Sufferers with Penetration Needling of Points and Point Selection Based on Following the Corresponding Meridians,Migraine,Migraine,migraine disorder,Synonym - MONDO,http://purl.obolibrary.org/obo/MONDO_0005277,
1378,uri not found,Treatment of 68 Newborns with Brachial Plexus Paralysis with Shallow Puncture and Multiple Points,Brachial plexus paralysis in newborns,paralysis,NOT FOUND,,,
1541,uri not found,Treatment of Apoplectic Movement Dysfunctions of Wrist and Ankle Joints with Local Penetrating Needling,Stroke (cerebral infarction at the right basal nuclei and corona radiata),Stroke (cerebral infarction at the right basal nuclei and corona radiata),stroke disorder,Synonym - MONDO,http://purl.obolibrary.org/obo/MONDO_0005098,
512,https://pubmed.ncbi.nlm.nih.gov/17078437.0/,Treatment of Cholelithiasis by Acupuncture and Oral Decoction,Cholelithiasis,Cholelithiasis,cholelithiasis,Exact - MONDO,http://purl.obolibrary.org/obo/MONDO_0012672,
629,https://doi.org/10.1089/acm.2005.11.663,"Treatment of Fibromyalgia with Formula Acupuncture: Investigation of Needle Placement, Needle Stimulation, and Treatment Frequency",Fibromyalgia,Fibromyalgia,fibromyalgia,Exact - MONDO,http://purl.obolibrary.org/obo/MONDO_0005546,
284,https://pubmed.ncbi.nlm.nih.gov/16579095.0/,Treatment of functional retrograde ejaculation with acupuncture and TCM herbal drugs,Functional Retrograde Ejaculation,Functional Retrograde Ejaculation,Retrograde ejaculation,Exact - HP,http://purl.obolibrary.org/obo/HP_0012877,
960,https://pubmed.ncbi.nlm.nih.gov/16334715.0/,Treatment of Heroinism with Acupunture at Points of the Du Channel,Heroin addiction (heroinism),Heroin dependence,heroin dependence,Exact - MONDO,http://purl.obolibrary.org/obo/MONDO_0005367,
1881,https://doi.org/10.3748/wjg.v21.i8.2315,Treatment of irritable bowel syndrome in China: A review,Irritable bowel syndrome (IBS),Irritable bowel syndrome (IBS),irritable bowel syndrome,Exact - MONDO,http://purl.obolibrary.org/obo/MONDO_0005052,
1537,https://pubmed.ncbi.nlm.nih.gov/17393629.0/,Treatment of Ischemic Apoplexy Based on the Theory of “Lingering Illness Affecting Collaterals”,Stroke (Apoplexy),Stroke (Apoplexy),stroke disorder,Synonym - MONDO,http://purl.obolibrary.org/obo/MONDO_0005098,
1137,uri not found,Treatment of Low Back Pain with Specific Acupoint. A Double-Blind Placebo-Controlled Trial,Low back pain,Low back pain,Low back pain,Exact - HP,http://purl.obolibrary.org/obo/HP_0003419,
900,https://doi.org/10.1016/j.sleep.2006.04.009,"Treatment of moderate obstructive sleep apnea syndrome with acupuncture: A randomised, placebo controlled pilot trial q",Obstructive Sleep Apnea Syndrome (OSAS),Obstructive Sleep Apnea Syndrome (OSAS),obstructive sleep apnea syndrome,Exact - MONDO,http://purl.obolibrary.org/obo/MONDO_0007147,
345,https://doi.org/10.1016/j.ctim.2004.05.001,"Treatment of patients with chronic headaches in a hospital for traditional Chinese medicine in Germany A randomised, waiting list controlled trial ଝ",Migraine and tension type headache,Migraine and tension type headache,"migraine disorder, Tension-type headache","Synonym - MONDO, Exact - HP","http://purl.obolibrary.org/obo/MONDO_0005277, http://purl.obolibrary.org/obo/HP_0012228",
1495,https://pubmed.ncbi.nlm.nih.gov/12747205.0/,Treatment of Phlegmand Heat induced Insomnia by Acupuncture in 120 Cases,Insomnia,Insomnia,insomnia,Exact - MONDO,http://purl.obolibrary.org/obo/MONDO_0013600,
1236,https://doi.org/10.1177/1938640011407320,Treatment of Plantar Fasciitis in Recreation al Athletes: Two Different Therapeutic Protocols,Plantar Fasciitis (PF),Plantar Fasciitis (PF),plantar fasciitis,Exact - MONDO,http://purl.obolibrary.org/obo/MONDO_0004833,
185,https://doi.org/10.1046/j.1365-2796.1997.91105000.x,Treatment of primary Raynaud's syndrome with traditional Chinese acupuncture,Primary Raynaud's syndrome,Primary Raynaud's syndrome,Raynaud disease,Synonym - MONDO,http://purl.obolibrary.org/obo/MONDO_0008364,
1269,https://doi.org/10.1007/s11726-011-0520-6,Treatment of Prostatalgia by Acupuncture: A Randomized Controlled Trial,Prostatalgia,Prostatalgia,NOT FOUND,,,
1552,https://pubmed.ncbi.nlm.nih.gov/15119166.0/,Treatment of Pseudobulbar Paralysis by Scalp Acupuncture and Sublingual Needling,Pseudobulbar paralysis due to cerebral infarction or cerebral hemorrhage,Pseudobulbar paralysis due to cerebral infarction or cerebral hemorrhage,Pseudobulbar paralysis,Exact - HP,http://purl.obolibrary.org/obo/HP_0007024,
1230,https://pubmed.ncbi.nlm.nih.gov/12400431.0/,Treatment of Retinal Vein Obstruction with Acupuncture and Chinese Medicinal Herbs,Retinal vein obstruction,vein obstruction,NOT FOUND,,,
1151,https://pubmed.ncbi.nlm.nih.gov/7877335.0/,Treatment of sciatica by acupuncture at Jiaji points: A report of 168 cases,Sciatica,Sciatica,sciatica,Exact - MONDO,http://purl.obolibrary.org/obo/MONDO_0024333,
912,https://pubmed.ncbi.nlm.nih.gov/12875072.0/,Treatment of Sprain by Electro-Acupuncture,Sprain,Sprain,NOT FOUND,,,
1001,https://doi.org/10.1002/14651858.CD004462.pub3,Treatment of urinary incontinence after stroke in adults,Urinary incontinence after stroke,Urinary incontinence after stroke,Urinary incontinence,Exact - HP,http://purl.obolibrary.org/obo/HP_0000020,
166,https://doi.org/10.1016/j.ctim.2008.04.006,Treatment regimens of acupuncture for low back pain--A systematic review,Low back pain (LBP),Low back pain (LBP),Low back pain,Exact - HP,http://purl.obolibrary.org/obo/HP_0003419,
775,https://doi.org/10.1002/14651858.CD006946.pub3,Treatments for breast engorgement during lactation,Breast engorgement,Breast engorgement,NOT FOUND,,,
778,https://doi.org/10.1111/aogs.12681,Treatments for pregnancy-related lumbopelvic pain: a systematic review of physiotherapy modalities,"Pregnancy-related lumbopelvic pain, including Pelvic Girdle Pain (PGP) and Low Back Pain (LBP)","Pregnancy-related lumbopelvic pain, including Pelvic Girdle Pain (PGP) and Low Back Pain (LBP)",Low back pain,Exact - HP,http://purl.obolibrary.org/obo/HP_0003419,
856,https://doi.org/10.1097/MD.0000000000000510,Treatments for Shoulder Impingement Syndrome A PRISMA Systematic Review and Network Meta-Analysis,Shoulder Impingement Syndrome,Shoulder Impingement Syndrome,shoulder impingement syndrome,Exact - MONDO,http://purl.obolibrary.org/obo/MONDO_0006968,
80,https://doi.org/10.1136/aim.26.1.17,Trigger point acupuncture for treatment of knee osteoarthritis--a preliminary RCT for a pragmatic trial,Knee Osteoarthritis,Knee Osteoarthritis,Knee osteoarthritis,Exact - HP,http://purl.obolibrary.org/obo/HP_0005086,
126,https://doi.org/10.1136/aim.22.4.170,Trigger point acupuncture treatment of chronic low back pain in elderly patients -a blinded RCT,Chronic low back pain (LBP),Chronic low back pain (LBP),Low back pain,Exact - HP,http://purl.obolibrary.org/obo/HP_0003419,
227,https://doi.org/10.1155/2015/790209,Trigger Point Dry Needling and Proprioceptive Exercises for the Management of Chronic Ankle Instability: A Randomized Clinical Trial,Chronic Ankle Instability,Chronic Ankle Instability,Ankle instability,Exact - HP,http://purl.obolibrary.org/obo/HP_0020309,
1235,uri not found,"True Acupuncture vs. Sham Acupuncture and Conventional Sports Medicine Therapy for Plantar Fascitis Pain: A Controlled, Double-blind Study",Plantar fascitis,Plantar fasciitis,NOT FOUND,,,
275,https://doi.org/10.1210/jc.2011-1126,True and Sham Acupuncture Produced Similar Frequency of Ovulation and Improved LH to FSH Ratios in Women with Polycystic Ovary Syndrome,Polycystic Ovary Syndrome (PCOS),Polycystic Ovary Syndrome (PCOS),polycystic ovary syndrome,Exact - MONDO,http://purl.obolibrary.org/obo/MONDO_0008487,
1482,https://pubmed.ncbi.nlm.nih.gov/11263285.0/,Twenty five Cases of Intractable Cutaneous Pruritus Treated by Auricular Acupuncture,Intractable cutaneous pruritus,pruritus,NOT FOUND,,,
1338,https://pubmed.ncbi.nlm.nih.gov/11263283.0/,Twenty One Cases of Vertebral Artery Type Cervical Spondylosis Treated with Acupuncture,Vertebral artery type cervical spondylosis,cervical spondylosis,NOT FOUND,,,
1123,https://pubmed.ncbi.nlm.nih.gov/14535189.0/,Two hundred and Ten Cases of Shoulder Periarthritis Treated by Needling Lingxia and Sanjian,Shoulder Periarthritis,"Periarthritis, shoulder pain",NOT FOUND,,,
287,https://doi.org/10.1016/j.eururo.2008.02.002,Two Modes of Acupuncture as a Treatment for Hot Flushes in Men with Prostate Cancer-A Prospective Multicenter Study with Long-Term Follow-Up,Hot flushes in men with prostate cancer and castrational treatment,hot flashes in men with prostate cancer and castrational treatment,Hot flashes,Exact - HP,http://purl.obolibrary.org/obo/HP_0031217,
1296,https://doi.org/10.1007/s11655-014-1744-3,Two Sets of Acupoint Combination of Similar Functions Engage Shared Neural Representation: A Functional Magnetic Resonance Imaging Study,Pain relief,Pain,NOT FOUND,,,
1222,https://doi.org/10.1136/aim.25.1-2.11,Two styles of acupuncture for treating painful diabetic neuropathy -a pilot randomised control trial,Painful diabetic neuropathy,"diabetes, neuropathic pain",NOT FOUND,,,
761,https://doi.org/10.1177/0161734614546571,Two-Dimensional Ultrasound and Ultrasound Elastography Imaging of Trigger Points in Women with Myofascial Pain Syndrome Treated by Acupuncture and Electroacupuncture: A Double-Blinded Randomized Controlled Pilot Study,Myofascial Pain Syndrome (MPS),Myofascial Pain Syndrome (MPS),myofascial pain syndrome,Exact - MONDO,http://purl.obolibrary.org/obo/MONDO_0006862,
1797,https://doi.org/10.1016/j.jams.2016.07.004,Unilateral and Immediate Stimulation of Acupuncture Points Xiaohai (SI8) and Jianwaishu (SI14) of the Small Intestine Meridian Increases Electromyographic Activity and Strength in the Ipsilateral and Contralateral Upper Trapezius Muscle,Not specified (the study involves healthy volunteers and does not focus on a specific disease or condition),Not specified (the study involves healthy volunteers and does not focus on a specific disease or condition),,,,
1132,https://doi.org/10.1136/aim.19.1.15,Unilateral versus Bilateral Acupuncture on Knee Function in Advanced Osteoarthritis of the Knee -A Prospective Randomised Trial,Advanced osteoarthritis (OA) of the knee,Advanced Knee osteoarthritis,Knee osteoarthritis,Exact - HP,http://purl.obolibrary.org/obo/HP_0005086,
646,https://doi.org/10.1136/acupmed-2016-011306,Updated systematic review and meta-analysis of acupuncture for chronic knee pain,Chronic knee pain (CKP),Chronic knee pain (CKP),Knee pain,Exact - HP,http://purl.obolibrary.org/obo/HP_0030839,
288,https://doi.org/10.1007/s11934-011-0186-0,Use of Acupuncture as a Treatment Method for Chronic Prostatitis/Chronic Pelvic Pain Syndromes,Chronic prostatitis/chronic pelvic pain syndrome (CP/CPPS),Chronic prostatitis/chronic pelvic pain syndrome (CP/CPPS),chronic prostatitis,Exact - MONDO,http://purl.obolibrary.org/obo/MONDO_0022103,
515,https://doi.org/10.1111/j.1365-2044.2008.05645_4.x,Use of acupuncture to reduce gagging during the insertion of an oral airway,"Difficult intubation, gag reflex during awake fibreoptic intubation","intubation, gag reflex, fibreoptic intubation",NOT FOUND,,,
455,https://doi.org/10.1016/j.ctim.2007.07.005,Using acupuncture to treat depression: A feasibility study,Depression (mild-to-moderate),Depression (mild-to-moderate),Depression,Exact - HP,http://purl.obolibrary.org/obo/HP_0000716,
439,https://doi.org/10.1007/s00404-001-0270-7,Using acupuncture to treat premenstrual syndrome,Premenstrual syndrome (PMS),Premenstrual syndrome (PMS),premenstrual tension,Synonym - MONDO,http://purl.obolibrary.org/obo/MONDO_0004169,
417,https://doi.org/10.1136/acupmed-2012-010261,Using moxibustion in primary healthcare to correct non-vertex presentation: a multicentre randomised controlled trial,Non-vertex presentation (breech presentation),breech presentation,NOT FOUND,,,
1791,https://doi.org/10.1109/memb.2005.1411347,Using Ultrasound to Understand Acupuncture Acupuncture Needle Manipulation and Its Effect on Connective Tissue,Not specified (the paper does not focus on a specific Western medical condition or disease),Not specified (the paper does not focus on a specific Western medical condition or disease),,,,
1279,uri not found,Vascular Headache Treated by Acupuncture,Migraine,Migraine,migraine disorder,Synonym - MONDO,http://purl.obolibrary.org/obo/MONDO_0005277,
1348,https://doi.org/10.1080/13697130500118050,Vasomotor symptoms decrease in women with breast cancer randomized to treatment with applied relaxation or electro-acupuncture: a preliminary study,Breast cancer,Breast cancer,breast cancer,Exact - MONDO,http://purl.obolibrary.org/obo/MONDO_0007254,
782,https://doi.org/10.1097/AOG.0000000000000303,Version of Breech Fetuses by Moxibustion With Acupuncture A Randomized Controlled Trial,Breech presentation,Breech presentation,Breech presentation,Exact - HP,http://purl.obolibrary.org/obo/HP_0001623,
1144;1794,https://doi.org/10.1007/s11726-011-0509-1,Warm Needling Therapy for Sciatica: A Randomized Controlled Trial,Sciatica,Sciatica,sciatica,Exact - MONDO,http://purl.obolibrary.org/obo/MONDO_0024333,
1876,uri not found,Warm Needling Therapy for the Third Lumbar Transverse Process Syndrome: A Randomized Controlled Trial,The third lumbar transverse process syndrome,low back pain,NOT FOUND,,,
603,https://doi.org/10.1016/s0254-6272(10)60007-6,Warm-needling plus Tuina Relaxing for the Treatment of Carpal Tunnel Syndrome,Carpal Tunnel Syndrome (CTS),Carpal Tunnel Syndrome (CTS),carpal tunnel syndrome,Exact - MONDO,http://purl.obolibrary.org/obo/MONDO_0007275,
677,https://doi.org/10.1136/acupmed-2016-011058,What predicts a positive response to acupuncture? A secondary analysis of three randomised controlled trials of insomnia,Insomnia,Insomnia,insomnia,Exact - MONDO,http://purl.obolibrary.org/obo/MONDO_0013600,
1786,https://doi.org/10.1142/S0192415X14500190,Wrist-Ankle Acupuncture for Pain After Transcatheter Arterial Chemoembolization in Patients with Liver Cancer: A Randomized Controlled Trial,Primary liver cancer (PLC) with post-TACE pain,Primary liver cancer (PLC) with post-TACE pain,"liver cancer, Pain","Exact - MONDO, Exact - HP","http://purl.obolibrary.org/obo/MONDO_0002691, http://purl.obolibrary.org/obo/HP_0012531",
731,https://doi.org/10.1155/2014/261709,Wrist-Ankle Acupuncture for the Treatment of Pain Symptoms: A Systematic Review and Meta-Analysis,"Pain symptoms (various conditions including root pain in lumbar disc prolapse, acute lumbago, chronic neck pain, herpes zoster, postherpetic neuralgia, pain after knee arthroplasty, and middle-late liver cancer pain)","Pain, disc prolapse, lumbago, neck pain, herpes zoster, neuralgia, knee pain, cancer",NOT FOUND,,,
