Label,WHO Location,Normalized Who Location,What Changed
LU 1,"On the anterior thoracic region, at the same level as the first intercostal space, lateral to the infraclavicular fossa, 6 B-cun lateral to the anterior median line.
Note 1: After locating LU2, LU1 is located 1 B-cun inferior to LU2.
Note 2: ST14, KI26, CV20 and LU1 are located on the transverse line along the first intercostal space.","On the anterior thoracic region, at the same level as the first intercostal space, lateral to the infraclavicular fossa, 6 B-cun lateral to the anterior median line.
- Note 1: After locating LU 2, LU 1 is located 1 B-cun inferior to LU 2.
- Note 2: ST 14, KI 26, CV 20 and LU 1 are located on the transverse line along the first intercostal space.",normalized acupoint code 'LU2' to 'LU 2'; normalized acupoint code 'LU1' to 'LU 1'; normalized acupoint code 'ST14' to 'ST 14'; normalized acupoint code 'KI26' to 'KI 26'; normalized acupoint code 'CV20' to 'CV 20'; moved 'Note' to a new line prefixed with '- '.
LU 2,"On the anterior thoracic region, in the depression of the infraclavicular fossa, medial to the coracoid process of the scapula, 6 B-cun lateral to the anterior median line.
Note 1: After identifying the deltopectoral triangle when the arm is flexed and slightly abducted against resistance, LU2 is in the centre of the deltopectoral triangle.
Note 2: ST13, KI27, CV21 and LU2 are located on the transverse line along the inferior border of the clavicle.","On the anterior thoracic region, in the depression of the infraclavicular fossa, medial to the coracoid process of the scapula, 6 B-cun lateral to the anterior median line.
- Note 1: After identifying the deltopectoral triangle when the arm is flexed and slightly abducted against resistance, LU 2 is in the centre of the deltopectoral triangle.
- Note 2: ST 13, KI 27, CV 21 and LU 2 are located on the transverse line along the inferior border of the clavicle.",normalized acupoint code 'LU2' to 'LU 2'; normalized acupoint code 'ST13' to 'ST 13'; normalized acupoint code 'KI27' to 'KI 27'; normalized acupoint code 'CV21' to 'CV 21'; moved 'Note' to a new line prefixed with '- '.
LU 3,"On the anterolateral aspect of the arm, just lateral to the border of the biceps brachii muscle, 3 B-cun inferior to the anterior axillary fold. Note: Longitudinally, LU3 is located at the same level as the junction of the upper one third and lower two thirds of the line con- necting the level with anterior axillary fold to LU5.","On the anterolateral aspect of the arm, just lateral to the border of the biceps brachii muscle, 3 B-cun inferior to the anterior axillary fold.
- Note: Longitudinally, LU 3 is located at the same level as the junction of the upper one third and lower two thirds of the line connecting the level with anterior axillary fold to LU 5.",rejoined split word 'con- necting' into 'connecting'; normalized acupoint code 'LU3' to 'LU 3'; normalized acupoint code 'LU5' to 'LU 5'; moved 'Note' to a new line prefixed with '- '.
LU 4,"On the anterolateral aspect of the arm, just lateral to the border of the biceps brachii muscle, 4 B-cun inferior to the anterior axillary fold.","On the anterolateral aspect of the arm, just lateral to the border of the biceps brachii muscle, 4 B-cun inferior to the anterior axillary fold.",No changes needed.
LU 5,"On the anterior aspect of the elbow, at the cubital crease, in the depression lateral to the biceps brachii tendon.
Note: With the elbow flexed, LU5 is located at the cubital crease, between LI11 and PC3, separated from PC3 by the biceps brachii tendon.","On the anterior aspect of the elbow, at the cubital crease, in the depression lateral to the biceps brachii tendon.
- Note: With the elbow flexed, LU 5 is located at the cubital crease, between LI 11 and PC 3, separated from PC 3 by the biceps brachii tendon.",normalized acupoint code 'LU5' to 'LU 5'; normalized acupoint code 'LI11' to 'LI 11'; normalized acupoint code 'PC3' to 'PC 3'; moved 'Note' to a new line prefixed with '- '.
LU 6,"On the anterolateral aspect of the forearm, on the line connecting LU5 with LU9, 7 B- cun superior to the palmar wrist crease. Note: LU6 is 5 B-cun inferior to LU5, 1 B-cun superior to the midpoint of the line connecting LU5 with LU9.","On the anterolateral aspect of the forearm, on the line connecting LU 5 with LU 9, 7 B-cun superior to the palmar wrist crease.
- Note: LU 6 is 5 B-cun inferior to LU 5, 1 B-cun superior to the midpoint of the line connecting LU 5 with LU 9.",closed the erroneous space in 'B- cun' to 'B-cun'; normalized acupoint code 'LU5' to 'LU 5'; normalized acupoint code 'LU9' to 'LU 9'; normalized acupoint code 'LU6' to 'LU 6'; moved 'Note' to a new line prefixed with '- '.
LU 7,"On the radial aspect of the forearm, between the tendons of the abductor pollicis longus and the extensor pollicis brevis muscles, in the groove for the abductor pollicis longus tendon, 1.5 B-cun superior to the palmar wrist crease.","On the radial aspect of the forearm, between the tendons of the abductor pollicis longus and the extensor pollicis brevis muscles, in the groove for the abductor pollicis longus tendon, 1.5 B-cun superior to the palmar wrist crease.",No changes needed.
LU 8,"On the anterolateral aspect of the forearm, between the radial styloid process and the radial artery, 1 B-cun superior to the palmar wrist crease. Note: 1 B-cun superior to LU9.","On the anterolateral aspect of the forearm, between the radial styloid process and the radial artery, 1 B-cun superior to the palmar wrist crease.
- Note: 1 B-cun superior to LU 9.",normalized acupoint code 'LU9' to 'LU 9'; moved 'Note' to a new line prefixed with '- '.
LU 9,"On the anterolateral aspect of the wrist, between the radial styloid process and the scaphoid bone, in the depression ulnar to the abductor pollicis longus tendon. Note: On the radial side of the palmar wrist crease, over the radial artery.","On the anterolateral aspect of the wrist, between the radial styloid process and the scaphoid bone, in the depression ulnar to the abductor pollicis longus tendon.
- Note: On the radial side of the palmar wrist crease, over the radial artery.",moved 'Note' to a new line prefixed with '- '.
LU 10,"On the palm, radial to the midpoint of the first metacarpal bone, at the border between the red and white flesh.","On the palm, radial to the midpoint of the first metacarpal bone, at the border between the red and white flesh.",No changes needed.
LU 11,"On the thumb, radial to the distal phalanx, 0.1 f-cun proximal-lateral to the radial corner of the thumb nail, at the intersection of the vertical line of the radial border and the horizontal line of the base of the thumb nail.","On the thumb, radial to the distal phalanx, 0.1 f-cun proximal-lateral to the radial corner of the thumb nail, at the intersection of the vertical line of the radial border and the horizontal line of the base of the thumb nail.",No changes needed.
,,,
LI 1,"On the index finger, radial to the distal phalanx, 0.1 f-cun proximal-lateral to the radial corner of the index fingernail, at the intersection of the vertical line of the radial border of the fingernail and the horizontal line of the base of the index fingernail.","On the index finger, radial to the distal phalanx, 0.1 f-cun proximal-lateral to the radial corner of the index fingernail, at the intersection of the vertical line of the radial border of the fingernail and the horizontal line of the base of the index fingernail.",No changes needed.
LI 2,"On the index finger, in the depression distal to the radial side of the second metacarpophalangeal joint, at the border between the red and white flesh.","On the index finger, in the depression distal to the radial side of the second metacarpophalangeal joint, at the border between the red and white flesh.",No changes needed.
LI 3,"On the dorsum of the hand, in the depression radial and proximal to the second metacarpophalangeal joint.","On the dorsum of the hand, in the depression radial and proximal to the second metacarpophalangeal joint.",No changes needed.
LI 4,"On the dorsum of the hand, radial to the midpoint of the second metacarpal bone.","On the dorsum of the hand, radial to the midpoint of the second metacarpal bone.",No changes needed.
LI 5,"On the posterolateral aspect of the wrist, at the radial side of the dorsal wrist crease, distal to the radial styloid process, in the depression of the anatomical snuffbox. Note : The depression of the anatomical snuffbox is formed when the thumb is fully abducted and extended between the tendons of the extensor pollicis longus and the extensor pollicis brevis.","On the posterolateral aspect of the wrist, at the radial side of the dorsal wrist crease, distal to the radial styloid process, in the depression of the anatomical snuffbox.
- Note: The depression of the anatomical snuffbox is formed when the thumb is fully abducted and extended between the tendons of the extensor pollicis longus and the extensor pollicis brevis.",normalized spacing in 'Note' label; moved 'Note' to a new line prefixed with '- '.
LI 6,"On the posterolateral aspect of the forearm, on the line connecting LI5 with LI11, 3 B- cun superior to the dorsal wrist crease. Note: LI6 is located at the junction of the upper three fourths and the lower one fourth of the line connecting LI5 with LI11.","On the posterolateral aspect of the forearm, on the line connecting LI 5 with LI 11, 3 B-cun superior to the dorsal wrist crease.
- Note: LI 6 is located at the junction of the upper three fourths and the lower one fourth of the line connecting LI 5 with LI 11.",closed the erroneous space in 'B- cun' to 'B-cun'; normalized acupoint code 'LI5' to 'LI 5'; normalized acupoint code 'LI11' to 'LI 11'; normalized acupoint code 'LI6' to 'LI 6'; moved 'Note' to a new line prefixed with '- '.
LI 7,"On the posterolateral aspect of the forearm, on the line connecting LI5 with LI11, 5 B- cun superior to the dorsal wrist crease.","On the posterolateral aspect of the forearm, on the line connecting LI 5 with LI 11, 5 B-cun superior to the dorsal wrist crease.",closed the erroneous space in 'B- cun' to 'B-cun'; normalized acupoint code 'LI5' to 'LI 5'; normalized acupoint code 'LI11' to 'LI 11'.
LI 8,"On the posterolateral aspect of the forearm, on the line connecting LI5 with LI11, 4 B- cun inferior to the cubital crease. Note: LI8 is located at the junction of the upper one third and lower two thirds of the line connecting LI5 with LI11, 1 B-cun inferior to LI9.","On the posterolateral aspect of the forearm, on the line connecting LI 5 with LI 11, 4 B-cun inferior to the cubital crease.
- Note: LI 8 is located at the junction of the upper one third and lower two thirds of the line connecting LI 5 with LI 11, 1 B-cun inferior to LI 9.",closed the erroneous space in 'B- cun' to 'B-cun'; normalized acupoint code 'LI5' to 'LI 5'; normalized acupoint code 'LI11' to 'LI 11'; normalized acupoint code 'LI8' to 'LI 8'; normalized acupoint code 'LI9' to 'LI 9'; moved 'Note' to a new line prefixed with '- '.
LI 9,"On the posterolateral aspect of the forearm, on the line connecting LI5 with LI11, 3 B- cun inferior to the cubital crease.","On the posterolateral aspect of the forearm, on the line connecting LI 5 with LI 11, 3 B-cun inferior to the cubital crease.",closed the erroneous space in 'B- cun' to 'B-cun'; normalized acupoint code 'LI5' to 'LI 5'; normalized acupoint code 'LI11' to 'LI 11'.
LI 10,"On the posterolateral aspect of the forearm, on the line connecting LI5 with LI11, 2 B- cun inferior to the cubital crease.","On the posterolateral aspect of the forearm, on the line connecting LI 5 with LI 11, 2 B-cun inferior to the cubital crease.",closed the erroneous space in 'B- cun' to 'B-cun'; normalized acupoint code 'LI5' to 'LI 5'; normalized acupoint code 'LI11' to 'LI 11'.
LI 11,"On the lateral aspect of the elbow, at the midpoint of the line connecting LU5 with the lateral epicondyle of the humerus. Note: When the elbow is fully flexed, LI11 is located in the depression on the lateral end of the cubital crease.","On the lateral aspect of the elbow, at the midpoint of the line connecting LU 5 with the lateral epicondyle of the humerus.
- Note: When the elbow is fully flexed, LI 11 is located in the depression on the lateral end of the cubital crease.",normalized acupoint code 'LU5' to 'LU 5'; normalized acupoint code 'LI11' to 'LI 11'; moved 'Note' to a new line prefixed with '- '.
LI 12,"On the posterolateral aspect of the elbow, superior to the lateral epicondyle of the humerus, anterior to the lateral supraepicondylar ridge.","On the posterolateral aspect of the elbow, superior to the lateral epicondyle of the humerus, anterior to the lateral supraepicondylar ridge.",No changes needed.
LI 13,"On the lateral aspect of the arm, on the line connecting LI11 with LI15, 3 B-cun supe- rior to the cubital crease.","On the lateral aspect of the arm, on the line connecting LI 11 with LI 15, 3 B-cun superior to the cubital crease.",rejoined split word 'supe- rior' into 'superior'; normalized acupoint code 'LI11' to 'LI 11'; normalized acupoint code 'LI15' to 'LI 15'.
LI 14,"On the lateral aspect of the arm, just anterior to the border of the deltoid muscle, 7 B-cun superior to LI11.","On the lateral aspect of the arm, just anterior to the border of the deltoid muscle, 7 B-cun superior to LI 11.",normalized acupoint code 'LI11' to 'LI 11'.
LI 15,"On the shoulder girdle, in the depression between the anterior end of lateral border of the acromion and the greater tubercle of the humerus. Note: When the arm is abducted, two depressions appear, anterior and posterior to the acromion. LI15 is located in the deeper depression anterior to the acromion. tE14 is located in the posterior depression.","On the shoulder girdle, in the depression between the anterior end of lateral border of the acromion and the greater tubercle of the humerus.
- Note: When the arm is abducted, two depressions appear, anterior and posterior to the acromion. LI 15 is located in the deeper depression anterior to the acromion. TE 14 is located in the posterior depression.",normalized acupoint code 'LI15' to 'LI 15'; normalized acupoint code 'tE14' to 'TE 14'; moved 'Note' to a new line prefixed with '- '.
LI 16,"On the shoulder girdle, in the depression between the acromial end of the clavicle and the spine of the scapula. Note: In the depression between the two bones lateral to the suprascapular fossa.","On the shoulder girdle, in the depression between the acromial end of the clavicle and the spine of the scapula.
- Note: In the depression between the two bones lateral to the suprascapular fossa.",moved 'Note' to a new line prefixed with '- '.
LI 17,"On the anterior aspect of the neck, at the same level as the cricoid cartilage, just posterior to the border of the sternocleido- mastoid muscle. Note: Directly inferior to LI18, at the same level as St10.","On the anterior aspect of the neck, at the same level as the cricoid cartilage, just posterior to the border of the sternocleidomastoid muscle.
- Note: Directly inferior to LI 18, at the same level as ST 10.",rejoined split word 'sternocleido- mastoid' into 'sternocleidomastoid'; normalized acupoint code 'LI18' to 'LI 18'; normalized acupoint code 'St10' to 'ST 10'; moved 'Note' to a new line prefixed with '- '.
LI 18,"On the anterior aspect of the neck, at the same level as the superior border of the thyroid cartilage, between the anterior and posterior borders of the sternocleidomastoid muscle.","On the anterior aspect of the neck, at the same level as the superior border of the thyroid cartilage, between the anterior and posterior borders of the sternocleidomastoid muscle.",No changes needed.
LI 19,"On the face, at the same level as the midpoint of the philtrum, inferior to the lateral margin of the nostril. Note: 0.5 B-cun laterals to GV 26. Remarks: Alternative location for LI19 - On the face, at the same level as the junc- tion of the upper one third and lower two thirds of the philtrum, inferior to the lateral margin of the nostril.","On the face, at the same level as the midpoint of the philtrum, inferior to the lateral margin of the nostril.
- Note: 0.5 B-cun laterals to GV 26. Remarks: Alternative location for LI 19 - On the face, at the same level as the junction of the upper one third and lower two thirds of the philtrum, inferior to the lateral margin of the nostril.",rejoined split word 'junc- tion' into 'junction'; normalized acupoint code 'LI19' to 'LI 19'; moved 'Note' to a new line prefixed with '- '.
LI 20,"On the face, in the nasolabial sulcus, at the same level as the midpoint of lateral border of the ala of the nose. Remarks: Alternative location for LI20 - On the face, in the nasolabial sulcus, at the level of the inferior border of the ala of the nose.","On the face, in the nasolabial sulcus, at the same level as the midpoint of lateral border of the ala of the nose. Remarks: Alternative location for LI 20 - On the face, in the nasolabial sulcus, at the level of the inferior border of the ala of the nose.",normalized acupoint code 'LI20' to 'LI 20'.
,,,
ST 1,"On the face, between the eyeball and the infraorbital margin, directly inferior to the pupil.","On the face, between the eyeball and the infraorbital margin, directly inferior to the pupil.",No changes needed.
ST 2,"On the face, in the infraorbital foramen.","On the face, in the infraorbital foramen.",No changes needed.
ST 3,"On the face, directly inferior to the pupil, at the same level as the inferior border of the ala of the nose. Note: When looking straight ahead, ST3 is located at the intersection of the vertical line of the pupil and the horizontal line of the inferior border of the ala of the nose.","On the face, directly inferior to the pupil, at the same level as the inferior border of the ala of the nose.
- Note: When looking straight ahead, ST 3 is located at the intersection of the vertical line of the pupil and the horizontal line of the inferior border of the ala of the nose.",normalized acupoint code 'ST3' to 'ST 3'; moved 'Note' to a new line prefixed with '- '.
ST 4,"On the face, 0.4 f-cun lateral to the angle of the mouth. Note: Lateral to the angle of the mouth, the point is located in the nasolabial sulcus or on the continuation of the nasolabial sulcus.","On the face, 0.4 f-cun lateral to the angle of the mouth.
- Note: Lateral to the angle of the mouth, the point is located in the nasolabial sulcus or on the continuation of the nasolabial sulcus.",moved 'Note' to a new line prefixed with '- '.
ST 5,"On the face, anterior to the angle of the mandible, in the depression anterior to the masseter attachment, over the facial artery.","On the face, anterior to the angle of the mandible, in the depression anterior to the masseter attachment, over the facial artery.",No changes needed.
ST 6,"On the face, one fingerbreadth (middle finger) anterosuperior to the angle of the mandible. Note: On the bisector of the angle of the mandible. When the mouth is closed and the teeth are clenched, this point is located at the prominence of the masseter and in the depression felt when the clenched teeth are released.","On the face, one fingerbreadth (middle finger) anterosuperior to the angle of the mandible.
- Note: On the bisector of the angle of the mandible. When the mouth is closed and the teeth are clenched, this point is located at the prominence of the masseter and in the depression felt when the clenched teeth are released.",moved 'Note' to a new line prefixed with '- '.
ST 7,"On the face, in the depression between the midpoint of the inferior border of the zygomatic arch and the mandibular notch. Note: When the mouth is closed, ST7 is located at the depression inferior to the zygomatic arch, directly inferior to gB3.","On the face, in the depression between the midpoint of the inferior border of the zygomatic arch and the mandibular notch.
- Note: When the mouth is closed, ST 7 is located at the depression inferior to the zygomatic arch, directly inferior to GB 3.",normalized acupoint code 'ST7' to 'ST 7'; normalized acupoint code 'gB3' to 'GB 3'; moved 'Note' to a new line prefixed with '- '.
ST 8,"On the head, 0.5 B-cun directly superior to the anterior hairline at the corner of the forehead, 4.5 B-cun lateral to the anterior median line.","On the head, 0.5 B-cun directly superior to the anterior hairline at the corner of the forehead, 4.5 B-cun lateral to the anterior median line.",No changes needed.
ST 9,"In the anterior region of the neck, at the same level as the superior border of the thyroid cartilage, anterior to the sternocleidomastoid muscle, over the common carotid artery. Note 1: The sternocleidomastoid muscle is more distinct when the head is turned to the opposite side against resistance. Note 2: ST9 is located at the same level as LI18, SI16 and the superior border of the thyroid cartilage. St9 is located anterior to the sternocleidomastoid muscle, and SI16, posterior to the sternocleidomastoid muscle and LI18, between the anterior and posterior borders of the sternocleidomastoid muscle.","In the anterior region of the neck, at the same level as the superior border of the thyroid cartilage, anterior to the sternocleidomastoid muscle, over the common carotid artery.
- Note 1: The sternocleidomastoid muscle is more distinct when the head is turned to the opposite side against resistance.
- Note 2: ST 9 is located at the same level as LI 18, SI 16 and the superior border of the thyroid cartilage. ST 9 is located anterior to the sternocleidomastoid muscle, and SI 16, posterior to the sternocleidomastoid muscle and LI 18, between the anterior and posterior borders of the sternocleidomastoid muscle.",normalized acupoint code 'ST9' to 'ST 9'; normalized acupoint code 'LI18' to 'LI 18'; normalized acupoint code 'SI16' to 'SI 16'; normalized acupoint code 'St9' to 'ST 9'; moved 'Note' to a new line prefixed with '- '.
ST 10,"In the anterior region of the neck, at the same level as the cricoid cartilage, just anterior to the border of the sternocleidomastoid muscle.","In the anterior region of the neck, at the same level as the cricoid cartilage, just anterior to the border of the sternocleidomastoid muscle.",No changes needed.
ST 11,"In the anterior region of the neck, in the lesser supraclavicular fossa, superior to the sternal end of the clavicle, in the depression between the sternal and clavicular heads of the sternocleidomastoid muscle. Note 1: The sternocleidomastoid muscle is more distinct when the head is turned to the opposite side against resistance. Note 2: ST11 is located superior to the clavicle, inferior to St9.","In the anterior region of the neck, in the lesser supraclavicular fossa, superior to the sternal end of the clavicle, in the depression between the sternal and clavicular heads of the sternocleidomastoid muscle.
- Note 1: The sternocleidomastoid muscle is more distinct when the head is turned to the opposite side against resistance.
- Note 2: ST 11 is located superior to the clavicle, inferior to ST 9.",normalized acupoint code 'ST11' to 'ST 11'; normalized acupoint code 'St9' to 'ST 9'; moved 'Note' to a new line prefixed with '- '.
ST 12,"In the anterior region of the neck, in the greater supraclavicular fossa, 4 B-cun lateral to the anterior median line, in the depression superior to the clavicle.","In the anterior region of the neck, in the greater supraclavicular fossa, 4 B-cun lateral to the anterior median line, in the depression superior to the clavicle.",No changes needed.
ST 13,"In the anterior thoracic region, inferior to the clavicle, 4 B-cun lateral to the anterior median line.","In the anterior thoracic region, inferior to the clavicle, 4 B-cun lateral to the anterior median line.",No changes needed.
ST 14,"In the anterior thoracic region, in the first intercostal space, 4 B-cun lateral to the anterior median line.","In the anterior thoracic region, in the first intercostal space, 4 B-cun lateral to the anterior median line.",No changes needed.
ST 15,"In the anterior thoracic region, in the sec- ond intercostal space, 4 B-cun lateral to the anterior median line. Note: The second intercostal space is in- ferior to the second rib which is located at the same level as the sternal angle.","In the anterior thoracic region, in the second intercostal space, 4 B-cun lateral to the anterior median line.
- Note: The second intercostal space is inferior to the second rib which is located at the same level as the sternal angle.",rejoined split word 'in- ferior' into 'inferior'; rejoined split word 'sec- ond' into 'second'; moved 'Note' to a new line prefixed with '- '.
ST 16,"In the anterior thoracic region, in the third intercostal space, 4 B-cun lateral to the anterior median line.","In the anterior thoracic region, in the third intercostal space, 4 B-cun lateral to the anterior median line.",No changes needed.
ST 17,"In the anterior thoracic region, at the centre of the nipple. Note: In males, the centre of the nipple is located in the fourth intercostal space.","In the anterior thoracic region, at the centre of the nipple.
- Note: In males, the centre of the nipple is located in the fourth intercostal space.",moved 'Note' to a new line prefixed with '- '.
ST 17 (Male),"In the anterior thoracic region, at the centre of the nipple. Note: In males, the centre of the nipple is located in the fourth intercostal space.","In the anterior thoracic region, at the centre of the nipple.
- Note: In males, the centre of the nipple is located in the fourth intercostal space.",moved 'Note' to a new line prefixed with '- '.
ST 17 (Female),"In the anterior thoracic region, at the centre of the nipple. Note: In males, the centre of the nipple is located in the fourth intercostal space.","In the anterior thoracic region, at the centre of the nipple.
- Note: In males, the centre of the nipple is located in the fourth intercostal space.",moved 'Note' to a new line prefixed with '- '.
ST 18,"In the anterior thoracic region, in the fifth intercostal space, 4 B-cun lateral to the anterior median line. Note: In males, ST 18 is located at the intersection of nipple line and the fifth intercostal space. In females, ST 18 is located at the midpoint of the inferior crease of the breast.","In the anterior thoracic region, in the fifth intercostal space, 4 B-cun lateral to the anterior median line.
- Note: In males, ST 18 is located at the intersection of nipple line and the fifth intercostal space. In females, ST 18 is located at the midpoint of the inferior crease of the breast.",moved 'Note' to a new line prefixed with '- '.
ST 18 (Male),"In the anterior thoracic region, in the fifth intercostal space, 4 B-cun lateral to the anterior median line. Note: In males, ST 18 is located at the intersection of nipple line and the fifth intercostal space. In females, ST 18 is located at the midpoint of the inferior crease of the breast.","In the anterior thoracic region, in the fifth intercostal space, 4 B-cun lateral to the anterior median line.
- Note: In males, ST 18 is located at the intersection of nipple line and the fifth intercostal space. In females, ST 18 is located at the midpoint of the inferior crease of the breast.",moved 'Note' to a new line prefixed with '- '.
ST 18 (Female),"In the anterior thoracic region, in the fifth intercostal space, 4 B-cun lateral to the anterior median line. Note: In males, ST 18 is located at the intersection of nipple line and the fifth intercostal space. In females, ST 18 is located at the midpoint of the inferior crease of the breast.","In the anterior thoracic region, in the fifth intercostal space, 4 B-cun lateral to the anterior median line.
- Note: In males, ST 18 is located at the intersection of nipple line and the fifth intercostal space. In females, ST 18 is located at the midpoint of the inferior crease of the breast.",moved 'Note' to a new line prefixed with '- '.
ST 19,"On the upper abdomen, 6 B-cun superior to the centre of the umbilicus, 2 B-cun lateral to the anterior median line. Note 1: ST 19 is 2 B-cun lateral to CV14. Note 2: If the infrasternal angle is too sharp and the rib is located inferior to ST 19, ST 19 can be reached by oblique needling.","On the upper abdomen, 6 B-cun superior to the centre of the umbilicus, 2 B-cun lateral to the anterior median line.
- Note 1: ST 19 is 2 B-cun lateral to CV 14.
- Note 2: If the infrasternal angle is too sharp and the rib is located inferior to ST 19, ST 19 can be reached by oblique needling.",normalized acupoint code 'CV14' to 'CV 14'; moved 'Note' to a new line prefixed with '- '.
ST 20,"On the upper abdomen, 5 B-cun superior to the centre of the umbilicus, 2 B-cun lateral to the anterior median line. Note: ST20 is 5 B-cun superior to ST25, 1 B-cun inferior to St19, 2 B-cun lateral to CV13.","On the upper abdomen, 5 B-cun superior to the centre of the umbilicus, 2 B-cun lateral to the anterior median line.
- Note: ST 20 is 5 B-cun superior to ST 25, 1 B-cun inferior to ST 19, 2 B-cun lateral to CV 13.",normalized acupoint code 'ST20' to 'ST 20'; normalized acupoint code 'ST25' to 'ST 25'; normalized acupoint code 'St19' to 'ST 19'; normalized acupoint code 'CV13' to 'CV 13'; moved 'Note' to a new line prefixed with '- '.
ST 21,"On the upper abdomen, 4 B-cun superior to the centre of the umbilicus, 2 B-cun lateral to the anterior median line. Note: ST21 is 4 B-cun superior to ST25, 1 B-cun inferior to St20, 2 B-cun lateral to CV12.","On the upper abdomen, 4 B-cun superior to the centre of the umbilicus, 2 B-cun lateral to the anterior median line.
- Note: ST 21 is 4 B-cun superior to ST 25, 1 B-cun inferior to ST 20, 2 B-cun lateral to CV 12.",normalized acupoint code 'ST21' to 'ST 21'; normalized acupoint code 'ST25' to 'ST 25'; normalized acupoint code 'St20' to 'ST 20'; normalized acupoint code 'CV12' to 'CV 12'; moved 'Note' to a new line prefixed with '- '.
ST 22,"On the upper abdomen, 3 B-cun superior to the centre of the umbilicus, 2 B-cun lateral to the anterior median line. Note: ST22 is located at the same level and lateral to KI18 and CV11.","On the upper abdomen, 3 B-cun superior to the centre of the umbilicus, 2 B-cun lateral to the anterior median line.
- Note: ST 22 is located at the same level and lateral to KI 18 and CV 11.",normalized acupoint code 'ST22' to 'ST 22'; normalized acupoint code 'KI18' to 'KI 18'; normalized acupoint code 'CV11' to 'CV 11'; moved 'Note' to a new line prefixed with '- '.
ST 23,"On the upper abdomen, 2 B-cun superior to the centre of the umbilicus, 2 B-cun lateral to the anterior median line. Note: ST23 is located at the same level and lateral to KI17 and CV10.","On the upper abdomen, 2 B-cun superior to the centre of the umbilicus, 2 B-cun lateral to the anterior median line.
- Note: ST 23 is located at the same level and lateral to KI 17 and CV 10.",normalized acupoint code 'ST23' to 'ST 23'; normalized acupoint code 'KI17' to 'KI 17'; normalized acupoint code 'CV10' to 'CV 10'; moved 'Note' to a new line prefixed with '- '.
ST 24,"On the upper abdomen, 1 B-cun superior to the centre of the umbilicus, 2 B-cun lateral to the anterior median line. Note: ST24 is at the same level and lateral to CV9.","On the upper abdomen, 1 B-cun superior to the centre of the umbilicus, 2 B-cun lateral to the anterior median line.
- Note: ST 24 is at the same level and lateral to CV 9.",normalized acupoint code 'ST24' to 'ST 24'; normalized acupoint code 'CV9' to 'CV 9'; moved 'Note' to a new line prefixed with '- '.
ST 25,"On the upper abdomen, 2 B-cun lateral to the centre of the umbilicus.","On the upper abdomen, 2 B-cun lateral to the centre of the umbilicus.",No changes needed.
ST 26,"On the lower abdomen, 1 B-cun inferior to the centre of the umbilicus, 2 B-cun lateral to the anterior median line. Note: ST26 is at the same level and lateral to KI15 and CV7.","On the lower abdomen, 1 B-cun inferior to the centre of the umbilicus, 2 B-cun lateral to the anterior median line.
- Note: ST 26 is at the same level and lateral to KI 15 and CV 7.",normalized acupoint code 'ST26' to 'ST 26'; normalized acupoint code 'KI15' to 'KI 15'; normalized acupoint code 'CV7' to 'CV 7'; moved 'Note' to a new line prefixed with '- '.
ST 27,"On the lower abdomen, 2 B-cun inferior to the centre of the umbilicus, 2 B-cun lateral to the anterior median line. Note: ST27 is at the same level and lateral to KI14 and CV5.","On the lower abdomen, 2 B-cun inferior to the centre of the umbilicus, 2 B-cun lateral to the anterior median line.
- Note: ST 27 is at the same level and lateral to KI 14 and CV 5.",normalized acupoint code 'ST27' to 'ST 27'; normalized acupoint code 'KI14' to 'KI 14'; normalized acupoint code 'CV5' to 'CV 5'; moved 'Note' to a new line prefixed with '- '.
ST 28,"On the lower abdomen, 3 B-cun inferior to the centre of the umbilicus, 2 B-cun lateral to the anterior median line. Note: ST28 is 3 B-cun inferior to ST25, 1 B-cun inferior to St27, 2 B-cun lateral to CV4.","On the lower abdomen, 3 B-cun inferior to the centre of the umbilicus, 2 B-cun lateral to the anterior median line.
- Note: ST 28 is 3 B-cun inferior to ST 25, 1 B-cun inferior to ST 27, 2 B-cun lateral to CV 4.",normalized acupoint code 'ST28' to 'ST 28'; normalized acupoint code 'ST25' to 'ST 25'; normalized acupoint code 'St27' to 'ST 27'; normalized acupoint code 'CV4' to 'CV 4'; moved 'Note' to a new line prefixed with '- '.
ST 29,"On the lower abdomen, 4 B-cun inferior to the centre of the umbilicus, 2 B-cun lateral to the anterior median line. Note: ST29 is 4 B-cun inferior to ST25, 1 B-cun inferior to St28, 2 B-cun lateral to CV3.","On the lower abdomen, 4 B-cun inferior to the centre of the umbilicus, 2 B-cun lateral to the anterior median line.
- Note: ST 29 is 4 B-cun inferior to ST 25, 1 B-cun inferior to ST 28, 2 B-cun lateral to CV 3.",normalized acupoint code 'ST29' to 'ST 29'; normalized acupoint code 'ST25' to 'ST 25'; normalized acupoint code 'St28' to 'ST 28'; normalized acupoint code 'CV3' to 'CV 3'; moved 'Note' to a new line prefixed with '- '.
ST 30,"In the groin region, at the same level as the superior border of the pubic symphysis, 2 B-cun lateral to the anterior median line, over the femoral artery. Note: ST30 is 5 B-cun inferior to ST25, 2 B-cun lateral to CV2.","In the groin region, at the same level as the superior border of the pubic symphysis, 2 B-cun lateral to the anterior median line, over the femoral artery.
- Note: ST 30 is 5 B-cun inferior to ST 25, 2 B-cun lateral to CV 2.",normalized acupoint code 'ST30' to 'ST 30'; normalized acupoint code 'ST25' to 'ST 25'; normalized acupoint code 'CV2' to 'CV 2'; moved 'Note' to a new line prefixed with '- '.
ST 31,"On the anterior aspect of the thigh, in the depression among three muscles: the proximal portion of the rectus femoris muscle, the sartorius muscle and the tensor fasciae latae muscle. Note 1: With the hip and the knee in slight flexion, and the thigh slightly abducted when resistance is placed against the anteromedial aspect of the thigh, a triangular depression appears. the proximal portion of the rectus femoris muscle is found in the depression between the sartorius muscle medially and the tensor fascia latae muscle laterally. St31 is located at the deepest point in the depression inferior to the apex of this triangle. Note 2: ST31 is located at the intersection of the line connecting the lateral end of the base of the patella with the anterior superior iliac spine, and the horizontal line of the inferior border of the pubic symphysis.","On the anterior aspect of the thigh, in the depression among three muscles: the proximal portion of the rectus femoris muscle, the sartorius muscle and the tensor fasciae latae muscle.
- Note 1: With the hip and the knee in slight flexion, and the thigh slightly abducted when resistance is placed against the anteromedial aspect of the thigh, a triangular depression appears. the proximal portion of the rectus femoris muscle is found in the depression between the sartorius muscle medially and the tensor fascia latae muscle laterally. ST 31 is located at the deepest point in the depression inferior to the apex of this triangle.
- Note 2: ST 31 is located at the intersection of the line connecting the lateral end of the base of the patella with the anterior superior iliac spine, and the horizontal line of the inferior border of the pubic symphysis.",normalized acupoint code 'St31' to 'ST 31'; normalized acupoint code 'ST31' to 'ST 31'; moved 'Note' to a new line prefixed with '- '.
ST 32,"On the anterolateral aspect of the thigh, on the line connecting the lateral end of the base of the patella with the anterior superior iliac spine, 6 B-cun superior to the base of the patella.","On the anterolateral aspect of the thigh, on the line connecting the lateral end of the base of the patella with the anterior superior iliac spine, 6 B-cun superior to the base of the patella.",No changes needed.
ST 33,"On the anterolateral aspect of the thigh, lateral to the rectus femoris tendon, 3 B-cun superior to the base of the patella. Note: ST33 is at the midpoint of the line connecting St32 with the lateral end of the base of the patella.","On the anterolateral aspect of the thigh, lateral to the rectus femoris tendon, 3 B-cun superior to the base of the patella.
- Note: ST 33 is at the midpoint of the line connecting ST 32 with the lateral end of the base of the patella.",normalized acupoint code 'ST33' to 'ST 33'; normalized acupoint code 'St32' to 'ST 32'; moved 'Note' to a new line prefixed with '- '.
ST 34,"On the anterolateral aspect of the thigh, between the vastus lateralis muscle and the lateral border of the rectus femoris tendon, 2 B-cun superior to the base of the patella. Note: Putting the thigh muscle under tension, the rectus femoris tendon and the vastus lateralis muscle are more distinct. St34 is located between the muscle and the tendon, 1 B-cun directly inferior to St33.","On the anterolateral aspect of the thigh, between the vastus lateralis muscle and the lateral border of the rectus femoris tendon, 2 B-cun superior to the base of the patella.
- Note: Putting the thigh muscle under tension, the rectus femoris tendon and the vastus lateralis muscle are more distinct. ST 34 is located between the muscle and the tendon, 1 B-cun directly inferior to ST 33.",normalized acupoint code 'St34' to 'ST 34'; normalized acupoint code 'St33' to 'ST 33'; moved 'Note' to a new line prefixed with '- '.
ST 35,"On the anterior aspect of the knee, in the depression lateral to the patellar ligament. Note: When the knee is flexed, ST35 is located in the depression lateral and inferior to the patella.","On the anterior aspect of the knee, in the depression lateral to the patellar ligament.
- Note: When the knee is flexed, ST 35 is located in the depression lateral and inferior to the patella.",normalized acupoint code 'ST35' to 'ST 35'; moved 'Note' to a new line prefixed with '- '.
ST 36,"On the anterior aspect of the leg, on the line connecting ST35 with ST41, 3 B-cun inferior to ST35. Note: ST36 is located on the tibialis anterior muscle.","On the anterior aspect of the leg, on the line connecting ST 35 with ST 41, 3 B-cun inferior to ST 35.
- Note: ST 36 is located on the tibialis anterior muscle.",normalized acupoint code 'ST35' to 'ST 35'; normalized acupoint code 'ST41' to 'ST 41'; normalized acupoint code 'ST36' to 'ST 36'; moved 'Note' to a new line prefixed with '- '.
ST 37,"On the anterior aspect of the leg, on the line connecting ST35 with ST41, 6 B-cun inferior to ST35. Note: ST37 is located on the tibialis anterior muscle.","On the anterior aspect of the leg, on the line connecting ST 35 with ST 41, 6 B-cun inferior to ST 35.
- Note: ST 37 is located on the tibialis anterior muscle.",normalized acupoint code 'ST35' to 'ST 35'; normalized acupoint code 'ST41' to 'ST 41'; normalized acupoint code 'ST37' to 'ST 37'; moved 'Note' to a new line prefixed with '- '.
ST 38,"On the anterior aspect of the leg, on the line connecting ST35 with ST41, 8 B-cun inferior to ST35. Note: ST38 is located on the tibialis anterior muscle, at the same level as St40.","On the anterior aspect of the leg, on the line connecting ST 35 with ST 41, 8 B-cun inferior to ST 35.
- Note: ST 38 is located on the tibialis anterior muscle, at the same level as ST 40.",normalized acupoint code 'ST35' to 'ST 35'; normalized acupoint code 'ST41' to 'ST 41'; normalized acupoint code 'ST38' to 'ST 38'; normalized acupoint code 'St40' to 'ST 40'; moved 'Note' to a new line prefixed with '- '.
ST 39,"On the anterior aspect of the leg, on the line connecting ST35 with ST41, 9 B-cun inferior to ST35. Note: ST39 is located on the tibialis anterior muscle, at the same level as GB35 and gB36.","On the anterior aspect of the leg, on the line connecting ST 35 with ST 41, 9 B-cun inferior to ST 35.
- Note: ST 39 is located on the tibialis anterior muscle, at the same level as GB 35 and GB 36.",normalized acupoint code 'ST35' to 'ST 35'; normalized acupoint code 'ST41' to 'ST 41'; normalized acupoint code 'ST39' to 'ST 39'; normalized acupoint code 'GB35' to 'GB 35'; normalized acupoint code 'gB36' to 'GB 36'; moved 'Note' to a new line prefixed with '- '.
ST 40,"On the anterolateral aspect of the leg, lateral border of the tibialis anterior muscle, 8 B-cun superior to the prominence of the lateral malleolus. Note: ST40 is one fingerbreadth (middle finger) lateral to ST38.","On the anterolateral aspect of the leg, lateral border of the tibialis anterior muscle, 8 B-cun superior to the prominence of the lateral malleolus.
- Note: ST 40 is one fingerbreadth (middle finger) lateral to ST 38.",normalized acupoint code 'ST40' to 'ST 40'; normalized acupoint code 'ST38' to 'ST 38'; moved 'Note' to a new line prefixed with '- '.
ST 41,"On the anterior aspect of the ankle, in the depression at the centre of the front surface of the ankle joint, between the tendons of extensor hallucis longus and extensor digitorum longus. Note: ST41 is located between two tendons on the dorsum of the foot which are more distinct when the ankle is in dorsiflexion, and is at the midpoint of the line connecting the prominences of the lateral malleolus and the medial malleolus.","On the anterior aspect of the ankle, in the depression at the centre of the front surface of the ankle joint, between the tendons of extensor hallucis longus and extensor digitorum longus.
- Note: ST 41 is located between two tendons on the dorsum of the foot which are more distinct when the ankle is in dorsiflexion, and is at the midpoint of the line connecting the prominences of the lateral malleolus and the medial malleolus.",normalized acupoint code 'ST41' to 'ST 41'; moved 'Note' to a new line prefixed with '- '.
ST 42,"On the dorsum of the foot, at the joint of the base of the second metatarsal bone and the intermediate cuneiform bone, over the dorsalis pedis artery.","On the dorsum of the foot, at the joint of the base of the second metatarsal bone and the intermediate cuneiform bone, over the dorsalis pedis artery.",No changes needed.
ST 43,"On the dorsum of the foot, between the second and third metatarsal bones, in the depression proximal to the second metatarsophalangeal joint.","On the dorsum of the foot, between the second and third metatarsal bones, in the depression proximal to the second metatarsophalangeal joint.",No changes needed.
ST 44,"On the dorsum of the foot, between the second and third toes, posterior to the web margin, at the border between the red and white flesh.","On the dorsum of the foot, between the second and third toes, posterior to the web margin, at the border between the red and white flesh.",No changes needed.
ST 45,"On the second toe, lateral to the distal phalanx, 0.1 f-cun proximal-lateral to the lateral corner of the second toenail, at the intersection of the vertical line of the lateral border and the horizontal line of the base of the second toenail.","On the second toe, lateral to the distal phalanx, 0.1 f-cun proximal-lateral to the lateral corner of the second toenail, at the intersection of the vertical line of the lateral border and the horizontal line of the base of the second toenail.",No changes needed.
,,,
SP 1,"On the great toe, medial to the distal phalanx, 0.1 f-cun proximal-medial to the me- dial corner of the toenail, at the intersection of the vertical line of the medial border and horizontal line of the base of the toenail.","On the great toe, medial to the distal phalanx, 0.1 f-cun proximal-medial to the medial corner of the toenail, at the intersection of the vertical line of the medial border and horizontal line of the base of the toenail.",rejoined split word 'me- dial' into 'medial'.
SP 2,"On the great toe, in the depression distal to the first metatarsophalangeal joint, at the border between the red and white flesh.","On the great toe, in the depression distal to the first metatarsophalangeal joint, at the border between the red and white flesh.",No changes needed.
SP 3,"On the medial aspect of the foot, in the depression proximal to the first metatarsophalangeal joint, at the border between the red and white flesh.","On the medial aspect of the foot, in the depression proximal to the first metatarsophalangeal joint, at the border between the red and white flesh.",No changes needed.
SP 4,"On the medial aspect of the foot, antero- inferior to the base of the first metatarsal bone, at the border between the red and white flesh. Note: A depression can be felt when mov- ing proximally from SP3. SP4 is located in the depression distal to the base of the first metatarsal bone.","On the medial aspect of the foot, anteroinferior to the base of the first metatarsal bone, at the border between the red and white flesh.
- Note: A depression can be felt when moving proximally from SP 3. SP 4 is located in the depression distal to the base of the first metatarsal bone.",rejoined split word 'antero- inferior' into 'anteroinferior'; rejoined split word 'mov- ing' into 'moving'; normalized acupoint code 'SP3' to 'SP 3'; normalized acupoint code 'SP4' to 'SP 4'; moved 'Note' to a new line prefixed with '- '.
SP 5,"On the medial aspect of the foot, anteroinferior to the medial malleolus, in the depression midway between the tuberosity of the navicular bone and the prominence of the medial malleolus. Note 1: SP5 is located at the intersection of two imaginary lines: the vertical line of the anterior border of the medial malleolus and the horizontal line of the inferior border of the medial malleolus. Note 2: SP5 is located posterior to LR4 and anterior to KI6.","On the medial aspect of the foot, anteroinferior to the medial malleolus, in the depression midway between the tuberosity of the navicular bone and the prominence of the medial malleolus.
- Note 1: SP 5 is located at the intersection of two imaginary lines: the vertical line of the anterior border of the medial malleolus and the horizontal line of the inferior border of the medial malleolus.
- Note 2: SP 5 is located posterior to LR 4 and anterior to KI 6.",normalized acupoint code 'SP5' to 'SP 5'; normalized acupoint code 'LR4' to 'LR 4'; normalized acupoint code 'KI6' to 'KI 6'; moved 'Note' to a new line prefixed with '- '.
SP 6,"On the tibial aspect of the leg, posterior to the medial border of the tibia, 3 B-cun superior to the prominence of the medial malleolus. Note: 1 B-cun superior to KI8.","On the tibial aspect of the leg, posterior to the medial border of the tibia, 3 B-cun superior to the prominence of the medial malleolus.
- Note: 1 B-cun superior to KI 8.",normalized acupoint code 'KI8' to 'KI 8'; moved 'Note' to a new line prefixed with '- '.
SP 7,"On the tibial aspect of the leg, posterior to the medial border of the tibia, 6 B-cun superior to the prominence of the medial malleolus. Note: 3 B-cun superior to SP6.","On the tibial aspect of the leg, posterior to the medial border of the tibia, 6 B-cun superior to the prominence of the medial malleolus.
- Note: 3 B-cun superior to SP 6.",normalized acupoint code 'SP6' to 'SP 6'; moved 'Note' to a new line prefixed with '- '.
SP 8,"On the tibial aspect of the leg, posterior to the medial border of the tibia, 3 B-cun inferior to SP9. Note: SP8 is located at the junction of the upper one third and lower two thirds of the line connecting the apex of the patella with the prominence of the medial malleolus.","On the tibial aspect of the leg, posterior to the medial border of the tibia, 3 B-cun inferior to SP 9.
- Note: SP 8 is located at the junction of the upper one third and lower two thirds of the line connecting the apex of the patella with the prominence of the medial malleolus.",normalized acupoint code 'SP9' to 'SP 9'; normalized acupoint code 'SP8' to 'SP 8'; moved 'Note' to a new line prefixed with '- '.
SP 9,"On the tibial aspect of the leg, in the depression between the inferior border of the medial condyle of the tibia and the medial border of the tibia. Note: A depression can be felt inferior to the knee joint when moving proximally along the medial border of the tibia. SP9 is located in a depression at the angle formed by the inferior border of the medial condyle of the tibia and the posterior border of the tibia.","On the tibial aspect of the leg, in the depression between the inferior border of the medial condyle of the tibia and the medial border of the tibia.
- Note: A depression can be felt inferior to the knee joint when moving proximally along the medial border of the tibia. SP 9 is located in a depression at the angle formed by the inferior border of the medial condyle of the tibia and the posterior border of the tibia.",normalized acupoint code 'SP9' to 'SP 9'; moved 'Note' to a new line prefixed with '- '.
SP 10,"On the anteromedial aspect of the thigh, on the bulge of the vastus medialis muscle, 2 B-cun superior to the medial end of the base of the patella.","On the anteromedial aspect of the thigh, on the bulge of the vastus medialis muscle, 2 B-cun superior to the medial end of the base of the patella.",No changes needed.
SP 11,"On the medial aspect of the thigh, at the junction of the upper one third and lower two thirds of the line connecting the medial end of the base of the patella with SP12, between the sartorius muscle and the adductor longus muscle, over the femoral artery.","On the medial aspect of the thigh, at the junction of the upper one third and lower two thirds of the line connecting the medial end of the base of the patella with SP 12, between the sartorius muscle and the adductor longus muscle, over the femoral artery.",normalized acupoint code 'SP12' to 'SP 12'.
SP 12,"In the groin region, at the inguinal crease, lateral to the femoral artery. Note: At the same level as CV2, medial and inferior to SP13.","In the groin region, at the inguinal crease, lateral to the femoral artery.
- Note: At the same level as CV 2, medial and inferior to SP 13.",normalized acupoint code 'CV2' to 'CV 2'; normalized acupoint code 'SP13' to 'SP 13'; moved 'Note' to a new line prefixed with '- '.
SP 13,"On the lower abdomen, 4.3 B-cun inferior to the centre of the umbilicus, 4 B-cun lateral to the anterior median line.","On the lower abdomen, 4.3 B-cun inferior to the centre of the umbilicus, 4 B-cun lateral to the anterior median line.",No changes needed.
SP 14,"On the lower abdomen, 1.3 B-cun inferior to the centre of the umbilicus, 4 B-cun lateral to the anterior median line.","On the lower abdomen, 1.3 B-cun inferior to the centre of the umbilicus, 4 B-cun lateral to the anterior median line.",No changes needed.
SP 15,"On the upper abdomen, 4 B-cun lateral to the centre of the umbilicus. Note: At the same level and lateral to ST25, KI16 and CV8.","On the upper abdomen, 4 B-cun lateral to the centre of the umbilicus.
- Note: At the same level and lateral to ST 25, KI 16 and CV 8.",normalized acupoint code 'ST25' to 'ST 25'; normalized acupoint code 'KI16' to 'KI 16'; normalized acupoint code 'CV8' to 'CV 8'; moved 'Note' to a new line prefixed with '- '.
SP 16,"On the upper abdomen, 3 B-cun superior to the centre of the umbilicus, 4 B-cun lateral to the anterior median line. Note: 3 B-cun superior to SP15, at the same level as CV11.","On the upper abdomen, 3 B-cun superior to the centre of the umbilicus, 4 B-cun lateral to the anterior median line.
- Note: 3 B-cun superior to SP 15, at the same level as CV 11.",normalized acupoint code 'SP15' to 'SP 15'; normalized acupoint code 'CV11' to 'CV 11'; moved 'Note' to a new line prefixed with '- '.
SP 17,"In the anterior thoracic region, in the fifth intercostal space, 6 B-cun lateral to the anterior median line. Note: SP17, ST18 and KI22 are located along the curve of the fifth intercostal space.","In the anterior thoracic region, in the fifth intercostal space, 6 B-cun lateral to the anterior median line.
- Note: SP 17, ST 18 and KI 22 are located along the curve of the fifth intercostal space.",normalized acupoint code 'SP17' to 'SP 17'; normalized acupoint code 'ST18' to 'ST 18'; normalized acupoint code 'KI22' to 'KI 22'; moved 'Note' to a new line prefixed with '- '.
SP 18,"In the anterior thoracic region, in the fourth intercostal space, 6 B-cun lateral to the anterior median line. Note: SP18, ST17 and KI23 are located along the curve of the fourth intercostal space.","In the anterior thoracic region, in the fourth intercostal space, 6 B-cun lateral to the anterior median line.
- Note: SP 18, ST 17 and KI 23 are located along the curve of the fourth intercostal space.",normalized acupoint code 'SP18' to 'SP 18'; normalized acupoint code 'ST17' to 'ST 17'; normalized acupoint code 'KI23' to 'KI 23'; moved 'Note' to a new line prefixed with '- '.
SP 19,"In the anterior thoracic region, in the third intercostal space, 6 B-cun lateral to the anterior median line. Note: SP19, ST6 and KI24 are located along the curve of the third intercostal space.","In the anterior thoracic region, in the third intercostal space, 6 B-cun lateral to the anterior median line.
- Note: SP 19, ST 6 and KI 24 are located along the curve of the third intercostal space.",normalized acupoint code 'SP19' to 'SP 19'; normalized acupoint code 'ST6' to 'ST 6'; normalized acupoint code 'KI24' to 'KI 24'; moved 'Note' to a new line prefixed with '- '.
SP 20,"In the anterior thoracic region, in the sec- ond intercostal space, 6 B-cun lateral to the anterior median line. Note: SP20, ST15 and KI25 are located along the curve of the second intercostal space.","In the anterior thoracic region, in the second intercostal space, 6 B-cun lateral to the anterior median line.
- Note: SP 20, ST 15 and KI 25 are located along the curve of the second intercostal space.",rejoined split word 'sec- ond' into 'second'; normalized acupoint code 'SP20' to 'SP 20'; normalized acupoint code 'ST15' to 'ST 15'; normalized acupoint code 'KI25' to 'KI 25'; moved 'Note' to a new line prefixed with '- '.
SP 21,"In the lateral thoracic region, in the sixth intercostal space, on the midaxillary line. Note: With the subject lying on the side and the arm abducted, SP21 is located at the intersection of the midaxillary line and the sixth intercostal space.","In the lateral thoracic region, in the sixth intercostal space, on the midaxillary line.
- Note: With the subject lying on the side and the arm abducted, SP 21 is located at the intersection of the midaxillary line and the sixth intercostal space.",normalized acupoint code 'SP21' to 'SP 21'; moved 'Note' to a new line prefixed with '- '.
,,,
HT 1,"In the axilla, in the centre of the axillary fossa, over the axillary artery.","In the axilla, in the centre of the axillary fossa, over the axillary artery.",No changes needed.
HT 2,"On the medial aspect of the arm, just medial to the biceps brachii muscle, 3 B-cun superior to the cubital crease. Note: With the elbow flexed and the arm abducted, Ht2 is located at the junction of the upper two thirds and lower one third of the line connecting Ht1 with Ht3.","On the medial aspect of the arm, just medial to the biceps brachii muscle, 3 B-cun superior to the cubital crease.
- Note: With the elbow flexed and the arm abducted, HT 2 is located at the junction of the upper two thirds and lower one third of the line connecting HT 1 with HT 3.",normalized acupoint code 'Ht2' to 'HT 2'; normalized acupoint code 'Ht1' to 'HT 1'; normalized acupoint code 'Ht3' to 'HT 3'; moved 'Note' to a new line prefixed with '- '.
HT 3,"On the anteromedial aspect of the elbow, just anterior to the medial epicondyle of the humerus, at the same level as the cubital crease. Note: With the elbow is flexed, HT3 is located at the midpoint of the line connecting the medial end of the cubital crease and the medial epicondyle of the humerus.","On the anteromedial aspect of the elbow, just anterior to the medial epicondyle of the humerus, at the same level as the cubital crease.
- Note: With the elbow is flexed, HT 3 is located at the midpoint of the line connecting the medial end of the cubital crease and the medial epicondyle of the humerus.",normalized acupoint code 'HT3' to 'HT 3'; moved 'Note' to a new line prefixed with '- '.
HT 4,"On the anteromedial aspect of the forearm, just radial to the flexor carpi ulnaris tendon, 1.5 B-cun proximal to the palmar wrist crease. Note 1: 1.5 B-cun proximal to HT7, at the same level as the superior border of the head of the ulna. Note 2: 1.5 B-cun proximal to the radial side of the superior border of the pisiform bone.","On the anteromedial aspect of the forearm, just radial to the flexor carpi ulnaris tendon, 1.5 B-cun proximal to the palmar wrist crease.
- Note 1: 1.5 B-cun proximal to HT 7, at the same level as the superior border of the head of the ulna.
- Note 2: 1.5 B-cun proximal to the radial side of the superior border of the pisiform bone.",normalized acupoint code 'HT7' to 'HT 7'; moved 'Note' to a new line prefixed with '- '.
HT 5,"On the anteromedial aspect of the forearm, radial to the flexor carpi ulnaris tendon, 1 B-cun proximal to the palmar wrist crease. Note 1: 1 B-cun proximal to HT7. HT 4 is located at the level with the root of the head of the ulna, HT 5, the body of the head of the ulna and Ht 6, the base of the head of the ulna. Note 2: 1 B-cun proximal to the radial side of the proximal border of the pisiform bone.","On the anteromedial aspect of the forearm, radial to the flexor carpi ulnaris tendon, 1 B-cun proximal to the palmar wrist crease.
- Note 1: 1 B-cun proximal to HT 7. HT 4 is located at the level with the root of the head of the ulna, HT 5, the body of the head of the ulna and HT 6, the base of the head of the ulna.
- Note 2: 1 B-cun proximal to the radial side of the proximal border of the pisiform bone.",normalized acupoint code 'HT7' to 'HT 7'; normalized acupoint code 'Ht 6' to 'HT 6'; moved 'Note' to a new line prefixed with '- '.
HT 6,"On the anteromedial aspect of the forearm, radial to the flexor carpi ulnaris tendon, 0.5 B-cun proximal to the palmar wrist crease. Note 1: 0.5 B-cun proximal to HT7, at the same level as the distal border of the head of the ulna. Note 2: 0.5 B-cun proximal to the radial side of the proximal border of the pisiform bone.","On the anteromedial aspect of the forearm, radial to the flexor carpi ulnaris tendon, 0.5 B-cun proximal to the palmar wrist crease.
- Note 1: 0.5 B-cun proximal to HT 7, at the same level as the distal border of the head of the ulna.
- Note 2: 0.5 B-cun proximal to the radial side of the proximal border of the pisiform bone.",normalized acupoint code 'HT7' to 'HT 7'; moved 'Note' to a new line prefixed with '- '.
HT 7,"On the anteromedial aspect of the wrist, radial to the flexor carpi ulnaris tendon, on the palmar wrist crease. Note: In the depression radial to the proximal border of the pisiform bone, on the palmar wrist crease.","On the anteromedial aspect of the wrist, radial to the flexor carpi ulnaris tendon, on the palmar wrist crease.
- Note: In the depression radial to the proximal border of the pisiform bone, on the palmar wrist crease.",moved 'Note' to a new line prefixed with '- '.
HT 8,"On the palm of the hand, in the depression between the fourth and fifth metacarpal bones, proximal to the fifth metacarpophalangeal joint. Note: Between the fourth and fifth metacarpal bones, where the tip of the little finger rests when a fist is made, at the same level as PC8.","On the palm of the hand, in the depression between the fourth and fifth metacarpal bones, proximal to the fifth metacarpophalangeal joint.
- Note: Between the fourth and fifth metacarpal bones, where the tip of the little finger rests when a fist is made, at the same level as PC 8.",normalized acupoint code 'PC8' to 'PC 8'; moved 'Note' to a new line prefixed with '- '.
HT 9,"On the little finger, radial to the distal phalanx, 0.1 f-cun proximal-lateral to the radial corner of the little fingernail, at the intersection of the vertical line of the radial border of the nail and horizontal line of the base of the little fingernail.","On the little finger, radial to the distal phalanx, 0.1 f-cun proximal-lateral to the radial corner of the little fingernail, at the intersection of the vertical line of the radial border of the nail and horizontal line of the base of the little fingernail.",No changes needed.
,,,
SI 1,"On the little finger, ulnar to the distal phalanx, 0.1 f-cun proximal-medial to the ulnar corner of the little fingernail, at the intersection of the vertical line of ulnar border of the nail and horizontal line of the base of the little fingernail.","On the little finger, ulnar to the distal phalanx, 0.1 f-cun proximal-medial to the ulnar corner of the little fingernail, at the intersection of the vertical line of ulnar border of the nail and horizontal line of the base of the little fingernail.",No changes needed.
SI 2,"On the little finger, ulnar to the distal phalanx, 0.1 f-cun proximal-medial to the ulnar corner of the little fingernail, at the intersection of the vertical line of ulnar border of the nail and horizontal line of the base of the little fingernail.","On the little finger, ulnar to the distal phalanx, 0.1 f-cun proximal-medial to the ulnar corner of the little fingernail, at the intersection of the vertical line of ulnar border of the nail and horizontal line of the base of the little fingernail.",No changes needed.
SI 3,"On the little finger, ulnar to the distal phalanx, 0.1 f-cun proximal-medial to the ulnar corner of the little fingernail, at the intersection of the vertical line of ulnar border of the nail and horizontal line of the base of the little fingernail.","On the little finger, ulnar to the distal phalanx, 0.1 f-cun proximal-medial to the ulnar corner of the little fingernail, at the intersection of the vertical line of ulnar border of the nail and horizontal line of the base of the little fingernail.",No changes needed.
SI 4,"On the posteromedial aspect of the wrist, in the depression between the base of the fifth metacarpal bone and the triquetrum bone, at the border between the red and white flesh. Note: With one finger placed on SI3, push and slide proximally along the fifth metacarpal bone to the bony projection, SI4 is located in the depression between these two bones.","On the posteromedial aspect of the wrist, in the depression between the base of the fifth metacarpal bone and the triquetrum bone, at the border between the red and white flesh.
- Note: With one finger placed on SI 3, push and slide proximally along the fifth metacarpal bone to the bony projection, SI 4 is located in the depression between these two bones.",normalized acupoint code 'SI3' to 'SI 3'; normalized acupoint code 'SI4' to 'SI 4'; moved 'Note' to a new line prefixed with '- '.
SI 5,"On the posteromedial aspect of the wrist, in the depression between the triquetrum bone and the ulnar styloid process.","On the posteromedial aspect of the wrist, in the depression between the triquetrum bone and the ulnar styloid process.",No changes needed.
SI 6,"On the posteromedial aspect of the forearm, in the depression radial to the head of the ulnar bone, 1 B-cun proximal to the dorsal wrist crease. Note: With the palm facing downwards, press the highest point of the head of ulnar bone with a finger, and then turn the palm towards the chest; SI6 is located at the cleft between the bones where the finger slides.","On the posteromedial aspect of the forearm, in the depression radial to the head of the ulnar bone, 1 B-cun proximal to the dorsal wrist crease.
- Note: With the palm facing downwards, press the highest point of the head of ulnar bone with a finger, and then turn the palm towards the chest; SI 6 is located at the cleft between the bones where the finger slides.",normalized acupoint code 'SI6' to 'SI 6'; moved 'Note' to a new line prefixed with '- '.
SI 7,"On the posteromedial aspect of the forearm, between the medial border of the ulnar bone and the flexor carpi ulnaris muscle, 5 B-cun proximal to the dorsal wrist crease. Note: 1 B-cun distal to the midpoint of the line connecting SI5 with SI8.","On the posteromedial aspect of the forearm, between the medial border of the ulnar bone and the flexor carpi ulnaris muscle, 5 B-cun proximal to the dorsal wrist crease.
- Note: 1 B-cun distal to the midpoint of the line connecting SI 5 with SI 8.",normalized acupoint code 'SI5' to 'SI 5'; normalized acupoint code 'SI8' to 'SI 8'; moved 'Note' to a new line prefixed with '- '.
SI 8,"On the posteromedial aspect of the elbow, in the depression between the olecranon and the medial epicondyle of the humerus bone. Note: When the elbow is slightly flexed, SI 8 is located in the groove for the ulnar nerve.","On the posteromedial aspect of the elbow, in the depression between the olecranon and the medial epicondyle of the humerus bone.
- Note: When the elbow is slightly flexed, SI 8 is located in the groove for the ulnar nerve.",moved 'Note' to a new line prefixed with '- '.
SI 9,"On the shoulder girdle, posteroinferior to the shoulder joint, 1 B-cun superior to the posterior axillary fold. Note: When the arm is adducted, SI 9 is located 1 B-cun superior to the posterior axillary fold, posterior to the deltoid muscle.","On the shoulder girdle, posteroinferior to the shoulder joint, 1 B-cun superior to the posterior axillary fold.
- Note: When the arm is adducted, SI 9 is located 1 B-cun superior to the posterior axillary fold, posterior to the deltoid muscle.",moved 'Note' to a new line prefixed with '- '.
SI 10,"On the shoulder girdle, superior to the posterior axillary fold, in the depression inferior to the spine of the scapula.","On the shoulder girdle, superior to the posterior axillary fold, in the depression inferior to the spine of the scapula.",No changes needed.
SI 11,"In the scapular region, in the depression between the upper one third and lower two thirds of the line connecting the midpoint of the spine of the scapula with the inferior angle of the scapula.","In the scapular region, in the depression between the upper one third and lower two thirds of the line connecting the midpoint of the spine of the scapula with the inferior angle of the scapula.",No changes needed.
SI 12,"In the scapular region, in the supraspinatous fossa, superior to the midpoint of the spine of the scapula.","In the scapular region, in the supraspinatous fossa, superior to the midpoint of the spine of the scapula.",No changes needed.
SI 13,"In the scapular region, in the depression superior to the medial end of the spine of the scapula. Note: SI13 is located at the midpoint of the line connecting SI10 with the spinous pro- cess of the second thoracic vertebra (T2).","In the scapular region, in the depression superior to the medial end of the spine of the scapula.
- Note: SI 13 is located at the midpoint of the line connecting SI 10 with the spinous process of the second thoracic vertebra (T2).",rejoined split word 'pro- cess' into 'process'; normalized acupoint code 'SI13' to 'SI 13'; normalized acupoint code 'SI10' to 'SI 10'; moved 'Note' to a new line prefixed with '- '.
SI 14,"In the upper back region, at the same level as the inferior border of the spinous process of the first thoracic vertebra (T1), 3 B-cun lateral to the posterior median line. Note 1: SI14 is located at the intersection of two imaginary lines: the vertical line of the medial extremity of the spine of the scapula and the horizontal line inferior to the spinous process of the first thoracic vertebra (T1). Note 2: SI14 is located at the same level as BL11, gV13, and the inferior border of the spinous process of the first thoracic vertebra (T1).","In the upper back region, at the same level as the inferior border of the spinous process of the first thoracic vertebra (T1), 3 B-cun lateral to the posterior median line.
- Note 1: SI 14 is located at the intersection of two imaginary lines: the vertical line of the medial extremity of the spine of the scapula and the horizontal line inferior to the spinous process of the first thoracic vertebra (T1).
- Note 2: SI 14 is located at the same level as BL 11, GV 13, and the inferior border of the spinous process of the first thoracic vertebra (T1).",normalized acupoint code 'SI14' to 'SI 14'; normalized acupoint code 'BL11' to 'BL 11'; normalized acupoint code 'gV13' to 'GV 13'; moved 'Note' to a new line prefixed with '- '.
SI 15,"In the upper back region, at the same level as the inferior border of the spinous pro- cess of the seventh cervical vertebra (C7), 2 B-cun lateral to the posterior median line. Note: SI15 is located at the intersection of two imaginary lines: the vertical line of the junction of the lateral one third and the medial two thirds of the line connecting the posterior median line with the medial border of the scapula and the horizontal line inferior to the spinous process of the seventh cervical vertebra (C7).","In the upper back region, at the same level as the inferior border of the spinous process of the seventh cervical vertebra (C7), 2 B-cun lateral to the posterior median line.
- Note: SI 15 is located at the intersection of two imaginary lines: the vertical line of the junction of the lateral one third and the medial two thirds of the line connecting the posterior median line with the medial border of the scapula and the horizontal line inferior to the spinous process of the seventh cervical vertebra (C7).",rejoined split word 'pro- cess' into 'process'; normalized acupoint code 'SI15' to 'SI 15'; moved 'Note' to a new line prefixed with '- '.
SI 16,"In the anterior region of the neck, posterior to the sternocleidomastoid muscle, at the same level as the superior border of the thyroid cartilage. Note 1: The sternocleidomastoid muscle is more distinct when the head is turned to the opposite side against resistance. Note 2: SI16 is located at the same level as St9, LI18 and the superior border of the thyroid cartilage. St9 is located anterior to the sternocleidomastoid muscle, SI16, posterior to the sternocleidomastoid muscle and LI18, midway between the anterior and posterior borders of the sternocleidomastoid muscle.","In the anterior region of the neck, posterior to the sternocleidomastoid muscle, at the same level as the superior border of the thyroid cartilage.
- Note 1: The sternocleidomastoid muscle is more distinct when the head is turned to the opposite side against resistance.
- Note 2: SI 16 is located at the same level as ST 9, LI 18 and the superior border of the thyroid cartilage. ST 9 is located anterior to the sternocleidomastoid muscle, SI 16, posterior to the sternocleidomastoid muscle and LI 18, midway between the anterior and posterior borders of the sternocleidomastoid muscle.",normalized acupoint code 'SI16' to 'SI 16'; normalized acupoint code 'St9' to 'ST 9'; normalized acupoint code 'LI18' to 'LI 18'; moved 'Note' to a new line prefixed with '- '.
SI 17,"In the anterior region of the neck, posterior to the angle of the mandible, in the depression anterior to the sternocleidomastoid muscle. Note: The sternocleidomastoid muscle is more distinct when the head is turned to the opposite side against resistance.","In the anterior region of the neck, posterior to the angle of the mandible, in the depression anterior to the sternocleidomastoid muscle.
- Note: The sternocleidomastoid muscle is more distinct when the head is turned to the opposite side against resistance.",moved 'Note' to a new line prefixed with '- '.
SI 18,"On the face, inferior to the zygomatic bone, in the depression directly inferior to the outer canthus of the eye.","On the face, inferior to the zygomatic bone, in the depression directly inferior to the outer canthus of the eye.",No changes needed.
SI 19,"On the face, in the depression between the anterior border of the centre of the tragus and the posterior border of the condylar process of the mandible. Note: When the mouth is slightly opened, SI19 is located in the depression anterior to the centre of the tragus, between tE21 and gB2.","On the face, in the depression between the anterior border of the centre of the tragus and the posterior border of the condylar process of the mandible.
- Note: When the mouth is slightly opened, SI 19 is located in the depression anterior to the centre of the tragus, between TE 21 and GB 2.",normalized acupoint code 'SI19' to 'SI 19'; normalized acupoint code 'tE21' to 'TE 21'; normalized acupoint code 'gB2' to 'GB 2'; moved 'Note' to a new line prefixed with '- '.
,,,
BL 1,"On the face, in the depression between the superomedial parts of the inner canthus of the eye and the medial wall of the orbit. Note: When the eye is closed, BL1 is located in the depression 0.1 B-cun superior and medial to the inner canthus of the eye.","On the face, in the depression between the superomedial parts of the inner canthus of the eye and the medial wall of the orbit.
- Note: When the eye is closed, BL 1 is located in the depression 0.1 B-cun superior and medial to the inner canthus of the eye.",normalized acupoint code 'BL1' to 'BL 1'; moved 'Note' to a new line prefixed with '- '.
BL 2,"On the head, in the depression at the medial end of the eyebrow. Note: A depression, the frontal notch, can often be palpated on the medial end of the eyebrow directly superior to BL1.","On the head, in the depression at the medial end of the eyebrow.
- Note: A depression, the frontal notch, can often be palpated on the medial end of the eyebrow directly superior to BL 1.",normalized acupoint code 'BL1' to 'BL 1'; moved 'Note' to a new line prefixed with '- '.
BL 3,"On the head, superior to the frontal notch, 0.5 B-cun superior to the anterior hairline. Note: Midway between GV24 and BL4.","On the head, superior to the frontal notch, 0.5 B-cun superior to the anterior hairline.
- Note: Midway between GV 24 and BL 4.",normalized acupoint code 'GV24' to 'GV 24'; normalized acupoint code 'BL4' to 'BL 4'; moved 'Note' to a new line prefixed with '- '.
BL 4,"On the head, 0.5 B-cun superior to the anterior hairline, 1.5 B-cun lateral to the anterior median line. Note: At the junction of the medial one third and lateral two thirds of the line connecting gV24 with St8.","On the head, 0.5 B-cun superior to the anterior hairline, 1.5 B-cun lateral to the anterior median line.
- Note: At the junction of the medial one third and lateral two thirds of the line connecting GV 24 with ST 8.",normalized acupoint code 'gV24' to 'GV 24'; normalized acupoint code 'St8' to 'ST 8'; moved 'Note' to a new line prefixed with '- '.
BL 5,"On the head, 1 B-cun superior to the anterior hairline, 1.5 B-cun lateral to the anterior median line. Note: 0.5 B-cun superior to BL4, at the same level as gV23.","On the head, 1 B-cun superior to the anterior hairline, 1.5 B-cun lateral to the anterior median line.
- Note: 0.5 B-cun superior to BL 4, at the same level as GV 23.",normalized acupoint code 'BL4' to 'BL 4'; normalized acupoint code 'gV23' to 'GV 23'; moved 'Note' to a new line prefixed with '- '.
BL 6,"On the head, 2.5 B-cun superior to the anterior hairline, 1.5 B-cun lateral to the anterior median line. Note: 1.5 B-cun superior to BL5. 2 B-cun superior to BL4","On the head, 2.5 B-cun superior to the anterior hairline, 1.5 B-cun lateral to the anterior median line.
- Note: 1.5 B-cun superior to BL 5. 2 B-cun superior to BL 4",normalized acupoint code 'BL5' to 'BL 5'; normalized acupoint code 'BL4' to 'BL 4'; moved 'Note' to a new line prefixed with '- '.
BL 7,"On the head, 4 B-cun superior to the anterior hairline, 1.5 B-cun lateral to the anterior median line. Note: Midway between BL6 and BL8.","On the head, 4 B-cun superior to the anterior hairline, 1.5 B-cun lateral to the anterior median line.
- Note: Midway between BL 6 and BL 8.",normalized acupoint code 'BL6' to 'BL 6'; normalized acupoint code 'BL8' to 'BL 8'; moved 'Note' to a new line prefixed with '- '.
BL 8,"On the head, 5.5 B-cun superior to the anterior hairline, 1.5 B-cun lateral to the anterior median line. Note: 0.5 B-cun posterior and 1.5 B-cun lateral to gV20.","On the head, 5.5 B-cun superior to the anterior hairline, 1.5 B-cun lateral to the anterior median line.
- Note: 0.5 B-cun posterior and 1.5 B-cun lateral to GV 20.",normalized acupoint code 'gV20' to 'GV 20'; moved 'Note' to a new line prefixed with '- '.
BL 9,"On the head, at the same level as the superior border of the external occipital protuberance, and 1.3 B-cun lateral to the posterior median line. Note: BL9 is located at the intersection of two imaginary lines: the vertical line of the lateral border of the trapezius muscle and the horizontal line of the superior border of the external occipital protuberance. at the same level as gV17.","On the head, at the same level as the superior border of the external occipital protuberance, and 1.3 B-cun lateral to the posterior median line.
- Note: BL 9 is located at the intersection of two imaginary lines: the vertical line of the lateral border of the trapezius muscle and the horizontal line of the superior border of the external occipital protuberance. at the same level as GV 17.",normalized acupoint code 'BL9' to 'BL 9'; normalized acupoint code 'gV17' to 'GV 17'; moved 'Note' to a new line prefixed with '- '.
BL 10,"In the posterior region of the neck, at the same level as the superior border of the spinous process of the second cervical vertebra (C2), in the depression lateral to the trapezius muscle.","In the posterior region of the neck, at the same level as the superior border of the spinous process of the second cervical vertebra (C2), in the depression lateral to the trapezius muscle.",No changes needed.
BL 11,"In the upper back region, at the same level as the inferior border of the spinous process of the first thoracic vertebra (T1), 1.5 B-cun lateral to the posterior median line.","In the upper back region, at the same level as the inferior border of the spinous process of the first thoracic vertebra (T1), 1.5 B-cun lateral to the posterior median line.",No changes needed.
BL 12,"In the upper back region, at the same level as the inferior border of the spinous process of the second thoracic vertebra (T2), 1.5 B- cun lateral to the posterior median line.","In the upper back region, at the same level as the inferior border of the spinous process of the second thoracic vertebra (T2), 1.5 B-cun lateral to the posterior median line.",closed the erroneous space in 'B- cun' to 'B-cun'.
BL 13,"In the upper back region, at the same level as the inferior border of the spinous pro- cess of the third thoracic vertebra (T3), 1.5 B-cun lateral to the posterior median line.","In the upper back region, at the same level as the inferior border of the spinous process of the third thoracic vertebra (T3), 1.5 B-cun lateral to the posterior median line.",rejoined split word 'pro- cess' into 'process'.
BL 14,"In the upper back region, at the same level as the inferior border of the spinous process of the fourth thoracic vertebra (T4), 1.5 B-cun lateral to the posterior median line.","In the upper back region, at the same level as the inferior border of the spinous process of the fourth thoracic vertebra (T4), 1.5 B-cun lateral to the posterior median line.",No changes needed.
BL 15,"In the upper back region, at the same level as the inferior border of the spinous pro- cess of the fifth thoracic vertebra (T5), 1.5 B-cun lateral to the posterior median line.","In the upper back region, at the same level as the inferior border of the spinous process of the fifth thoracic vertebra (T5), 1.5 B-cun lateral to the posterior median line.",rejoined split word 'pro- cess' into 'process'.
BL 16,"In the upper back region, level with the inferior border of the spinous process of the sixth thoracic vertebra (T6), 1.5 B-cun lateral to the posterior median line.","In the upper back region, level with the inferior border of the spinous process of the sixth thoracic vertebra (T6), 1.5 B-cun lateral to the posterior median line.",No changes needed.
BL 17,"In the upper back region, at the same level as the inferior border of the spinous process of the seventh thoracic vertebra (T7), 1.5 B-cun lateral to the posterior median line. Note: The inferior angle of the scapula is at the same level as the spinous process of the seventh thoracic vertebra.","In the upper back region, at the same level as the inferior border of the spinous process of the seventh thoracic vertebra (T7), 1.5 B-cun lateral to the posterior median line.
- Note: The inferior angle of the scapula is at the same level as the spinous process of the seventh thoracic vertebra.",moved 'Note' to a new line prefixed with '- '.
BL 18,"In the upper back region, at the same level as the inferior border of the spinous process of the ninth thoracic vertebra (T9), 1.5 B-cun lateral to the posterior median line.","In the upper back region, at the same level as the inferior border of the spinous process of the ninth thoracic vertebra (T9), 1.5 B-cun lateral to the posterior median line.",No changes needed.
BL 19,"In the upper back region, at the same level as the inferior border of the spinous process of the tenth thoracic vertebra (T10), 1.5 B- cun lateral to the posterior median line.","In the upper back region, at the same level as the inferior border of the spinous process of the tenth thoracic vertebra (T10), 1.5 B-cun lateral to the posterior median line.",closed the erroneous space in 'B- cun' to 'B-cun'.
BL 20,"In the upper back region, at the same level as the inferior border of the spinous process of the 11th thoracic vertebra (T11), 1.5 B-cun lateral to the posterior median line.","In the upper back region, at the same level as the inferior border of the spinous process of the 11th thoracic vertebra (T11), 1.5 B-cun lateral to the posterior median line.",No changes needed.
BL 21,"In the upper back region, at the same level as the inferior border of the spinous process of the 12th thoracic vertebra (T12), 1.5 B- cun lateral to the posterior median line.","In the upper back region, at the same level as the inferior border of the spinous process of the 12th thoracic vertebra (T12), 1.5 B-cun lateral to the posterior median line.",closed the erroneous space in 'B- cun' to 'B-cun'.
BL 22,"In the lumbar region, at the same level as the inferior border of the spinous process of the first lumbar vertebra (L1), 1.5 B-cun lateral to the posterior median line.","In the lumbar region, at the same level as the inferior border of the spinous process of the first lumbar vertebra (L1), 1.5 B-cun lateral to the posterior median line.",No changes needed.
BL 23,"In the lumbar region, at the same level as the inferior border of the spinous process of the second lumbar vertebra (L2), 1.5 B- cun lateral to the posterior median line.","In the lumbar region, at the same level as the inferior border of the spinous process of the second lumbar vertebra (L2), 1.5 B-cun lateral to the posterior median line.",closed the erroneous space in 'B- cun' to 'B-cun'.
BL 24,"In the lumbar region, at the same level as the inferior border of the spinous process of the third lumbar vertebra (L3), 1.5 B-cun lateral to the posterior median line.","In the lumbar region, at the same level as the inferior border of the spinous process of the third lumbar vertebra (L3), 1.5 B-cun lateral to the posterior median line.",No changes needed.
BL 25,"In the lumbar region, at the same level as the inferior border of the spinous process of the fourth lumbar vertebra (L4), 1.5 B- cun lateral to the posterior median line.","In the lumbar region, at the same level as the inferior border of the spinous process of the fourth lumbar vertebra (L4), 1.5 B-cun lateral to the posterior median line.",closed the erroneous space in 'B- cun' to 'B-cun'.
BL 26,"In the lumbar region, at the same level as the inferior border of the spinous process of the fifth lumbar vertebra (L5), 1.5 B-cun lateral to the posterior median line.","In the lumbar region, at the same level as the inferior border of the spinous process of the fifth lumbar vertebra (L5), 1.5 B-cun lateral to the posterior median line.",No changes needed.
BL 27,"In the sacral region, at the same level as the first posterior sacral foramen, and 1.5 B-cun lateral to the median sacral crest. Note: At the same level as BL31.","In the sacral region, at the same level as the first posterior sacral foramen, and 1.5 B-cun lateral to the median sacral crest.
- Note: At the same level as BL 31.",normalized acupoint code 'BL31' to 'BL 31'; moved 'Note' to a new line prefixed with '- '.
BL 28,"In the sacral region, at the same level as the second posterior sacral foramen, and 1.5 B-cun lateral to the median sacral crest. Note: At the same level as BL32.","In the sacral region, at the same level as the second posterior sacral foramen, and 1.5 B-cun lateral to the median sacral crest.
- Note: At the same level as BL 32.",normalized acupoint code 'BL32' to 'BL 32'; moved 'Note' to a new line prefixed with '- '.
BL 29,"In the sacral region, at the same level as the third posterior sacral foramen, 1.5 B-cun lateral to the median sacral crest. Note: At the same level as BL33.","In the sacral region, at the same level as the third posterior sacral foramen, 1.5 B-cun lateral to the median sacral crest.
- Note: At the same level as BL 33.",normalized acupoint code 'BL33' to 'BL 33'; moved 'Note' to a new line prefixed with '- '.
BL 30,"In the sacral region, at the same level as the fourth posterior sacral foramen, 1.5 B-cun lateral to the median sacral crest. Note: 1.5 B-cun lateral to the sacral hiatus, at the same level as BL34.","In the sacral region, at the same level as the fourth posterior sacral foramen, 1.5 B-cun lateral to the median sacral crest.
- Note: 1.5 B-cun lateral to the sacral hiatus, at the same level as BL 34.",normalized acupoint code 'BL34' to 'BL 34'; moved 'Note' to a new line prefixed with '- '.
BL 31,"In the sacral region, in the first posterior sacral foramen. Note: The first posterior sacral foramen is palpated in the depression, moving superiorly from BL32.","In the sacral region, in the first posterior sacral foramen.
- Note: The first posterior sacral foramen is palpated in the depression, moving superiorly from BL 32.",normalized acupoint code 'BL32' to 'BL 32'; moved 'Note' to a new line prefixed with '- '.
BL 32,"In the sacral region, in the second posterior sacral foramen. Note: The second posterior sacral foramen is located in the depression, midway be- tween the posterior superior iliac spine and the spinous process of the second sacral vertebra.","In the sacral region, in the second posterior sacral foramen.
- Note: The second posterior sacral foramen is located in the depression, midway between the posterior superior iliac spine and the spinous process of the second sacral vertebra.",rejoined split word 'be- tween' into 'between'; moved 'Note' to a new line prefixed with '- '.
BL 33,"In the sacral region, in the third posterior sacral foramen. Note: The third posterior sacral foramen is located in the first depression, moving downward from BL32.","In the sacral region, in the third posterior sacral foramen.
- Note: The third posterior sacral foramen is located in the first depression, moving downward from BL 32.",normalized acupoint code 'BL32' to 'BL 32'; moved 'Note' to a new line prefixed with '- '.
BL 34,"In the sacral region, in the fourth posterior sacral foramen. Note: The fourth posterior sacral foramen is located in the second depression, moving downward from BL32, at the same level as the sacral hiatus.","In the sacral region, in the fourth posterior sacral foramen.
- Note: The fourth posterior sacral foramen is located in the second depression, moving downward from BL 32, at the same level as the sacral hiatus.",normalized acupoint code 'BL32' to 'BL 32'; moved 'Note' to a new line prefixed with '- '.
BL 35,"In the buttock region, 0.5 B-cun lateral to the extremity of the coccyx. Note: The subject may be in prone position or knee-chest position. BL35 is located at the soft depression lateral to the extremity of the coccyx.","In the buttock region, 0.5 B-cun lateral to the extremity of the coccyx.
- Note: The subject may be in prone position or knee-chest position. BL 35 is located at the soft depression lateral to the extremity of the coccyx.",normalized acupoint code 'BL35' to 'BL 35'; moved 'Note' to a new line prefixed with '- '.
BL 36,"In the buttock region, at the midpoint of the gluteal fold.","In the buttock region, at the midpoint of the gluteal fold.",No changes needed.
BL 37,"On the posterior aspect of the thigh, between the biceps femoris and the semitendinosus muscles, 6 B-cun inferior to the gluteal fold. Note 1: In the prone position, the semitendinosus and the biceps femoris muscles are more distinct when the knee is flexed against resistance. In addition, it is easier to find the two muscles with internal and external rotation of the hip. Note 2: 1 B-cun superior to the midpoint of the line connecting BL36 with BL40.","On the posterior aspect of the thigh, between the biceps femoris and the semitendinosus muscles, 6 B-cun inferior to the gluteal fold.
- Note 1: In the prone position, the semitendinosus and the biceps femoris muscles are more distinct when the knee is flexed against resistance. In addition, it is easier to find the two muscles with internal and external rotation of the hip.
- Note 2: 1 B-cun superior to the midpoint of the line connecting BL 36 with BL 40.",normalized acupoint code 'BL36' to 'BL 36'; normalized acupoint code 'BL40' to 'BL 40'; moved 'Note' to a new line prefixed with '- '.
BL 38,"On the posterior aspect of the knee, just medial to the biceps femoris tendon, 1 B-cun proximal to the popliteal crease. Note: With the knee in slight flexion, BL38 is located medial to the biceps femoris ten- don, 1 B-cun proximal to BL39.","On the posterior aspect of the knee, just medial to the biceps femoris tendon, 1 B-cun proximal to the popliteal crease.
- Note: With the knee in slight flexion, BL 38 is located medial to the biceps femoris tendon, 1 B-cun proximal to BL 39.","rejoined split word 'ten- don,' into 'tendon,'; normalized acupoint code 'BL38' to 'BL 38'; normalized acupoint code 'BL39' to 'BL 39'; moved 'Note' to a new line prefixed with '- '."
BL 39,"On the posterolateral aspect of the knee, just medial to the biceps femoris tendon in the popliteal crease. Note: The biceps femoris tendon is more prominent when the knee is slightly flexed.","On the posterolateral aspect of the knee, just medial to the biceps femoris tendon in the popliteal crease.
- Note: The biceps femoris tendon is more prominent when the knee is slightly flexed.",moved 'Note' to a new line prefixed with '- '.
BL 40,"On the posterior aspect of the knee, at the midpoint of the popliteal crease.","On the posterior aspect of the knee, at the midpoint of the popliteal crease.",No changes needed.
BL 41,"In the upper back region, at the same level as the inferior border of the spinous process of the second thoracic vertebra (T2), 3 B-cun lateral to the posterior median line. Note: BL41 and BL12 are located at the same level as the inferior border of the spinous process of the second thoracic vertebra (T2).","In the upper back region, at the same level as the inferior border of the spinous process of the second thoracic vertebra (T2), 3 B-cun lateral to the posterior median line.
- Note: BL 41 and BL 12 are located at the same level as the inferior border of the spinous process of the second thoracic vertebra (T2).",normalized acupoint code 'BL41' to 'BL 41'; normalized acupoint code 'BL12' to 'BL 12'; moved 'Note' to a new line prefixed with '- '.
BL 42,"In the upper back region, at the same level as the inferior border of the spinous process of the third thoracic vertebra (T3), 3 B-cun lateral to the posterior median line. Note: BL42, BL13 and GV12 are located at the same level as the inferior border of the third thoracic vertebra (T3).","In the upper back region, at the same level as the inferior border of the spinous process of the third thoracic vertebra (T3), 3 B-cun lateral to the posterior median line.
- Note: BL 42, BL 13 and GV 12 are located at the same level as the inferior border of the third thoracic vertebra (T3).",normalized acupoint code 'BL42' to 'BL 42'; normalized acupoint code 'BL13' to 'BL 13'; normalized acupoint code 'GV12' to 'GV 12'; moved 'Note' to a new line prefixed with '- '.
BL 43,"In the upper back region, at the same level as the inferior border of the spinous pro- cess of the fourth thoracic vertebra (T4), 3 B-cun lateral to the posterior median line. Note: BL43 and BL14 are located at the same level as the inferior border of the spinous process of the fourth thoracic vertebra (T4).","In the upper back region, at the same level as the inferior border of the spinous process of the fourth thoracic vertebra (T4), 3 B-cun lateral to the posterior median line.
- Note: BL 43 and BL 14 are located at the same level as the inferior border of the spinous process of the fourth thoracic vertebra (T4).",rejoined split word 'pro- cess' into 'process'; normalized acupoint code 'BL43' to 'BL 43'; normalized acupoint code 'BL14' to 'BL 14'; moved 'Note' to a new line prefixed with '- '.
BL 44,"In the upper back region, at the same level as the inferior border of the spinous process of the fifth thoracic vertebra (T5), 3 B-cun lateral to the posterior median line. Note: BL44, BL15 and GV11 are located at the same level as the inferior border of the spinous process of the fifth thoracic vertebra (T5).","In the upper back region, at the same level as the inferior border of the spinous process of the fifth thoracic vertebra (T5), 3 B-cun lateral to the posterior median line.
- Note: BL 44, BL 15 and GV 11 are located at the same level as the inferior border of the spinous process of the fifth thoracic vertebra (T5).",normalized acupoint code 'BL44' to 'BL 44'; normalized acupoint code 'BL15' to 'BL 15'; normalized acupoint code 'GV11' to 'GV 11'; moved 'Note' to a new line prefixed with '- '.
BL 45,"In the upper back region, at the same level as the inferior border of the spinous process of the sixth thoracic vertebra (T6), 3 B-cun lateral to the posterior median line. Note: BL45, BL16 and GV10 are located at the same level as the inferior border of the spinous process of the sixth thoracic vertebra (T6).","In the upper back region, at the same level as the inferior border of the spinous process of the sixth thoracic vertebra (T6), 3 B-cun lateral to the posterior median line.
- Note: BL 45, BL 16 and GV 10 are located at the same level as the inferior border of the spinous process of the sixth thoracic vertebra (T6).",normalized acupoint code 'BL45' to 'BL 45'; normalized acupoint code 'BL16' to 'BL 16'; normalized acupoint code 'GV10' to 'GV 10'; moved 'Note' to a new line prefixed with '- '.
BL 46,"In the upper back region, at the same level as the inferior border of the spinous process of the seventh thoracic vertebra (T7), 3 B-cun lateral to the posterior median line. Note: BL 46, BL17 and GV9 are located at the same level as the inferior border of the spinous process of the seventh thoracic vertebra (T7).","In the upper back region, at the same level as the inferior border of the spinous process of the seventh thoracic vertebra (T7), 3 B-cun lateral to the posterior median line.
- Note: BL 46, BL 17 and GV 9 are located at the same level as the inferior border of the spinous process of the seventh thoracic vertebra (T7).",normalized acupoint code 'BL17' to 'BL 17'; normalized acupoint code 'GV9' to 'GV 9'; moved 'Note' to a new line prefixed with '- '.
BL 47,"In the upper back region, at the same level as the inferior border of the spinous process of the ninth thoracic vertebra (T9), 3 B-cun lateral to the posterior median line. Note: BL47, BL18 and GV8 are located at the same level as the inferior border of the spinous process of the ninth thoracic vertebra (T9).","In the upper back region, at the same level as the inferior border of the spinous process of the ninth thoracic vertebra (T9), 3 B-cun lateral to the posterior median line.
- Note: BL 47, BL 18 and GV 8 are located at the same level as the inferior border of the spinous process of the ninth thoracic vertebra (T9).",normalized acupoint code 'BL47' to 'BL 47'; normalized acupoint code 'BL18' to 'BL 18'; normalized acupoint code 'GV8' to 'GV 8'; moved 'Note' to a new line prefixed with '- '.
BL 48,"In the upper back region, at the same level as the inferior border of the spinous pro- cess of the tenth thoracic vertebra (T10), 3 B-cun lateral to the posterior median line. Note: BL48, BL19 and GV7 are located at the same level as the inferior border of the spinous process of the tenth thoracic vertebra (T10).","In the upper back region, at the same level as the inferior border of the spinous process of the tenth thoracic vertebra (T10), 3 B-cun lateral to the posterior median line.
- Note: BL 48, BL 19 and GV 7 are located at the same level as the inferior border of the spinous process of the tenth thoracic vertebra (T10).",rejoined split word 'pro- cess' into 'process'; normalized acupoint code 'BL48' to 'BL 48'; normalized acupoint code 'BL19' to 'BL 19'; normalized acupoint code 'GV7' to 'GV 7'; moved 'Note' to a new line prefixed with '- '.
BL 49,"In the upper back region, at the same level as the inferior border of the spinous process of the 11th thoracic vertebra (T11), 3 B-cun lateral to the posterior median line. Note: BL49, BL20 and GV6 are located at the same level as the inferior border of the spinous process of the 11th thoracic vertebra (T11).","In the upper back region, at the same level as the inferior border of the spinous process of the 11th thoracic vertebra (T11), 3 B-cun lateral to the posterior median line.
- Note: BL 49, BL 20 and GV 6 are located at the same level as the inferior border of the spinous process of the 11th thoracic vertebra (T11).",normalized acupoint code 'BL49' to 'BL 49'; normalized acupoint code 'BL20' to 'BL 20'; normalized acupoint code 'GV6' to 'GV 6'; moved 'Note' to a new line prefixed with '- '.
BL 50,"In the upper back region, at the same level as the inferior border of the spinous process of the 12th thoracic vertebra (T12), 3 B-cun lateral to the posterior median line. Note: BL50 and BL21 are located at the same level as the inferior border of the spinous process of the 12th thoracic vertebra (T12).","In the upper back region, at the same level as the inferior border of the spinous process of the 12th thoracic vertebra (T12), 3 B-cun lateral to the posterior median line.
- Note: BL 50 and BL 21 are located at the same level as the inferior border of the spinous process of the 12th thoracic vertebra (T12).",normalized acupoint code 'BL50' to 'BL 50'; normalized acupoint code 'BL21' to 'BL 21'; moved 'Note' to a new line prefixed with '- '.
BL 51,"In the lumbar region, at the same level as the inferior border of the spinous process of the first lumbar vertebra (L1), 3 B-cun lateral to the posterior median line. Note: BL51, BL22 and GV5 are located at the same level as the inferior border of the spinous process of the first lumbar vertebra (L1).","In the lumbar region, at the same level as the inferior border of the spinous process of the first lumbar vertebra (L1), 3 B-cun lateral to the posterior median line.
- Note: BL 51, BL 22 and GV 5 are located at the same level as the inferior border of the spinous process of the first lumbar vertebra (L1).",normalized acupoint code 'BL51' to 'BL 51'; normalized acupoint code 'BL22' to 'BL 22'; normalized acupoint code 'GV5' to 'GV 5'; moved 'Note' to a new line prefixed with '- '.
BL 52,"In the lumbar region, at the same level as the inferior border of the spinous process of the second lumbar vertebra (L2), 3 B-cun lateral to the posterior median line. Note: BL52, BL23 and GV4 are located at the same level as the inferior border of the spinous process of the second lumbar vertebra (L2).","In the lumbar region, at the same level as the inferior border of the spinous process of the second lumbar vertebra (L2), 3 B-cun lateral to the posterior median line.
- Note: BL 52, BL 23 and GV 4 are located at the same level as the inferior border of the spinous process of the second lumbar vertebra (L2).",normalized acupoint code 'BL52' to 'BL 52'; normalized acupoint code 'BL23' to 'BL 23'; normalized acupoint code 'GV4' to 'GV 4'; moved 'Note' to a new line prefixed with '- '.
BL 53,"In the buttock region, at the same level as the second posterior sacral foramen, 3 B-cun lateral to the median sacral crest. Note: BL53, BL28 and BL32 are located at the same level as the second posterior sacral foramen.","In the buttock region, at the same level as the second posterior sacral foramen, 3 B-cun lateral to the median sacral crest.
- Note: BL 53, BL 28 and BL 32 are located at the same level as the second posterior sacral foramen.",normalized acupoint code 'BL53' to 'BL 53'; normalized acupoint code 'BL28' to 'BL 28'; normalized acupoint code 'BL32' to 'BL 32'; moved 'Note' to a new line prefixed with '- '.
BL 54,"In the buttock region, at the same level as the fourth posterior sacral foramen, 3 B-cun lateral to the median sacral crest. Note: 3 B-cun lateral to the sacral hiatus, at the same level as BL 30.","In the buttock region, at the same level as the fourth posterior sacral foramen, 3 B-cun lateral to the median sacral crest.
- Note: 3 B-cun lateral to the sacral hiatus, at the same level as BL 30.",moved 'Note' to a new line prefixed with '- '.
BL 55,"On the posterior aspect of the leg, between the lateral head and medial head of the gastrocnemius muscle, 2 B-cun distal to the popliteal crease. Note: 2 B-cun distal to BL40, on the line connecting BL40 with BL57.","On the posterior aspect of the leg, between the lateral head and medial head of the gastrocnemius muscle, 2 B-cun distal to the popliteal crease.
- Note: 2 B-cun distal to BL 40, on the line connecting BL 40 with BL 57.",normalized acupoint code 'BL40' to 'BL 40'; normalized acupoint code 'BL57' to 'BL 57'; moved 'Note' to a new line prefixed with '- '.
BL 56,"On the posterior aspect of the leg, between the two muscle bellies of the gastrocne- mius muscle, 5 B-cun distal to the popliteal crease. Note: Midway between BL55 and BL57.","On the posterior aspect of the leg, between the two muscle bellies of the gastrocnemius muscle, 5 B-cun distal to the popliteal crease.
- Note: Midway between BL 55 and BL 57.",rejoined split word 'gastrocne- mius' into 'gastrocnemius'; normalized acupoint code 'BL55' to 'BL 55'; normalized acupoint code 'BL57' to 'BL 57'; moved 'Note' to a new line prefixed with '- '.
BL 57,"On the posterior aspect of the leg, at the connecting point of the calcaneal tendon with the two muscle bellies of the gastrocnemius muscle. Note: With the leg stretched (plantar flexion) or the heel up, BL57 is located at the sharp angled depression inferior to the muscle belly of the gastrocnemius muscle. the two heads of the gastrocnemius muscle are separated to make a lambda shape (Λ).","On the posterior aspect of the leg, at the connecting point of the calcaneal tendon with the two muscle bellies of the gastrocnemius muscle.
- Note: With the leg stretched (plantar flexion) or the heel up, BL 57 is located at the sharp angled depression inferior to the muscle belly of the gastrocnemius muscle. the two heads of the gastrocnemius muscle are separated to make a lambda shape (Λ).",normalized acupoint code 'BL57' to 'BL 57'; moved 'Note' to a new line prefixed with '- '.
BL 58,"On the posterolateral aspect of the leg, between the inferior border of the lateral head of the gastrocnemius muscle and the calcaneal tendon, at the same level as 7 B-cun proximal to BL60. Note: BL58 is located 1 B-cun lateral and distal to BL57, proximal to BL60.","On the posterolateral aspect of the leg, between the inferior border of the lateral head of the gastrocnemius muscle and the calcaneal tendon, at the same level as 7 B-cun proximal to BL 60.
- Note: BL 58 is located 1 B-cun lateral and distal to BL 57, proximal to BL 60.",normalized acupoint code 'BL60' to 'BL 60'; normalized acupoint code 'BL58' to 'BL 58'; normalized acupoint code 'BL57' to 'BL 57'; moved 'Note' to a new line prefixed with '- '.
BL 59,"On the posterolateral aspect of the leg, between the fibula and the calcaneal tendon, at the same level as 3 B-cun proximal to BL60.","On the posterolateral aspect of the leg, between the fibula and the calcaneal tendon, at the same level as 3 B-cun proximal to BL 60.",normalized acupoint code 'BL60' to 'BL 60'.
BL 60,"On the posterolateral aspect of the ankle, in the depression between the prominence of the lateral malleolus and the calcaneal tendon.","On the posterolateral aspect of the ankle, in the depression between the prominence of the lateral malleolus and the calcaneal tendon.",No changes needed.
BL 61,"On the lateral aspect of the foot, distal to BL60, lateral to the calcaneus, at the border between the red and white flesh.","On the lateral aspect of the foot, distal to BL 60, lateral to the calcaneus, at the border between the red and white flesh.",normalized acupoint code 'BL60' to 'BL 60'.
BL 62,"On the lateral aspect of the foot, directly inferior to the prominence of the lateral malleolus, in the depression between the inferior border of the lateral malleolus and the calcaneus. Note: BL62 is located in the depression distal to the inferior border of the lateral malleolus. the corresponding medial acupuncture point to BL 62 is KI6.","On the lateral aspect of the foot, directly inferior to the prominence of the lateral malleolus, in the depression between the inferior border of the lateral malleolus and the calcaneus.
- Note: BL 62 is located in the depression distal to the inferior border of the lateral malleolus. the corresponding medial acupuncture point to BL 62 is KI 6.",normalized acupoint code 'BL62' to 'BL 62'; normalized acupoint code 'KI6' to 'KI 6'; moved 'Note' to a new line prefixed with '- '.
BL 63,"On the dorsum of the foot, distal to the anterior border of the lateral malleolus, posterior to the tuberosity of the fifth metatarsal bone, in the depression inferior to the cuboid bone.","On the dorsum of the foot, distal to the anterior border of the lateral malleolus, posterior to the tuberosity of the fifth metatarsal bone, in the depression inferior to the cuboid bone.",No changes needed.
BL 64,"On the lateral aspect of the foot, distal to the tuberosity of the fifth metatarsal bone, at the border between the red and white flesh. Note: The tuberosity of the fifth metatarsal bone is located approximately midway be- tween the heel and the fifth metatarsophalangeal joint.","On the lateral aspect of the foot, distal to the tuberosity of the fifth metatarsal bone, at the border between the red and white flesh.
- Note: The tuberosity of the fifth metatarsal bone is located approximately midway between the heel and the fifth metatarsophalangeal joint.",rejoined split word 'be- tween' into 'between'; moved 'Note' to a new line prefixed with '- '.
BL 65,"On the lateral aspect of the foot, in the depression proximal to the fifth metatarsophalangeal joint, at the border between the red and white flesh.","On the lateral aspect of the foot, in the depression proximal to the fifth metatarsophalangeal joint, at the border between the red and white flesh.",No changes needed.
BL 66,"On the little toe, in the depression distal and lateral to the fifth metatarsophalangeal joint, at the border between the red and white flesh.","On the little toe, in the depression distal and lateral to the fifth metatarsophalangeal joint, at the border between the red and white flesh.",No changes needed.
BL 67,"On the little toe, lateral to the distal pha- lanx, 0.1 f-cun proximal to the lateral corner of the toenail; at the intersection of the vertical line of the lateral side of the nail and the horizontal line of the base of the toenail.","On the little toe, lateral to the distal phalanx, 0.1 f-cun proximal to the lateral corner of the toenail; at the intersection of the vertical line of the lateral side of the nail and the horizontal line of the base of the toenail.","rejoined split word 'pha- lanx,' into 'phalanx,'."
,,,
KI 1,"On the sole of the foot, in the deepest depression of the sole when the toes are flexed. Note: When the toes are flexed, KI1 is located approximately in the depression at the junction of the anterior one third and the posterior two thirds of the line connecting the heel with the web margin between the bases of the second and third toes.","On the sole of the foot, in the deepest depression of the sole when the toes are flexed.
- Note: When the toes are flexed, KI 1 is located approximately in the depression at the junction of the anterior one third and the posterior two thirds of the line connecting the heel with the web margin between the bases of the second and third toes.",normalized acupoint code 'KI1' to 'KI 1'; moved 'Note' to a new line prefixed with '- '.
KI 2,"On the medial aspect of the foot, inferior to the tuberosity of the navicular bone, at the border between the red and white flesh.","On the medial aspect of the foot, inferior to the tuberosity of the navicular bone, at the border between the red and white flesh.",No changes needed.
KI 3,"On the posteromedial aspect of the ankle, in the depression between the prominence of the medial malleolus and the calcaneal tendon.","On the posteromedial aspect of the ankle, in the depression between the prominence of the medial malleolus and the calcaneal tendon.",No changes needed.
KI 4,"On the medial aspect of the foot, posteroinferior to the medial malleolus, superior to the calcaneus, in the depression anterior to the medial attachment of the calcaneal tendon.","On the medial aspect of the foot, posteroinferior to the medial malleolus, superior to the calcaneus, in the depression anterior to the medial attachment of the calcaneal tendon.",No changes needed.
KI 5,"On the medial aspect of the foot, 1 B-cun inferior to KI3, in the depression anterior to the calcaneal tuberosity.","On the medial aspect of the foot, 1 B-cun inferior to KI 3, in the depression anterior to the calcaneal tuberosity.",normalized acupoint code 'KI3' to 'KI 3'.
KI 6,"On the medial aspect of the foot, 1 B-cun inferior to the prominence of the medial malleolus, in the depression inferior to the medial malleolus. Note: The corresponding lateral point to KI6 is BL62.","On the medial aspect of the foot, 1 B-cun inferior to the prominence of the medial malleolus, in the depression inferior to the medial malleolus.
- Note: The corresponding lateral point to KI 6 is BL 62.",normalized acupoint code 'KI6' to 'KI 6'; normalized acupoint code 'BL62' to 'BL 62'; moved 'Note' to a new line prefixed with '- '.
KI 7,"On the posteromedial aspect of the leg, anterior to the calcaneal tendon, 2 B-cun superior to the prominence of the medial malleolus. Note: At the same level and posterior to KI8.","On the posteromedial aspect of the leg, anterior to the calcaneal tendon, 2 B-cun superior to the prominence of the medial malleolus.
- Note: At the same level and posterior to KI 8.",normalized acupoint code 'KI8' to 'KI 8'; moved 'Note' to a new line prefixed with '- '.
KI 8,"On the medial aspect of the leg, in the depression posterior to the medial border of the tibial bone, 2 B-cun superior to the prominence of the medial malleolus. Note: 0.5 B-cun anterior to KI7.","On the medial aspect of the leg, in the depression posterior to the medial border of the tibial bone, 2 B-cun superior to the prominence of the medial malleolus.
- Note: 0.5 B-cun anterior to KI 7.",normalized acupoint code 'KI7' to 'KI 7'; moved 'Note' to a new line prefixed with '- '.
KI 9,"On the posteromedial aspect of the leg, between the soleus muscle and the calcaneal tendon, 5 B-cun superior to the prominence of the medial malleolus. Note 1: With the knee flexed and the leg stretched (plantar flexion) against resistance, the soleus muscle can be seen more clearly along the medial border of the tibia bone. Note 2: At the same level as LR5, on the line connecting KI3 with KI10.","On the posteromedial aspect of the leg, between the soleus muscle and the calcaneal tendon, 5 B-cun superior to the prominence of the medial malleolus.
- Note 1: With the knee flexed and the leg stretched (plantar flexion) against resistance, the soleus muscle can be seen more clearly along the medial border of the tibia bone.
- Note 2: At the same level as LR 5, on the line connecting KI 3 with KI 10.",normalized acupoint code 'LR5' to 'LR 5'; normalized acupoint code 'KI3' to 'KI 3'; normalized acupoint code 'KI10' to 'KI 10'; moved 'Note' to a new line prefixed with '- '.
KI 10,"On the posteromedial aspect of the knee, just lateral to the semitendinosus tendon, in the popliteal crease.","On the posteromedial aspect of the knee, just lateral to the semitendinosus tendon, in the popliteal crease.",No changes needed.
KI 11,"On the lower abdomen, 5 B-cun inferior to the centre of the umbilicus, 0.5 B-cun lateral to the anterior median line.","On the lower abdomen, 5 B-cun inferior to the centre of the umbilicus, 0.5 B-cun lateral to the anterior median line.",No changes needed.
KI 12,"On the lower abdomen, 4 B-cun inferior to the centre of the umbilicus, 0.5 B-cun lateral to the anterior median line.","On the lower abdomen, 4 B-cun inferior to the centre of the umbilicus, 0.5 B-cun lateral to the anterior median line.",No changes needed.
KI 13,"On the lower abdomen, 3 B-cun inferior to the centre of the umbilicus, 0.5 B-cun lateral to the anterior median line.","On the lower abdomen, 3 B-cun inferior to the centre of the umbilicus, 0.5 B-cun lateral to the anterior median line.",No changes needed.
KI 14,"On the lower abdomen, 2 B-cun inferior to the centre of the umbilicus, 0.5 B-cun lateral to the anterior median line.","On the lower abdomen, 2 B-cun inferior to the centre of the umbilicus, 0.5 B-cun lateral to the anterior median line.",No changes needed.
KI 15,"On the lower abdomen, 1 B-cun inferior to umbilicus, 0.5 B-cun lateral to the anterior median line.","On the lower abdomen, 1 B-cun inferior to umbilicus, 0.5 B-cun lateral to the anterior median line.",No changes needed.
KI 16,"On the upper abdomen, 0.5 B-cun lateral to the centre of the umbilicus.","On the upper abdomen, 0.5 B-cun lateral to the centre of the umbilicus.",No changes needed.
KI 17,"On the upper abdomen, 2 B-cun superior to the centre of the umbilicus, 0.5 B-cun lateral to the anterior median line.","On the upper abdomen, 2 B-cun superior to the centre of the umbilicus, 0.5 B-cun lateral to the anterior median line.",No changes needed.
KI 18,"On the upper abdomen, 3 B-cun superior to the centre of the umbilicus, 0.5 B-cun lateral to the anterior median line.","On the upper abdomen, 3 B-cun superior to the centre of the umbilicus, 0.5 B-cun lateral to the anterior median line.",No changes needed.
KI 19,"On the upper abdomen, 4 B-cun superior to the centre of the umbilicus, 0.5 B-cun lateral to the anterior median line.","On the upper abdomen, 4 B-cun superior to the centre of the umbilicus, 0.5 B-cun lateral to the anterior median line.",No changes needed.
KI 20,"On the upper abdomen, 5 B-cun superior to the centre of the umbilicus, 0.5 B-cun lateral to the anterior median line.","On the upper abdomen, 5 B-cun superior to the centre of the umbilicus, 0.5 B-cun lateral to the anterior median line.",No changes needed.
KI 21,"On the upper abdomen, 6 B-cun superior to the centre of the umbilicus, 0.5 B-cun lateral to the anterior median line.","On the upper abdomen, 6 B-cun superior to the centre of the umbilicus, 0.5 B-cun lateral to the anterior median line.",No changes needed.
KI 22,"In the anterior thoracic region, in the fifth intercostal space, 2 B-cun lateral to the anterior median line.","In the anterior thoracic region, in the fifth intercostal space, 2 B-cun lateral to the anterior median line.",No changes needed.
KI 23,"In the anterior thoracic region, in the fourth intercostal space, 2 B-cun lateral to the anterior median line.","In the anterior thoracic region, in the fourth intercostal space, 2 B-cun lateral to the anterior median line.",No changes needed.
KI 24,"In the anterior thoracic region, in the third intercostal space, 2 B-cun lateral to the anterior median line.","In the anterior thoracic region, in the third intercostal space, 2 B-cun lateral to the anterior median line.",No changes needed.
KI 25,"In the anterior thoracic region, in the second intercostal space, 2 B-cun lateral to the anterior median line.","In the anterior thoracic region, in the second intercostal space, 2 B-cun lateral to the anterior median line.",No changes needed.
KI 26,"In the anterior thoracic region, in the first intercostal space, 2 B-cun lateral to the anterior median line.","In the anterior thoracic region, in the first intercostal space, 2 B-cun lateral to the anterior median line.",No changes needed.
KI 27,"In the anterior thoracic region, just inferior to the clavicle, 2 B-cun lateral to the anterior median line.","In the anterior thoracic region, just inferior to the clavicle, 2 B-cun lateral to the anterior median line.",No changes needed.
,,,
PC 1,"In the anterior thoracic region, in the fourth intercostal space, 5 B-cun lateral to the anterior median line.","In the anterior thoracic region, in the fourth intercostal space, 5 B-cun lateral to the anterior median line.",No changes needed.
PC 2,"On the anterior aspect of the arm, between the long head and short head of the biceps brachii muscle, 2 B-cun distal to the anterior axillary fold.","On the anterior aspect of the arm, between the long head and short head of the biceps brachii muscle, 2 B-cun distal to the anterior axillary fold.",No changes needed.
PC 3,"On the anterior aspect of the elbow, at the cubital crease, in the depression medial to the biceps brachii tendon. Note: When the elbow is flexed at 45 degrees, PC3 is located medial to the biceps brachii tendon.","On the anterior aspect of the elbow, at the cubital crease, in the depression medial to the biceps brachii tendon.
- Note: When the elbow is flexed at 45 degrees, PC 3 is located medial to the biceps brachii tendon.",normalized acupoint code 'PC3' to 'PC 3'; moved 'Note' to a new line prefixed with '- '.
PC 4,"On the anterior aspect of the forearm, between the tendons of the palmaris longus and the flexor carpi radialis, 5 B-cun proximal to the palmar wrist crease. Note 1: With the fist clenched, the wrist supinated, and the elbow slightly flexed, the two tendons become more prominent. PC4 is located 1 B-cun distal to the midpoint of the line connecting PC3 with PC7. Note 2: If the palmaris longus tendon is not present, PC4 is medial to the flexor carpi radialis tendon.","On the anterior aspect of the forearm, between the tendons of the palmaris longus and the flexor carpi radialis, 5 B-cun proximal to the palmar wrist crease.
- Note 1: With the fist clenched, the wrist supinated, and the elbow slightly flexed, the two tendons become more prominent. PC 4 is located 1 B-cun distal to the midpoint of the line connecting PC 3 with PC 7.
- Note 2: If the palmaris longus tendon is not present, PC 4 is medial to the flexor carpi radialis tendon.",normalized acupoint code 'PC4' to 'PC 4'; normalized acupoint code 'PC3' to 'PC 3'; normalized acupoint code 'PC7' to 'PC 7'; moved 'Note' to a new line prefixed with '- '.
PC 5,"On the anterior aspect of the forearm, between the tendons of the palmaris longus and the flexor carpi radialis, 3 B-cun proximal to the palmar wrist crease. Note 1: With the fist clenched, the wrist supinated and the elbow slightly flexed, the two tendons become more prominent. PC5 is located 3 B-cun proximal to PC7. Note 2: If the palmaris longus tendon is not present, PC5 is medial to the flexor carpi radialis tendon.","On the anterior aspect of the forearm, between the tendons of the palmaris longus and the flexor carpi radialis, 3 B-cun proximal to the palmar wrist crease.
- Note 1: With the fist clenched, the wrist supinated and the elbow slightly flexed, the two tendons become more prominent. PC 5 is located 3 B-cun proximal to PC 7.
- Note 2: If the palmaris longus tendon is not present, PC 5 is medial to the flexor carpi radialis tendon.",normalized acupoint code 'PC5' to 'PC 5'; normalized acupoint code 'PC7' to 'PC 7'; moved 'Note' to a new line prefixed with '- '.
PC 6,"On the anterior aspect of the forearm, between the tendons of the palmaris longus and the flexor carpi radialis, 2 B-cun proximal to the palmar wrist crease. Note 1: With the fist clenched, the wrist supinated and the elbow slightly flexed, the two tendons become more prominent. PC6 is located 2 B-cun proximal to PC7. the posterial point corresponding to PC6 is TE5. Note 2: If the palmaris longus tendon is not present, PC6 is medial to the flexor carpi radialis tendon.","On the anterior aspect of the forearm, between the tendons of the palmaris longus and the flexor carpi radialis, 2 B-cun proximal to the palmar wrist crease.
- Note 1: With the fist clenched, the wrist supinated and the elbow slightly flexed, the two tendons become more prominent. PC 6 is located 2 B-cun proximal to PC 7. the posterial point corresponding to PC 6 is TE 5.
- Note 2: If the palmaris longus tendon is not present, PC 6 is medial to the flexor carpi radialis tendon.",normalized acupoint code 'PC6' to 'PC 6'; normalized acupoint code 'PC7' to 'PC 7'; normalized acupoint code 'TE5' to 'TE 5'; moved 'Note' to a new line prefixed with '- '.
PC 7,"On the anterior aspect of the wrist, between the tendons of palmaris longus and the flexor carpi radialis, on the palmar wrist crease. Note: With the fist clenched, the wrist slightly flexed, the two tendons become more prominent. PC7 is located at the midpoint of the palmar wrist crease, between the tendons of palmaris longus and the flexor carpi radialis, at the same level as Ht7, at the proximal extremity of the pisiform bone.","On the anterior aspect of the wrist, between the tendons of palmaris longus and the flexor carpi radialis, on the palmar wrist crease.
- Note: With the fist clenched, the wrist slightly flexed, the two tendons become more prominent. PC 7 is located at the midpoint of the palmar wrist crease, between the tendons of palmaris longus and the flexor carpi radialis, at the same level as HT 7, at the proximal extremity of the pisiform bone.",normalized acupoint code 'PC7' to 'PC 7'; normalized acupoint code 'Ht7' to 'HT 7'; moved 'Note' to a new line prefixed with '- '.
PC 8,"On the palm of the hand, in the depression between the second and third metacarpal bones, proximal to the metacarpophalangeal joints. Remarks: Alternative location for PC8 - On the palm of the hand, in the depression, between the third and fourth metacarpal bones, proximal to the metacarpophalangeal joints.","On the palm of the hand, in the depression between the second and third metacarpal bones, proximal to the metacarpophalangeal joints. Remarks: Alternative location for PC 8 - On the palm of the hand, in the depression, between the third and fourth metacarpal bones, proximal to the metacarpophalangeal joints.",normalized acupoint code 'PC8' to 'PC 8'.
PC 9,"On the middle finger, at the centre of the tip of the middle finger. Remarks: Alternative location for PC9 - On the middle finger, 0.1 F-cun proximal to the radial corner of the middle fingernail, at the intersection of the vertical line of the radial side of the nail and the horizontal line of the base of the fingernail.","On the middle finger, at the centre of the tip of the middle finger. Remarks: Alternative location for PC 9 - On the middle finger, 0.1 F-cun proximal to the radial corner of the middle fingernail, at the intersection of the vertical line of the radial side of the nail and the horizontal line of the base of the fingernail.",normalized acupoint code 'PC9' to 'PC 9'.
,,,
TE 1,"On the ring finger, ulnar to the distal phalanx, 0.1 f-cun proximal to the ulnar corner of the fingernail, at the intersection of the vertical line of the ulnar side of the nail and the horizontal line of the base of the fingernail.","On the ring finger, ulnar to the distal phalanx, 0.1 f-cun proximal to the ulnar corner of the fingernail, at the intersection of the vertical line of the ulnar side of the nail and the horizontal line of the base of the fingernail.",No changes needed.
TE 2,"On the dorsum of the hand, in the depression superior to the web margin between the ring and little fingers, at the border between the red and white flesh.","On the dorsum of the hand, in the depression superior to the web margin between the ring and little fingers, at the border between the red and white flesh.",No changes needed.
TE 3,"On the dorsum of the hand, between the fourth and fifth metacarpal bones, in the depression proximal to the fourth metacarpophalangeal joint.","On the dorsum of the hand, between the fourth and fifth metacarpal bones, in the depression proximal to the fourth metacarpophalangeal joint.",No changes needed.
TE 4,"On the posterior aspect of the wrist, in the depression ulnar to the extensor digitorum tendon, on the dorsal wrist crease. Note 1: TE4 can be palpated when moving proximally along the gap between the fifth and fourth metacarpal bones, at the same level as LI5 and SI5. Note 2: When the wrist is extended against resistance, the extensor digitorum tendon can be palpated more easily.","On the posterior aspect of the wrist, in the depression ulnar to the extensor digitorum tendon, on the dorsal wrist crease.
- Note 1: TE 4 can be palpated when moving proximally along the gap between the fifth and fourth metacarpal bones, at the same level as LI 5 and SI 5.
- Note 2: When the wrist is extended against resistance, the extensor digitorum tendon can be palpated more easily.",normalized acupoint code 'TE4' to 'TE 4'; normalized acupoint code 'LI5' to 'LI 5'; normalized acupoint code 'SI5' to 'SI 5'; moved 'Note' to a new line prefixed with '- '.
TE 5,"On the posterior aspect of the forearm, midpoint of the interosseous space between the radius and the ulna, 2 B-cun proximal to the dorsal wrist crease. Note: 2 B-cun proximal to TE4, in the depression between the radius and the ulna. The anterior point corresponding to TE5 is PC6.","On the posterior aspect of the forearm, midpoint of the interosseous space between the radius and the ulna, 2 B-cun proximal to the dorsal wrist crease.
- Note: 2 B-cun proximal to TE 4, in the depression between the radius and the ulna. The anterior point corresponding to TE 5 is PC 6.",normalized acupoint code 'TE4' to 'TE 4'; normalized acupoint code 'TE5' to 'TE 5'; normalized acupoint code 'PC6' to 'PC 6'; moved 'Note' to a new line prefixed with '- '.
TE 6,"On the posterior aspect of the forearm, midpoint of the interosseous space between the radius and the ulna, 3 B-cun proximal to the dorsal wrist crease. Note: 1 B-cun proximal to TE5, between the radius and the ulna, at the same level as tE7.","On the posterior aspect of the forearm, midpoint of the interosseous space between the radius and the ulna, 3 B-cun proximal to the dorsal wrist crease.
- Note: 1 B-cun proximal to TE 5, between the radius and the ulna, at the same level as TE 7.",normalized acupoint code 'TE5' to 'TE 5'; normalized acupoint code 'tE7' to 'TE 7'; moved 'Note' to a new line prefixed with '- '.
TE 7,"On the posterior aspect of the forearm, just radial to the ulna, 3 B-cun proximal to the dorsal wrist crease. Note: TE7 is ulnar to TE6.","On the posterior aspect of the forearm, just radial to the ulna, 3 B-cun proximal to the dorsal wrist crease.
- Note: TE 7 is ulnar to TE 6.",normalized acupoint code 'TE7' to 'TE 7'; normalized acupoint code 'TE6' to 'TE 6'; moved 'Note' to a new line prefixed with '- '.
TE 8,"On the posterior aspect of the forearm, midpoint of the interosseous space between the radius and the ulna, 4 B-cun proximal to the dorsal wrist crease. Note: At the junction of the upper two thirds and lower one third of the line connecting tE4 with the tip of the elbow.","On the posterior aspect of the forearm, midpoint of the interosseous space between the radius and the ulna, 4 B-cun proximal to the dorsal wrist crease.
- Note: At the junction of the upper two thirds and lower one third of the line connecting TE 4 with the tip of the elbow.",normalized acupoint code 'tE4' to 'TE 4'; moved 'Note' to a new line prefixed with '- '.
TE 9,"On the posterior aspect of the forearm, midpoint of the interosseous space between the radius and the ulna, 5 B-cun distal to the prominence of the olecranon.","On the posterior aspect of the forearm, midpoint of the interosseous space between the radius and the ulna, 5 B-cun distal to the prominence of the olecranon.",No changes needed.
TE 10,"On the posterior aspect of the elbow, in the depression 1 B-cun proximal to the prominence of the olecranon. Note: When the elbow is flexed, TE10 is located in the olecranon fossa.","On the posterior aspect of the elbow, in the depression 1 B-cun proximal to the prominence of the olecranon.
- Note: When the elbow is flexed, TE 10 is located in the olecranon fossa.",normalized acupoint code 'TE10' to 'TE 10'; moved 'Note' to a new line prefixed with '- '.
TE 11,"On the posterior aspect of the arm, on the line connecting the prominence of olecranon with the acromial angle, 2 B-cun proximal to the prominence of the olecranon. Note: With the elbow extended, 2 B-cun superior to the prominence of the olecranon.","On the posterior aspect of the arm, on the line connecting the prominence of olecranon with the acromial angle, 2 B-cun proximal to the prominence of the olecranon.
- Note: With the elbow extended, 2 B-cun superior to the prominence of the olecranon.",moved 'Note' to a new line prefixed with '- '.
TE 12,"On the posterior aspect of the arm, on the line connecting the prominence of the olecranon with the acromial angle, 5 B-cun proximal to the prominence of the olecranon.","On the posterior aspect of the arm, on the line connecting the prominence of the olecranon with the acromial angle, 5 B-cun proximal to the prominence of the olecranon.",No changes needed.
TE 13,"On the posterior aspect of the arm, posteroinferior to the border of the deltoid muscle, 3 B-cun inferior to the acromial angle.","On the posterior aspect of the arm, posteroinferior to the border of the deltoid muscle, 3 B-cun inferior to the acromial angle.",No changes needed.
TE 14,"On the shoulder girdle, in the depression between the acromial angle and the greater tubercle of the humerus. Note: When the elbow is flexed and the arm is abducted, two depressions appear respectively anterior and posterior to the acromion. LI15 is located in the anterior one, deeper than the posterior one, in which tE14 is located.","On the shoulder girdle, in the depression between the acromial angle and the greater tubercle of the humerus.
- Note: When the elbow is flexed and the arm is abducted, two depressions appear respectively anterior and posterior to the acromion. LI 15 is located in the anterior one, deeper than the posterior one, in which TE 14 is located.",normalized acupoint code 'LI15' to 'LI 15'; normalized acupoint code 'tE14' to 'TE 14'; moved 'Note' to a new line prefixed with '- '.
TE 15,"In the scapular region, in the depression superior to the superior angle of the scapula. Note: With the upper limb hanging by the side of trunk in a seated position, TE15 is located midway between gB21 and SI13.","In the scapular region, in the depression superior to the superior angle of the scapula.
- Note: With the upper limb hanging by the side of trunk in a seated position, TE 15 is located midway between GB 21 and SI 13.",normalized acupoint code 'TE15' to 'TE 15'; normalized acupoint code 'gB21' to 'GB 21'; normalized acupoint code 'SI13' to 'SI 13'; moved 'Note' to a new line prefixed with '- '.
TE 16,"In the anterior region of the neck, at the same level as the angle of the mandible, in the depression posterior to the sternocleidomastoid muscle.","In the anterior region of the neck, at the same level as the angle of the mandible, in the depression posterior to the sternocleidomastoid muscle.",No changes needed.
TE 17,"In the anterior region of the neck, posterior to the ear lobe, in the depression anterior to the inferior end of the mastoid process.","In the anterior region of the neck, posterior to the ear lobe, in the depression anterior to the inferior end of the mastoid process.",No changes needed.
TE 18,"On the head, at the centre of the mastoid process, at the junction of the upper two thirds and lower one third of the curved line from tE17 to tE20.","On the head, at the centre of the mastoid process, at the junction of the upper two thirds and lower one third of the curved line from TE 17 to TE 20.",normalized acupoint code 'tE17' to 'TE 17'; normalized acupoint code 'tE20' to 'TE 20'.
TE 19,"On the head, at the junction of the upper one third and lower two thirds of the curved line from tE17 to tE20.","On the head, at the junction of the upper one third and lower two thirds of the curved line from TE 17 to TE 20.",normalized acupoint code 'tE17' to 'TE 17'; normalized acupoint code 'tE20' to 'TE 20'.
TE 20,"On the head, just superior to the auricular apex. Note: With the auricle folded forward and pressed against the head, the point is located where the auricular apex touches the head.","On the head, just superior to the auricular apex.
- Note: With the auricle folded forward and pressed against the head, the point is located where the auricular apex touches the head.",moved 'Note' to a new line prefixed with '- '.
TE 21,"On the face, in the depression between the supratragic notch and the condylar process of the mandible. Note: When the mouth is slightly opened, tE21 is located in the depression anterior to the supratragic notch, directly superior to SI19.","On the face, in the depression between the supratragic notch and the condylar process of the mandible.
- Note: When the mouth is slightly opened, TE 21 is located in the depression anterior to the supratragic notch, directly superior to SI 19.",normalized acupoint code 'tE21' to 'TE 21'; normalized acupoint code 'SI19' to 'SI 19'; moved 'Note' to a new line prefixed with '- '.
TE 22,"On the head, posterior to the temple hairline, anterior to the auricular root, posterior to the superficial temporal artery.","On the head, posterior to the temple hairline, anterior to the auricular root, posterior to the superficial temporal artery.",No changes needed.
TE 23,"On the head, in the depression at the lateral end of the eyebrow. Note: TE23 is superior to GB1.","On the head, in the depression at the lateral end of the eyebrow.
- Note: TE 23 is superior to GB 1.",normalized acupoint code 'TE23' to 'TE 23'; normalized acupoint code 'GB1' to 'GB 1'; moved 'Note' to a new line prefixed with '- '.
,,,
GB 1,"On the head, in the depression, 0.5 B-cun lateral to the outer canthus of the eye.","On the head, in the depression, 0.5 B-cun lateral to the outer canthus of the eye.",No changes needed.
GB 2,"On the face, in the depression between the intertragic notch and the condylar process of the mandible. Note: When the mouth is opened, GB2 is located in the depression anterior to the intertragic notch.","On the face, in the depression between the intertragic notch and the condylar process of the mandible.
- Note: When the mouth is opened, GB 2 is located in the depression anterior to the intertragic notch.",normalized acupoint code 'GB2' to 'GB 2'; moved 'Note' to a new line prefixed with '- '.
GB 3,"On the head, in the depression superior to the midpoint of the zygomatic arch Note: In the depression superior to the zygomatic arch, superior to St7.","On the head, in the depression superior to the midpoint of the zygomatic arch.
- Note: In the depression superior to the zygomatic arch, superior to ST 7.",normalized acupoint code 'St7' to 'ST 7'; inserted missing period and put 'Note' on a new line prefixed with '- '.
GB 4,"On the head, at the junction of the upper one fourth and lower three fourths of the curved line from St8 to gB7.","On the head, at the junction of the upper one fourth and lower three fourths of the curved line from ST 8 to GB 7.",normalized acupoint code 'St8' to 'ST 8'; normalized acupoint code 'gB7' to 'GB 7'.
GB 5,"On the head, at the midpoint of the curved line from St8 to gB7.","On the head, at the midpoint of the curved line from ST 8 to GB 7.",normalized acupoint code 'St8' to 'ST 8'; normalized acupoint code 'gB7' to 'GB 7'.
GB 6,"On the head, at the junction of the upper three fourths and lower one fourth of the curved line from St8 to gB7.","On the head, at the junction of the upper three fourths and lower one fourth of the curved line from ST 8 to GB 7.",normalized acupoint code 'St8' to 'ST 8'; normalized acupoint code 'gB7' to 'GB 7'.
GB 7,"On the head, at the junction of the vertical line of the posterior border of the temple hairline and the horizontal line of the apex of the auricle.","On the head, at the junction of the vertical line of the posterior border of the temple hairline and the horizontal line of the apex of the auricle.",No changes needed.
GB 8,"On the head, directly superior to the auricular apex, 1.5 B-cun superior to the temporal hairline. Note: Superior to TE20, 1.5 B-cun within the hairline, it is easier to palpate the point while the subject is chewing.","On the head, directly superior to the auricular apex, 1.5 B-cun superior to the temporal hairline.
- Note: Superior to TE 20, 1.5 B-cun within the hairline, it is easier to palpate the point while the subject is chewing.",normalized acupoint code 'TE20' to 'TE 20'; moved 'Note' to a new line prefixed with '- '.
GB 9,"On the head, directly superior to the posterior border of the auricular root, 2 B-cun superior to the hairline. Note: GB9 is 0.5 B-cun posterior to GB8.","On the head, directly superior to the posterior border of the auricular root, 2 B-cun superior to the hairline.
- Note: GB 9 is 0.5 B-cun posterior to GB 8.",normalized acupoint code 'GB9' to 'GB 9'; normalized acupoint code 'GB8' to 'GB 8'; moved 'Note' to a new line prefixed with '- '.
GB 10,"On the head, posterosuperior to the mastoid process, at the junction of the upper one third and lower two thirds of the curved line from gB9 to gB12. Note: Posterior to the auricular apex, 1 B-cun superior to the hairline.","On the head, posterosuperior to the mastoid process, at the junction of the upper one third and lower two thirds of the curved line from GB 9 to GB 12.
- Note: Posterior to the auricular apex, 1 B-cun superior to the hairline.",normalized acupoint code 'gB9' to 'GB 9'; normalized acupoint code 'gB12' to 'GB 12'; moved 'Note' to a new line prefixed with '- '.
GB 11,"On the head, posterior and superior to the mastoid process, at the junction of the up- per two thirds and lower one third of the curved line from gB 9 to gB12.","On the head, posterior and superior to the mastoid process, at the junction of the upper two thirds and lower one third of the curved line from GB 9 to GB 12.",rejoined split word 'up- per' into 'upper'; normalized acupoint code 'gB 9' to 'GB 9'; normalized acupoint code 'gB12' to 'GB 12'.
GB 12,"In the anterior region of the neck, in the depression posteroinferior to the mastoid process.","In the anterior region of the neck, in the depression posteroinferior to the mastoid process.",No changes needed.
GB 13,"On the head, 0.5 B-cun superior to the anterior hairline, 3 B-cun lateral to the anterior median line. Note: GB13 is at the junction of the medial two thirds and lateral one third of the curved line from gV24 to St8.","On the head, 0.5 B-cun superior to the anterior hairline, 3 B-cun lateral to the anterior median line.
- Note: GB 13 is at the junction of the medial two thirds and lateral one third of the curved line from GV 24 to ST 8.",normalized acupoint code 'GB13' to 'GB 13'; normalized acupoint code 'gV24' to 'GV 24'; normalized acupoint code 'St8' to 'ST 8'; moved 'Note' to a new line prefixed with '- '.
GB 14,"On the head, 1 B-cun superior to the eyebrow, directly superior to the centre of the pupil.","On the head, 1 B-cun superior to the eyebrow, directly superior to the centre of the pupil.",No changes needed.
GB 15,"On the head, 0.5 B-cun within the anterior hairline, directly superior to the centre of the pupil. Note: When looking straight ahead, GB15 is superior to the centre of the pupil, at the midpoint of the curved line from gV24 to St8.","On the head, 0.5 B-cun within the anterior hairline, directly superior to the centre of the pupil.
- Note: When looking straight ahead, GB 15 is superior to the centre of the pupil, at the midpoint of the curved line from GV 24 to ST 8.",normalized acupoint code 'GB15' to 'GB 15'; normalized acupoint code 'gV24' to 'GV 24'; normalized acupoint code 'St8' to 'ST 8'; moved 'Note' to a new line prefixed with '- '.
GB 16,"On the head, 1.5 B-cun within the anterior hairline, directly superior to the centre of the pupil. Note: GB16 is 1 B-cun superior to GB15.","On the head, 1.5 B-cun within the anterior hairline, directly superior to the centre of the pupil.
- Note: GB 16 is 1 B-cun superior to GB 15.",normalized acupoint code 'GB16' to 'GB 16'; normalized acupoint code 'GB15' to 'GB 15'; moved 'Note' to a new line prefixed with '- '.
GB 17,"On the head, 2.5 B-cun within the anterior hairline, directly superior to the centre of the pupil. Note: GB17 is 2 B-cun superior to GB15.","On the head, 2.5 B-cun within the anterior hairline, directly superior to the centre of the pupil.
- Note: GB 17 is 2 B-cun superior to GB 15.",normalized acupoint code 'GB17' to 'GB 17'; normalized acupoint code 'GB15' to 'GB 15'; moved 'Note' to a new line prefixed with '- '.
GB 18,"On the head, 4 B-cun within the anterior hairline, directly superior to the centre of the pupil. Note: GB18 is 1.5 B-cun posterior to gB17, at the same level as BL7.","On the head, 4 B-cun within the anterior hairline, directly superior to the centre of the pupil.
- Note: GB 18 is 1.5 B-cun posterior to GB 17, at the same level as BL 7.",normalized acupoint code 'GB18' to 'GB 18'; normalized acupoint code 'gB17' to 'GB 17'; normalized acupoint code 'BL7' to 'BL 7'; moved 'Note' to a new line prefixed with '- '.
GB 19,"On the head, at the same level as the supe- rior border of the external occipital protu- berance, directly superior to gB20. Note: GB19 is at the same level as GV17 and BL9.","On the head, at the same level as the superior border of the external occipital protuberance, directly superior to GB 20.
- Note: GB 19 is at the same level as GV 17 and BL 9.","rejoined split word 'protu- berance,' into 'protuberance,'; rejoined split word 'supe- rior' into 'superior'; normalized acupoint code 'gB20' to 'GB 20'; normalized acupoint code 'GB19' to 'GB 19'; normalized acupoint code 'GV17' to 'GV 17'; normalized acupoint code 'BL9' to 'BL 9'; moved 'Note' to a new line prefixed with '- '."
GB 20,"In the anterior region of the neck, inferior to the occipital bone, in the depression between the origins of sternocleidomastoid and the trapezius muscles. Note: GB20 is at the same level as GV16.","In the anterior region of the neck, inferior to the occipital bone, in the depression between the origins of sternocleidomastoid and the trapezius muscles.
- Note: GB 20 is at the same level as GV 16.",normalized acupoint code 'GB20' to 'GB 20'; normalized acupoint code 'GV16' to 'GV 16'; moved 'Note' to a new line prefixed with '- '.
GB 21,"In the posterior region of the neck, at the midpoint of the line connecting the spinous process of the seventh cervical vertebra (C7) with the lateral end of the acromion.","In the posterior region of the neck, at the midpoint of the line connecting the spinous process of the seventh cervical vertebra (C7) with the lateral end of the acromion.",No changes needed.
GB 22,"In the lateral thoracic region, in the fourth intercostal space, on the midaxillary line.","In the lateral thoracic region, in the fourth intercostal space, on the midaxillary line.",No changes needed.
GB 23,"In the lateral thoracic region, in the fourth intercostal space, 1 B-cun anterior to the midaxillary line.","In the lateral thoracic region, in the fourth intercostal space, 1 B-cun anterior to the midaxillary line.",No changes needed.
GB 24,"In the anterior thoracic region, in the sev- enth intercostal space, 4 B-cun lateral to the anterior median line. Note 1: GB 24 is inferior to the centre of the nipple, one rib inferior to LR 14. Note 2: In females, GB24 can be found at the intersection of the midclavicular line and the seventh intercostal space.","In the anterior thoracic region, in the seventh intercostal space, 4 B-cun lateral to the anterior median line.
- Note 1: GB 24 is inferior to the centre of the nipple, one rib inferior to LR 14.
- Note 2: In females, GB 24 can be found at the intersection of the midclavicular line and the seventh intercostal space.",rejoined split word 'sev- enth' into 'seventh'; normalized acupoint code 'GB24' to 'GB 24'; moved 'Note' to a new line prefixed with '- '.
GB 24 (Male),"In the anterior thoracic region, in the sev- enth intercostal space, 4 B-cun lateral to the anterior median line. Note 1: GB 24 is inferior to the centre of the nipple, one rib inferior to LR 14. Note 2: In females, GB24 can be found at the intersection of the midclavicular line and the seventh intercostal space.","In the anterior thoracic region, in the seventh intercostal space, 4 B-cun lateral to the anterior median line.
- Note 1: GB 24 is inferior to the centre of the nipple, one rib inferior to LR 14.
- Note 2: In females, GB 24 can be found at the intersection of the midclavicular line and the seventh intercostal space.",rejoined split word 'sev- enth' into 'seventh'; normalized acupoint code 'GB24' to 'GB 24'; moved 'Note' to a new line prefixed with '- '.
GB 24 (Female),"In the anterior thoracic region, in the sev- enth intercostal space, 4 B-cun lateral to the anterior median line. Note 1: GB 24 is inferior to the centre of the nipple, one rib inferior to LR 14. Note 2: In females, GB24 can be found at the intersection of the midclavicular line and the seventh intercostal space.","In the anterior thoracic region, in the seventh intercostal space, 4 B-cun lateral to the anterior median line.
- Note 1: GB 24 is inferior to the centre of the nipple, one rib inferior to LR 14.
- Note 2: In females, GB 24 can be found at the intersection of the midclavicular line and the seventh intercostal space.",rejoined split word 'sev- enth' into 'seventh'; normalized acupoint code 'GB24' to 'GB 24'; moved 'Note' to a new line prefixed with '- '.
GB 25,"On the lateral abdomen, inferior to the free extremity of the 12th rib. Note: GB 25 can be located while the subject is lying on the side with the shoulder flexed. The free extremity of the 12th rib can be palpated below the inferior border of the costal arch posterior to the posterior axillary line.","On the lateral abdomen, inferior to the free extremity of the 12th rib.
- Note: GB 25 can be located while the subject is lying on the side with the shoulder flexed. The free extremity of the 12th rib can be palpated below the inferior border of the costal arch posterior to the posterior axillary line.",moved 'Note' to a new line prefixed with '- '.
GB 26,"On the lateral abdomen, inferior to the free extremity of the 11th rib, at the same level as the centre of umbilicus. Note 1: GB26 can be located by first locat- ing the tenth rib, then searching for the free extremity of the 11th rib that is situated immediately below the inferior border of the costal arch. Note 2: GB 26 is inferior to LR 13, at the same level as CV 8.","On the lateral abdomen, inferior to the free extremity of the 11th rib, at the same level as the centre of umbilicus.
- Note 1: GB 26 can be located by first locating the tenth rib, then searching for the free extremity of the 11th rib that is situated immediately below the inferior border of the costal arch.
- Note 2: GB 26 is inferior to LR 13, at the same level as CV 8.",rejoined split word 'locat- ing' into 'locating'; normalized acupoint code 'GB26' to 'GB 26'; moved 'Note' to a new line prefixed with '- '.
GB 27,"On the lower abdomen, 3 B-cun inferior to the centre of umbilicus, medial to the anterior superior iliac spine. Note: GB 27 is 3 B-cun inferior to GB 26, at the same level as CV 4.","On the lower abdomen, 3 B-cun inferior to the centre of umbilicus, medial to the anterior superior iliac spine.
- Note: GB 27 is 3 B-cun inferior to GB 26, at the same level as CV 4.",moved 'Note' to a new line prefixed with '- '.
GB 28,"On the lower abdomen, 0.5 B-cun medioin- ferior to the anterior superior iliac spine. Note: GB28 is 0.5 B-cun medioinferior to gB27.","On the lower abdomen, 0.5 B-cun medioinferior to the anterior superior iliac spine.
- Note: GB 28 is 0.5 B-cun medioinferior to GB 27.",rejoined split word 'in- ferior' into 'inferior'; normalized acupoint code 'GB28' to 'GB 28'; normalized acupoint code 'gB27' to 'GB 27'; moved 'Note' to a new line prefixed with '- '.
GB 29,"In the buttock region, midpoint of the line connecting the anterior superior iliac spine and the prominence of the greater trochanter.","In the buttock region, midpoint of the line connecting the anterior superior iliac spine and the prominence of the greater trochanter.",No changes needed.
GB 30,"In the buttock region, at the junction of the lateral one third and medial two thirds of the line connecting the prominence of the greater trochanter with the sacral hiatus. Note: GB30 is easier to locate when the subject is lying on the side with the thigh flexed. Remarks: Alternative location for GB30 - in the buttock region, at the junction of the lateral one third and medial two thirds of the distance between the prominence of the greater trochanter and the anterior superior iliac spine.","In the buttock region, at the junction of the lateral one third and medial two thirds of the line connecting the prominence of the greater trochanter with the sacral hiatus.
- Note: GB 30 is easier to locate when the subject is lying on the side with the thigh flexed. Remarks: Alternative location for GB 30 - in the buttock region, at the junction of the lateral one third and medial two thirds of the distance between the prominence of the greater trochanter and the anterior superior iliac spine.",normalized acupoint code 'GB30' to 'GB 30'; moved 'Note' to a new line prefixed with '- '.
GB 31,"On the lateral aspect of the thigh, in the depression posterior to the iliotibial band where the tip of the middle finger rests, when standing up with the arms hanging alongside the thigh. Note: GB31 is located by first finding the iliotibial band when the knee is slightly flexed and the hip is abducted against resis- tance.","On the lateral aspect of the thigh, in the depression posterior to the iliotibial band where the tip of the middle finger rests, when standing up with the arms hanging alongside the thigh.
- Note: GB 31 is located by first finding the iliotibial band when the knee is slightly flexed and the hip is abducted against resistance.",rejoined split word 'resis- tance.' into 'resistance.'; normalized acupoint code 'GB31' to 'GB 31'; moved 'Note' to a new line prefixed with '- '.
GB 32,"On the lateral aspect of the thigh, posterior to the iliotibial band, 7 B-cun superior to the popliteal crease.","On the lateral aspect of the thigh, posterior to the iliotibial band, 7 B-cun superior to the popliteal crease.",No changes needed.
GB 33,"On the lateral aspect of the knee, in the depression between the biceps femoris tendon and the iliotibial band, posterior and proximal to the lateral epicondyle of the femur.","On the lateral aspect of the knee, in the depression between the biceps femoris tendon and the iliotibial band, posterior and proximal to the lateral epicondyle of the femur.",No changes needed.
GB 34,"On the fibular aspect of the leg, in the depression anterior and distal to the head of the fibula.","On the fibular aspect of the leg, in the depression anterior and distal to the head of the fibula.",No changes needed.
GB 35,"On the fibular aspect of the leg, posterior to the fibula, 7 B-cun proximal to the prominence of the lateral malleolus. Note: GB35 is located 1 B-cun distal to the midpoint of the line connecting the prominence of the lateral malleolus and the lateral end of the popliteal crease, posterior to gB36.","On the fibular aspect of the leg, posterior to the fibula, 7 B-cun proximal to the prominence of the lateral malleolus.
- Note: GB 35 is located 1 B-cun distal to the midpoint of the line connecting the prominence of the lateral malleolus and the lateral end of the popliteal crease, posterior to GB 36.",normalized acupoint code 'GB35' to 'GB 35'; normalized acupoint code 'gB36' to 'GB 36'; moved 'Note' to a new line prefixed with '- '.
GB 36,"On the fibular aspect of the leg, anterior to the fibula, 7 B-cun proximal to the prominence of the lateral malleolus. Note: GB36 is located 1 B-cun distal to the midpoint of the line connecting the prominence of the lateral malleolus and the lateral end of the popliteal crease, anterior to GB35.","On the fibular aspect of the leg, anterior to the fibula, 7 B-cun proximal to the prominence of the lateral malleolus.
- Note: GB 36 is located 1 B-cun distal to the midpoint of the line connecting the prominence of the lateral malleolus and the lateral end of the popliteal crease, anterior to GB 35.",normalized acupoint code 'GB36' to 'GB 36'; normalized acupoint code 'GB35' to 'GB 35'; moved 'Note' to a new line prefixed with '- '.
GB 37,"On the fibular aspect of the leg, anterior to the fibula, 5 B-cun proximal to the prominence of the lateral malleolus.","On the fibular aspect of the leg, anterior to the fibula, 5 B-cun proximal to the prominence of the lateral malleolus.",No changes needed.
GB 38,"On the fibular aspect of the leg, anterior to the fibula, 4 B-cun proximal to the prominence of the lateral malleolus.","On the fibular aspect of the leg, anterior to the fibula, 4 B-cun proximal to the prominence of the lateral malleolus.",No changes needed.
GB 39,"On the fibular aspect of the leg, anterior to the fibula, 3 B-cun proximal to the prominence of the lateral malleolus.","On the fibular aspect of the leg, anterior to the fibula, 3 B-cun proximal to the prominence of the lateral malleolus.",No changes needed.
GB 40,"On the anterolateral aspect of the ankle, in the depression lateral to the extensor digitorum longus tendon, anterior and distal to the lateral malleolus. Note: GB40 is easier to locate by finding the extensor digitorum longus tendon when the second to fifth toes are extended against resistance.","On the anterolateral aspect of the ankle, in the depression lateral to the extensor digitorum longus tendon, anterior and distal to the lateral malleolus.
- Note: GB 40 is easier to locate by finding the extensor digitorum longus tendon when the second to fifth toes are extended against resistance.",normalized acupoint code 'GB40' to 'GB 40'; moved 'Note' to a new line prefixed with '- '.
GB 41,"On the dorsum of the foot, distal to the junction of the bases of the fourth and fifth metatarsal bones, in the depression lateral to the fifth extensor digitorum longus tendon.","On the dorsum of the foot, distal to the junction of the bases of the fourth and fifth metatarsal bones, in the depression lateral to the fifth extensor digitorum longus tendon.",No changes needed.
GB 42,"On the dorsum of the foot, between the fourth and fifth metatarsal bones, in the depression proximal to the fourth metatarsophalangeal joint.","On the dorsum of the foot, between the fourth and fifth metatarsal bones, in the depression proximal to the fourth metatarsophalangeal joint.",No changes needed.
GB 43,"On the dorsum of the foot, between the fourth and fifth toes, proximal to the web margin, at the border between the red and white flesh.","On the dorsum of the foot, between the fourth and fifth toes, proximal to the web margin, at the border between the red and white flesh.",No changes needed.
GB 44,"On the fourth toe, lateral to the distal phalanx, 0.1 f-cun proximal to the lateral corner of the toenail, at the intersection of the vertical line of the lateral side of the nail and the horizontal line of the base of the fourth toenail.","On the fourth toe, lateral to the distal phalanx, 0.1 f-cun proximal to the lateral corner of the toenail, at the intersection of the vertical line of the lateral side of the nail and the horizontal line of the base of the fourth toenail.",No changes needed.
,,,
LR 1,"On the great toe, lateral to the distal phalanx, 0.1 f-cun proximal to the lateral corner of the toenail, at the intersection of the vertical line of the lateral side of the nail and the horizontal line of the base of the toenail.","On the great toe, lateral to the distal phalanx, 0.1 f-cun proximal to the lateral corner of the toenail, at the intersection of the vertical line of the lateral side of the nail and the horizontal line of the base of the toenail.",No changes needed.
LR 2,"On the dorsum of the foot, between the first and second toes, proximal to the web margin, at the border between the red and white flesh.","On the dorsum of the foot, between the first and second toes, proximal to the web margin, at the border between the red and white flesh.",No changes needed.
LR 3,"On the dorsum of the foot, between the first and second metatarsal bones, in the depression distal to the junction of the bases of the two bones, over the dorsalis pedis artery. Note: LR3 can be felt in the depression when moving proximally from Lr2 in the gap between the first and second metatarsal bones towards the base of two metatarsal bones.","On the dorsum of the foot, between the first and second metatarsal bones, in the depression distal to the junction of the bases of the two bones, over the dorsalis pedis artery.
- Note: LR 3 can be felt in the depression when moving proximally from LR 2 in the gap between the first and second metatarsal bones towards the base of two metatarsal bones.",normalized acupoint code 'LR3' to 'LR 3'; normalized acupoint code 'Lr2' to 'LR 2'; moved 'Note' to a new line prefixed with '- '.
LR 4,"On the anteromedial aspect of the ankle, in the depression medial to the tibialis anterior tendon, anterior to the medial malleolus. Note: LR4 is located midway between SP5 and St41.","On the anteromedial aspect of the ankle, in the depression medial to the tibialis anterior tendon, anterior to the medial malleolus.
- Note: LR 4 is located midway between SP 5 and ST 41.",normalized acupoint code 'LR4' to 'LR 4'; normalized acupoint code 'SP5' to 'SP 5'; normalized acupoint code 'St41' to 'ST 41'; moved 'Note' to a new line prefixed with '- '.
LR 5,"On the anteromedial aspect of the leg, at the centre of the medial border (surface) of the tibia, 5 B-cun proximal to the prominence of the medial malleolus. Note: LR5 is located at the same level as the upper two thirds and lower one third of the line connecting the apex of the patella with the prominence of the medial malleolus, at the centre of the medial border (surface) of the tibia, at the same level as KI9.","On the anteromedial aspect of the leg, at the centre of the medial border (surface) of the tibia, 5 B-cun proximal to the prominence of the medial malleolus.
- Note: LR 5 is located at the same level as the upper two thirds and lower one third of the line connecting the apex of the patella with the prominence of the medial malleolus, at the centre of the medial border (surface) of the tibia, at the same level as KI 9.",normalized acupoint code 'LR5' to 'LR 5'; normalized acupoint code 'KI9' to 'KI 9'; moved 'Note' to a new line prefixed with '- '.
LR 6,"On the anteromedial aspect of the leg, at the centre of the medial border (surface) of the tibia, 7 B-cun proximal to the prominence of the medial malleolus. Note: LR6 is located at 0.5 B-cun inferior to the midpoint of the line connecting the apex of the patella with the prominence of the medial malleolus, at the centre of the medial border (surface) of the tibia.","On the anteromedial aspect of the leg, at the centre of the medial border (surface) of the tibia, 7 B-cun proximal to the prominence of the medial malleolus.
- Note: LR 6 is located at 0.5 B-cun inferior to the midpoint of the line connecting the apex of the patella with the prominence of the medial malleolus, at the centre of the medial border (surface) of the tibia.",normalized acupoint code 'LR6' to 'LR 6'; moved 'Note' to a new line prefixed with '- '.
LR 7,"On the tibial aspect of the leg, inferior to the medial condyle of the tibia, 1 B-cun posterior to SP9.","On the tibial aspect of the leg, inferior to the medial condyle of the tibia, 1 B-cun posterior to SP 9.",normalized acupoint code 'SP9' to 'SP 9'.
LR 8,"On the medial aspect of the knee, in the depression medial to the tendons of the semitendinosus and the semimembranosus muscles, at the medial end of the popliteal crease. Note: With the knee flexed, LR8 is located in the depression medial to the most prominent tendon on the medial end of the popliteal crease.","On the medial aspect of the knee, in the depression medial to the tendons of the semitendinosus and the semimembranosus muscles, at the medial end of the popliteal crease.
- Note: With the knee flexed, LR 8 is located in the depression medial to the most prominent tendon on the medial end of the popliteal crease.",normalized acupoint code 'LR8' to 'LR 8'; moved 'Note' to a new line prefixed with '- '.
LR 9,"On the medial aspect of the thigh, between the gracilis and the sartorius muscles, 4 B- cun proximal to the base of the patella. Note: With the hip slightly flexed and ab- ducted and with the muscle under tension, the sartorius muscle becomes more distinct. Lr 9 is located posterior to the sartorius muscle.","On the medial aspect of the thigh, between the gracilis and the sartorius muscles, 4 B-cun proximal to the base of the patella.
- Note: With the hip slightly flexed and abducted and with the muscle under tension, the sartorius muscle becomes more distinct. LR 9 is located posterior to the sartorius muscle.",closed the erroneous space in 'B- cun' to 'B-cun'; rejoined split word 'ab- ducted' into 'abducted'; normalized acupoint code 'Lr 9' to 'LR 9'; moved 'Note' to a new line prefixed with '- '.
LR 10,"On the medial aspect of the thigh, 3 B-cun distal to St30, over the artery.","On the medial aspect of the thigh, 3 B-cun distal to ST 30, over the artery.",normalized acupoint code 'St30' to 'ST 30'.
LR 11,"On the medial aspect of the thigh, 2 B-cun distal to St30. Note: LR11 is located lateral to the ad- ductor longus muscle. When the thigh is adducted against resistance with the hip slightly flexed and abducted, the knee flexed, the adductor longus muscle becomes more distinct.","On the medial aspect of the thigh, 2 B-cun distal to ST 30.
- Note: LR 11 is located lateral to the adductor longus muscle. When the thigh is adducted against resistance with the hip slightly flexed and abducted, the knee flexed, the adductor longus muscle becomes more distinct.",rejoined split word 'ad- ductor' into 'adductor'; normalized acupoint code 'St30' to 'ST 30'; normalized acupoint code 'LR11' to 'LR 11'; moved 'Note' to a new line prefixed with '- '.
LR 12,"In the groin region, at the same level as the superior border of the pubic symphysis, and 2.5 B-cun lateral to the anterior median line.","In the groin region, at the same level as the superior border of the pubic symphysis, and 2.5 B-cun lateral to the anterior median line.",No changes needed.
LR 13,"On the lateral abdomen, inferior to the free extremity of the 11th rib. Note: LR13 can be located while the subject is lying on the side with the shoulder flexed. The free extremity of the 11th rib can be palpated below the inferior border of the costal arch.","On the lateral abdomen, inferior to the free extremity of the 11th rib.
- Note: LR 13 can be located while the subject is lying on the side with the shoulder flexed. The free extremity of the 11th rib can be palpated below the inferior border of the costal arch.",normalized acupoint code 'LR13' to 'LR 13'; moved 'Note' to a new line prefixed with '- '.
LR 14,"In the anterior thoracic region, in the sixth intercostal space, 4 B-cun lateral to the anterior median line. Note: LR 14 is inferior to the centre of the nipple, 2 B-cun lateral to St19. In females, LR 14 is located at the intersection of the midclavicular line and the sixth intercostal space.","In the anterior thoracic region, in the sixth intercostal space, 4 B-cun lateral to the anterior median line.
- Note: LR 14 is inferior to the centre of the nipple, 2 B-cun lateral to ST 19. In females, LR 14 is located at the intersection of the midclavicular line and the sixth intercostal space.",normalized acupoint code 'St19' to 'ST 19'; moved 'Note' to a new line prefixed with '- '.
LR 14 (Male),"In the anterior thoracic region, in the sixth intercostal space, 4 B-cun lateral to the anterior median line. Note: LR 14 is inferior to the centre of the nipple, 2 B-cun lateral to ST 19. In females, LR 14 is located at the intersection of the midclavicular line and the sixth intercostal space.","In the anterior thoracic region, in the sixth intercostal space, 4 B-cun lateral to the anterior median line.
- Note: LR 14 is inferior to the centre of the nipple, 2 B-cun lateral to ST 19. In females, LR 14 is located at the intersection of the midclavicular line and the sixth intercostal space.",moved 'Note' to a new line prefixed with '- '.
LR 14 (Female),"In the anterior thoracic region, in the sixth intercostal space, 4 B-cun lateral to the anterior median line. Note: LR 14 is inferior to the centre of the nipple, 2 B-cun lateral to ST 19. In females, LR 14 is located at the intersection of the midclavicular line and the sixth intercostal space.","In the anterior thoracic region, in the sixth intercostal space, 4 B-cun lateral to the anterior median line.
- Note: LR 14 is inferior to the centre of the nipple, 2 B-cun lateral to ST 19. In females, LR 14 is located at the intersection of the midclavicular line and the sixth intercostal space.",moved 'Note' to a new line prefixed with '- '.
,,,
GV 1,"In the perineal region, inferior to the coccyx, midway between the tip of the coccyx and the anus. Note: The subject may be in prone position or knee-chest position.","In the perineal region, inferior to the coccyx, midway between the tip of the coccyx and the anus.
- Note: The subject may be in prone position or knee-chest position.",moved 'Note' to a new line prefixed with '- '.
GV 2,"In the sacral region, at the sacral hiatus, on the posterior median line. Note: The sacral hiatus is a small depression immediately above the anal cleft.","In the sacral region, at the sacral hiatus, on the posterior median line.
- Note: The sacral hiatus is a small depression immediately above the anal cleft.",moved 'Note' to a new line prefixed with '- '.
GV 3,"In the lumbar region, in the depression inferior to the spinous process of the fourth lumbar vertebra (L4), on the posterior median line. Note: GV 3 can be located by first palpating the highest points of the iliac crests and the spinous process of the fourth lumbar vertebra (L4) can then be found at the midpoint of the highest points of both iliac crests.","In the lumbar region, in the depression inferior to the spinous process of the fourth lumbar vertebra (L4), on the posterior median line.
- Note: GV 3 can be located by first palpating the highest points of the iliac crests and the spinous process of the fourth lumbar vertebra (L4) can then be found at the midpoint of the highest points of both iliac crests.",moved 'Note' to a new line prefixed with '- '.
GV 4,"In the lumbar region, in the depression inferior to the spinous process of the second lumbar vertebra (L2), on the posterior median line.","In the lumbar region, in the depression inferior to the spinous process of the second lumbar vertebra (L2), on the posterior median line.",No changes needed.
GV 5,"In the lumbar region, in the depression inferior to the spinous process of the first lumbar vertebra (L1), on the posterior median line.","In the lumbar region, in the depression inferior to the spinous process of the first lumbar vertebra (L1), on the posterior median line.",No changes needed.
GV 6,"In the upper back region, in the depression inferior to the spinous process of the 11th thoracic vertebra (T11), on the posterior median line.","In the upper back region, in the depression inferior to the spinous process of the 11th thoracic vertebra (T11), on the posterior median line.",No changes needed.
GV 7,"In the upper back region, in the depression inferior to the spinous process of the tenth thoracic vertebra (T10), on the posterior median line.","In the upper back region, in the depression inferior to the spinous process of the tenth thoracic vertebra (T10), on the posterior median line.",No changes needed.
GV 8,"In the upper back region, in the depression inferior to the spinous process of the ninth thoracic vertebra (T9), on the posterior median line.","In the upper back region, in the depression inferior to the spinous process of the ninth thoracic vertebra (T9), on the posterior median line.",No changes needed.
GV 9,"In the upper back region, in the depression inferior to the spinous process of the seventh thoracic vertebra (T7), on the posterior median line. Note: The depression inferior to the spinous process of the seventh thoracic vertebra (T7) which is at the intersection of two imaginary lines: the posterior midline and the horizontal line of the inferior border of the inferior angle of the scapula.","In the upper back region, in the depression inferior to the spinous process of the seventh thoracic vertebra (T7), on the posterior median line.
- Note: The depression inferior to the spinous process of the seventh thoracic vertebra (T7) which is at the intersection of two imaginary lines: the posterior midline and the horizontal line of the inferior border of the inferior angle of the scapula.",moved 'Note' to a new line prefixed with '- '.
GV 10,"In the upper back region, in the depression inferior to the spinous process of the sixth thoracic vertebra (T6), on the posterior median line.","In the upper back region, in the depression inferior to the spinous process of the sixth thoracic vertebra (T6), on the posterior median line.",No changes needed.
GV 11,"In the upper back region, in the depression inferior to the spinous process of the fifth thoracic vertebra (T5), on the posterior median line.","In the upper back region, in the depression inferior to the spinous process of the fifth thoracic vertebra (T5), on the posterior median line.",No changes needed.
GV 12,"In the upper back region, in the depression inferior to the spinous process of the third thoracic vertebra (T3), on the posterior median line. Note: The depression inferior to the spinous process of the third thoracic vertebra (T3) which is at the intersection of two imaginary lines: the posterior median line and the horizontal line of the medial end of the spine of the scapula.","In the upper back region, in the depression inferior to the spinous process of the third thoracic vertebra (T3), on the posterior median line.
- Note: The depression inferior to the spinous process of the third thoracic vertebra (T3) which is at the intersection of two imaginary lines: the posterior median line and the horizontal line of the medial end of the spine of the scapula.",moved 'Note' to a new line prefixed with '- '.
GV 13,"In the upper back region, in the depression inferior to the spinous process of the first thoracic vertebra (T1), on the posterior median line.","In the upper back region, in the depression inferior to the spinous process of the first thoracic vertebra (T1), on the posterior median line.",No changes needed.
GV 14,"In the posterior region of the neck, in the depression inferior to the spinous process of the seventh cervical vertebra (C7), on the posterior median line. Note 1: When the head is in a neutral position while the subject is seated, the most prominent site on the posterior aspect of the neck is the spinous process of the seventh cervical vertebra (C7). Forward flexion of the neck may facilitate palpation of the C7 spinous process. Note 2: Slight rotation of C7 can be pal- pated by rotating the head with the neck slightly flexed.","In the posterior region of the neck, in the depression inferior to the spinous process of the seventh cervical vertebra (C7), on the posterior median line.
- Note 1: When the head is in a neutral position while the subject is seated, the most prominent site on the posterior aspect of the neck is the spinous process of the seventh cervical vertebra (C7). Forward flexion of the neck may facilitate palpation of the C7 spinous process.
- Note 2: Slight rotation of C7 can be palpated by rotating the head with the neck slightly flexed.",rejoined split word 'pal- pated' into 'palpated'; moved 'Note' to a new line prefixed with '- '.
GV 15,"In the posterior region of the neck, in the depression superior to the spinous process of the second cervical vertebra (C2), on the posterior median line. Note: After locating GV16, GV15 is located 0.5 B-cun inferior to GV16.","In the posterior region of the neck, in the depression superior to the spinous process of the second cervical vertebra (C2), on the posterior median line.
- Note: After locating GV 16, GV 15 is located 0.5 B-cun inferior to GV 16.",normalized acupoint code 'GV16' to 'GV 16'; normalized acupoint code 'GV15' to 'GV 15'; moved 'Note' to a new line prefixed with '- '.
GV 16,"In the posterior region of the neck, directly inferior to the external occipital protuberance, in the depression between the trapezius muscles. Note: With the head slightly extended in the seated position, loosen the trapezius muscle, then move superiorly from the midpoint of the posterior hairline to the occipital bone, gV16 will be found.","In the posterior region of the neck, directly inferior to the external occipital protuberance, in the depression between the trapezius muscles.
- Note: With the head slightly extended in the seated position, loosen the trapezius muscle, then move superiorly from the midpoint of the posterior hairline to the occipital bone, GV 16 will be found.",normalized acupoint code 'gV16' to 'GV 16'; moved 'Note' to a new line prefixed with '- '.
GV 17,"On the head, in the depression superior to the external occipital protuberance. Note: GV17 is located in the depression at the intersection of two imaginary lines: the vertical line of the posterior median line and the horizontal line of the superior border of the external occipital protuberance, at the same level as BL9.","On the head, in the depression superior to the external occipital protuberance.
- Note: GV 17 is located in the depression at the intersection of two imaginary lines: the vertical line of the posterior median line and the horizontal line of the superior border of the external occipital protuberance, at the same level as BL 9.",normalized acupoint code 'GV17' to 'GV 17'; normalized acupoint code 'BL9' to 'BL 9'; moved 'Note' to a new line prefixed with '- '.
GV 18,"On the head, 4 B-cun superior to the posterior hairline, on the posterior median line. Note: GV18 is located in the depression 1.5 B-cun superior to gV17.","On the head, 4 B-cun superior to the posterior hairline, on the posterior median line.
- Note: GV 18 is located in the depression 1.5 B-cun superior to GV 17.",normalized acupoint code 'GV18' to 'GV 18'; normalized acupoint code 'gV17' to 'GV 17'; moved 'Note' to a new line prefixed with '- '.
GV 19,"On the head, 5.5 B-cun superior to the posterior hairline, on the posterior median line. Note: GV19 is located 1.5 B-cun posterior to GV 20.","On the head, 5.5 B-cun superior to the posterior hairline, on the posterior median line.
- Note: GV 19 is located 1.5 B-cun posterior to GV 20.",normalized acupoint code 'GV19' to 'GV 19'; moved 'Note' to a new line prefixed with '- '.
GV 20,"On the head, 5 B-cun superior to the ante- rior hairline, on the anterior median line. Note 1: GV20 is located in the depression 1 B-cun anterior to the midpoint of the line from the anterior hairline to the posterior hairline. Note 2: When the ears are folded, GV 20 is located at the midpoint of the connecting line between the auricular apices.","On the head, 5 B-cun superior to the anterior hairline, on the anterior median line.
- Note 1: GV 20 is located in the depression 1 B-cun anterior to the midpoint of the line from the anterior hairline to the posterior hairline.
- Note 2: When the ears are folded, GV 20 is located at the midpoint of the connecting line between the auricular apices.",rejoined split word 'ante- rior' into 'anterior'; normalized acupoint code 'GV20' to 'GV 20'; moved 'Note' to a new line prefixed with '- '.
GV 21,"On the head, 3.5 B-cun superior to the anterior hairline, on the anterior median line. Note: GV21 is located at the midpoint of the line connecting GV 20 and GV 22.","On the head, 3.5 B-cun superior to the anterior hairline, on the anterior median line.
- Note: GV 21 is located at the midpoint of the line connecting GV 20 and GV 22.",normalized acupoint code 'GV21' to 'GV 21'; moved 'Note' to a new line prefixed with '- '.
GV 22,"On the head, 2 B-cun superior to the anterior hairline, on the anterior median line.","On the head, 2 B-cun superior to the anterior hairline, on the anterior median line.",No changes needed.
GV 23,"On the head, 1 B-cun superior to the anterior hairline, on the anterior median line.","On the head, 1 B-cun superior to the anterior hairline, on the anterior median line.",No changes needed.
GV 24,"On the head, 0.5 B-cun superior to the anterior hairline, on the anterior median line. Note: When the anterior hairline is unclear or changed, GV 24 is located 3.5 B-cun superior to the midpoint between the medial ends of the eyebrows.","On the head, 0.5 B-cun superior to the anterior hairline, on the anterior median line.
- Note: When the anterior hairline is unclear or changed, GV 24 is located 3.5 B-cun superior to the midpoint between the medial ends of the eyebrows.",moved 'Note' to a new line prefixed with '- '.
GV 25,"On the face, at the tip of the nose.","On the face, at the tip of the nose.",No changes needed.
GV 26,"On the face, at the midpoint of the philtrum midline. Remarks: Alternative location for GV26 at the junction of the upper one third and lower two thirds of the philtrum midline.","On the face, at the midpoint of the philtrum midline. Remarks: Alternative location for GV 26 at the junction of the upper one third and lower two thirds of the philtrum midline.",normalized acupoint code 'GV26' to 'GV 26'.
GV 27,"On the face, at the midpoint of the tubercle of the upper lip.","On the face, at the midpoint of the tubercle of the upper lip.",No changes needed.
GV 28,"On the face, at the junction of the frenulum of the upper lip with the upper gum. Note: With the head extended in the seated posture and the upper lip lifted, gV28 is located at the junction of the frenulum of the upper lip with the upper gum.","On the face, at the junction of the frenulum of the upper lip with the upper gum.
- Note: With the head extended in the seated posture and the upper lip lifted, GV 28 is located at the junction of the frenulum of the upper lip with the upper gum.",normalized acupoint code 'gV28' to 'GV 28'; moved 'Note' to a new line prefixed with '- '.
,,,
CV 1,"In the perineal region, at the midpoint of the line connecting the anus with the posterior border of the scrotum in males and the posterior commissure of labium majoris in females. Note: CV 1 is located midway between the anus and the genital organ, with the subject lying on the side or in knee-chest position.","In the perineal region, at the midpoint of the line connecting the anus with the posterior border of the scrotum in males and the posterior commissure of labium majoris in females.
- Note: CV 1 is located midway between the anus and the genital organ, with the subject lying on the side or in knee-chest position.",moved 'Note' to a new line prefixed with '- '.
CV 1 (Male),"In the perineal region, at the midpoint of the line connecting the anus with the posterior border of the scrotum in males and the posterior commissure of labium majoris in females. Note: CV 1 is located midway between the anus and the genital organ, with the subject lying on the side or in knee-chest position.","In the perineal region, at the midpoint of the line connecting the anus with the posterior border of the scrotum in males and the posterior commissure of labium majoris in females.
- Note: CV 1 is located midway between the anus and the genital organ, with the subject lying on the side or in knee-chest position.",moved 'Note' to a new line prefixed with '- '.
CV 1 (Female),"In the perineal region, at the midpoint of the line connecting the anus with the posterior border of the scrotum in males and the posterior commissure of labium majoris in females. Note: CV 1 is located midway between the anus and the genital organ, with the subject lying on the side or in knee-chest position.","In the perineal region, at the midpoint of the line connecting the anus with the posterior border of the scrotum in males and the posterior commissure of labium majoris in females.
- Note: CV 1 is located midway between the anus and the genital organ, with the subject lying on the side or in knee-chest position.",moved 'Note' to a new line prefixed with '- '.
CV 2,"On the lower abdomen, superior to the pubic symphysis, on the anterior median line.","On the lower abdomen, superior to the pubic symphysis, on the anterior median line.",No changes needed.
CV 3,"On the lower abdomen, 4 B-cun inferior to the centre of the umbilicus, on the anterior median line.","On the lower abdomen, 4 B-cun inferior to the centre of the umbilicus, on the anterior median line.",No changes needed.
CV 4,"On the lower abdomen, 3 B-cun inferior to the centre of the umbilicus, on the anterior median line.","On the lower abdomen, 3 B-cun inferior to the centre of the umbilicus, on the anterior median line.",No changes needed.
CV 5,"On the lower abdomen, 2 B-cun inferior to the centre of the umbilicus, on the anterior median line.","On the lower abdomen, 2 B-cun inferior to the centre of the umbilicus, on the anterior median line.",No changes needed.
CV 6,"On the lower abdomen, 1.5 B-cun inferior to the centre of the umbilicus, on the ante- rior median line.","On the lower abdomen, 1.5 B-cun inferior to the centre of the umbilicus, on the anterior median line.",rejoined split word 'ante- rior' into 'anterior'.
CV 7,"On the lower abdomen, 1 B-cun inferior to the centre of the umbilicus, on the anterior median line.","On the lower abdomen, 1 B-cun inferior to the centre of the umbilicus, on the anterior median line.",No changes needed.
CV 8,"On the upper abdomen, in the centre of the umbilicus.","On the upper abdomen, in the centre of the umbilicus.",No changes needed.
CV 9,"On the upper abdomen, 1 B-cun superior to the centre of the umbilicus, on the anterior median line.","On the upper abdomen, 1 B-cun superior to the centre of the umbilicus, on the anterior median line.",No changes needed.
CV 10,"On the upper abdomen, 2 B-cun superior to the centre of the umbilicus, on the anterior median line.","On the upper abdomen, 2 B-cun superior to the centre of the umbilicus, on the anterior median line.",No changes needed.
CV 11,"On the upper abdomen, 3 B-cun superior to the centre of the umbilicus, on the anterior median line.","On the upper abdomen, 3 B-cun superior to the centre of the umbilicus, on the anterior median line.",No changes needed.
CV 12,"On the upper abdomen, 4 B-cun superior to the centre of the umbilicus, on the anterior median line. Note: CV12 is located at the midpoint of the line connecting the xiphisternal junction and the centre of umbilicus.","On the upper abdomen, 4 B-cun superior to the centre of the umbilicus, on the anterior median line.
- Note: CV 12 is located at the midpoint of the line connecting the xiphisternal junction and the centre of umbilicus.",normalized acupoint code 'CV12' to 'CV 12'; moved 'Note' to a new line prefixed with '- '.
CV 13,"On the upper abdomen, 5 B-cun superior to the centre of the umbilicus, on the anterior median line.","On the upper abdomen, 5 B-cun superior to the centre of the umbilicus, on the anterior median line.",No changes needed.
CV 14,"On the upper abdomen, 6 B-cun superior to the centre of the umbilicus, on the anterior median line.","On the upper abdomen, 6 B-cun superior to the centre of the umbilicus, on the anterior median line.",No changes needed.
CV 15,"On the upper abdomen, 1 B-cun inferior to the xiphisternal junction, on the anterior median line.","On the upper abdomen, 1 B-cun inferior to the xiphisternal junction, on the anterior median line.",No changes needed.
CV 16,"In the anterior thoracic region, at the midpoint of the xiphisternal junction, on the anterior median line.","In the anterior thoracic region, at the midpoint of the xiphisternal junction, on the anterior median line.",No changes needed.
CV 17,"In the anterior thoracic region, at the same level as the fourth intercostal space, on the anterior median line.","In the anterior thoracic region, at the same level as the fourth intercostal space, on the anterior median line.",No changes needed.
CV 18,"In the anterior thoracic region, at the same level as the third intercostal space, on the anterior median line.","In the anterior thoracic region, at the same level as the third intercostal space, on the anterior median line.",No changes needed.
CV 19,"In the anterior thoracic region, at the same level as the second intercostal space, on the anterior median line.","In the anterior thoracic region, at the same level as the second intercostal space, on the anterior median line.",No changes needed.
CV 20,"In the anterior thoracic region, at the same level as the first intercostal space, on the anterior median line.","In the anterior thoracic region, at the same level as the first intercostal space, on the anterior median line.",No changes needed.
CV 21,"In the anterior thoracic region, 1 B-cun inferior to the suprasternal fossa, on the anterior median line. Note: CV21 is located 1 B-cun inferior to CV22.","In the anterior thoracic region, 1 B-cun inferior to the suprasternal fossa, on the anterior median line.
- Note: CV 21 is located 1 B-cun inferior to CV 22.",normalized acupoint code 'CV21' to 'CV 21'; normalized acupoint code 'CV22' to 'CV 22'; moved 'Note' to a new line prefixed with '- '.
CV 22,"In the anterior region of the neck, in the centre of the suprasternal fossa, on the anterior median line. Note: CV22 is located in the depression midway between the medial ends of each clavicle.","In the anterior region of the neck, in the centre of the suprasternal fossa, on the anterior median line.
- Note: CV 22 is located in the depression midway between the medial ends of each clavicle.",normalized acupoint code 'CV22' to 'CV 22'; moved 'Note' to a new line prefixed with '- '.
CV 23,"In the anterior region of the neck, superior to superior border to thyroid cartilage, in the depression superior to the hyoid bone, on the anterior median line. Note: With the head slightly extended, the hyoid tubercle can be palpated between the mandible and the thyroid cartilage.","In the anterior region of the neck, superior to superior border to thyroid cartilage, in the depression superior to the hyoid bone, on the anterior median line.
- Note: With the head slightly extended, the hyoid tubercle can be palpated between the mandible and the thyroid cartilage.",moved 'Note' to a new line prefixed with '- '.
CV 24,"On the face, in the depression in the centre of the mentolabial sulcus.","On the face, in the depression in the centre of the mentolabial sulcus.",No changes needed.
,,,
,,,
,,,
,,,
,,,
,,,
,,,
,,,
,,,
,,,
,,,
,,,
,,,
,,,
,,,