Label,Indications-extracted,indications-normalized,What Changed
LU 1,"Cough, asthma, pain in the chest, shoulder and back; fullness of the chest.","cough, asthma, pain in the chest, pain in the shoulder, pain in the back, fullness in the chest","Removed trailing period; split 'pain in the chest, shoulder and back' into 'pain in the chest, pain in the shoulder, pain in the back'."
LU 2,"Cough, asthma, pain in the chest, shoulder and arm, fullness in the chest.","cough, asthma, pain in the chest, pain in the shoulder, pain in the arm, fullness in the chest","Removed trailing period; split 'pain in the chest, shoulder and arm' into 'pain in the chest, pain in the shoulder, pain in the arm'."
LU 3,"Asthma, epistaxis, pain in the medial aspect of the upper arm.","asthma, epistaxis, pain in the medial aspect of the upper arm",Removed trailing period.
LU 4,"Cough, fullness in the chest, pain in the medial aspect of the upper arm.","cough, fullness in the chest, pain in the medial aspect of the upper arm",Removed trailing period.
LU 5,"Cough, hemoptysis, afternoon fever, asthma, sore throat, fullness in the chest, infantile convulsions, spasmodic pain of the elbow and arm, mastitis.","cough, hemoptysis, afternoon fever, asthma, sore throat, fullness in the chest, infantile convulsion, spasmodic pain of the elbow, spasmodic pain of the arm, mastitis","Removed trailing period; split 'spasmodic pain of the elbow and arm' into 'spasmodic pain of the elbow, spasmodic pain of the arm'."
LU 6,"Cough, pain in the chest, asthma, hemoptysis, sore throat, spasmodic pain of the elbow and arm.","cough, pain in the chest, asthma, hemoptysis, sore throat, spasmodic pain of the elbow, spasmodic pain of the arm","Removed trailing period; split 'spasmodic pain of the elbow and arm' into 'spasmodic pain of the elbow, spasmodic pain of the arm'."
LU 7,"Headache, migraine, neck rigidity, cough, asthma, sore throat, facial paralysis, toothache, pain and weakness of the wrist.","headache, migraine, neck rigidity, cough, asthma, sore throat, facial paralysis, toothache, pain in the wrist, weakness of the wrist","Removed trailing period; split 'pain and weakness of the wrist' into 'pain in the wrist, weakness of the wrist'."
LU 8,"Cough, asthma, fever, pain in the chest, sore throat, pain in the wrist.","cough, asthma, fever, pain in the chest, sore throat, pain in the wrist",Removed trailing period.
LU 9,"Cough, asthma, hemoptysis, sore throat, palpitation, pain in the chest, wrist and arm.","cough, asthma, hemoptysis, sore throat, palpitation, pain in the chest, pain in the wrist, pain in the arm","Removed trailing period; split 'pain in the chest, wrist and arm' into 'pain in the chest, pain in the wrist, pain in the arm'."
LU 10,"Cough,hemoptysis, sore throat, loss of voice, fever, feverish sensation in the palm. .","cough, hemoptysis, sore throat, loss of voice, fever, feverish sensation in the palm",Removed trailing period.
LU 11,"Sore throat, cough, asthma, epistaxis, fever, loss of consciousness, mania, spasmodic pain of the thumb.","sore throat, cough, asthma, epistaxis, fever, loss of consciousness, mania, spasmodic pain of the thumb",Removed trailing period.
,,,
LI 1,"Toothache, sore throat, swelling of the submandibular region, numbness of fingers, febrile diseases with anhidrosis, loss of consciousness.","toothache, sore throat, swelling of the submandibular region, numbness of fingers, febrile disease with anhidrosis, loss of consciousness",Removed trailing period.
LI 2,"Blurring of vision, Epistaxis, toothache, sore throat, febrile diseases.","blurred vision, epistaxis, toothache, sore throat, febrile disease",Removed trailing period.
LI 3,"Toothache, ophthalmalgia, sore throat, redness and swelling of fingers and the dorsum of the hand.","toothache, ophthalmalgia, sore throat, redness of fingers, swelling of fingers, redness of the dorsum of the hand, swelling of the dorsum of the hand",Removed trailing period; split 'redness and swelling of fingers and the dorsum of the hand' into separate condition/location combinations.
LI 4,"Headache, pain in the neck, redness, swelling and pain of the eye, epistaxis, nasal obstruction, rhinorrhea, toothache, deafness, swelling of the face, sore throat, parotitis, trismus, facial paralysis, febrile diseases with anhidrosis, hyperhidrosis, abdominal pain, dysentery, constipation, amenorrhea, delayed labour, infantile convulsion, pain, weakness and motor impairment of the upper limbs.","headache, pain in the neck, redness of the eye, swelling of the eye, pain in the eye, epistaxis, nasal obstruction, rhinorrhea, toothache, deafness, swelling of the face, sore throat, parotitis, trismus, facial paralysis, febrile disease with anhidrosis, hyperhidrosis, abdominal pain, dysentery, constipation, amenorrhea, delayed labor, infantile convulsion, pain in the upper limbs, weakness of the upper limbs, motor impairment of the upper limbs","Removed trailing period; split 'redness, swelling and pain of the eye' and 'pain, weakness and motor impairment of the upper limbs' into separate items."
LI 5,"Headache, redness, pain and swelling of the eye, toothache, sore throat, pain of the wrist.","headache, redness of the eye, pain in the eye, swelling of the eye, toothache, sore throat, pain in the wrist","Removed trailing period; split 'redness, pain and swelling of the eye' into separate items."
LI 6,"Redness of the eye, tinnitus, deafness, epistaxis, aching of the hand and arm, sore throat, edema.","redness of the eye, tinnitus, deafness, epistaxis, aching of the hand, aching of the arm, sore throat, edema","Removed trailing period; split 'aching of the hand and arm' into 'aching of the hand, aching of the arm'."
LI 7,"Headache, swelling of the face, sore throat, borborygmus, abdominal pain, aching of the shoulder and arm.","headache, swelling of the face, sore throat, borborygmus, abdominal pain, aching of the shoulder, aching of the arm","Removed trailing period; split 'aching of the shoulder and arm' into 'aching of the shoulder, aching of the arm'."
LI 8,"Abdominal pain, borborygmus, pain in the elbow and arm, motor impairment of the upper limbs.","abdominal pain, borborygmus, pain in the elbow, pain in the arm, motor impairment of the upper limbs","Removed trailing period; split 'pain in the elbow and arm' into 'pain in the elbow, pain in the arm'."
LI 9,"Aching of the shoulder and arm, motor impairment of the upper limbs, numbness of the hand and arm, borborygmus, abdominal pain.","aching of the shoulder, aching of the arm, motor impairment of the upper limbs, numbness of the hand, numbness of the arm, borborygmus, abdominal pain",Removed trailing period; split 'aching of the shoulder and arm' and 'numbness of the hand and arm' into separate items.
LI 10,"Abdominal pain, diarrhea, toothache, swelling of the cheek, motor impairment of the upper limbs, pain in the shoulder and back.","abdominal pain, diarrhea, toothache, swelling of the cheek, motor impairment of the upper limbs, pain in the shoulder, pain in the back","Removed trailing period; split 'pain in the shoulder and back' into 'pain in the shoulder, pain in the back'."
LI 11,"Sore throat, toothache, redness and pain of the eye, scrofula, urticaria, motor impairment of the upper extremities, abdominal pain, vomiting, diarrhea, febrile diseases.","sore throat, toothache, redness of the eye, pain in the eye, scrofula, urticaria, motor impairment of the upper extremities, abdominal pain, vomiting, diarrhea, febrile disease","Removed trailing period; split 'redness and pain of the eye' into 'redness of the eye, pain in the eye'."
LI 12,"Pain, numbness and contracture of the elbow and arm.","pain in the elbow, pain in the arm, numbness of the elbow, numbness of the arm, contracture of the elbow, contracture of the arm","Removed trailing period; split 'pain, numbness and contracture of the elbow and arm' into separate condition/location combinations."
LI 13,"Contracture and pain of the elbow and arm, scrofula.","contracture of the elbow, contracture of the arm, pain in the elbow, pain in the arm, scrofula",Removed trailing period; split 'contracture and pain of the elbow and arm' into separate condition/location combinations.
LI 14,"Pain in the shoulder and arm, rigidity of the neck, scrofula.","pain in the shoulder, pain in the arm, rigidity of the neck, scrofula","Removed trailing period; split 'pain in the shoulder and arm' into 'pain in the shoulder, pain in the arm'."
LI 15,"Pain in the shoulder and arm, motor impairment of the upper extremities, rubella, scrofula.","pain in the shoulder, pain in the arm, motor impairment of the upper extremities, rubella, scrofula","Removed trailing period; split 'pain in the shoulder and arm' into 'pain in the shoulder, pain in the arm'."
LI 16,"Pain and motor impairment of the upper extremities, pain in the shoulder and back.","pain in the upper extremities, motor impairment of the upper extremities, pain in the shoulder, pain in the back",Removed trailing period; split 'pain and motor impairment of the upper extremities' and 'pain in the shoulder and back' into separate items.
LI 17,"Sudden loss of voice, sore throat, scrofula, goiter.","sudden loss of voice, sore throat, scrofula, goiter",Removed trailing period.
LI 18,"Cough, asthma, sore throat, sudden loss of voice, scrofula, goiter.","cough, asthma, sore throat, sudden loss of voice, scrofula, goiter",Removed trailing period.
LI 19,"Nasal obstruction, epistaxis, deviation of the mouth.","nasal obstruction, epistaxis, deviation of the mouth",Removed trailing period.
LI 20,"Nasal obstruction, hyposmia, epistaxis, rhinorrhea, deviation of the mouth, itching and swelling of the face.","nasal obstruction, hyposmia, epistaxis, rhinorrhea, deviation of the mouth, itching of the face, swelling of the face","Removed trailing period; split 'itching and swelling of the face' into 'itching of the face, swelling of the face'."
,,,
ST 1,"Redness, swelling and pain of the eye, lacrimation, night blindness, eyelid twitching, facial paralysis/Bell palsy.","redness of the eye, swelling of the eye, pain in the eye, lacrimation, night blindness, eyelid twitching, facial paralysis (bell's palsy)","Removed trailing period; split 'redness, swelling and pain of the eye' into separate items."
ST 2,"Redness, pain and itching of the eye, facial paralysis, twitching of eye lids, pain in the face.","redness of the eye, pain in the eye, itching of the eye, facial paralysis, eyelid twitching, pain in the face","Removed trailing period; split 'redness, pain and itching of the eye' into separate items."
ST 3,"Facial paralysis, eyelid twitch, epistaxis, toothache, swelling of lips and cheek.","facial paralysis, eyelid twitching, epistaxis, toothache, swelling of the lips, swelling of the cheek","Removed trailing period; split 'swelling of lips and cheek' into 'swelling of the lips, swelling of the cheek'."
ST 4,"Deviation of the mouth, hypersalivation, eyelid twitching.","deviation of the mouth, hypersalivation, eyelid twitching",Removed trailing period.
ST 5,"Facial paralysis, trismus, swelling of the cheek, facial pain, toothache.","facial paralysis, trismus, swelling of the cheek, facial pain, toothache",Removed trailing period.
ST 6,"Facial paralysis, toothache, swelling of the cheek and face, mumps, trismus.","facial paralysis, toothache, swelling of the cheek, swelling of the face, mumps, trismus","Removed trailing period; split 'swelling of the cheek and face' into 'swelling of the cheek, swelling of the face'."
ST 7,"Deafness, tinnitus, otorrhea, toothache, facial paralysis, pain of the face, motor impairment of the jaw.","deafness, tinnitus, otorrhea, toothache, facial paralysis, pain of the face, motor impairment of the jaw",Removed trailing period.
ST 8,"Headache, blurring of vision, ophthalmalgia, lacrimation.","headache, blurred vision, ophthalmalgia, lacrimation",Removed trailing period.
ST 9,"Sore throat, asthma, goiter, dizziness, flushing of the face.","sore throat, asthma, goiter, dizziness, flushing of the face",Removed trailing period.
ST 10,"Sore throat, asthma, cough.","sore throat, asthma, cough",Removed trailing period.
ST 11,"Sore throat, pain and rigidity of the neck, asthma, hiccup, goiter.","sore throat, pain in the neck, rigidity of the neck, asthma, hiccup, goiter","Removed trailing period; split 'pain and rigidity of the neck' into 'pain in the neck, rigidity of the neck'."
ST 12,"Cough, asthma, sore throat, pain in the supraclavicular fossa.","cough, asthma, sore throat, pain in the supraclavicular fossa",Removed trailing period.
ST 13,"Fullness in the chest, asthma, cough, hiccup, chest pain and hypochondriac pain.","fullness in the chest, asthma, cough, hiccup, chest pain, hypochondriac pain","Removed trailing period; split 'chest pain and hypochondriac pain' into 'chest pain, hypochondriac pain'."
ST 14,"Sensation of fullness in the chest, chest pain, cough.","sensation of fullness in the chest, chest pain, cough",Removed trailing period.
ST 15,"Fullness and pain in the chest and the costal region, cough, asthma, mastitis.","fullness in the chest, fullness in the costal region, pain in the chest, pain in the costal region, cough, asthma, mastitis",Removed trailing period; split 'fullness and pain in the chest and the costal region' into separate condition/location combinations.
ST 16,"Fullness and pain in the chest and hypochondrium, cough, asthma, mastitis.","fullness in the chest, fullness in the hypochondrium, pain in the chest, pain in the hypochondrium, cough, asthma, mastitis",Removed trailing period; split 'fullness and pain in the chest and hypochondrium' into separate condition/location combinations.
ST 17,,,
ST 17 (Male),,,
ST 17 (Female),,,
ST 18,"Pain in the chest, cough, asthma, mastitis, insufficient lactation.","pain in the chest, cough, asthma, mastitis, insufficient lactation",Removed trailing period.
ST 18 (Male),"Pain in the chest, cough, asthma, mastitis, insufficient lactation.","pain in the chest, cough, asthma, mastitis, insufficient lactation",Removed trailing period.
ST 18 (Female),"Pain in the chest, cough, asthma, mastitis, insufficient lactation.","pain in the chest, cough, asthma, mastitis, insufficient lactation",Removed trailing period.
ST 19,"Abdominal distension, vomiting, gastric pain, anorexia.","abdominal distension, vomiting, gastric pain, anorexia",Removed trailing period.
ST 20,"Gastric pain, abdominal distension, vomiting, anorexia.","gastric pain, abdominal distension, vomiting, anorexia",Removed trailing period.
ST 21,"Gastric pain, vomiting, anorexia, abdominal distension, diarrhea.","gastric pain, vomiting, anorexia, abdominal distension, diarrhea",Removed trailing period.
ST 22,"Abdominal distension and pain, anorexia, borborygmus, diarrhea, edema.","abdominal distension, abdominal pain, anorexia, borborygmus, diarrhea, edema","Removed trailing period; split 'abdominal distension and pain' into 'abdominal distension, abdominal pain'."
ST 23,"Gastric pain, irritability, mania, indigestion.","gastric pain, irritability, mania, indigestion",Removed trailing period.
ST 24,"Gastric pain, vomiting, mania.","gastric pain, vomiting, mania",Removed trailing period.
ST 25,"Abdominal pain and distension, borborygmus, pain around the umbilicus, constipation, diarrhea, dysentery, irregular menstruation, edema.","abdominal pain, abdominal distension, borborygmus, pain around the umbilicus, constipation, diarrhea, dysentery, irregular menstruation, edema","Removed trailing period; split 'abdominal pain and distension' into 'abdominal pain, abdominal distension'."
ST 26,"Abdominal pain, hernia, dysmenorrhea.","abdominal pain, hernia, dysmenorrhea",Removed trailing period.
ST 27,"Lower abdominal distension, dysuria, hernia, seminal emission, premature ejaculation.","lower abdominal distension, dysuria, hernia, seminal emission, premature ejaculation",Removed trailing period.
ST 28,"Lower abdominal distension, retention of urine, edema, hernia, dysmenorrhea, sterility.","lower abdominal distension, retention of urine, edema, hernia, dysmenorrhea, sterility",Removed trailing period.
ST 29,"Abdominal pain, hernia, dysmenorrhea, irregular menstruation, amenorrhea, leucorrhea, prolapse of the uterus.","abdominal pain, hernia, dysmenorrhea, irregular menstruation, amenorrhea, leukorrhea, prolapse of the uterus",Removed trailing period.
ST 30,"Abdominal pain, borborygmus, hernia, swelling and pain of the external genitalia, impotence, dysmenorrhea, irregular menstruation.","abdominal pain, borborygmus, hernia, swelling of the external genitalia, pain in the external genitalia, impotence, dysmenorrhea, irregular menstruation",Removed trailing period; split 'swelling and pain of the external genitalia' into separate items.
ST 31,"Pain in the thigh, muscular atrophy, motor impairment, numbness and pain of the lower extremities.","pain in the thigh, muscular atrophy of the lower extremities, motor impairment of the lower extremities, numbness of the lower extremities, pain in the lower extremities","Removed trailing period; split 'muscular atrophy, motor impairment, numbness and pain of the lower extremities' into separate items."
ST 32,"Pain in the lumbar and iliac region, coldness of the knee, paralysis or motor impairment and pain of the lower extremities, beriberi.","pain in the lumbar region, pain in the iliac region, coldness of the knee, paralysis in the lower extremities, motor impairment of the lower extremities, pain in the lower extremities, beriberi",Removed trailing period; split 'pain in the lumbar and iliac region' and 'paralysis or motor impairment and pain of the lower extremities' into separate items.
ST 33,"Numbness, soreness, motor impairment of the leg and knee, motor impairment of the lower extremities.","numbness of the leg, numbness of the knee, soreness of the leg, soreness of the knee, motor impairment of the leg, motor impairment of the knee, motor impairment of the lower extremities","Removed trailing period; split 'numbness, soreness, motor impairment of the leg and knee' into separate items."
ST 34,"Pain and numbness of the knee, gastric pain, mastitis, motor impairment of the lower extremities.","pain in the knee, numbness of the knee, gastric pain, mastitis, motor impairment of the lower extremities","Removed trailing period; split 'pain and numbness of the knee' into 'pain in the knee, numbness of the knee'."
ST 35,"Pain, numbness and motor impairment of the knee, beriberi.","pain in the knee, numbness of the knee, motor impairment of the knee, beriberi","Removed trailing period; split 'pain, numbness and motor impairment of the knee' into separate items."
ST 36,"Gastric pain, vomiting, hiccup, abdominal distension, borborygmus, diarrhea, dysentery, constipation, mastitis, enteritis, aching of the knee joint and leg, beriberi, edema, cough, asthma, emaciation due to general deficiency, indigestion, apoplexy, hemiplegia, dizziness, insomnia, mania.","gastric pain, vomiting, hiccup, abdominal distension, borborygmus, diarrhea, dysentery, constipation, mastitis, enteritis, aching of the knee joint, aching of the leg, beriberi, edema, cough, asthma, emaciation due to general deficiency, indigestion, apoplexy, hemiplegia, dizziness, insomnia, mania","Removed trailing period; split 'aching of the knee joint and leg' into 'aching of the knee joint, aching of the leg'."
ST 37,"Abdominal pain and distension, borborygmus, diarrhea, dysentery, constipation, enteritis, paralysis due to stroke, beriberi.","abdominal pain, abdominal distension, borborygmus, diarrhea, dysentery, constipation, enteritis, paralysis due to stroke, beriberi","Removed trailing period; split 'abdominal pain and distension' into 'abdominal pain, abdominal distension'."
ST 38,"Numbness, soreness and pain of the knee and leg, weakness and motor impairment of the foot, pain and motor impairment of the shoulder, abdominal pain.","numbness of the knee, numbness of the leg, soreness of the knee, soreness of the leg, pain in the knee, pain in the leg, weakness of the foot, motor impairment of the foot, pain in the shoulder, motor impairment of the shoulder, abdominal pain","Removed trailing period; split 'numbness, soreness and pain of the knee and leg', 'weakness and motor impairment of the foot', and 'pain and motor impairment of the shoulder' into separate items."
ST 39,"Lower abdominal pain, backache referring to the testis, mastitis, numbness and paralysis of the lower extremities.","lower abdominal pain, backache referring to the testis, mastitis, numbness of the lower extremities, paralysis in the lower extremities",Removed trailing period; split 'numbness and paralysis of the lower extremities' into separate items.
ST 40,"Headache, dizziness and vertigo, cough, asthma, excessive sputum, pain in the chest, constipation, mania, epilepsy, muscular atrophy, motor impairment, pain, swelling or paralysis of the lower extremities.","headache, dizziness, vertigo, cough, asthma, excessive sputum, pain in the chest, constipation, mania, epilepsy, muscular atrophy of the lower extremities, motor impairment of the lower extremities, pain in the lower extremities, swelling of the lower extremities, paralysis in the lower extremities","Removed trailing period; split 'dizziness and vertigo' and 'muscular atrophy, motor impairment, pain, swelling or paralysis of the lower extremities' into separate items."
ST 41,"Pain of the ankle joint, muscular atrophy, motor impairment, pain and paralysis of the lower extremities, epilepsy, headache, dizziness and vertigo, abdominal distension, constipation.","pain of the ankle joint, muscular atrophy of the lower extremities, motor impairment of the lower extremities, pain in the lower extremities, paralysis in the lower extremities, epilepsy, headache, dizziness, vertigo, abdominal distension, constipation","Removed trailing period; split 'muscular atrophy, motor impairment, pain and paralysis of the lower extremities' and 'dizziness and vertigo' into separate items."
ST 42,"Pain of the upper teeth, redness and swelling of the dorsum of the foot, facial paralysis, muscular atrophy and motor impairment of the foot.","pain of the upper teeth, redness of the dorsum of the foot, swelling of the dorsum of the foot, facial paralysis, muscular atrophy of the foot, motor impairment of the foot",Removed trailing period; split 'redness and swelling of the dorsum of the foot' and 'muscular atrophy and motor impairment of the foot' into separate items.
ST 43,"Facial or general edema, abdominal pain, borborygmus, swelling and pain of the dorsum of the foot.","facial edema, general edema, abdominal pain, borborygmus, swelling of the dorsum of the foot, pain in the dorsum of the foot",Removed trailing period; split 'facial or general edema' and 'swelling and pain of the dorsum of the foot' into separate items.
ST 44,"Toothache, pain in the face, deviation of the mouth, sore throat, epistaxis, gastric pain, acid regurgitation, abdominal distension, diarrhea, dysentery, constipation, swelling and pain of the dorsum of the foot, febrile diseases.","toothache, pain in the face, deviation of the mouth, sore throat, epistaxis, gastric pain, acid regurgitation, abdominal distension, diarrhea, dysentery, constipation, swelling of the dorsum of the foot, pain in the dorsum of the foot, febrile disease",Removed trailing period; split 'swelling and pain of the dorsum of the foot' into separate items.
ST 45,"Facial swelling, deviation of the mouth, epistaxis, toothache, sore throat and hoarse voice, abdominal distension, coldness in the leg and foot, febrile diseases, dream-disturbed sleep, mania.","facial swelling, deviation of the mouth, epistaxis, toothache, sore throat, hoarse voice, abdominal distension, coldness in the leg, coldness in the foot, febrile disease, dream-disturbed sleep, mania",Removed trailing period; split 'sore throat and hoarse voice' and 'coldness in the leg and foot' into separate items.
,,,
SP 1,"Abdominal distension, bloody stools, menorrhagia, uterine bleeding, mental disorders, dream disturbed sleep, convulsion.","abdominal distension, bloody stools, menorrhagia, uterine bleeding, mental disorder, dream-disturbed sleep, convulsion",Removed trailing period.
SP 2,"Abdominal distension, gastric pain, constipation, febrile diseases with anhidrosis.","abdominal distension, gastric pain, constipation, febrile disease with anhidrosis",Removed trailing period.
SP 3,"Gastric pain, abdominal distension, constipation, dysentery, vomiting diarrhea, borborygmus, sluggishness, beriberi.","gastric pain, abdominal distension, constipation, dysentery, vomiting, diarrhea, borborygmus, sluggishness, beriberi","Removed trailing period; inserted comma in 'vomiting diarrhea' to read 'vomiting, diarrhea'."
SP 4,"Gastric pain, vomiting, abdominal pain and distension, diarrhea, dysentery, borborygmus.","gastric pain, vomiting, abdominal pain, abdominal distension, diarrhea, dysentery, borborygmus","Removed trailing period; split 'abdominal pain and distension' into 'abdominal pain, abdominal distension'."
SP 5,"Abdominal distension, constipation, diarrhea, borborygmus, pain and rigidity of the tongue, pain in the foot and ankle, hemorrhoid.","abdominal distension, constipation, diarrhea, borborygmus, pain in the tongue, rigidity of the tongue, pain in the foot, pain in the ankle, hemorrhoids",Removed trailing period; split 'pain and rigidity of the tongue' and 'pain in the foot and ankle' into separate items.
SP 6,"Abdominal pain, borborygmus, abdominal distension, diarrhea, dysmenorrhea, irregular menstruation, uterine bleeding, morbid leukorrhea, prolapse of the uterus, infertility, delayed labour, nocturnal emission, impotence, enuresis, dysuria, edema, hernia, pain in the external genitalia, muscular atrophy, motor impairment, paralysis and pain of the lower extremities, headache, dizziness and vertigo, insomnia.","abdominal pain, borborygmus, abdominal distension, diarrhea, dysmenorrhea, irregular menstruation, uterine bleeding, morbid leukorrhea, prolapse of the uterus, infertility, delayed labor, nocturnal emission, impotence, enuresis, dysuria, edema, hernia, pain in the external genitalia, muscular atrophy of the lower extremities, motor impairment of the lower extremities, paralysis in the lower extremities, pain in the lower extremities, headache, dizziness, vertigo, insomnia","Removed trailing period; split 'muscular atrophy, motor impairment, paralysis and pain of the lower extremities' and 'dizziness and vertigo' into separate items."
SP 7,"Abdominal distension, borborygmus, coldness, numbness and paralysis of the knee and leg.","abdominal distension, borborygmus, coldness of the knee, coldness of the leg, numbness of the knee, numbness of the leg, paralysis in the knee, paralysis in the leg","Removed trailing period; split 'coldness, numbness and paralysis of the knee and leg' into separate items."
SP 8,"Abdominal pain and distension, diarrhea, edema, dysuria, nocturnal emission, irregular menstruation, dysmenorrhea.","abdominal pain, abdominal distension, diarrhea, edema, dysuria, nocturnal emission, irregular menstruation, dysmenorrhea","Removed trailing period; split 'abdominal pain and distension' into 'abdominal pain, abdominal distension'."
SP 9,"Abdominal pain and distension, diarrhea, dysentery, edema, jaundice, dysuria, enuresis, urinary incontinence, pain in the external genitalia, dysmenorrhea, pain in the knee.","abdominal pain, abdominal distension, diarrhea, dysentery, edema, jaundice, dysuria, enuresis, urinary incontinence, pain in the external genitalia, dysmenorrhea, pain in the knee","Removed trailing period; split 'abdominal pain and distension' into 'abdominal pain, abdominal distension'."
SP 10,"Irregular menstruation, dysmenorrhea, uterine bleeding, amenorrhea, urticaria, eczema, erysipelas, pain in the medial aspect of the thigh.","irregular menstruation, dysmenorrhea, uterine bleeding, amenorrhea, urticaria, eczema, erysipelas, pain in the medial aspect of the thigh",Removed trailing period.
SP 11,"Dysuria, enuresis, pain and swelling in the inguinal region, muscular atrophy, motor impairment, pain and paralysis of the lower extremities.","dysuria, enuresis, pain in the inguinal region, swelling in the inguinal region, muscular atrophy of the lower extremities, motor impairment of the lower extremities, pain in the lower extremities, paralysis in the lower extremities","Removed trailing period; split 'pain and swelling in the inguinal region' and 'muscular atrophy, motor impairment, pain and paralysis of the lower extremities' into separate items."
SP 12,"Abdominal pain, hernia, dysuria.","abdominal pain, hernia, dysuria",Removed trailing period.
SP 13,"Lower abdominal pain, hernia.","lower abdominal pain, hernia",Removed trailing period.
SP 14,"Pain around the umbilical region, abdominal distension, hernia, diarrhea, constipation.","pain around the umbilical region, abdominal distension, hernia, diarrhea, constipation",Removed trailing period.
SP 15,"Abdominal pain and distension, diarrhea, dysentery, constipation.","abdominal pain, abdominal distension, diarrhea, dysentery, constipation","Removed trailing period; split 'abdominal pain and distension' into 'abdominal pain, abdominal distension'."
SP 16,"Abdominal pain, indigestion, constipation, dysentery.","abdominal pain, indigestion, constipation, dysentery",Removed trailing period.
SP 17,Fullness and pain in the chest and hypochondriac region.,"fullness in the chest, fullness in the hypochondriac region, pain in the chest, pain in the hypochondriac region",Removed trailing period; split 'fullness and pain in the chest and hypochondriac region' into separate condition/location combinations.
SP 18,"Fullness and pain in the chest and hypochondrium, cough, hiccup, mastitis, insufficient lactation.","fullness in the chest, fullness in the hypochondrium, pain in the chest, pain in the hypochondrium, cough, hiccup, mastitis, insufficient lactation",Removed trailing period; split 'fullness and pain in the chest and hypochondrium' into separate condition/location combinations.
SP 19,Fullness and pain in the chest and hypochondriac region.,"fullness in the chest, fullness in the hypochondriac region, pain in the chest, pain in the hypochondriac region",Removed trailing period; split 'fullness and pain in the chest and hypochondriac region' into separate condition/location combinations.
SP 20,"Fullness in the chest and hypochondriac region, cough, hiccup.","fullness in the chest, fullness in the hypochondriac region, cough, hiccup","Removed trailing period; split 'fullness in the chest and hypochondriac region' into 'fullness in the chest, fullness in the hypochondriac region'."
SP 21,"Pain in the chest and hypochondriac region, asthma, general aching and weakness.","pain in the chest, pain in the hypochondriac region, asthma, general aching, general weakness",Removed trailing period; split 'pain in the chest and hypochondriac region' and 'general aching and weakness' into separate items.
,,,
HT 1,"Pain in the costal and cardiac regions, scrofula, cold pain of the elbow and arm, dryness of the throat.","pain in the costal region, pain in the cardiac region, scrofula, cold pain of the elbow, cold pain of the arm, dryness of the throat",Removed trailing period; split 'pain in the costal and cardiac regions' and 'cold pain of the elbow and arm' into separate items.
HT 2,"Pain in the cardiac and hypochondriac regions, shoulder and arm.","pain in the cardiac region, pain in the hypochondriac region, pain in the shoulder, pain in the arm","Removed trailing period; split 'pain in the cardiac and hypochondriac regions, shoulder and arm' into separate items."
HT 3,"Cardiac pain, spasmodic pain and numbness of the hand and arm, tremor of the hand, scrofula, pain in the axilla and hypochondriac region.","cardiac pain, spasmodic pain of the hand, spasmodic pain of the arm, numbness of the hand, numbness of the arm, tremor of the hand, scrofula, pain in the axilla, pain in the hypochondriac region",Removed trailing period; split 'spasmodic pain and numbness of the hand and arm' and 'pain in the axilla and hypochondriac region' into separate items.
HT 4,"Cardiac pain, spasmodic pain of the elbow and arm, sudden loss of voice.","cardiac pain, spasmodic pain of the elbow, spasmodic pain of the arm, sudden loss of voice",Removed trailing period; split 'spasmodic pain of the elbow and arm' into separate items.
HT 5,"Palpitation, dizziness, blurring of vision, sore throat, sudden loss of voice, aphasia with stiffness of the tongue, pain in the wrist and elbow.","palpitation, dizziness, blurred vision, sore throat, sudden loss of voice, aphasia with stiffness of the tongue, pain in the wrist, pain in the elbow","Removed trailing period; split 'pain in the wrist and elbow' into 'pain in the wrist, pain in the elbow'."
HT 6,"Cardiac pain, hysteria, night sweating, hemoptysis, epistaxis, sudden loss of voice.","cardiac pain, hysteria, night sweat, hemoptysis, epistaxis, sudden loss of voice",Removed trailing period.
HT 7,"Cardiac pain, irritability, palpitation, hysteria, amnesia, insomnia, mania, epilepsy, dementia, pain in the hypochondriac region, feverish sensation in the palm, yellowish sclera.","cardiac pain, irritability, palpitation, hysteria, amnesia, insomnia, mania, epilepsy, dementia, pain in the hypochondriac region, feverish sensation in the palm, yellowish sclera",Removed trailing period.
HT 8,"Palpitation, pain in the chest, spasmodic pain of the little finger, feverish sensation in the palm, enuresis, dysuria, pruritus of the external genitalia.","palpitation, pain in the chest, spasmodic pain of the little finger, feverish sensation in the palm, enuresis, dysuria, pruritus of the external genitalia",Removed trailing period.
HT 9,"Palpitation, cardiac pain, pain in the chest and hypochondriac regions, mania, febrile diseases, loss of consciousness.","palpitation, cardiac pain, pain in the chest, pain in the hypochondriac region, mania, febrile disease, loss of consciousness",Removed trailing period; split 'pain in the chest and hypochondriac regions' into separate items.
,,,
SI 1,"Headache, febrile diseases, loss of consciousness, insufficient lactation, sore throat, redness of the eye, cloudiness of the cornea.","headache, febrile disease, loss of consciousness, insufficient lactation, sore throat, redness of the eye, cloudiness of the cornea",Removed trailing period.
SI 2,"Numbness of the fingers, febrile diseases, tinnitus, headache, reddish urine.","numbness of the fingers, febrile disease, tinnitus, headache, reddish urine",Removed trailing period.
SI 3,"Pain and rigidity of the neck, tinnitus, deafness, sore throat, mania, malaria, acute lumbar sprain, night sweating, febrile diseases, contracture and numbness of the fingers, pain in the shoulder and elbow.","pain in the neck, rigidity of the neck, tinnitus, deafness, sore throat, mania, malaria, acute lumbar sprain, night sweat, febrile disease, contracture of the fingers, numbness of the fingers, pain in the shoulder, pain in the elbow","Removed trailing period; split 'pain and rigidity of the neck', 'contracture and numbness of the fingers', and 'pain in the shoulder and elbow' into separate items."
SI 4,"Febrile diseases with anhidrosis, headache, rigidity of the neck, contracture of the fingers, pain in the wrist, jaundice.","febrile disease with anhidrosis, headache, rigidity of the neck, contracture of the fingers, pain in the wrist, jaundice",Removed trailing period.
SI 5,"Swelling of the neck and submandibular region, pain of the hand and wrist, febrile diseases.","swelling of the neck, swelling of the submandibular region, pain of the hand, pain of the wrist, febrile disease",Removed trailing period; split 'swelling of the neck and submandibular region' and 'pain of the hand and wrist' into separate items.
SI 6,"Blurring of vision, pain in the shoulder, elbow and arm.","blurred vision, pain in the shoulder, pain in the elbow, pain in the arm","Removed trailing period; split 'pain in the shoulder, elbow and arm' into separate items."
SI 7,"Neck rigidity, headache, dizziness, spasmodic pain in the elbow and fingers, febrile diseases, mania.","neck rigidity, headache, dizziness, spasmodic pain in the elbow, spasmodic pain in the fingers, febrile disease, mania",Removed trailing period; split 'spasmodic pain in the elbow and fingers' into separate items.
SI 8,"Headache, swelling of the cheek, pain in the nape, shoulder, arm and elbow, epilepsy.","headache, swelling of the cheek, pain in the nape, pain in the shoulder, pain in the arm, pain in the elbow, epilepsy","Removed trailing period; split 'pain in the nape, shoulder, arm and elbow' into separate items."
SI 9,"Pain in the scapular region, motor impairment of the hand and arm.","pain in the scapular region, motor impairment of the hand, motor impairment of the arm",Removed trailing period; split 'motor impairment of the hand and arm' into separate items.
SI 10,"Swelling of the shoulder, aching and weakness of the shoulder and arm.","swelling of the shoulder, aching of the shoulder, aching of the arm, weakness of the shoulder, weakness of the arm",Removed trailing period; split 'aching and weakness of the shoulder and arm' into separate condition/location combinations.
SI 11,"Pain in the scapular region, pain in the lateroposterior aspect of the elbow and arm, asthma.","pain in the scapular region, pain in the lateroposterior aspect of the elbow, pain in the lateroposterior aspect of the arm, asthma",Removed trailing period; split 'pain in the lateroposterior aspect of the elbow and arm' into separate items.
SI 12,"Pain in the scapular region, numbness and aching of the upper extremities, motor impairment of the shoulder and arm.","pain in the scapular region, numbness of the upper extremities, aching of the upper extremities, motor impairment of the shoulder, motor impairment of the arm",Removed trailing period; split 'numbness and aching of the upper extremities' and 'motor impairment of the shoulder and arm' into separate items.
SI 13,Pain and stiffness of the scapular region.,"pain in the scapular region, stiffness of the scapular region",Removed trailing period; split 'pain and stiffness of the scapular region' into separate items.
SI 14,"Aching of the shoulder and back, pain and rigidity of the neck.","aching of the shoulder, aching of the back, pain in the neck, rigidity of the neck",Removed trailing period; split 'aching of the shoulder and back' and 'pain and rigidity of the neck' into separate items.
SI 15,,,
SI 16,"Sore throat, sudden loss of voice, deafness, tinnitus, stiffness and pain of the neck.","sore throat, sudden loss of voice, deafness, tinnitus, stiffness of the neck, pain in the neck","Removed trailing period; split 'stiffness and pain of the neck' into 'stiffness of the neck, pain in the neck'."
SI 17,"Deafness, tinnitus, sore throat, swelling of the cheek, foreign body sensation in the throat, goiter.","deafness, tinnitus, sore throat, swelling of the cheek, foreign body sensation in the throat, goiter",Removed trailing period.
SI 18,"Facial paralysis, twitching of eyelids, pain in the face, toothache, swelling of the cheek, yellowish sclera.","facial paralysis, eyelid twitching, pain in the face, toothache, swelling of the cheek, yellowish sclera",Removed trailing period.
SI 19,"Deafness, tinnitus, otorrhea, motor impairment of the mandibular joint, toothache.","deafness, tinnitus, otorrhea, motor impairment of the mandibular joint, toothache",Removed trailing period.
,,,
BL 1,"Redness, swelling and pain of the eye, itching of the canthus, lacrimation, night blindness, color blindness, blurring of vision, myopia.","redness of the eye, swelling of the eye, pain in the eye, itching of the canthus, lacrimation, night blindness, color blindness, blurred vision, myopia","Removed trailing period; split 'redness, swelling and pain of the eye' into separate items."
BL 2,"Headache, blurring and failing of vision, pain in the supraorbital region, lacrimation, redness, swelling and pain of the eye, twitching of eyelids, glaucoma.","headache, blurred vision, failing vision, pain in the supraorbital region, lacrimation, redness of the eye, swelling of the eye, pain in the eye, eyelid twitching, glaucoma","Removed trailing period; split 'blurred and failing vision' and 'redness, swelling and pain of the eye' into separate items."
BL 3,"Headache, giddiness, epilepsy, nasal obstruction.","headache, giddiness, epilepsy, nasal obstruction",Removed trailing period.
BL 4,"Headache, nasal obstruction, epistaxis, blurring and failing of vision.","headache, nasal obstruction, epistaxis, blurred vision, failing vision","Removed trailing period; split 'blurred and failing vision' into 'blurred vision, failing vision'."
BL 5,"Headache, blurring of vision, epilepsy, convulsion.","headache, blurred vision, epilepsy, convulsion",Removed trailing period.
BL 6,"Headache, blurring of vision, nasal obstruction.","headache, blurred vision, nasal obstruction",Removed trailing period.
BL 7,"Headache, giddiness, nasal obstruction, epistaxis, rhinorrhea.","headache, giddiness, nasal obstruction, epistaxis, rhinorrhea",Removed trailing period.
BL 8,"Dizziness, blurring of vision, tinnitus, mania.","dizziness, blurred vision, tinnitus, mania",Removed trailing period.
BL 9,"Headache and neck pain, dizziness, ophthalmalgia, nasal obstruction.","headache, neck pain, dizziness, ophthalmalgia, nasal obstruction","Removed trailing period; split 'headache and neck pain' into 'headache, neck pain'."
BL 10,"Headache, nasal obstruction, sore throat, neck rigidity, pain in the shoulder and back.","headache, nasal obstruction, sore throat, neck rigidity, pain in the shoulder, pain in the back",Removed trailing period; split 'pain in the shoulder and back' into separate items.
BL 11,"Headache, pain in the neck and back, pain and soreness in the scapular region, cough, fever, neck rigidity.","headache, pain in the neck, pain in the back, pain in the scapular region, soreness in the scapular region, cough, fever, neck rigidity",Removed trailing period; split 'pain in the neck and back' and 'pain and soreness in the scapular region' into separate items.
BL 12,"Common cold, cough, fever and headache, neck rigidity, backache.","common cold, cough, fever, headache, neck rigidity, backache","Removed trailing period; split 'fever and headache' into 'fever, headache'."
BL 13,"Cough, asthma, chest pain, spitting of blood, afternoon fever, night sweating.","cough, asthma, chest pain, spitting of blood, afternoon fever, night sweat",Removed trailing period.
BL 14,"Cough, cardiac pain, palpitation, stuffy chest, vomiting.","cough, cardiac pain, palpitation, stuffy chest, vomiting",Removed trailing period.
BL 15,"Cardiac pain, panic, loss of memory, palpitation, cough, spitting of blood, nocturnal emission, night sweating, mania, epilepsy.","cardiac pain, panic, loss of memory, palpitation, cough, spitting of blood, nocturnal emission, night sweat, mania, epilepsy",Removed trailing period.
BL 16,,,
BL 17,"Vomiting, hiccup, belching, difficulty in swallowing, asthma, cough, spitting of blood, afternoon fever, night sweating, measles.","vomiting, hiccup, belching, difficulty in swallowing, asthma, cough, spitting of blood, afternoon fever, night sweat, measles",Removed trailing period.
BL 18,"Jaundice, pain in the hypochondriac region, redness of the eye, blurring of vision, night blindness, mental disorders, epilepsy, backache, spitting of blood, epistaxis.","jaundice, pain in the hypochondriac region, redness of the eye, blurred vision, night blindness, mental disorder, epilepsy, backache, spitting of blood, epistaxis",Removed trailing period.
BL 19,"Jaundice, bitter taste of the mouth, pain in the chest and hypochondriac region, pulmonary tuberculosis, afternoon fever.","jaundice, bitter taste of the mouth, pain in the chest, pain in the hypochondriac region, pulmonary tuberculosis, afternoon fever",Removed trailing period; split 'pain in the chest and hypochondriac region' into separate items.
BL 20,"Epigastric pain, abdominal distension, jaundice, vomiting, diarrhea, dysentery, bloody stools, profuse menstruation, edema, anorexia, backache.","epigastric pain, abdominal distension, jaundice, vomiting, diarrhea, dysentery, bloody stools, profuse menstruation, edema, anorexia, backache",Removed trailing period.
BL 21,"Pain in the chest and hypochondriac and epigastric regions, anorexia, abdominal distension, borborygmus, diarrhea, nausea, vomiting.","pain in the chest, pain in the hypochondriac region, pain in the epigastric region, anorexia, abdominal distension, borborygmus, diarrhea, nausea, vomiting",Removed trailing period; split 'pain in the chest and hypochondriac and epigastric regions' into separate items.
BL 22,"Borborygmus, abdominal distension, indigestion, vomiting, diarrhea, dysentery, edema, pain and stiffness of the lower back.","borborygmus, abdominal distension, indigestion, vomiting, diarrhea, dysentery, edema, pain in the lower back, stiffness of the lower back",Removed trailing period; split 'pain and stiffness of the lower back' into separate items.
BL 23,"Nocturnal emission, impotence, enuresis, irregular menstruation, leukorrhea, low back pain, weakness of the knee, blurring of vision, dizziness, tinnitus, deafness, edema, asthma, diarrhea.","nocturnal emission, impotence, enuresis, irregular menstruation, leukorrhea, low back pain, weakness of the knee, blurred vision, dizziness, tinnitus, deafness, edema, asthma, diarrhea",Removed trailing period.
BL 24,"Low back pain, irregular menstruation, dysmenorrhea, asthma.","low back pain, irregular menstruation, dysmenorrhea, asthma",Removed trailing period.
BL 25,"Low back pain, borborygmus, abdominal distension, diarrhea, constipation, muscular atrophy, pain, numbness and motor impairment of the lower extremities, sciatica.","low back pain, borborygmus, abdominal distension, diarrhea, constipation, muscular atrophy of the lower extremities, pain in the lower extremities, numbness of the lower extremities, motor impairment of the lower extremities, sciatica","Removed trailing period; split 'muscular atrophy, pain, numbness and motor impairment of the lower extremities' into separate items."
BL 26,,,
BL 27,,,
BL 28,,,
BL 29,"Dysentery, hernia, stiffness and pain of the lower back.","dysentery, hernia, stiffness of the lower back, pain in the lower back",Removed trailing period; split 'stiffness and pain of the lower back' into separate items.
BL 30,"Enuresis, pain due to hernia, morbid leukorrhea, irregular menstruation, cold sensation and pain of the lower back, dysuria, constipation, tenesmus, prolapse of the rectum.","enuresis, pain due to hernia, morbid leukorrhea, irregular menstruation, cold sensation of the lower back, pain in the lower back, dysuria, constipation, tenesmus, prolapse of the rectum",Removed trailing period; split 'cold sensation and pain of the lower back' into separate items.
BL 31,"Low back pain, dysuria, constipation, irregular menstruation, morbid leukorrhea, prolapse of the uterus.","low back pain, dysuria, constipation, irregular menstruation, morbid leukorrhea, prolapse of the uterus",Removed trailing period.
BL 32,"Low back pain, hernia, irregular menstruation, leukorrhea, dysmenorrhea, nocturnal emission, impotence, enuresis, dysuria, muscular atrophy, pain, numbness and motor impairment of the lower extremities.","low back pain, hernia, irregular menstruation, leukorrhea, dysmenorrhea, nocturnal emission, impotence, enuresis, dysuria, muscular atrophy of the lower extremities, pain in the lower extremities, numbness of the lower extremities, motor impairment of the lower extremities","Removed trailing period; split 'muscular atrophy, pain, numbness and motor impairment of the lower extremities' into separate items."
BL 33,"Low back pain, constipation, diarrhea, dysuria, irregular menstruation, morbid leukorrhea.","low back pain, constipation, diarrhea, dysuria, irregular menstruation, morbid leukorrhea",Removed trailing period.
BL 34,"Low back pain, lower abdominal pain, dysuria, constipation, morbid leukorrhea.","low back pain, lower abdominal pain, dysuria, constipation, morbid leukorrhea",Removed trailing period.
BL 35,"Dysentery, bloody stools, diarrhea, hemorrhoids, impotence, morbid leukorrhea.","dysentery, bloody stools, diarrhea, hemorrhoids, impotence, morbid leukorrhea",Removed trailing period.
BL 36,"Pain in the lower back and gluteal region, constipation, muscular atrophy, pain, numbness and motor impairment of the lower extremities.","pain in the lower back, pain in the gluteal region, constipation, muscular atrophy of the lower extremities, pain in the lower extremities, numbness of the lower extremities, motor impairment of the lower extremities","Removed trailing period; split 'pain in the lower back and gluteal region' and 'muscular atrophy, pain, numbness and motor impairment of the lower extremities' into separate items."
BL 37,"Pain in the lower back and thigh, muscular atrophy, pain, numbness and motor impairment of the lower extremities, hemiplegia.","pain in the lower back, pain in the thigh, muscular atrophy of the lower extremities, pain in the lower extremities, numbness of the lower extremities, motor impairment of the lower extremities, hemiplegia","Removed trailing period; split 'pain in the lower back and thigh' and 'muscular atrophy, pain, numbness and motor impairment of the lower extremities' into separate items."
BL 38,"Numbness of the gluteal and femoral regions, contracture of the tendons in the popliteal fossa.","numbness of the gluteal region, numbness of the femoral region, contracture of the tendons in the popliteal fossa",Removed trailing period; split 'numbness of the gluteal and femoral regions' into separate items.
BL 39,"Stiffness and pain of the lower back, distension and fullness of the lower abdomen, edema, dysuria, cramp of the leg and foot.","stiffness of the lower back, pain in the lower back, distension of the lower abdomen, fullness of the lower abdomen, edema, dysuria, cramp of the leg, cramp of the foot","Removed trailing period; split 'stiffness and pain of the lower back', 'distension and fullness of the lower abdomen', and 'cramp of the leg and foot' into separate items."
BL 40,"Low back pain, motor impairment of the hip joint, contracture of the tendons in the popliteal fossa, muscular atrophy, pain, numbness and motor impairment of the lower extremities, hemiplegia, abdominal pain, vomiting, diarrhea, erysipelas.","low back pain, motor impairment of the hip joint, contracture of the tendons in the popliteal fossa, muscular atrophy of the lower extremities, pain in the lower extremities, numbness of the lower extremities, motor impairment of the lower extremities, hemiplegia, abdominal pain, vomiting, diarrhea, erysipelas","Removed trailing period; split 'muscular atrophy, pain, numbness and motor impairment of the lower extremities' into separate items."
BL 41,"Stiffness and pain of the shoulder, back and neck, numbness of the elbow and arm.","stiffness of the shoulder, stiffness of the back, stiffness of the neck, pain in the shoulder, pain in the back, pain in the neck, numbness of the elbow, numbness of the arm","Removed trailing period; split 'stiffness and pain of the shoulder, back and neck' and 'numbness of the elbow and arm' into separate items."
BL 42,"Pulmonary tuberculosis, hemoptysis, cough, asthma, neck rigidity, pain in the shoulder and back.","pulmonary tuberculosis, hemoptysis, cough, asthma, neck rigidity, pain in the shoulder, pain in the back",Removed trailing period; split 'pain in the shoulder and back' into separate items.
BL 43,"Pulmonary tuberculosis, cough, asthma, spitting of blood, night sweating, poor memory, nocturnal emisSIon.","pulmonary tuberculosis, cough, asthma, spitting of blood, night sweat, poor memory, nocturnal emission",Removed trailing period.
BL 44,"Asthma, cardiac pain, palpitation, stuffy chest, cough, stiffness and pain of the back.","asthma, cardiac pain, palpitation, stuffy chest, cough, stiffness of the back, pain in the back",Removed trailing period; split 'stiffness and pain of the back' into separate items.
BL 45,"Cough, asthma, pain of the shoulder and back.","cough, asthma, pain in the shoulder, pain in the back",Removed trailing period; split 'pain of the shoulder and back' into separate items.
BL 46,"Dysphagia, hiccup, vomiting, belching, pain and stiffness of the back.","dysphagia, hiccup, vomiting, belching, pain in the back, stiffness of the back",Removed trailing period; split 'pain and stiffness of the back' into separate items.
BL 47,"Pain in the chest and hypochondriac region, back pain, vomiting, diarrhea.","pain in the chest, pain in the hypochondriac region, back pain, vomiting, diarrhea",Removed trailing period; split 'pain in the chest and hypochondriac region' into separate items.
BL 48,"Borborygmus, abdominal pain, diarrhea, pain in the hypochondriac region, jaundice.","borborygmus, abdominal pain, diarrhea, pain in the hypochondriac region, jaundice",Removed trailing period.
BL 49,"Abdominal distension, borborygmus, vomiting, diarrhea, difficulty in swallowing.","abdominal distension, borborygmus, vomiting, diarrhea, difficulty in swallowing",Removed trailing period.
BL 50,"Abdominal distension, pain in the epigastric region and back, infantile indigestion.","abdominal distension, pain in the epigastric region, pain in the back, infantile indigestion",Removed trailing period; split 'pain in the epigastric region and back' into separate items.
BL 51,"Abdominal pain, constipation, abdominal mass.","abdominal pain, constipation, abdominal mass",Removed trailing period.
BL 52,"Nocturnal emission, impotence, enuresis, frequency of urination, dysuria, irregular menstruation, pain in the back and knee, edema.","nocturnal emission, impotence, enuresis, frequency of urination, dysuria, irregular menstruation, pain in the back, pain in the knee, edema",Removed trailing period; split 'pain in the back and knee' into separate items.
BL 53,"Borborygmus, abdominal distension, pain in the lower back, anuria.","borborygmus, abdominal distension, pain in the lower back, anuria",Removed trailing period.
BL 54,"Pain in the lumbosacral region, muscular atrophy, motor impairment of the lower extremities, dysuria, swelling around external genitalia, hemorrhoids, constipation.","pain in the lumbosacral region, muscular atrophy, motor impairment of the lower extremities, dysuria, swelling around external genitalia, hemorrhoids, constipation",Removed trailing period.
BL 55,"Low back pain, pain and paralysis of the lower extremities.","low back pain, pain in the lower extremities, paralysis in the lower extremities",Removed trailing period; split 'pain and paralysis of the lower extremities' into separate items.
BL 56,"Spasm of the gastrocnemius, hemorrhoids, acute lower back pam.","spasm of the gastrocnemius, hemorrhoids, acute lower back pain",Removed trailing period.
BL 57,"Low back pain, spasm of the gastrocnemius, hemorrhoids, constipation, beriberi.","low back pain, spasm of the gastrocnemius, hemorrhoids, constipation, beriberi",Removed trailing period.
BL 58,"Headache, blurring of vision, nasal obstruction, epistaxis, back pain, hemorrhoids, weakness of the leg.","headache, blurred vision, nasal obstruction, epistaxis, back pain, hemorrhoids, weakness of the leg",Removed trailing period.
BL 59,"Heavy sensation of the head, headache, low back pain, redness and swelling of the external malleolus, paralysis of the lower extremities.","heavy sensation of the head, headache, low back pain, redness of the external malleolus, swelling of the external malleolus, paralysis in the lower extremities",Removed trailing period; split 'redness and swelling of the external malleolus' into separate items.
BL 60,"Headache, blurring of vision, neck rigidity, epistaxis, pain in the shoulder, back and arm, swelling and pain of the heel, difficult labour, epilepsy.","headache, blurred vision, neck rigidity, epistaxis, pain in the shoulder, pain in the back, pain in the arm, swelling of the heel, pain in the heel, difficult labor, epilepsy","Removed trailing period; split 'pain in the shoulder, back and arm' and 'swelling and pain of the heel' into separate items."
BL 61,"Muscular atrophy and weakness of the lower extremities, pain in the heel.","muscular atrophy of the lower extremities, weakness of the lower extremities, pain in the heel",Removed trailing period; split 'muscular atrophy and weakness of the lower extremities' into separate items.
BL 62,"Epilepsy, mania, headache, dizziness, insomnia, backache, aching of the leg.","epilepsy, mania, headache, dizziness, insomnia, backache, aching of the leg",Removed trailing period.
BL 63,"Mania, epilepsy, infantile convulsion, backache, pain the external malleolus, motor impairment and pain of the lower extremities.","mania, epilepsy, infantile convulsion, backache, pain in the external malleolus, motor impairment of the lower extremities, pain in the lower extremities",Removed trailing period; split 'motor impairment and pain of the lower extremities' into separate items.
BL 64,"Headache, neck rigidity, pain in the lower back and thigh, epilepsy.","headache, neck rigidity, pain in the lower back, pain in the thigh, epilepsy",Removed trailing period; split 'pain in the lower back and thigh' into separate items.
BL 65,"Mania, headache, neck rigidity, blurring of vision, backache, pain in the lower extremities.","mania, headache, neck rigidity, blurred vision, backache, pain in the lower extremities",Removed trailing period.
BL 66,"Headache, neck rigidity, blurring of vision, epistaxis, mania.","headache, neck rigidity, blurred vision, epistaxis, mania",Removed trailing period.
BL 67,"Headache, nasal obstruction, epistaxis, ophthalmalgia, malposition of fetus, difficult labour, detention of after birth, feverish sensation in the sole.","headache, nasal obstruction, epistaxis, ophthalmalgia, malposition of fetus, difficult labor, detention of after birth, feverish sensation in the sole",Removed trailing period.
,,,
KI 1,"Headache, blurring of vision, dizziness, sore throat, dryness of the tongue, loss of voice, dysuria, infantile, convulsions, feverish sensation in the sole, loss of consciousness.","headache, blurred vision, dizziness, sore throat, dryness of the tongue, loss of voice, dysuria, infantile convulsion, feverish sensation in the sole, loss of consciousness",Removed trailing period.
KI 2,"Pruritus vulvae, prolapse of uterus, irregular menstruation, nocturnal emission, hemoptysis, thirst, diarrhea, swelling and pain of the dorsum of foot, acute infantile omphalitis.","pruritus vulvae, prolapse of the uterus, irregular menstruation, nocturnal emission, hemoptysis, thirst, diarrhea, swelling of the dorsum of foot, pain in the dorsum of foot, acute infantile omphalitis",Removed trailing period; split 'swelling and pain of the dorsum of foot' into separate items.
KI 3,"Sore throat, toothache, deafness, tinnitus, dizziness, spitting of blood, asthma, thirst, irregular menstruation, insomnia, nocturnal emission, impotence, frequency of micturition, pain in the lower back.","sore throat, toothache, deafness, tinnitus, dizziness, spitting of blood, asthma, thirst, irregular menstruation, insomnia, nocturnal emission, impotence, frequency of micturition, pain in the lower back",Removed trailing period.
KI 4,"Spitting of blood, asthma, stiffness and pain of the lower back, dysuria, constipation, pain in the heel, dementia.","spitting of blood, asthma, stiffness of the lower back, pain in the lower back, dysuria, constipation, pain in the heel, dementia",Removed trailing period; split 'stiffness and pain of the lower back' into separate items.
KI 5,"Amenorrhea, irregular menstruation, dysmenorrhea, prolapse of uterus, dysuria, blurring of vision.","amenorrhea, irregular menstruation, dysmenorrhea, prolapse of the uterus, dysuria, blurred vision",Removed trailing period.
KI 6,"Irregular menstruation, morbid leukorrhea, prolapse of uterus, pruritus vulvae, frequency of micturition, retention of urine, constipation, epilepsy, insomnia, sore throat, asthma.","irregular menstruation, morbid leukorrhea, prolapse of the uterus, pruritus vulvae, frequency of micturition, retention of urine, constipation, epilepsy, insomnia, sore throat, asthma",Removed trailing period.
KI 7,"Edema, abdominal distension, diarrhea, borborygmus, muscular atrophy of the leg, night sweating, spontaneous sweating, febrile diseases without sweating.","edema, abdominal distension, diarrhea, borborygmus, muscular atrophy of the leg, night sweat, spontaneous sweating, febrile disease without sweating",Removed trailing period.
KI 8,"Irregular menstruation, dysmenorrhea, uterine bleeding, prolapse of uterus, diarrhea, constipation, pain and swelling of testis.","irregular menstruation, dysmenorrhea, uterine bleeding, prolapse of the uterus, diarrhea, constipation, pain in testis, swelling of testis",Removed trailing period; split 'pain and swelling of testis' into separate items.
KI 9,"Mental disorders, pain in the foot and lower leg, hernia.","mental disorder, pain in the foot, pain in the lower leg, hernia",Removed trailing period; split 'pain in the foot and lower leg' into separate items.
KI 10,"Impotence, hernia, uterine bleeding, dysuria, pain in the knee and popliteal fossa, mental disorders.","impotence, hernia, uterine bleeding, dysuria, pain in the knee, pain in the popliteal fossa, mental disorder",Removed trailing period; split 'pain in the knee and popliteal fossa' into separate items.
KI 11,"Fullness and pain of the lower abdomen, dysuria enuresis, nocturnal emission, impotence, pain of genitalia.","fullness of the lower abdomen, pain in the lower abdomen, dysuria, enuresis, nocturnal emission, impotence, pain of genitalia",Removed trailing period; split 'fullness and pain of the lower abdomen' into separate items.
KI 12,"Nocturnal emission, impotence, morbid leukorrhea, pain in the external genitalia, prolapse of uterus.","nocturnal emission, impotence, morbid leukorrhea, pain in the external genitalia, prolapse of the uterus",Removed trailing period.
KI 13,"Irregular menstruation, dysmenorrhea, dysuria, abdominal pain, diarrhea.","irregular menstruation, dysmenorrhea, dysuria, abdominal pain, diarrhea",Removed trailing period.
KI 14,"Abdominal pain and distension, diarrhea, nocturnal emission, irregular menstruation, dysmenorrhea, postpartum abdominal pain.","abdominal pain, abdominal distension, diarrhea, nocturnal emission, irregular menstruation, dysmenorrhea, postpartum abdominal pain",Removed trailing period; split 'abdominal pain and distension' into separate items.
KI 15,"Irregular menstruation, abdominal pain, constipation.","irregular menstruation, abdominal pain, constipation",Removed trailing period.
KI 16,"Abdominal pain and distension, vomiting, constipation, diarrhea.","abdominal pain, abdominal distension, vomiting, constipation, diarrhea",Removed trailing period; split 'abdominal pain and distension' into separate items.
KI 17,"Abdominal pain, diarrhea, constipation.","abdominal pain, diarrhea, constipation",Removed trailing period.
KI 18,"Vomiting, abdominal pain, constipation, postpartum abdominal pain, sterility.","vomiting, abdominal pain, constipation, postpartum abdominal pain, sterility",Removed trailing period.
KI 19,"Borborygmus, abdominal pain, epigastric pain, constipation, vomiting.","borborygmus, abdominal pain, epigastric pain, constipation, vomiting",Removed trailing period.
KI 20,"Abdominal pain and distension, vomiting, indigestion.","abdominal pain, abdominal distension, vomiting, indigestion",Removed trailing period; split 'abdominal pain and distension' into separate items.
KI 21,"Abdominal pain and distension, indigestion, vomiting, diarrhea, nausea, morning sickness..","abdominal pain, abdominal distension, indigestion, vomiting, diarrhea, nausea, morning sickness",Removed trailing period; split 'abdominal pain and distension' into separate items.
KI 22,"Cough, asthma, distension and fullness in the chest and hypochondriac region vomiting, anorexia.","cough, asthma, distension in the chest, distension in the hypochondriac region, fullness in the chest, fullness in the hypochondriac region, vomiting, anorexia",Removed trailing period; split 'distension and fullness in the chest and hypochondriac region' into separate condition/location combinations.
KI 23,"Cough, asthma, fullness in the chest and hypochondriac region, mastitis.","cough, asthma, fullness in the chest, fullness in the hypochondriac region, mastitis",Removed trailing period; split 'fullness in the chest and hypochondriac region' into separate items.
KI 24,"Cough, asthma, fullness in the chest and hypochondriac region, mastitis.","cough, asthma, fullness in the chest, fullness in the hypochondriac region, mastitis",Removed trailing period; split 'fullness in the chest and hypochondriac region' into separate items.
KI 25,"Cough, asthma, chest pain.","cough, asthma, chest pain",Removed trailing period.
KI 26,"Cough, asthma, accumulation of phlegm, fullness in the chest and hypochondriac region.","cough, asthma, accumulation of phlegm, fullness in the chest, fullness in the hypochondriac region",Removed trailing period; split 'fullness in the chest and hypochondriac region' into separate items.
KI 27,"Cough, asthma, chest pain.","cough, asthma, chest pain",Removed trailing period.
,,,
PC 1,"Suffocating sensation in the chest, pain in the hypochondriac region, swelling and pain of the axillary regIon.","suffocating sensation in the chest, pain in the hypochondriac region, swelling of the axillary region, pain in the axillary region",Removed trailing period; split 'swelling and pain of the axillary region' into separate items.
PC 2,"Cardiac pain, distension of the hypochondriac region, cough, pain in the chest, back and the medial aspect of the arm.","cardiac pain, distension of the hypochondriac region, cough, pain in the chest, pain in the back, pain in the medial aspect of the arm","Removed trailing period; split 'pain in the chest, back and the medial aspect of the arm' into separate items."
PC 3,"Cardiac pain, palpitation, febrile diseases, irritability, stomachache, vomiting, pain in the elbow and arm, tremor of the hand and arm.","cardiac pain, palpitation, febrile disease, irritability, stomachache, vomiting, pain in the elbow, pain in the arm, tremor of the hand, tremor of the arm",Removed trailing period; split 'pain in the elbow and arm' and 'tremor of the hand and arm' into separate items.
PC 4,"Cardiac pain, palpitation, epistaxis, hematemesis, haemoptysis chest pain, furuncle, epilepsy.","cardiac pain, palpitation, epistaxis, hematemesis, hemoptysis, chest pain, furuncle, epilepsy",Removed trailing period.
PC 5,"Cardiac pain, palpitation, stomachache, vomiting, febrile diseases, irritability, malaria, mental disorders, epilepsy, swelling of the axilla, contracture of the elbow and arm.","cardiac pain, palpitation, stomachache, vomiting, febrile disease, irritability, malaria, mental disorder, epilepsy, swelling of the axilla, contracture of the elbow, contracture of the arm",Removed trailing period; split 'contracture of the elbow and arm' into separate items.
PC 6,"Cardiac pain, palpitation, stuffy chest, pain in the hypochondriac region, stomachache, nausea, vomiting, hiccup, mental disorders epilepsy, insomnia, febrile diseases, irritability, malaria, contracture and pain of the elbow and arm.","cardiac pain, palpitation, stuffy chest, pain in the hypochondriac region, stomachache, nausea, vomiting, hiccup, mental disorder, epilepsy, insomnia, febrile disease, irritability, malaria, contracture of the elbow, contracture of the arm, pain in the elbow, pain in the arm",Removed trailing period; split 'contracture and pain of the elbow and arm' into separate condition/location combinations.
PC 7,"Cardiac pain, palpitation, stomachache, vomiting, mental disorders, epilepsy, stuffy chest, pain in the hypochondriac region, convulsion, insomnia, irritability, foul breath.","cardiac pain, palpitation, stomachache, vomiting, mental disorder, epilepsy, stuffy chest, pain in the hypochondriac region, convulsion, insomnia, irritability, foul breath",Removed trailing period.
PC 8,"Cardiac pain, mental disorder, epilepsy, gastritis, foul breath, fungus infection of the hand and foot, vomiting, nausea.","cardiac pain, mental disorder, epilepsy, gastritis, foul breath, fungus infection of the hand, fungus infection of the foot, vomiting, nausea",Removed trailing period; split 'fungus infection of the hand and foot' into separate items.
PC 9,"Cardiac pain, palpitation, loss of consciousness, aphasia with stiffness and swelling of the tongue, febrile diseases, heat stroke, convulsion, feverish sensation in the palm.","cardiac pain, palpitation, loss of consciousness, aphasia with stiffness of the tongue, aphasia with swelling of the tongue, febrile disease, heat stroke, convulsion, feverish sensation in the palm",Removed trailing period; split 'aphasia with stiffness and swelling of the tongue' into separate items.
,,,
TE 1,"Headache, redness of the eyes, sore throat, stiffness of the tongue, febrile diseases, irritability.","headache, redness of the eye, sore throat, stiffness of the tongue, febrile disease, irritability",Removed trailing period.
TE 2,"Headache, redness of the eyes, sudden deafness, sore throat, malaria, pain in the arm.","headache, redness of the eye, sudden deafness, sore throat, malaria, pain in the arm",Removed trailing period.
TE 3,"Headache, redness of the eyes, deafness, tinnitus, sore throat, febrile diseases, pain in the elbow and arm, motor impairment of fingers.","headache, redness of the eye, deafness, tinnitus, sore throat, febrile disease, pain in the elbow, pain in the arm, motor impairment of fingers",Removed trailing period; split 'pain in the elbow and arm' into separate items.
TE 4,"Pain in the arm, shoulder and wrist, malaria, deafness, thirst.","pain in the arm, pain in the shoulder, pain in the wrist, malaria, deafness, thirst","Removed trailing period; split 'pain in the arm, shoulder and wrist' into separate items."
TE 5,"Febrile diseases, headache, pain in the cheek, strained neck, deafness, tinnitus, pain in the hypochondriac region, motor impairment of the elbow and arm, pain of the fingers, hand tremor.","febrile disease, headache, pain in the cheek, strained neck, deafness, tinnitus, pain in the hypochondriac region, motor impairment of the elbow, motor impairment of the arm, pain of the fingers, hand tremor",Removed trailing period; split 'motor impairment of the elbow and arm' into separate items.
TE 6,"Tinnitus, deafness, pain in the hypochondriac region, vomiting, constipation, febrile diseases, aching and heavy sensation of the shoulder and back, sudden hoarseness of voice.","tinnitus, deafness, pain in the hypochondriac region, vomiting, constipation, febrile disease, aching of the shoulder, aching of the back, heavy sensation of the shoulder, heavy sensation of the back, sudden hoarseness of the voice",Removed trailing period; split 'aching and heavy sensation of the shoulder and back' into separate condition/location combinations.
TE 7,"Deafness, pain in the ear, :, epilepsy, pain of the arm.","deafness, pain in the ear, epilepsy, pain of the arm",Removed trailing period.
TE 8,"Deafness, sudden hoarseness of voice, pain in the chest and hypochondriac region, pain in the hand and arm, toothache.","deafness, sudden hoarseness of the voice, pain in the chest, pain in the hypochondriac region, pain in the hand, pain in the arm, toothache",Removed trailing period; split 'pain in the chest and hypochondriac region' and 'pain in the hand and arm' into separate items.
TE 9,"Deafness, toothache, migraine, sudden hoarseness of voice, pain in the forearm.","deafness, toothache, migraine, sudden hoarseness of the voice, pain in the forearm",Removed trailing period.
TE 10,"Migraine, pain in the neck, shoulder and arm, epilepsy, scrofula, goiter.","migraine, pain in the neck, pain in the shoulder, pain in the arm, epilepsy, scrofula, goiter","Removed trailing period; split 'pain in the neck, shoulder and arm' into separate items."
TE 11,,,
TE 12,"Headache, neck rigidity, motor impairment and pain of the arm.","headache, neck rigidity, motor impairment of the arm, pain in the arm",Removed trailing period; split 'motor impairment and pain of the arm' into separate items.
TE 13,"Goiter, pain in the shoulder and arm.","goiter, pain in the shoulder, pain in the arm",Removed trailing period; split 'pain in the shoulder and arm' into separate items.
TE 14,Pain and motor impairment of the shoulder and upper arm.,"pain in the shoulder, pain in the upper arm, motor impairment of the shoulder, motor impairment of the upper arm",Removed trailing period; split 'pain and motor impairment of the shoulder and upper arm' into separate condition/location combinations.
TE 15,"Pain in the shoulder and elbow, stiffness of the neck.","pain in the shoulder, pain in the elbow, stiffness of the neck",Removed trailing period; split 'pain in the shoulder and elbow' into separate items.
TE 16,"Headache, neck rigidity, facial swelling, blurring of vision, sudden deafness.","headache, neck rigidity, facial swelling, blurred vision, sudden deafness",Removed trailing period.
TE 17,"Tinnitus, deafness, otorrhea, facial paralysis, toothache, swelling of the cheek, scrofula, trismus.","tinnitus, deafness, otorrhea, facial paralysis, toothache, swelling of the cheek, scrofula, trismus",Removed trailing period.
TE 18,"Headache, tinnitus, deafness, infantile convulsion.","headache, tinnitus, deafness, infantile convulsion",Removed trailing period.
TE 19,"Headache, tinnitus, deafness, pain in the ear, infantile convulsion.","headache, tinnitus, deafness, pain in the ear, infantile convulsion",Removed trailing period.
TE 20,"Tinnitus, redness, pain and swelling of the eye, swelling of gum, toothache, parotitis.","tinnitus, redness of the eye, pain in the eye, swelling of the eye, swelling of the gums, toothache, parotitis","Removed trailing period; split 'redness, pain and swelling of the eye' into separate items."
TE 21,"Tinnitus, deafness, otorrhea, toothache, stiffness of the lip.","tinnitus, deafness, otorrhea, toothache, stiffness of the lip",Removed trailing period.
TE 22,"Migraine, tinnitus, lockjaw.","migraine, tinnitus, lockjaw",Removed trailing period.
TE 23,"Headache, redness and pain of the eye, blurring of vision, twitching of the eyelid, toothache, facial paralysis.","headache, redness of the eye, pain in the eye, blurred vision, eyelid twitching, toothache, facial paralysis",Removed trailing period; split 'redness and pain of the eye' into separate items.
,,,
GB 1,"Headache, redness and pain of the eyes, failing of vision, lacrimation, deviation of the eye and mouth.","headache, redness of the eye, pain in the eye, failing of vision, lacrimation, deviation of the eye, deviation of the mouth",Removed trailing period; split 'redness and pain of the eye' and 'deviation of the eye and mouth' into separate items.
GB 2,"Deafness, tinnitus, toothache, motor impairment of the temporomandibular joint, mumps, deviation of the eye and mouth.","deafness, tinnitus, toothache, motor impairment of the temporomandibular joint, mumps, deviation of the eye, deviation of the mouth",Removed trailing period; split 'deviation of the eye and mouth' into separate items.
GB 3,"Headache, deafness, tinnitus, diplacusis, deviation of the eye and mouth, toothache.","headache, deafness, tinnitus, diplacusis, deviation of the eye, deviation of the mouth, toothache",Removed trailing period; split 'deviation of the eye and mouth' into separate items.
GB 4,"Migraine, vertigo, tinnitus, pain in the outer canthus, toothache, convulsion, epilepsy.","migraine, vertigo, tinnitus, pain in the outer canthus, toothache, convulsion, epilepsy",Removed trailing period.
GB 5,"Migraine, pain in the outer canthus, facial swelling.","migraine, pain in the outer canthus, facial swelling",Removed trailing period.
GB 6,"Migraine, pain in the outer canthus, tinnitus, frequent sneezing.","migraine, pain in the outer canthus, tinnitus, frequent sneezing",Removed trailing period.
GB 7,"Headache, swelling of the cheek, trismus, pain in the temporal region, infantile convulsion.","headache, swelling of the cheek, trismus, pain in the temporal region, infantile convulsion",Removed trailing period.
GB 8,"Migraine, vertigo, vomiting, infantile convulsion.","migraine, vertigo, vomiting, infantile convulsion",Removed trailing period.
GB 9,"Headache, epilepsy, swelling and pain of the gums, convulsion.","headache, epilepsy, swelling of the gums, pain in the gums, convulsion",Removed trailing period; split 'swelling and pain of the gums' into separate items.
GB 10,"Headache, tinnitus, deafness.","headache, tinnitus, deafness",Removed trailing period.
GB 11,"Pain of the head and neck, tinnitus, deafness, pain in the ears.","pain in the head, pain in the neck, tinnitus, deafness, pain in the ear",Removed trailing period; split 'pain of the head and neck' into separate items.
GB 12,"Headache, insomnia, swelling of the cheek, retroauricular pain, deviation of the eye and mouth, toothache.","headache, insomnia, swelling of the cheek, retroauricular pain, deviation of the eye, deviation of the mouth, toothache",Removed trailing period; split 'deviation of the eye and mouth' into separate items.
GB 13,"Headache, insomnia, vertigo, epilepsy.","headache, insomnia, vertigo, epilepsy",Removed trailing period.
GB 14,"Headache in the frontal region, pain of the orbital ridge, eye pain, vertigo, twitching of the eyelids, ptosis of the eyelids, lacrimation.","headache in the frontal region, pain of the orbital ridge, pain in the eye, vertigo, eyelid twitching, ptosis of the eyelids, lacrimation",Removed trailing period. Changed eye pain  to pain in the eye.
GB 15,"Headache, vertigo, lacrimation, pain in the outer canthus, rhinorrhea, nasal obstruction.","headache, vertigo, lacrimation, pain in the outer canthus, rhinorrhea, nasal obstruction",Removed trailing period.
GB 16,"Headache, vertigo, red and painful eyes, nasal obstruction.","headache, vertigo, redness of the eye, pain in the eye, nasal obstruction","Removed trailing period; split 'red and painful eyes' into 'redness of the eyes, pain in the eyes'."
GB 17,"Migraine, vertigo.","migraine, vertigo",Removed trailing period.
GB 18,,,
GB 19,"Headache, stiffness of the neck, vertigo, painful eyes, tinnitus, epilepsy.","headache, stiffness of the neck, vertigo, painful eye, tinnitus, epilepsy",Removed trailing period.
GB 20,"Headache, vertigo, insomnia, pain and stiffness of the neck, blurred vision, glaucoma, red and painful eyes, tinnitus, convulsion, epilepsy, infantile convulsion, febrile diseases, common cold, nasal obstruction, rhinorrhea.","headache, vertigo, insomnia, pain in the neck, stiffness of the neck, blurred vision, glaucoma, redness of the eye, pain in the eye, tinnitus, convulsion, epilepsy, infantile convulsion, febrile disease, common cold, nasal obstruction, rhinorrhea",Removed trailing period; split 'pain and stiffness of the neck' and 'red and painful eyes' into separate items.
GB 21,"pain and rigidity of the neck, pain in the shoulder and back, motor impairment of the arm, insufficient lactation, mastitis, scrofula, apoplexy, difficult labour.","pain in the neck, rigidity of the neck, pain in the shoulder, pain in the back, motor impairment of the arm, insufficient lactation, mastitis, scrofula, apoplexy, difficult labor",Removed trailing period; split 'pain and rigidity of the neck' and 'pain in the shoulder and back' into separate items.
GB 22,"Fullness of the chest, swelling of the axillary region, pain in the hypochondriac region, pain and motor impairment of the arm.","fullness in the chest, swelling of the axillary region, pain in the hypochondriac region, pain in the arm, motor impairment of the arm",Removed trailing period; split 'pain and motor impairment of the arm' into separate items.
GB 23,"Fullness of the chest, pain in the hypochondriac region, asthma.","fullness in the chest, pain in the hypochondriac region, asthma",Removed trailing period.
GB 24,"Pain in the hypochondriac region, vomiting, acid regurgitation, hiccup, jaundice, mastitis.","pain in the hypochondriac region, vomiting, acid regurgitation, hiccup, jaundice, mastitis",Removed trailing period.
GB 24 (Male),"Pain in the hypochondriac region, vomiting, acid regurgitation, hiccup, jaundice, mastitis.","pain in the hypochondriac region, vomiting, acid regurgitation, hiccup, jaundice, mastitis",Removed trailing period.
GB 24 (Female),"Pain in the hypochondriac region, vomiting, acid regurgitation, hiccup, jaundice, mastitis.","pain in the hypochondriac region, vomiting, acid regurgitation, hiccup, jaundice, mastitis",Removed trailing period.
GB 25,"Abdominal distension, borborygmus, diarrhea, pain in the lumbar and hypochondriac region.","abdominal distension, borborygmus, diarrhea, pain in the lumbar region, pain in the hypochondriac region",Removed trailing period; split 'pain in the lumbar and hypochondriac region' into separate items.
GB 26,"Irregular menstruation, amenorrhea, leukorrhea, abdominal pain, hernia, pain in the lumbar and hypochondriac region.","irregular menstruation, amenorrhea, leukorrhea, abdominal pain, hernia, pain in the lumbar region, pain in the hypochondriac region",Removed trailing period; split 'pain in the lumbar and hypochondriac region' into separate items.
GB 27,"Leukorrhea, lower abdominal pain, lumbar pain, hernia, constipation.","leukorrhea, lower abdominal pain, lumbar pain, hernia, constipation",Removed trailing period.
GB 28,"Leukorrhea, lower abdominal pain, hernia, prolapse of uterus.","leukorrhea, lower abdominal pain, hernia, prolapse of the uterus",Removed trailing period.
GB 29,"Pain and numbness in the thigh and lumbar region, paralysis, muscular atrophy of the lower limbs.","pain in the thigh, pain in the lumbar region, numbness in the thigh, numbness in the lumbar region, paralysis, muscular atrophy of the lower limbs",Removed trailing period; split 'pain and numbness in the thigh and lumbar region' into separate condition/location combinations.
GB 30,"Pain of the lumbar region and thigh, muscular atrophy of the lower limbs, hemiplegia.","pain in the lumbar region, pain in the thigh, muscular atrophy of the lower limbs, hemiplegia",Removed trailing period; split 'pain of the lumbar region and thigh' into separate items.
GB 31,"Pain and soreness in the thigh and lumbar region, paralysis of the lower limbs, beriberi, general pruritus.","pain in the thigh, pain in the lumbar region, soreness in the thigh, soreness in the lumbar region, paralysis in the lower limbs, beriberi, general pruritus",Removed trailing period; split 'pain and soreness in the thigh and lumbar region' into separate condition/location combinations.
GB 32,"Pain and soreness of the thigh and knee, numbness and weakness of the lower limbs, hemiplegia.","pain in the thigh, pain in the knee, soreness of the thigh, soreness of the knee, numbness of the lower limbs, weakness of the lower limbs, hemiplegia",Removed trailing period; split 'pain and soreness of the thigh and knee' and 'numbness and weakness of the lower limbs' into separate items.
GB 33,"Swelling and pain of the knee, contracture of the tendons in popliteal fossa, numbness of the leg.","swelling of the knee, pain in the knee, contracture of the tendons in popliteal fossa, numbness of the leg",Removed trailing period; split 'swelling and pain of the knee' into separate items.
GB 34,,,
GB 35,"Fullness of the chest and hypochondriac region, muscular atrophy and paralysis of the leg.","fullness in the chest, fullness in the hypochondriac region, muscular atrophy of the leg, paralysis in the leg",Removed trailing period; split 'fullness in the chest and hypochondriac region' and 'muscular atrophy and paralysis of the leg' into separate items.
GB 36,"Pain in the neck, chest, thigh and hypochondriac region, rabies.","pain in the neck, pain in the chest, pain in the thigh, pain in the hypochondriac region, rabies","Removed trailing period; split 'pain in the neck, chest, thigh and hypochondriac region' into separate items."
GB 37,"Pain in the knee, muscular atrophy, motor impairment and pain of the lower extremities, blurring of vision, ophthalmalgia, night blindness, distending pain of the breast.","pain in the knee, muscular atrophy of the lower extremities, motor impairment of the lower extremities, pain in the lower extremities, blurred vision, ophthalmalgia, night blindness, distending pain of the breast","Removed trailing period; split 'muscular atrophy, motor impairment and pain of the lower extremities' into separate items."
GB 38,"Migraine, pain of the outer canthus, pain in the axillary region, scrofula, lumbar pain, pain in the chest, hypochondriac region and lateral aspect of the lower extremities, malaria.","migraine, pain of the outer canthus, pain in the axillary region, scrofula, lumbar pain, pain in the chest, pain in the hypochondriac region, pain in the lateral aspect of the lower extremities, malaria","Removed trailing period; split 'pain in the chest, hypochondriac region and lateral aspect of the lower extremities' into separate items."
GB 39,"Apoplexy, hemiplegia, pain of the neck, abdominal distension, pain in the hypochondriac region, muscular atrophy of the lower limbs, spastic pain of the leg, beriberi.","apoplexy, hemiplegia, pain of the neck, abdominal distension, pain in the hypochondriac region, muscular atrophy of the lower limbs, spastic pain of the leg, beriberi",Removed trailing period.
GB 40,"Pain in the neck, swelling in the axillary region, pain in the hypochondriac region, vomiting, acid regurgitation, muscular atrophy of the lower limbs, pain and swelling of the external malleolus, malaria.","pain in the neck, swelling in the axillary region, pain in the hypochondriac region, vomiting, acid regurgitation, muscular atrophy of the lower limbs, pain in the external malleolus, swelling of the external malleolus, malaria",Removed trailing period; split 'pain and swelling of the external malleolus' into separate items.
GB 41,"Headache, vertigo, pain of the outer canthus, scrofula, pain in the hypochondriac region, distending pain of the breast, irregular menstruation, pain and swelling of the dorsum of foot, spastic pain of the foot and toe.","headache, vertigo, pain of the outer canthus, scrofula, pain in the hypochondriac region, distending pain of the breast, irregular menstruation, pain in the dorsum of foot, swelling of the dorsum of foot, spastic pain of the foot, spastic pain of the toe",Removed trailing period; split 'pain and swelling of the dorsum of foot' and 'spastic pain of the foot and toe' into separate items.
GB 42,"Pain of the canthus, tinnitus, distending pain of the breast, swelling and pain of the dorsum of foot.","pain of the canthus, tinnitus, distending pain of the breast, swelling of the dorsum of foot, pain in the dorsum of foot",Removed trailing period; split 'swelling and pain of the dorsum of foot' into separate items.
GB 43,"Headache, dizziness and vertigo, pain of the outer canthus, tinnitus, deafness, swelling of the cheek, pain in the hypochondriac region, distending pain of the breast, febrile diseases.","headache, dizziness, vertigo, pain of the outer canthus, tinnitus, deafness, swelling of the cheek, pain in the hypochondriac region, distending pain of the breast, febrile disease",Removed trailing period; split 'dizziness and vertigo' into separate items.
GB 44,"Migraine, deafness, tinnitus, ophthalmalgia, dream-disturbed sleep, febrile diseases.","migraine, deafness, tinnitus, ophthalmalgia, dream-disturbed sleep, febrile disease",Removed trailing period.
,,,
LR 1,"Hernia, enuresis, uterine bleeding, prolapse of the uterus, epilepsy.","hernia, enuresis, uterine bleeding, prolapse of the uterus, epilepsy",Removed trailing period.
LR 2,"Pain in the hypochondrium, abdominal distension, headache, dizziness and vertigo, congestion, swelling and pain of the eye, deviation of the mouth, hernia, painful urination, retention of urine, irregular menstruation, epilepsy, insomnia, convulsion.","pain in the hypochondrium, abdominal distension, headache, dizziness, vertigo, congestion, swelling of the eye, pain in the eye, deviation of the mouth, hernia, painful urination, retention of urine, irregular menstruation, epilepsy, insomnia, convulsion",Removed trailing period; split 'dizziness and vertigo' and 'swelling and pain of the eye' into separate items.
LR 3,"Headache, dizziness and vertigo, insomnia, congestion, swelling and pain of the eye, depression, infantile convulsion, deviation of the mouth, pain in the hypochondriac region, uterine bleeding, hernia, enuresis, retention of urine, epilepsy, pain in the anterior aspect of the medial malleolus.","headache, dizziness, vertigo, insomnia, congestion, swelling of the eye, pain in the eye, depression, infantile convulsion, deviation of the mouth, pain in the hypochondriac region, uterine bleeding, hernia, enuresis, retention of urine, epilepsy, pain in the anterior aspect of the medial malleolus",Removed trailing period; split 'dizziness and vertigo' and 'swelling and pain of the eye' into separate items.
LR 4,"Hernia, pain in the external genitalia, nocturnal emission, retention of urine, distending pain in the hy pochondrium.","hernia, pain in the external genitalia, nocturnal emission, retention of urine, distending pain in the hypochondrium",Removed trailing period.
LR 5,"Retention of urine, enuresis, hernia, irregular menstruation, leukorrhea, pruritus valvae, weakness and atrophy of the leg.","retention of urine, enuresis, hernia, irregular menstruation, leukorrhea, pruritus vulvae, weakness of the leg, atrophy of the leg",Removed trailing period; split 'weakness and atrophy of the leg' into separate items.
LR 6,"Abdominal pain, hypochondriac pain, diarrhea, hernia, uterine bleeding, prolonged lochia.","abdominal pain, hypochondriac pain, diarrhea, hernia, uterine bleeding, prolonged lochia",Removed trailing period.
LR 7,,,
LR 8,"Prolapse of uterus, lower abdominal pain, retention of urine, nocturnal emission, pain in the external genitalia, pruritus vulvae, pain in the medial aspect of the knee and thigh.","prolapse of the uterus, lower abdominal pain, retention of urine, nocturnal emission, pain in the external genitalia, pruritus vulvae, pain in the medial aspect of the knee, pain in the medial aspect of the thigh",Removed trailing period; split 'pain in the medial aspect of the knee and thigh' into separate items.
LR 9,"Pain in the lumbosacral region, lower abdominal pain, enuresis, retention of urine, irregular menstruation.","pain in the lumbosacral region, lower abdominal pain, enuresis, retention of urine, irregular menstruation",Removed trailing period.
LR 10,"Lower abdominal distension and fullness, retention of urine.","lower abdominal distension, lower abdominal fullness, retention of urine",Removed trailing period; split 'lower abdominal distension and fullness' into separate items.
LR 11,"Irregular menstruation, leukorrhea, lower abdominal pain, pain in the thigh and leg.","irregular menstruation, leukorrhea, lower abdominal pain, pain in the thigh, pain in the leg",Removed trailing period; split 'pain in the thigh and leg' into separate items.
LR 12,"Lower abdominal pain, hernia, pain in the external genitalia.","lower abdominal pain, hernia, pain in the external genitalia",Removed trailing period.
LR 13,"Abdominal distension, borborygmus, pain in the hypochondriac region, vomiting, diarrhea, indigestion.","abdominal distension, borborygmus, pain in the hypochondriac region, vomiting, diarrhea, indigestion",Removed trailing period.
LR 14,"Hypochondriac pain, abdominal distension, hiccup, acid regurgitation, mastitis, depression, febrile diseases.","hypochondriac pain, abdominal distension, hiccup, acid regurgitation, mastitis, depression, febrile disease",Removed trailing period.
LR 14 (Male),"Hypochondriac pain, abdominal distension, hiccup, acid regurgitation, mastitis, depression, febrile diseases.","hypochondriac pain, abdominal distension, hiccup, acid regurgitation, mastitis, depression, febrile disease",Removed trailing period.
LR 14 (Female),"Hypochondriac pain, abdominal distension, hiccup, acid regurgitation, mastitis, depression, febrile diseases.","hypochondriac pain, abdominal distension, hiccup, acid regurgitation, mastitis, depression, febrile disease",Removed trailing period.
,,,
GV 1,"Diarrhea, bloody stools, hemorrhoids, prolapse of the rectum, constipation, pain in the lower back, epilepsy.","diarrhea, bloody stools, hemorrhoids, prolapse of the rectum, constipation, pain in the lower back, epilepsy",Removed trailing period.
GV 2,"Irregular menstruation, pain and stiffness of the lower back, hemorrhoids, muscular atrophy of the lower extremities, epilepsy.","irregular menstruation, pain in the lower back, stiffness of the lower back, hemorrhoids, muscular atrophy of the lower extremities, epilepsy",Removed trailing period; split 'pain and stiffness of the lower back' into separate items.
GV 3,,,
GV 4,"Stiffness of the back, lumbago, impotence, nocturnal emission, irregular menstruation, diarrhea, indigestion, leukorrhea.","stiffness of the back, lumbago, impotence, nocturnal emission, irregular menstruation, diarrhea, indigestion, leukorrhea",Removed trailing period.
GV 5,"Pain and stiffness of the lower back, diarrhea, indigestion.","pain in the lower back, stiffness of the lower back, diarrhea, indigestion",Removed trailing period; split 'pain and stiffness of the lower back' into separate items.
GV 6,"Pain in the epigastric region, diarrhea, jaundice, epilepsy, stiffness and pain of the back.","pain in the epigastric region, diarrhea, jaundice, epilepsy, stiffness of the back, pain in the back",Removed trailing period; split 'stiffness and pain of the back' into separate items.
GV 7,"Pain in the epigastric region, low back pain, stiffness of the back.","pain in the epigastric region, low back pain, stiffness of the back",Removed trailing period.
GV 8,"Epilepsy, stiffness of the back, gastric pain.","epilepsy, stiffness of the back, gastric pain",Removed trailing period.
GV 9,"Jaundice, cough, asthma, stiffness of the back, pain in the chest and back.","jaundice, cough, asthma, stiffness of the back, pain in the chest, pain in the back",Removed trailing period; split 'pain in the chest and back' into separate items.
GV 10,"Cough, asthma, furundes, back pain, neck rigidity.","cough, asthma, furuncle, back pain, neck rigidity",Removed trailing period.
GV 11,"Poor memory, anxiety, palpitation, pain and stiffness of the back, cough, cardiac pain.","poor memory, anxiety, palpitation, pain in the back, stiffness of the back, cough, cardiac pain",Removed trailing period; split 'pain and stiffness of the back' into separate items.
GV 12,"Cough, asthma, epilepsy, pain and stiffness of the back, furuncles.","cough, asthma, epilepsy, pain in the back, stiffness of the back, furuncle",Removed trailing period; split 'pain and stiffness of the back' into separate items.
GV 13,"Stiffness of the back, headache, malaria, febrile diseases.","stiffness of the back, headache, malaria, febrile disease",Removed trailing period.
GV 14,"Neck pain and rigidity, malaria, febrile diseases, epilepsy, afternoon fever, cough, asthma, common cold, back stiffness.","neck pain, neck rigidity, malaria, febrile disease, epilepsy, afternoon fever, cough, asthma, common cold, back stiffness",Removed trailing period; split 'neck pain and rigidity' into separate items.
GV 15,"Mental disorders, epilepsy, deafness and mute, sudden hoarseness of voice, apoplexy, stiffness of the tongue and aphasia, occipital headache, neck rigidity.","mental disorder, epilepsy, deafness, muteness, sudden hoarseness of the voice, apoplexy, stiffness of the tongue, aphasia, occipital headache, neck rigidity",Removed trailing period; split 'deafness and mute' and 'stiffness of the tongue and aphasia' into separate items.
GV 16,"Headache, neck rigidity, blurring of vision, epistaxis, sore throat, post-apoplexy aphasia, hemiplegia, mental disorders.","headache, neck rigidity, blurred vision, epistaxis, sore throat, post-apoplexy aphasia, hemiplegia, mental disorder",Removed trailing period.
GV 17,"Epilepsy, dizziness, pain and stiffness of the neck.","epilepsy, dizziness, pain in the neck, stiffness of the neck",Removed trailing period; split 'pain and stiffness of the neck' into separate items.
GV 18,"Headache, neck rigidity, blurring of vision, mania.","headache, neck rigidity, blurred vision, mania",Removed trailing period.
GV 19,"Headache, vertigo, mania, epilepsy.","headache, vertigo, mania, epilepsy",Removed trailing period.
GV 20,"Headache, vertigo, tinnitus, nasal obstruction, aphasia by apoplexy, coma, mental disorders, prolapse of the rectum and the uterus.","headache, vertigo, tinnitus, nasal obstruction, aphasia by apoplexy, coma, mental disorder, prolapse of the rectum, prolapse of the uterus",Removed trailing period; split 'prolapse of the rectum and the uterus' into separate items.
GV 21,"Epilepsy, dizziness, blurring of vision, vertical headache, rhinorrhea.","epilepsy, dizziness, blurred vision, vertical headache, rhinorrhea",Removed trailing period.
GV 22,"Headache, blurring of vision, rhinorrhea, infantile convulsIon.","headache, blurred vision, rhinorrhea, infantile convulsion",Removed trailing period.
GV 23,"Headache, ophthalmalgia, epistaxis. rhinorrhea, mental disorders.","headache, ophthalmalgia, epistaxis, rhinorrhea, mental disorder",Removed trailing period.
GV 24,"Epilepsy, anxiety, palpitation, insomnia, headache, vertigo, rhinorrhea.","epilepsy, anxiety, palpitation, insomnia, headache, vertigo, rhinorrhea",Removed trailing period.
GV 25,"Loss of consciousness, nasal obstruction, epistaxis, rhinorrhea, rosacea.","loss of consciousness, nasal obstruction, epistaxis, rhinorrhea, rosacea",Removed trailing period.
GV 26,,,
GV 27,"Mental disorders, lip twitching, lip stiffness, pain and swelling of the gums.","mental disorder, lip twitching, lip stiffness, pain in the gums, swelling of the gums",Removed trailing period; split 'pain and swelling of the gums' into separate items.
GV 28,"Mental disorders, pain and swelling of the gums, rhinorrhea.","mental disorder, pain in the gums, swelling of the gums, rhinorrhea",Removed trailing period; split 'pain and swelling of the gums' into separate items.
,,,
CV 1,"Vaginitis, retention of urine hemorrhoids, nocturnal emission, enuresis, irregular menstruation, mental disorders.","vaginitis, retention of urine, hemorrhoids, nocturnal emission, enuresis, irregular menstruation, mental disorder",Removed trailing period.
CV 1 (Male),"Vaginitis, retention of urine hemorrhoids, nocturnal emission, enuresis, irregular menstruation, mental disorders.","vaginitis, retention of urine, hemorrhoids, nocturnal emission, enuresis, irregular menstruation, mental disorder",Removed trailing period.
CV 1 (Female),"Vaginitis, retention of urine hemorrhoids, nocturnal emission, enuresis, irregular menstruation, mental disorders.","vaginitis, retention of urine, hemorrhoids, nocturnal emission, enuresis, irregular menstruation, mental disorder",Removed trailing period.
CV 2,"Retention and dribbling of urine, enuresis, nocturnal emission, impotence, morbid leukorrhea, irregular menstruation, dysmenorrhea, hernia.","retention of urine, dribbling of urine, enuresis, nocturnal emission, impotence, morbid leukorrhea, irregular menstruation, dysmenorrhea, hernia",Removed trailing period; split 'retention and dribbling of urine' into separate items.
CV 3,"Enuresis, nocturnal emission, impotence, hernia, uterine bleeding, irregular menstruation, dysmenorrhea, morbid leukorrhea, frequency of urination, retention of urine, pain in the lower abdomen, prolapse of the uterus, vaginitis.","enuresis, nocturnal emission, impotence, hernia, uterine bleeding, irregular menstruation, dysmenorrhea, morbid leukorrhea, frequency of urination, retention of urine, pain in the lower abdomen, prolapse of the uterus, vaginitis",Removed trailing period.
CV 4,"Enuresis, nocturnal emission, frequency of urination, retention of urine, hernia, irregular menstruation, morbid leukorrhea, dysmenorrhea, uterine bleeding, postpartum hemorrhage, lower abdominal pain, indigestion, diarrhea, prolapse of the rectum, flaccid type of apoplexy.","enuresis, nocturnal emission, frequency of urination, retention of urine, hernia, irregular menstruation, morbid leukorrhea, dysmenorrhea, uterine bleeding, postpartum hemorrhage, lower abdominal pain, indigestion, diarrhea, prolapse of the rectum, flaccid type of apoplexy",Removed trailing period.
CV 5,"Abdominal pain, diarrhea, edema, hernia, anuria, enuresis, amenorrhea, morbid leukorrhea, uterine bleeding, postpartum hemorrhage.","abdominal pain, diarrhea, edema, hernia, anuria, enuresis, amenorrhea, morbid leukorrhea, uterine bleeding, postpartum hemorrhage",Removed trailing period.
CV 6,"Abdominal pain, enuresis, nocturnal emission, impotence, hernia, edema, diarrhea, dysentery, uterine bleeding, irregular menstruation, dysmenorrhea, amenorrhea, morbid leukorrhea, postpartum hemorrhage, constipation, flaccid type of apoplexy, asthma.","abdominal pain, enuresis, nocturnal emission, impotence, hernia, edema, diarrhea, dysentery, uterine bleeding, irregular menstruation, dysmenorrhea, amenorrhea, morbid leukorrhea, postpartum hemorrhage, constipation, flaccid type of apoplexy, asthma",Removed trailing period.
CV 7,"Abdominal distension, edema, hernia, irregular menstruation","abdominal distension, edema, hernia, irregular menstruation",Removed trailing period.
CV 8,"Abdominal pain, borborygmus, flaccid type of apoplexy, prolapse of the rectum, unchecked diarrhea.","abdominal pain, borborygmus, flaccid type of apoplexy, prolapse of the rectum, unchecked diarrhea",Removed trailing period.
CV 9,"Abdominal pain, borborygmus, edema, retention of the urine, diarrhea.","abdominal pain, borborygmus, edema, retention of urine, diarrhea",Removed trailing period.
CV 10,"Epigastric pain, abdominal pain, borborygmus, indigestion, vomiting, diarrhea.","epigastric pain, abdominal pain, borborygmus, indigestion, vomiting, diarrhea",Removed trailing period.
CV 11,"Stomachache, vomiting, abdominal distension, borborygmus, edema, anorexia.","stomachache, vomiting, abdominal distension, borborygmus, edema, anorexia",Removed trailing period.
CV 12,"Stomachache, abdominal distension, borborygmus, nausea, vomiting, acid regurgitation, diarrhea, dysentery, jaundice, indigestion, insomnia.","stomachache, abdominal distension, borborygmus, nausea, vomiting, acid regurgitation, diarrhea, dysentery, jaundice, indigestion, insomnia",Removed trailing period.
CV 13,"Stomachache, abdominal distension, nausea, vomiting, epilepsy, insomma.","stomachache, abdominal distension, nausea, vomiting, epilepsy, insomnia",Removed trailing period.
CV 14,"Pain in the cardiac region and the chest, nausea, acid regurgitation, difficulty in swallowing, vomiting, mental disorders, epilepsy, palpitation.","pain in the cardiac region, pain in the chest, nausea, acid regurgitation, difficulty in swallowing, vomiting, mental disorder, epilepsy, palpitation",Removed trailing period; split 'pain in the cardiac region and the chest' into separate items.
CV 15,"Pain in the cardiac region and the chest, nausea, mental disorders, epilepsy.","pain in the cardiac region, pain in the chest, nausea, mental disorder, epilepsy",Removed trailing period; split 'pain in the cardiac region and the chest' into separate items.
CV 16,"Distension and fullness in the chest and intercostal region, hiccup, nausea, anorexia.","distension in the chest, distension in the intercostal region, fullness in the chest, fullness in the intercostal region, hiccup, nausea, anorexia",Removed trailing period; split 'distension and fullness in the chest and intercostal region' into separate condition/location combinations.
CV 17,"Asthma, pain in the chest, fullness in the chest, palpitation, insufficient lactation, hiccup, difficulty in swallowing.","asthma, pain in the chest, fullness in the chest, palpitation, insufficient lactation, hiccup, difficulty in swallowing",Removed trailing period.
CV 18,"pain in the chest, cough, asthma, vomiting.","pain in the chest, cough, asthma, vomiting",Removed trailing period.
CV 19,"Pain in the chest, asthma, cough.","pain in the chest, asthma, cough",Removed trailing period.
CV 20,"Pain and fullness in the chest and intercostal region, asthma, cough.","pain in the chest, pain in the intercostal region, fullness in the chest, fullness in the intercostal region, asthma, cough",Removed trailing period; split 'pain and fullness in the chest and intercostal region' into separate condition/location combinations.
CV 21,"Pain in the chest, cough, asthma.","pain in the chest, cough, asthma",Removed trailing period.
CV 22,"Asthma, cough, sore throat, dry throat, hiccup, sudden hoarseness of the voice, difficulty in swallowing, goiter.","asthma, cough, sore throat, dry throat, hiccup, sudden hoarseness of the voice, difficulty in swallowing, goiter",Removed trailing period.
CV 23,"Swelling and pain of the subglossal region, salivation with glossoplegia, aphasia with stiffness of tongue by apoplexy, sudden hoarseness of the voice, difficulty in swallowing.","swelling of the subglossal region, pain in the subglossal region, salivation with glossoplegia, aphasia with stiffness of tongue by apoplexy, sudden hoarseness of the voice, difficulty in swallowing",Removed trailing period; split 'swelling and pain of the subglossal region' into separate items.
CV 24,"Facial puffiness, swel1ing of the gums, toothache, salivation, mental disorders, deviation of the eyes and mouth.","facial puffiness, swelling of the gums, toothache, salivation, mental disorder, deviation of the eye, deviation of the mouth",Removed trailing period; split 'deviation of the eye and mouth' into separate items.
,,,
,,,
,,,
,,,
,,,
,,,
,,,
,,,
,,,
,,,
,,,
,,,
,,,
,,,
,,,