"Artcle-URI","Article-Title","Condition-Extracted-Western","Normalized-Condition-Western","Condition-Extracted-TCM","Normalized-Condition-TCM","Comment from TEAM-Core","MONDO-OR-HP-Term","Exact-OR-Synonym","MONDO-OR-HP-Term-URI","","","","","","","","","","","","","","","","","","",""
"10.1007/s11655-011-0701-7","Acupuncture for Treating Attention Defi cit Hyperactivity Disorder: A Systematic Review and Meta Analysis","Attention Deficit Hyperactivity Disorder (ADHD)","Attention Deficit Hyperactivity Disorder (ADHD)","Not specified (the paper does not explicitly mention the disease or condition in Traditional Chinese Medicine terminology)","Not specified","done:TCM","","","","","","","","","","","","","","","","","","","","","",""
"10.1111/j.1526-4637.2010.01017.x","Immediate Analgesia Effect of Single Point Acupuncture in Primary Dysmenorrhea: A Randomized Controlled Trial","Primary dysmenorrhea","Primary dysmenorrhea","Not specified (the paper does not provide a specific TCM term for primary dysmenorrhea)","Not specified","done:TCM","","","","","","","","","","","","","","","","","","","","","",""
"10.1111/jgs.13164","Effect of press needles on swallowing reflex in older adults with cerebrovascular disease: A randomized double-blind controlled trial","Cerebrovascular disease (stroke) with dysphasia","Cerebrovascular disease (stroke) with dysphasia","Not specified (the paper does not explicitly mention a TCM condition)","Not specified","done:TCM","","","","","","","","","","","","","","","","","","","","","",""
"10.1134/S1047197911010054","A Clinical Observation on Treating Periarthritis of the Shoulder by Needling at Yinlingquan (SP9) Combined with Manipulation","Periarthritis of the shoulder","Periarthritis of the shoulder","Periarthritis of the shoulder is referred to as 'leaking shoulder wind,' 'locking shoulder wind,' 'shoulder curdling disease,' 'shoulder rheumatism,' and 'shoulder blade rheumatism' in Traditional Chinese Medicine.","Periarthritis of the shoulder is referred to as 'leaking shoulder wind,' 'locking shoulder wind,' 'shoulder curdling disease,' 'shoulder rheumatism,' and 'shoulder blade rheumatism' in Traditional Chinese Medicine.","","","","","","","","","","","","","","","","","","","","","","",""
"10.3109/00016359209012785","Acupuncture and occlusal splint therapy in the treatment of craniomandibular disorders. 11. A l year follow up study","Craniomandibular disorders (CMD) with primarily myogenic symptoms","Craniomandibular disorders (CMD) with primarily myogenic symptoms","Not specified (the paper does not explicitly translate CMD into TCM terminology)","Not specified","done:TCM","","","","","","","","","","","","","","","","","","","","","",""
"https://doi.org/10.1001/archinte.158.20.2235","Acupuncture for Back Pain A Meta-Analysis of Randomized Controlled Trials","Back pain","Back pain","Not specified","Not specified","done:TCM","","","","","","","","","","","","","","","","","","","","","",""
"https://doi.org/10.1001/archinte.158.20.2251","Randomized Trial of Acupuncture for Nicotine Withdrawal Symptoms","Nicotine Withdrawal Symptoms","Nicotine Withdrawal Symptoms","Not specified (the paper does not explicitly mention a TCM disease or condition)","Not specified","done:TCM","","","","","","","","","","","","","","","","","","","","","",""
"https://doi.org/10.1001/archinte.160.15.2305","A Randomized Controlled Trial of Auricular Acupuncture for Cocaine Dependence","Cocaine addiction","Cocaine addiction","Not specified (the paper does not explicitly mention a TCM condition or terminology)","Not specified","done:TCM","","","","","","","","","","","","","","","","","","","","","",""
"https://doi.org/10.1001/archinte.161.8.1081","Randomized Trial Comparing Traditional Chinese Medical Acupuncture, Therapeutic Massage, and Self-care Education for Chronic Low Back Pain","Chronic Low Back Pain","Chronic Low Back Pain","Not specified (the paper does not provide a specific TCM term or diagnosis for chronic low back pain)","Not specified","done:TCM","","","","","","","","","","","","","","","","","","","","","",""
"https://doi.org/10.1001/archinte.165.17.2026","Acupuncture for Subacute Stroke Rehabilitation A Sham-Controlled, Subject-and Assessor-Blind, Randomized Trial","Stroke","Stroke","Not specified (the paper does not provide TCM terminology for the condition being studied)","Excess or deficiency of the yin and yang","done:TCM","","","","","","","","","","","","","","","","","","","","","",""
"https://doi.org/10.1001/archinte.166.4.450","Acupuncture in Patients With Chronic Low Back Pain A Randomized Controlled Trial","Chronic low back pain","Chronic low back pain","Not specified (the paper does not provide a TCM diagnosis for the condition)","Not specified","done:TCM","","","","","","","","","","","","","","","","","","","","","",""
"https://doi.org/10.1001/archinte.167.17.1892","German Acupuncture Trials (GERAC) for Chronic Low Back Pain Randomized, Multicenter, Blinded, Parallel-Group Trial With 3 Groups","Chronic low back pain","Chronic low back pain","Not specified (the paper does not explicitly mention the condition in Traditional Chinese Medicine (TCM) terminology)","Not specified","done:TCM","","","","","","","","","","","","","","","","","","","","","",""
"https://doi.org/10.1001/archinternmed.2009.65","A Randomized Trial Comparing Acupuncture, Simulated Acupuncture, and Usual Care for Chronic Low Back Pain","Chronic low back pain","Chronic low back pain","Not specified (the paper does not explicitly mention a TCM term for the condition)","Not specified (the paper does not explicitly mention a TCM term for the condition)","","","","","","","","","","","","","","","","","","","","","","",""
"https://doi.org/10.1001/archophthalmol.2010.306","Randomized Controlled Trial of Patching vs Acupuncture for Anisometropic Amblyopia in Children Aged 7 to 12 Years","Anisometropic Amblyopia","Anisometropic Amblyopia","Not specified (the paper does not provide a TCM term for anisometropic amblyopia)","Not specified (the paper does not provide a TCM term for anisometropic amblyopia)","","","","","","","","","","","","","","","","","","","","","","",""
"https://doi.org/10.1001/archotol.125.3.269","Acupuncture as a Treatment for Temporomandibular Joint Dysfunction A Systematic Review of Randomized Trials","Temporomandibular joint dysfunction (TMJD)","Temporomandibular joint dysfunction (TMJD)","Not specified (the paper does not provide a TCM term for the condition)","Not specified (the paper does not provide a TCM term for the condition)","","","","","","","","","","","","","","","","","","","","","","",""
"https://doi.org/10.1001/archotol.125.5.567","Evaluation of Acupuncture for Pain Control After Oral Surgery A Placebo-Controlled Trial","Postoperative oral surgery pain","Postoperative oral surgery pain","Not specified (the paper does not provide a TCM term for the condition)","Not specified (the paper does not provide a TCM term for the condition)","","","","","","","","","","","","","","","","","","","","","","",""
"https://doi.org/10.1001/archotol.126.4.489","Efficacy of Acupuncture as a Treatment for Tinnitus A Systematic Review","Tinnitus","Tinnitus","Not specified (the paper does not provide a TCM term or description for tinnitus)","Not specified (the paper does not provide a TCM term or description for tinnitus)","","","","","","","","","","","","","","","","","","","","","","",""
"https://doi.org/10.1001/jama.2013.285478","Acupuncture for Chronic Pain","Chronic pain","Chronic pain","Not specified (the paper does not provide TCM terminology for the conditions studied)","Not specified (the paper does not provide TCM terminology for the conditions studied)","","","","","","","","","","","","","","","","","","","","","","",""
"https://doi.org/10.1001/jama.2014.12660","Acupuncture for Chronic Knee Pain A Randomized Clinical Trial","Chronic knee pain (typically due to osteoarthritis)","Chronic knee pain (typically due to osteoarthritis)","Not specified","Not specified","","","","","","","","","","","","","","","","","","","","","","",""
"https://doi.org/10.1001/jama.280.18.1590","Acupuncture and Amitriptyline for Pain Due to HIV-Related Peripheral Neuropathy A Randomized Controlled Trial","HIV-related peripheral neuropathy","HIV-related peripheral neuropathy","Not specified (the paper does not explicitly translate the condition into TCM terminology)","Not specified (the paper does not explicitly translate the condition into TCM terminology)","","","","","","","","","","","","","","","","","","","","","","",""
"https://doi.org/10.1001/jama.281.9.818","Percutaneous Electrical Nerve Stimulation for Low Back Pain A Randomized Crossover Study","Low Back Pain (LBP) secondary to degenerative disk disease","Low Back Pain (LBP) secondary to degenerative disk disease","Not specified (the paper does not provide a Traditional Chinese Medicine (TCM) equivalent for the condition being studied)","Not specified (the paper does not provide a Traditional Chinese Medicine (TCM) equivalent for the condition being studied)","","","","","","","","","","","","","","","","","","","","","","",""
"https://doi.org/10.1001/jama.284.21.2755","Electroacupuncture for Control of Myeloablative Chemotherapy-Induced Emesis A Randomized Controlled Trial","Emesis associated with myeloablative chemotherapy in breast cancer patients","Emesis associated with myeloablative chemotherapy in breast cancer patients","Not specified (the paper does not provide a specific TCM diagnosis or condition related to the emesis being studied)","Not specified (the paper does not provide a specific TCM diagnosis or condition related to the emesis being studied)","","","","","","","","","","","","","","","","","","","","","","",""
"https://doi.org/10.1001/jama.287.1.55","Acupuncture for the Treatment of Cocaine Addiction A Randomized Controlled Trial","Cocaine addiction","Cocaine addiction","Not specified (the paper does not mention TCM terminology or conditions)","Not specified (the paper does not mention TCM terminology or conditions)","","","","","","","","","","","","","","","","","","","","","","",""
"https://doi.org/10.1001/jama.293.17.2118","Acupuncture for Patients With Migraine A Randomized Controlled Trial","Migraine","Migraine","Not specified (the paper does not provide TCM terminology for the condition)","Not specified","done:TCM","","","","","","","","","","","","","","","","","","","","","",""
"https://doi.org/10.1002/14651858.CD000008","Acupuncture for chronic asthma","Asthma (chronic)","Asthma (chronic)","Not specified","Not specified","","","","","","","","","","","","","","","","","","","","","","",""
"https://doi.org/10.1002/14651858.CD000009","Acupuncture for smoking cessation (Review)","Nicotine addiction/smoking dependence","Nicotine addiction/smoking dependence","Not specified (the paper does not explicitly mention a TCM disease or condition)","Not specified (the paper does not explicitly mention a TCM disease or condition)","","","","","","","","","","","","","","","","","","","","","","",""
"https://doi.org/10.1002/14651858.CD000009.pub2","Acupuncture and related interventions for smoking cessation","Nicotine dependence or smoking addiction","Nicotine dependence or smoking addiction","Not specified (the paper does not provide TCM terminology for the condition)","Not specified (the paper does not provide TCM terminology for the condition)","","","","","","","","","","","","","","","","","","","","","","",""
"https://doi.org/10.1002/14651858.CD000009.pub4","Acupuncture and related interventions for smoking cessation","Nicotine dependence/smoking addiction","Nicotine dependence/smoking addiction","Not specified","Not specified","","","","","","","","","","","","","","","","","","","","","","",""
"https://doi.org/10.1002/14651858.CD001139.pub4","Interventions for preventing and treating low-back and pelvic pain during pregnancy","Low-back pain and pelvic pain during pregnancy","Low-back pain and pelvic pain during pregnancy","Not specified (the paper does not mention TCM terminology or conditions)","Not specified (the paper does not mention TCM terminology or conditions)","","","","","","","","","","","","","","","","","","","","","","",""
"https://doi.org/10.1002/14651858.CD001139.pub4","Interventions for preventing and treating low-back and pelvic pain during pregnancy (Review)","Low-back pain (LBP) and pelvic pain (PP)","Low-back pain (LBP) and pelvic pain (PP)","Not specified","Not specified","","","","","","","","","","","","","","","","","","","","","","",""
"https://doi.org/10.1002/14651858.CD001218","Acupuncture for idiopathic headache","Idiopathic headache","Idiopathic headache","Not specified (the paper does not provide TCM terminology for the conditions)","Not specified (the paper does not provide TCM terminology for the conditions)","","","","","","","","","","","","","","","","","","","","","","",""
"https://doi.org/10.1002/14651858.CD001218.pub2","Acupuncture for migraine prophylaxis","Migraine","Migraine","Not specified (the paper does not provide TCM terminology or conditions)","Not specified (the paper does not provide TCM terminology or conditions)","","","","","","","","","","","","","","","","","","","","","","",""
"https://doi.org/10.1002/14651858.CD001218.pub3","Acupuncture for the prevention of episodic migraine (Review)","Episodic migraine","Episodic migraine","Not specified (the paper does not provide a TCM term for the condition)","Not specified (the paper does not provide a TCM term for the condition)","","","","","","","","","","","","","","","","","","","","","","",""
"https://doi.org/10.1002/14651858.CD001351","Acupuncture for low-back pain","Non-specific low back pain","Non-specific low back pain","Not specified (the paper does not provide a TCM-specific term for the condition)","Not specified (the paper does not provide a TCM-specific term for the condition)","","","","","","","","","","","","","","","","","","","","","","",""
"https://doi.org/10.1002/14651858.CD001977.pub2","Acupuncture for peripheral joint osteoarthritis","Osteoarthritis (OA) of peripheral joints","Osteoarthritis (OA) of peripheral joints","Not specified","Not specified","","","","","","","","","","","","","","","","","","","","","","",""
"https://doi.org/10.1002/14651858.CD002914.pub2","Acupuncture for Bell's Palsy","Bell's palsy","Bell's palsy","deviated mouth","deviated mouth","","","","","","","","","","","","","","","","","","","","","","",""
"https://doi.org/10.1002/14651858.CD002914.pub3","Acupuncture for Bell's palsy (Review)","Bell's palsy or idiopathic facial palsy","Bell's palsy or idiopathic facial palsy","deviated mouth","deviated mouth","","","","","","","","","","","","","","","","","","","","","","",""
"https://doi.org/10.1002/14651858.CD002914.pub5","Acupuncture for Bell's palsy","Bell's palsy or idiopathic facial palsy","Bell's palsy or idiopathic facial palsy","deviated mouth","deviated mouth","","","","","","","","","","","","","","","","","","","","","","",""
"https://doi.org/10.1002/14651858.CD002962.pub2","Acupuncture for Induction of Labour","Induction of labour","Induction of labour","Not specified (the paper does not provide a specific TCM term for the condition being studied)","Not specified","","","","","","","","","","","","","","","","","","","","","","",""
"https://doi.org/10.1002/14651858.CD002962.pub3","Acupuncture for induction of labour","Not specified (the paper focuses on labor induction as a procedure rather than a specific disease or condition)","Induction of labour","Not specified (the paper does not provide a specific TCM disease or condition)","Not specified","","","","","","","","","","","","","","","","","","","","","","",""
"https://doi.org/10.1002/14651858.CD002962.pub4","Cochrane Database of Systematic Reviews Acupuncture or acupressure for induction of labour (Review)","Induction of labour","Induction of labour","Not specified","Not specified","","","","","","","","","","","","","","","","","","","","","","",""
"https://doi.org/10.1002/14651858.CD003281.pub2","Stimulation of the wrist acupuncture point P6 for preventing postoperative nausea and vomiting","Postoperative nausea and vomiting (PONV)","Postoperative nausea and vomiting (PONV)","Not specified (the paper does not explicitly translate PONV into TCM terminology)","Not specified (the paper does not explicitly translate PONV into TCM terminology)","","","","","","","","","","","","","","","","","","","","","","",""
"https://doi.org/10.1002/14651858.CD003281.pub3","Stimulation of the wrist acupuncture point P6 for preventing postoperative nausea and vomiting","Postoperative nausea and vomiting (PONV)","Postoperative nausea and vomiting (PONV)","Not specified (the paper does not explicitly mention a TCM disease or condition)","Not specified (the paper does not explicitly mention a TCM disease or condition)","","","","","","","","","","","","","","","","","","","","","","",""
"https://doi.org/10.1002/14651858.CD003281.pub4","Stimulation of the wrist acupuncture point PC6 for preventing postoperative nausea and vomiting","Postoperative nausea and vomiting (PONV)","Postoperative nausea and vomiting (PONV)","Not specified (the paper does not explicitly mention a TCM disease or condition)","Not specified (the paper does not explicitly mention a TCM disease or condition)","","","","","","","","","","","","","","","","","","","","","","",""
"https://doi.org/10.1002/14651858.CD003527","Acupuncture for lateral elbow pain","Lateral elbow pain (Tennis elbow)","Lateral elbow pain (Tennis elbow)","Not specified (the paper does not mention Traditional Chinese Medicine terminology)","Not specified (the paper does not mention Traditional Chinese Medicine terminology)","","","","","","","","","","","","","","","","","","","","","","",""
"https://doi.org/10.1002/14651858.CD003788.pub2","Acupuncture and electroacupuncture for the treatment of rheumatoid arthritis","Rheumatoid Arthritis (RA)","Rheumatoid Arthritis (RA)","Not specified","Not specified","done: TCM","","","","","","","","","","","","","","","","","","","","","",""
"https://doi.org/10.1002/14651858.CD003928.pub3","Cephalic version by moxibustion for breech presentation","Breech presentation","Breech presentation","Not specified (the paper does not explicitly mention a TCM disease or condition term for breech presentation)","Not specified (the paper does not explicitly mention a TCM disease or condition term for breech presentation)","","","","","","","","","","","","","","","","","","","","","","",""
"https://doi.org/10.1002/14651858.CD004046.pub3","Acupuncture for depression (Review)","Depression","Depression","Not specified","Not specified","","","","","","","","","","","","","","","","","","","","","","",""
"https://doi.org/10.1002/14651858.cd004046.pub4","Cochrane Database of Systematic Reviews Acupuncture for depression (Review)","Depression","Depression","Not specified","Not specified","","","","","","","","","","","","","","","","","","","","","","",""
"https://doi.org/10.1002/14651858.CD004131.pub2","Acupuncture for stroke rehabilitation","Stroke (ischemic and hemorrhagic) in the subacute and chronic stages","Stroke (ischemic and hemorrhagic) in the subacute and chronic stages","Not specified (the paper does not explicitly translate the condition into TCM terminology)","Not specified (the paper does not explicitly translate the condition into TCM terminology)","","","","","","","","","","","","","","","","","","","","","","",""
"https://doi.org/10.1002/14651858.CD004462.pub3","Treatment of urinary incontinence after stroke in adults","Urinary incontinence after stroke","Urinary incontinence after stroke","Not specified (the paper does not mention TCM terminology or conditions)","Not specified (the paper does not mention TCM terminology or conditions)","","","","","","","","","","","","","","","","","","","","","","",""
"https://doi.org/10.1002/14651858.CD004870.pub4","Acupuncture for neck disorders","Neck pain","Neck pain","Not specified (the paper does not provide TCM terminology for the conditions being studied)","Not specified (the paper does not provide TCM terminology for the conditions being studied)","","","","","","","","","","","","","","","","","","","","","","",""
"https://doi.org/10.1002/14651858.CD004987.pub2","Acupuncture for vascular dementia","Vascular dementia","Vascular dementia","Not specified","Not specified","","","","","","","","","","","","","","","","","","","","","","",""
"https://doi.org/10.1002/14651858.CD005062.pub3","Acupuncture for Epilepsy (Review)","Epilepsy","Epilepsy","Not specified","Not specified","","","","","","","","","","","","","","","","","","","","","","",""
"https://doi.org/10.1002/14651858.CD005062.pub4","[Intervention Review] Acupuncture for epilepsy","Epilepsy","Epilepsy","Not specified (the paper does not provide a TCM term for epilepsy)","Not specified (the paper does not provide a TCM term for epilepsy)","","","","","","","","","","","","","","","","","","","","","","",""
"https://doi.org/10.1002/14651858.CD005111.pub3","Acupuncture for treatment of irritable bowel syndrome","Irritable bowel syndrome (IBS)","Irritable bowel syndrome (IBS)","Liver-qi stagnation with spleen deficiency","Liver-qi stagnation with spleen deficiency","","","","","","","","","","","","","","","","","","","","","","",""
"https://doi.org/10.1002/14651858.CD005192.pub2","Auricular acupuncture for cocaine dependence","Cocaine dependence","Cocaine dependence","Not specified","Not specified","","","","","","","","","","","","","","","","","","","","","","",""
"https://doi.org/10.1002/14651858.CD005288.pub2","Cochrane Database of Systematic Reviews Chinese herbal medicine for primary dysmenorrhoea (Review)","Primary dysmenorrhoea (painful menstrual cramps of unknown cause)","Primary dysmenorrhoea (painful menstrual cramps of unknown cause)","Not specified (the paper does not provide a TCM term for the condition)","Not specified (the paper does not provide a TCM term for the condition)","","","","","","","","","","","","","","","","","","","","","","",""
"https://doi.org/10.1002/14651858.CD005319","Acupuncture for shoulder pain (Review)","Shoulder pain, specifically adhesive capsulitis (frozen shoulder), rotator cuff disease, and osteoarthritis.","Shoulder pain, specifically adhesive capsulitis (frozen shoulder), rotator cuff disease, and osteoarthritis.","Not specified","Not specified","","","","","","","","","","","","","","","","","","","","","","",""
"https://doi.org/10.1002/14651858.CD005472.pub2","Acupuncture for insomnia (Review)","Insomnia","Insomnia","Not specified (the paper does not explicitly translate insomnia into TCM terminology)","Not specified (the paper does not explicitly translate insomnia into TCM terminology)","","","","","","","","","","","","","","","","","","","","","","",""
"https://doi.org/10.1002/14651858.CD005472.pub3.","Acupuncture for insomnia (Review)","Insomnia","Insomnia","Not specified (the paper does not explicitly state the primary medical condition in Traditional Chinese Medicine terminology)","Not specified (the paper does not explicitly state the primary medical condition in Traditional Chinese Medicine terminology)","","","","","","","","","","","","","","","","","","","","","","",""
"https://doi.org/10.1002/14651858.CD006030.pub4","Acupuncture for glaucoma","Glaucoma","Glaucoma","Not specified (the paper does not provide a TCM term or description for glaucoma)","Not specified (the paper does not provide a TCM term or description for glaucoma)","","","","","","","","","","","","","","","","","","","","","","",""
"https://doi.org/10.1002/14651858.CD006076.pub2","Acupuncture for dysphagia in acute stroke","Dysphagia after acute stroke","Dysphagia after acute stroke","Radix lingua disease after wind stroke, yinfei, and larynx obstruction","Radix lingua disease after wind stroke, yinfei, and larynx obstruction","","","","","","","","","","","","","","","","","","","","","","",""
"https://doi.org/10.1002/14651858.CD006457.pub2","Acupuncture for restless legs syndrome","Restless legs syndrome (RLS)","Restless legs syndrome (RLS)","Not specified (the paper does not provide a specific TCM term for RLS)","Not specified (the paper does not provide a specific TCM term for RLS)","","","","","","","","","","","","","","","","","","","","","","",""
"https://doi.org/10.1002/14651858.CD006920.pub2","Acupuncture and assisted conception","Subfertility","Subfertility","Not specified (the paper does not explicitly state a primary TCM disease or condition)","Not specified (the paper does not explicitly state a primary TCM disease or condition)","","","","","","","","","","","","","","","","","","","","","","",""
"https://doi.org/10.1002/14651858.CD006920.pub3","Acupuncture and assisted reproductive technology","Subfertility","Subfertility","Not specified","Not specified","","","","","","","","","","","","","","","","","","","","","","",""
"https://doi.org/10.1002/14651858.CD006946.pub3","Treatments for breast engorgement during lactation","Breast engorgement","Breast engorgement","Not specified (the paper does not provide TCM terminology or equivalent conditions for breast engorgement)","Not specified (the paper does not provide TCM terminology or equivalent conditions for breast engorgement)","","","","","","","","","","","","","","","","","","","","","","",""
"https://doi.org/10.1002/14651858.cd007070.pub2","Acupuncture for treating fibromyalgia","Fibromyalgia","Fibromyalgia","Not specified (the paper does not provide a TCM equivalent for fibromyalgia)","Not specified (the paper does not provide a TCM equivalent for fibromyalgia)","","","","","","","","","","","","","","","","","","","","","","",""
"https://doi.org/10.1002/14651858.CD007221.pub2","Acupuncture for uterine fibroids (Review)","Uterine fibroids","Uterine fibroids","Not specified (the paper does not provide a specific TCM term for uterine fibroids)","Not specified (the paper does not provide a specific TCM term for uterine fibroids)","","","","","","","","","","","","","","","","","","","","","","",""
"https://doi.org/10.1002/14651858.CD007410.pub2","Cochrane Database of Systematic Reviews Acupuncture for menopausal hot flushes (Review)","Hot flushes (menopausal vasomotor symptom)","Hot flushes (menopausal vasomotor symptom)","Deficient heat (a deficiency in Yin energy)","Deficient heat (a deficiency in Yin energy)","","","","","","","","","","","","","","","","","","","","","","",""
"https://doi.org/10.1002/14651858.CD007587","Acupuncture for tension-type headache","Tension-type headache","Tension-type headache","Not specified","Not specified","","","","","","","","","","","","","","","","","","","","","","",""
"https://doi.org/10.1002/14651858.CD007587.pub2","Acupuncture for the prevention of tension-type headache (Review)","Tension-type headache","Tension-type headache","Not specified","Not specified","","","","","","","","","","","","","","","","","","","","","","",""
"https://doi.org/10.1002/14651858.CD007689.pub2","Acupuncture for polycystic ovarian syndrome (Review)","Polycystic ovarian syndrome (PCOS)","Polycystic ovarian syndrome (PCOS)","Kidney deficiency","Kidney deficiency","","","","","","","","","","","","","","","","","","","","","","",""
"https://doi.org/10.1002/14651858.CD007689.pub3","Cochrane Database of Systematic Reviews Acupuncture for polycystic ovarian syndrome (Review)","Polycystic ovarian syndrome (PCOS)","Polycystic ovarian syndrome (PCOS)","Not specified","Not specified","","","","","","","","","","","","","","","","","","","","","","",""
"https://doi.org/10.1002/14651858.CD007689.pub3","Acupuncture for polycystic ovarian syndrome (Review)","Polycystic ovarian syndrome (PCOS)","Polycystic ovarian syndrome (PCOS)","Kidney deficiency","Kidney deficiency","","","","","","","","","","","","","","","","","","","","","","",""
"https://doi.org/10.1002/14651858.CD007689.pub4.","Acupuncture for polycystic ovarian syndrome (Review)","Polycystic ovarian syndrome (PCOS)","Polycystic ovarian syndrome (PCOS)","Kidney deficiency","Kidney deficiency","","","","","","","","","","","","","","","","","","","","","","",""
"https://doi.org/10.1002/14651858.CD007700.pub2","Acupuncture for acute management and rehabilitation of traumatic brain injury","Traumatic Brain Injury (TBI)","Traumatic Brain Injury (TBI)","Not specified","Not specified","","","","","","","","","","","","","","","","","","","","","","",""
"https://doi.org/10.1002/14651858.CD007753.pub3","Cochrane Database of Systematic Reviews Acupuncture for cancer pain in adults (Review)","Cancer-related pain","Cancer-related pain","Not specified (the paper does not explicitly mention TCM terminology for the conditions being studied)","Not specified (the paper does not explicitly mention TCM terminology for the conditions being studied)","","","","","","","","","","","","","","","","","","","","","","",""
"https://doi.org/10.1002/14651858.CD007839.pub2","Acupuncture for Attention Deficit Hyperactivity Disorder (ADHD) in children and adolescents (Review)","Attention Deficit Hyperactivity Disorder (ADHD)","Attention Deficit Hyperactivity Disorder (ADHD)","ADHD is associated with congenital insufficiency, postnatal loss of nourishment, affect-mind dissatisfaction, and trauma, interpreted through yin-yang disharmony theory.","ADHD is associated with congenital insufficiency, postnatal loss of nourishment, affect-mind dissatisfaction, and trauma, interpreted through yin-yang disharmony theory.","","","","","","","","","","","","","","","","","","","","","","",""
"https://doi.org/10.1002/14651858.CD007842.pub2","Acupuncture for slowing the progression of myopia in children and adolescents","Myopia (near-sightedness or short-sightedness)","Myopia (near-sightedness or short-sightedness)","Not specified (the paper does not explicitly mention a TCM disease or condition related to myopia)","Not specified (the paper does not explicitly mention a TCM disease or condition related to myopia)","","","","","","","","","","","","","","","","","","","","","","",""
"https://doi.org/10.1002/14651858.CD007849.pub2","Acupuncture for autism spectrum disorders (ASD)","Autism Spectrum Disorders (ASD)","Autism Spectrum Disorders (ASD)","Derangement and insufficiency of brain and mind","Derangement and insufficiency of brain and mind","","","","","","","","","","","","","","","","","","","","","","",""
"https://doi.org/10.1002/14651858.cd007854.pub3","Acupuncture for dysmenorrhoea","Primary dysmenorrhoea (period pain)","Primary dysmenorrhoea (period pain)","Not specified (the paper does not provide TCM terminology for the condition)","Not specified (the paper does not provide TCM terminology for the condition)","","","","","","","","","","","","","","","","","","","","","","",""
"https://doi.org/10.1002/14651858.CD007968.pub2","Acupuncture for hypoxic ischemic encephalopathy in neonates","Hypoxic ischemic encephalopathy (HIE)","Hypoxic ischemic encephalopathy (HIE)","Not specified (the paper does not provide TCM terminology for the condition)","Not specified (the paper does not provide TCM terminology for the condition)","","","","","","","","","","","","","","","","","","","","","","",""
"https://doi.org/10.1002/14651858.CD008400.pub3","[Intervention Review] Acupuncture for mumps in children","Mumps","Mumps","Mumps is caused by 'wind warmth evil' (epidemic heat) and 'pyretic toxicity' accumulated in the Shaoyang and Yangming meridians.","Mumps is caused by 'wind warmth evil' (epidemic heat) and 'pyretic toxicity' accumulated in the Shaoyang and Yangming meridians.","","","","","","","","","","","","","","","","","","","","","","",""
"https://doi.org/10.1002/14651858.CD008487.pub2","Acupuncture for functional dyspepsia","Functional dyspepsia (FD)","Functional dyspepsia (FD)","Not specified (the paper does not provide a TCM term for the condition)","Not specified (the paper does not provide a TCM term for the condition)","","","","","","","","","","","","","","","","","","","","","","",""
"https://doi.org/10.1002/14651858.CD008642.pub2","Chinese herbal medicine for atopic eczema","Atopic eczema","Atopic eczema","Not specified (the paper does not explicitly mention the disease or condition in Traditional Chinese Medicine terminology)","Not specified (the paper does not explicitly mention the disease or condition in Traditional Chinese Medicine terminology)","","","","","","","","","","","","","","","","","","","","","","",""
"https://doi.org/10.1002/14651858.CD009023.pub2","Chinese herbal medicine for menopausal symptoms","Menopausal symptoms","Menopausal symptoms","Not specified (the paper does not provide TCM terminology for the condition)","Not specified (the paper does not provide TCM terminology for the condition)","","","","","","","","","","","","","","","","","","","","","","",""
"https://doi.org/10.1002/14651858.CD009065.pub2","Acupuncture for treating acute ankle sprains in adults (Review)","Acute ankle sprains","Acute ankle sprains","Not specified (the paper does not provide the condition in Traditional Chinese Medicine terminology)","Not specified (the paper does not provide the condition in Traditional Chinese Medicine terminology)","","","","","","","","","","","","","","","","","","","","","","",""
"https://doi.org/10.1002/14651858.cd009232","Acupuncture or acupressure for pain management in labour","Pain associated with labor","Pain associated with labor","Not specified (the paper focuses on labor pain as a symptom rather than a specific TCM disease or condition)","Not specified (the paper focuses on labor pain as a symptom rather than a specific TCM disease or condition)","","","","","","","","","","","","","","","","","","","","","","",""
"https://doi.org/10.1002/14651858.CD009234.pub2","Cochrane Database of Systematic Reviews Pain management for women in labour: an overview of systematic reviews (Review)","Pain in labour","Pain in labour","Not specified (the paper focuses on pain management during labor, which is a symptom rather than a TCM disease or condition)","Not specified (the paper focuses on pain management during labor, which is a symptom rather than a TCM disease or condition)","","","","","","","","","","","","","","","","","","","","","","",""
"https://doi.org/10.1002/14651858.CD009440.pub2","Acupuncture and related interventions for symptoms of chronic kidney disease (Review)","Chronic Kidney Disease (CKD)","Chronic Kidney Disease (CKD)","Not specified (the paper does not provide a TCM equivalent for CKD)","Not specified (the paper does not provide a TCM equivalent for CKD)","","","","","","","","","","","","","","","","","","","","","","",""
"https://doi.org/10.1002/14651858.cd009603.pub3","Cochrane Database of Systematic Reviews Interventions for the management of dry mouth: nonpharmacological interventions (Review)","Xerostomia (dry mouth)","Xerostomia (dry mouth)","Not specified (the paper does not explicitly mention the condition in Traditional Chinese Medicine terminology)","Not specified (the paper does not explicitly mention the condition in Traditional Chinese Medicine terminology)","","","","","","","","","","","","","","","","","","","","","","",""
"https://doi.org/10.1002/14651858.CD010607.PUB2","Interventions for treating hyperemesis gravidarum: a Cochrane systematic review and meta-analysis","Hyperemesis gravidarum","Hyperemesis gravidarum","Not specified (the paper does not provide a TCM equivalent or description for hyperemesis gravidarum)","Not specified (the paper does not provide a TCM equivalent or description for hyperemesis gravidarum)","","","","","","","","","","","","","","","","","","","","","","",""
"https://doi.org/10.1002/14651858.cd012057.pub2","Acupuncture for neuropathic pain in adults","Chronic peripheral neuropathic pain, specifically diabetic peripheral neuropathy","Chronic peripheral neuropathic pain, specifically diabetic peripheral neuropathy","Not specified (the paper does not provide a TCM equivalent for the conditions studied)","Not specified (the paper does not provide a TCM equivalent for the conditions studied)","","","","","","","","","","","","","","","","","","","","","","",""
"https://doi.org/10.1002/14651858.CD012225","Electrotherapy modalities for rotator cuff disease (Review)","Rotator cuff disease (including subacromial impingement syndrome, rotator cuff tendinitis, calcific tendinitis)","Rotator cuff disease (including subacromial impingement syndrome, rotator cuff tendinitis, calcific tendinitis)","Not specified (the paper does not provide a TCM equivalent for rotator cuff disease)","Not specified (the paper does not provide a TCM equivalent for rotator cuff disease)","","","","","","","","","","","","","","","","","","","","","","",""
"https://doi.org/10.1002/1529-0131(200104)44:4<819::AID-ANR138>3.0.CO;2-P","Acupuncture for Osteoarthritis of the Knee A Systematic Review","Osteoarthritis (OA) of the knee","Osteoarthritis (OA) of the knee","Not specified","Not specified","","","","","","","","","","","","","","","","","","","","","","",""
"https://doi.org/10.1002/acr.20225","A Randomized Controlled Trial of Acupuncture for Osteoarthritis of the Knee: Effects of Patient-Provider Communication","Knee Osteoarthritis","Knee Osteoarthritis","Not specified (the paper does not provide a TCM-specific term for the condition)","Not specified (the paper does not provide a TCM-specific term for the condition)","","","","","","","","","","","","","","","","","","","","","","",""
"https://doi.org/10.1002/art.1790070304","Acupuncture for the Treatment of Pain of Osteoarthritic Knees","Osteoarthritis (OA) of the knee","Osteoarthritis (OA) of the knee","Not specified (the paper does not provide TCM terminology for the condition)","Not specified (the paper does not provide TCM terminology for the condition)","","","","","","","","","","","","","","","","","","","","","","",""
"https://doi.org/10.1002/art.22154","Acupuncture in Patients With Osteoarthritis of the Knee or Hip A Randomized, Controlled Trial With an Additional Nonrandomized Arm","Osteoarthritis (OA) of the knee or hip","Osteoarthritis (OA) of the knee or hip","Not specified","Not specified","","","","","","","","","","","","","","","","","","","","","","",""
"https://doi.org/10.1002/art.24009","Acupuncture for Pain Relief in Patients With Rheumatoid Arthritis: A Systematic Review","Rheumatoid Arthritis (RA)","Rheumatoid Arthritis (RA)","Not specified (the paper does not explicitly mention the condition in Traditional Chinese Medicine (TCM) terminology)","Not specified (the paper does not explicitly mention the condition in Traditional Chinese Medicine (TCM) terminology)","","","","","","","","","","","","","","","","","","","","","","",""
"https://doi.org/10.1002/art.24675","Naturopathic Treatment of Rotator Cuff Tendinitis Among Canadian Postal Workers: A Randomized Controlled Trial","Rotator cuff tendinitis","Rotator cuff tendinitis","Not specified (the paper does not provide a TCM equivalent or description for rotator cuff tendinitis)","Not specified (the paper does not provide a TCM equivalent or description for rotator cuff tendinitis)","","","","","","","","","","","","","","","","","","","","","","",""
"https://doi.org/10.1002/cncr.26550","Randomized Controlled Trial of Acupuncture for Prevention of Radiation-Induced Xerostomia Among Patients With Nasopharyngeal Carcinoma","Xerostomia (dry mouth)","Xerostomia (dry mouth)","Not specified (the paper does not provide a TCM equivalent for xerostomia)","Not specified (the paper does not provide a TCM equivalent for xerostomia)","","","","","","","","","","","","","","","","","","","","","","",""
"https://doi.org/10.1002/cncr.28352","Patient-Reported Outcomes in Women With Breast Cancer Enrolled in a Dual-Center, Double-Blind, Randomized Controlled Trial Assessing the Effect of Acupuncture in Reducing Aromatase Inhibitor-Induced Musculoskeletal Symptoms","Breast Cancer","Breast Cancer","Not specified (the paper does not provide a TCM equivalent for the conditions being studied)","Not specified (the paper does not provide a TCM equivalent for the conditions being studied)","","","","","","","","","","","","","","","","","","","","","","",""
"https://doi.org/10.1002/cncr.28917","Electroacupuncture for Fatigue, Sleep, and Psychological Distress in Breast Cancer Patients With Aromatase Inhibitor-Related Arthralgia: A Randomized Trial","Not specified (the paper focuses on symptoms related to breast cancer and aromatase inhibitors but does not specify a single primary medical condition or disease)","Aromatase Inhibitor-pain","Not specified (the paper does not provide a TCM diagnosis or terminology for the condition being studied)","Not specified (the paper does not provide a TCM diagnosis or terminology for the condition being studied)","","","","","","","","","","","","","","","","","","","","","","",""
"https://doi.org/10.1002/cncr.28973","Randomized, Placebo-Controlled Trial of K1 Acupoint Acustimulation to Prevent Cisplatin-Induced or Oxaliplatin-Induced Nausea","Liver cancer (primary or metastatic)","Liver cancer (primary or metastatic)","Not specified (the paper does not explicitly state a TCM disease or condition)","Not specified (the paper does not explicitly state a TCM disease or condition)","","","","","","","","","","","","","","","","","","","","","","",""
"https://doi.org/10.1002/cncr.29630","Systematic Review of Acupuncture to Control Hot Flashes in Cancer Patients","Hot flashes (HFs)","Hot flashes (HFs)","Not specified","Not specified","","","","","","","","","","","","","","","","","","","","","","",""
"https://doi.org/10.1002/ejp.671","Local and distant acupuncture points stimulation for chronic musculoskeletal pain: A systematic review on the comparative effects","Chronic musculoskeletal pain (CMP)","Chronic musculoskeletal pain (CMP)","Not specified (the paper does not explicitly mention a TCM condition or disease)","Not specified (the paper does not explicitly mention a TCM condition or disease)","","","","","","","","","","","","","","","","","","","","","","",""
"https://doi.org/10.1002/hbm.10098","An fMRI Study Comparing Brain Activation Between Word Generation and Electrical Stimulation of Language-Implicated Acupoints","Not specified (the paper focuses on language disorders but does not specify a particular Western medical condition or disease)","Healthy volunteers","Language disorders","","","","","","","","","","","","","","","","","","","","","","","",""
"https://doi.org/10.1002/j.1532-2149.2012.00215.x","Does acupuncture activate endogenous analgesia in chronic whiplash-associated disorders? A randomized crossover trial","Chronic whiplash-associated disorders (WAD)","Chronic whiplash-associated disorders (WAD)","Not specified","Not specified","","","","","","","","","","","","","","","","","","","","","","",""
"https://doi.org/10.1002/lary.25252","Intraoperative Acupuncture for Posttonsillectomy Pain: A Randomized, Double-Blind, Placebo-Controlled Trial","Postoperative pain following tonsillectomy","Postoperative pain following tonsillectomy","Not specified (the paper does not explicitly translate the conditions into Traditional Chinese Medicine terminology)","Not specified (the paper does not explicitly translate the conditions into Traditional Chinese Medicine terminology)","","","","","","","","","","","","","","","","","","","","","","",""
"https://doi.org/10.1002/mds.20503","Evaluation of Acupuncture in the Treatment of Parkinson's Disease: A Double-Blind Pilot Study","Parkinson's Disease","Parkinson's Disease","Depletion of energy in the liver, spleen, and kidney","Depletion of energy in the liver, spleen, and kidney","","","","","","","","","","","","","","","","","","","","","","",""
"https://doi.org/10.1002/mds.21993","Effectiveness of Acupuncture for Parkinson Disease: a Systematic Review","Parkinson disease (PD)","Parkinson disease (PD)","Not specified (the paper does not provide TCM terminology for Parkinson's disease)","Not specified (the paper does not provide TCM terminology for Parkinson's disease)","","","","","","","","","","","","","","","","","","","","","","",""
"https://doi.org/10.1002/nau.10105","Acupuncture Reflexotherapy in the Treatment of Sensory Urgency That Persists After Transurethral Resection of the Prostate: A Preliminary Report","Sensory urgency persisting after transurethral resection of the prostate (TURP)","Sensory urgency persisting after transurethral resection of the prostate (TURP)","Not specified (the paper does not explicitly mention the condition in Traditional Chinese Medicine terminology)","Not specified (the paper does not explicitly mention the condition in Traditional Chinese Medicine terminology)","","","","","","","","","","","","","","","","","","","","","","",""
"https://doi.org/10.1002/nau.20108","Acupuncture for Nocturnal Enuresis in Children: A Systematic Review and Exploration of Rationale","Nocturnal Enuresis","Nocturnal Enuresis","Not specified (the paper discusses nocturnal enuresis in the context of TCM principles but does not provide a specific TCM term for the condition)","Not specified (the paper discusses nocturnal enuresis in the context of TCM principles but does not provide a specific TCM term for the condition)","","","","","","","","","","","","","","","","","","","","","","",""
"https://doi.org/10.1006/nimg.2001.0798","Acupuncture Produces Central Activations in Pain Regions","Pain","Pain","Not specified (the paper does not explicitly mention a specific disease or condition in Traditional Chinese Medicine terminology)","Not specified (the paper does not explicitly mention a specific disease or condition in Traditional Chinese Medicine terminology)","","","","","","","","","","","","","","","","","","","","","","",""
"https://doi.org/10.1006/nimg.2002.1145","Neuronal Specificity of Acupuncture Response: A fMRI Study with Electroacupuncture","Pain (musculoskeletal pain/disorders of muscle and tendon)","Pain (musculoskeletal pain/disorders of muscle and tendon)","Not specified (the paper focuses on analgesia and pain management but does not specify a particular TCM disease or condition)","Not specified (the paper focuses on analgesia and pain management but does not specify a particular TCM disease or condition)","","","","","","","","","","","","","","","","","","","","","","",""
"https://doi.org/10.1006/pmed.1996.0125","Effects of Acupuncture on Smoking Cessation or Reduction for Motivated Smokers'","Smoking addiction or nicotine dependence","Smoking addiction or nicotine dependence","Not specified (the paper does not explicitly mention a TCM disease or condition)","Not specified (the paper does not explicitly mention a TCM disease or condition)","","","","","","","","","","","","","","","","","","","","","","",""
"https://doi.org/10.1006/pmed.1996.9997","Smoking Cessation Rates 4 Years after Treatment by Nicotine Gum and Acupuncture","Smoking addiction","Smoking addiction","Not specified (the paper does not explicitly mention a TCM condition or disease)","Not specified (the paper does not explicitly mention a TCM condition or disease)","","","","","","","","","","","","","","","","","","","","","","",""
"https://doi.org/10.1007/BF01296505","Effect of Acupuncture on Gastric Acid Secretion in Healthy Male Volunteers","Not specified (the study focuses on physiological responses in healthy individuals rather than a specific disease or condition)","Healthy volunteers","Not specified (the paper does not explicitly mention a specific TCM disease or condition)","Not specified (the paper does not explicitly mention a specific TCM disease or condition)","","","","","","","","","","","","","","","","","","","","","","",""
"https://doi.org/10.1007/BF02713881","Effect of Acupuncture on Exercise-Induced Asthma","Asthma (specifically exercise-induced asthma)","Asthma (specifically exercise-induced asthma)","Not specified (the paper does not provide a TCM equivalent for the condition being studied)","Not specified (the paper does not provide a TCM equivalent for the condition being studied)","","","","","","","","","","","","","","","","","","","","","","",""
"https://doi.org/10.1007/BF02836497","A Comparative Study on the Acupoints of Specialty of Baihui, Shuigou and Shenmen in Treating Vascular Dementia*","Vascular dementia (VD)","Vascular dementia (VD)","Dementia syndrome, gentle dementia, amnesia, mental disorder","Dementia syndrome, gentle dementia, amnesia, mental disorder","","","","","","","","","","","","","","","","","","","","","","",""
"https://doi.org/10.1007/BF02836525","Comparative Study on Treatment of Acute Gouty Arthritis by Electroacupuncture with Different Frequency","Acute Gouty Arthritis (AGA)","Acute Gouty Arthritis (AGA)","Acute Gouty Arthritis (AGA) Blocking syndrome caused by dampness-heat, with Pi-Shen deficiency and turbid dampness","Acute Gouty Arthritis (AGA) Blocking syndrome caused by dampness-heat, with Pi-Shen deficiency and turbid dampness","","","","","","","","","","","","","","","","","","","","","","",""
"https://doi.org/10.1007/BF02934062","Clinical Study of Ambulatory Blood Pressure Monitoring Applied to The Evaluation of Acupuncture Treatment for Hypertension","Hypertension","Hypertension","Not specified","Not specified","","","","","","","","","","","","","","","","","","","","","","",""
"https://doi.org/10.1007/BF02935400","Clinical Study on Effect of Scalp Acupuncture in Treating Acute Cerebral Hemorrhage","Acute cerebral hemorrhage (ACH)","Acute cerebral hemorrhage (ACH)","Not specified","Not specified","","","","","","","","","","","","","","","","","","","","","","",""
"https://doi.org/10.1007/BF02973152","Clinical Observation on Combination Therapy of Acupuncture and Chinese Herbal Medicine in Treating Vocal Cord Nodule","Vocal cord nodule (VCN)","Vocal cord nodule (VCN)","Not specified (the paper does not explicitly mention a TCM term for the condition)","Not specified (the paper does not explicitly mention a TCM term for the condition)","","","","","","","","","","","","","","","","","","","","","","",""
"https://doi.org/10.1007/BF03008646","Ineffectiveness of acupuncture and droperidol in preventing vomiting following strabismus repair in children","Strabismus","Strabismus","Not specified (the paper does not explicitly mention a TCM disease or condition)","Not specified (the paper does not explicitly mention a TCM disease or condition)","","","","","","","","","","","","","","","","","","","","","","",""
"https://doi.org/10.1007/BF03339737","Failure of acupuncture in the treatment of obesity: A pilot study","Obesity","Obesity","Not specified (the paper does not explicitly mention the disease or condition in Traditional Chinese Medicine terminology)","Not specified (the paper does not explicitly mention the disease or condition in Traditional Chinese Medicine terminology)","","","","","","","","","","","","","","","","","","","","","","",""
"https://doi.org/10.1007/s00213-002-1207-y","The Relevance between Symptoms and Magnetic Resonance Imaging Analysis of the Hippocampus of Depressed Patients Given Electro-acupuncture Combined with Fluoxetine Intervention – A Randomized, Controlled Trial","Depression","Depression","Not specified (the paper does not explicitly mention a TCM term for the condition)","Not specified (the paper does not explicitly mention a TCM term for the condition)","","","","","","","","","","","","","","","","","","","","","","",""
"https://doi.org/10.1007/s00213-013-3015-y","Neural substrates of acupuncture in the modulation of cravings induced by smoking-related visual cues: an FMRI study","Nicotine addiction and smoking cessation","Nicotine addiction and smoking cessation","Not specified (the paper does not explicitly mention a TCM condition or terminology)","Not specified (the paper does not explicitly mention a TCM condition or terminology)","","","","","","","","","","","","","","","","","","","","","","",""
"https://doi.org/10.1007/s00240-005-0473-7","Effectiveness of electro-acupuncture compared to sedo-analgesics in relieving pain during shockwave lithotripsy","Nephrolithiasis (kidney stones)","Nephrolithiasis (kidney stones)","Not specified (the paper does not explicitly state the TCM terminology for the condition)","Not specified (the paper does not explicitly state the TCM terminology for the condition)","","","","","","","","","","","","","","","","","","","","","","",""
"https://doi.org/10.1007/s00404-001-0270-7","Using acupuncture to treat premenstrual syndrome","Premenstrual syndrome (PMS)","Premenstrual syndrome (PMS)","Not specified (the paper does not explicitly mention a TCM term for the condition)","Not specified (the paper does not explicitly mention a TCM term for the condition)","","","","","","","","","","","","","","","","","","","","","","",""
"https://doi.org/10.1007/s00404-012-2674-y","Effects of acupuncture for initiation of labor: a double-blind randomized sham-controlled trial","Prolonged pregnancy (post-term pregnancy)","Prolonged pregnancy (post-term pregnancy)","Not specified","Not specified","","","","","","","","","","","","","","","","","","","","","","",""
"https://doi.org/10.1007/s00404-014-3427-x","Effects of electro-acupuncture on labor pain management","Labor pain","Labor pain","Not specified (the paper focuses on labor pain management, not a specific TCM disease or condition)","Not specified (the paper focuses on labor pain management, not a specific TCM disease or condition)","","","","","","","","","","","","","","","","","","","","","","",""
"https://doi.org/10.1007/s00405-014-3341-7","Acupuncture in the treatment of tinnitus: a systematic review and meta-analysis","Tinnitus","Tinnitus","Not specified (the paper does not provide a specific TCM term for tinnitus)","Not specified (the paper does not provide a specific TCM term for tinnitus)","","","","","","","","","","","","","","","","","","","","","","",""
"https://doi.org/10.1007/s00415-008-0790-1","Evaluating the efficacy of acupuncture in defined aspects of stroke recovery A randomised, placebo controlled single blind study","Stroke","Stroke","Not specified","Not specified","","","","","","","","","","","","","","","","","","","","","","",""
"https://doi.org/10.1007/s004150170132","Effectiveness of acupuncture for stroke:A systematic review","Stroke","Stroke","Not specified","Not specified","","","","","","","","","","","","","","","","","","","","","","",""
"https://doi.org/10.1007/s00421-010-1510-y","Immediate effects of acupuncture on strength performance: a randomized, controlled crossover trial","Not specified (the paper focuses on improving strength performance and potential rehabilitation implications without specifying a primary medical condition)","Healthy volunteers","Not specified (the paper does not mention a specific disease or condition in TCM terminology)","Not specified (the paper does not mention a specific disease or condition in TCM terminology)","","","","","","","","","","","","","","","","","","","","","","",""
"https://doi.org/10.1007/s00508-005-0501-1","Oral acupuncture in the therapy of craniomandibular dysfunction syndrome -a randomized controlled trial (RCT)","Craniomandibular dysfunction syndrome (Temporomandibular disorders)","Craniomandibular dysfunction syndrome (Temporomandibular disorders)","Not specified (the paper does not mention TCM terminology or conditions)","Not specified (the paper does not mention TCM terminology or conditions)","","","","","","","","","","","","","","","","","","","","","","",""
"https://doi.org/10.1007/s00520-005-0846-z","Acupuncture against chemotherapy-induced nausea and vomiting in pediatric oncology Interim results of a multicenter crossover study","Chemotherapy-induced nausea and vomiting in pediatric oncology patients with Ewing's sarcoma, rhabdomyosarcoma, and osteosarcoma","Chemotherapy-induced nausea and vomiting in pediatric oncology patients with Ewing's sarcoma, rhabdomyosarcoma, and osteosarcoma","Not specified (the paper does not explicitly mention a TCM disease or condition)","Not specified (the paper does not explicitly mention a TCM disease or condition)","","","","","","","","","","","","","","","","","","","","","","",""
"https://doi.org/10.1007/s00520-006-0028-7","Acupuncture and acupressure for the prevention of chemotherapy-induced nausea—a randomised cross-over pilot study","Chemotherapy-induced nausea and vomiting","Chemotherapy-induced nausea and vomiting","Not specified (the paper does not provide TCM terminology for the condition)","Not specified (the paper does not provide TCM terminology for the condition)","","","","","","","","","","","","","","","","","","","","","","",""
"https://doi.org/10.1007/s00520-009-0589-3","Acupuncture for treating hot flushes in men with prostate cancer: a systematic review","Prostate cancer with hot flushes","Prostate cancer with hot flushes","Not specified (the paper does not mention TCM terminology or conditions)","Not specified (the paper does not mention TCM terminology or conditions)","","","","","","","","","","","","","","","","","","","","","","",""
"https://doi.org/10.1007/s00520-011-1134-8","Acupuncture improves health-related quality-of-life (HRQoL) and sleep in women with breast cancer and hot flushes","Breast cancer with vasomotor symptoms (hot flushes and sweating)","Breast cancer with vasomotor symptoms (hot flushes and sweating)","Not specified (the paper does not explicitly state the condition in Traditional Chinese Medicine terminology)","Not specified (the paper does not explicitly state the condition in Traditional Chinese Medicine terminology)","","","","","","","","","","","","","","","","","","","","","","",""
"https://doi.org/10.1007/s00520-013-1720-z","Acupuncture for the treatment of post-chemotherapy chronic fatigue: a randomized, blinded, sham-controlled trial","Post-chemotherapy chronic fatigue","Post-chemotherapy chronic fatigue","Not specified (the paper does not explicitly mention the condition in Traditional Chinese Medicine terminology)","Not specified (the paper does not explicitly mention the condition in Traditional Chinese Medicine terminology)","","","","","","","","","","","","","","","","","","","","","","",""
"https://doi.org/10.1007/s00520-013-1765-z","Acupuncture for cancer-related fatigue: a systematic review of randomized clinical trials","Cancer-related fatigue (CRF)","Cancer-related fatigue (CRF)","Not specified","Not specified","","","","","","","","","","","","","","","","","","","","","","",""
"https://doi.org/10.1007/s00520-014-2161-z","The effectiveness and safety of moxibustion for treating cancer-related fatigue: a systematic review and meta-analyses","Cancer-related fatigue (CRF)","Cancer-related fatigue (CRF)","Not specified (the paper focuses on cancer-related fatigue, a symptom rather than a specific TCM disease or condition)","Not specified (the paper focuses on cancer-related fatigue, a symptom rather than a specific TCM disease or condition)","","","","","","","","","","","","","","","","","","","","","","",""
"https://doi.org/10.1007/s00520-017-3812-7","Acupuncture for cancer-related fatigue in lung cancer patients: a randomized, double blind, placebo-controlled pilot trial","Cancer-related fatigue (CRF)","Cancer-related fatigue (CRF)","Not specified (the paper does not provide a specific TCM term or diagnosis for CRF)","Not specified (the paper does not provide a specific TCM term or diagnosis for CRF)","","","","","","","","","","","","","","","","","","","","","","",""
"https://doi.org/10.1007/s00520-017-3955-6","Effects of acupuncture on cancer-related fatigue: a meta-analysis","Cancer-related fatigue (CRF)","Cancer-related fatigue (CRF)","Not specified (the paper describes CRF in terms of TCM principles but does not provide a specific TCM term for the condition)","Not specified (the paper describes CRF in terms of TCM principles but does not provide a specific TCM term for the condition)","","","","","","","","","","","","","","","","","","","","","","",""
"https://doi.org/10.1007/s00586-007-0379-x","Effect sizes of non-surgical treatments of non-specific low-back pain","Non-specific low-back pain (LBP)","Non-specific low-back pain (LBP)","Not specified (the paper does not provide any information related to Traditional Chinese Medicine terminology)","Not specified (the paper does not provide any information related to Traditional Chinese Medicine terminology)","","","","","","","","","","","","","","","","","","","","","","",""
"https://doi.org/10.1007/s00586-010-1356-3","A systematic review on the effectiveness of complementary and alternative medicine for chronic non-specific low-back pain","Chronic non-specific low-back pain (LBP)","Chronic non-specific low-back pain (LBP)","Not specified","Not specified","","","","","","","","","","","","","","","","","","","","","","",""
"https://doi.org/10.1007/s00590-017-1957-1","Effectiveness of dry needling and high-volume image-guided injection in the management of chronic mid-portion Achilles tendinopathy in adult population: a literature review","Achilles tendinopathy","Achilles tendinopathy","Not specified (the paper does not explicitly translate the condition into Traditional Chinese Medicine terminology)","Not specified (the paper does not explicitly translate the condition into Traditional Chinese Medicine terminology)","","","","","","","","","","","","","","","","","","","","","","",""
"https://doi.org/10.1007/s00784-011-0662-4","Auricular acupuncture effectively reduces state anxiety before dental treatment-a randomised controlled trial","Dental anxiety","Dental anxiety","Not specified (the paper does not provide TCM terminology for the condition)","Not specified (the paper does not provide TCM terminology for the condition)","","","","","","","","","","","","","","","","","","","","","","",""
"https://doi.org/10.1007/s10067-007-0759-y","A pilot study of acupuncture as adjunctive treatment of rheumatoid arthritis","Rheumatoid Arthritis (RA)","Rheumatoid Arthritis (RA)","Not specified","Not specified","","","","","","","","","","","","","","","","","","","","","","",""
"https://doi.org/10.1007/s10067-012-2112-3","The effect of dry needling in the treatment of myofascial pain syndrome: a randomized double-blinded placebo-controlled trial","Myofascial Pain Syndrome (MPS)","Myofascial Pain Syndrome (MPS)","Not specified (the paper does not provide TCM terminology for the condition)","Not specified (the paper does not provide TCM terminology for the condition)","","","","","","","","","","","","","","","","","","","","","","",""
"https://doi.org/10.1007/s10072-011-0525-4","Ear acupuncture in the treatment of migraine attacks: a randomized trial on the efficacy of appropriate versus inappropriate acupoints","Migraine without aura","Migraine without aura","Not specified (the paper does not explicitly mention the condition in Traditional Chinese Medicine (TCM) terminology)","Not specified (the paper does not explicitly mention the condition in Traditional Chinese Medicine (TCM) terminology)","","","","","","","","","","","","","","","","","","","","","","",""
"https://doi.org/10.1007/s100720300062","Non-pharmacological approaches to chronic headaches: transcutaneous electrical nerve stimulation, lasertherapy and acupuncture in transformed migraine treatment","Transformed Migraine","Transformed Migraine","Not specified","Not specified","","","","","","","","","","","","","","","","","","","","","","",""
"https://doi.org/10.1007/s101030050048","Cerebral and peripheral effects of laserneedle stimulation","Not specified (the paper does not mention a specific disease or condition being studied)","Healthy volunteers","Not specified (the paper does not specify a primary medical condition or disease being studied according to TCM terminology)","Not specified (the paper does not specify a primary medical condition or disease being studied according to TCM terminology)","","","","","","","","","","","","","","","","","","","","","","",""
"https://doi.org/10.1007/s10194-007-0416-5","Acupuncture for tension type headache: a multicentre, sham controlled, patientand observer blinded, randomised trial R A P I D C O","Tension type headache (TTH)","Tension type headache (TTH)","Not specified (the paper does not explicitly state the TCM term for tension type headache)","Not specified (the paper does not explicitly state the TCM term for tension type headache)","","","","","","","","","","","","","","","","","","","","","","",""
"https://doi.org/10.1007/s10286-004-0171-5","Acupuncture effects on autonomic responses to cold pressor and handgrip exercise in healthy humans","Not specified (the paper focuses on physiological responses in healthy individuals rather than a specific disease or condition)","Healthy volunteers","Not specified (the paper does not explicitly mention a specific TCM condition or disease being studied)","Not specified (the paper does not explicitly mention a specific TCM condition or disease being studied)","","","","","","","","","","","","","","","","","","","","","","",""
"https://doi.org/10.1007/s10549-008-0210-3","Acupuncture for the treatment of hot flashes in breast cancer patients, a randomized, controlled trial","Breast cancer with hot flashes due to anti-oestrogen medication (Tamoxifen)","Breast cancer with hot flashes due to anti-oestrogen medication (Tamoxifen)","Not specified (the paper does not provide a specific TCM term for the condition being studied)","Not specified (the paper does not provide a specific TCM term for the condition being studied)","","","","","","","","","","","","","","","","","","","","","","",""
"https://doi.org/10.1007/s10549-009-0533-8","The efficacy of acupoint stimulation for the management of therapy-related adverse events in patients with breast cancer: a systematic review","Breast cancer-related adverse events: vasomotor syndrome, chemotherapy-induced nausea and vomiting, lymphedema, post-operation pain, aromatase inhibitors-related joint pain, leukopenia","Breast cancer-related adverse events: vasomotor syndrome, chemotherapy-induced nausea and vomiting, lymphedema, post-operation pain, aromatase inhibitors-related joint pain, leukopenia","Not specified (the paper does not provide TCM terminology for the conditions studied)","Not specified (the paper does not provide TCM terminology for the conditions studied)","","","","","","","","","","","","","","","","","","","","","","",""
"https://doi.org/10.1007/s10549-010-1283-3","Reducing vasomotor symptoms with acupuncture in breast cancer patients treated with adjuvant tamoxifen: a randomized controlled trial","Breast cancer with vasomotor symptoms (hot flushes and sweatings)","Breast cancer with vasomotor symptoms (hot flushes and sweatings)","Not specified (the paper does not explicitly mention a TCM disease or condition)","Not specified (the paper does not explicitly mention a TCM disease or condition)","","","","","","","","","","","","","","","","","","","","","","",""
"https://doi.org/10.1007/s10549-013-2427-z","A dual-center randomized controlled double blind trial assessing the effect of acupuncture in reducing musculoskeletal symptoms in breast cancer patients taking aromatase inhibitors","Musculoskeletal symptoms associated with aromatase inhibitors in breast cancer patients (AIMSS)","Musculoskeletal symptoms associated with aromatase inhibitors in breast cancer patients (AIMSS)","Not specified (the paper does not explicitly mention TCM terminology or diagnosis)","Not specified (the paper does not explicitly mention TCM terminology or diagnosis)","","","","","","","","","","","","","","","","","","","","","","",""
"https://doi.org/10.1007/s10549-016-3765-4","Informing hot flash treatment decisions for breast cancer survivors: a systematic review of randomized trials comparing active interventions","Hot flashes in breast cancer survivors","Hot flashes in breast cancer survivors","Not specified (the paper does not explicitly mention TCM terminology or conditions)","Not specified (the paper does not explicitly mention TCM terminology or conditions)","","","","","","","","","","","","","","","","","","","","","","",""
"https://doi.org/10.1007/s10571-008-9336-4","A Meta-Analysis of Acupuncture Combined with Opioid Receptor Agonists for Treatment of Opiate-Withdrawal Symptoms","Opioid withdrawal","Opioid withdrawal","Not specified (the paper does not explicitly mention a TCM term for the condition)","Not specified (the paper does not explicitly mention a TCM term for the condition)","","","","","","","","","","","","","","","","","","","","","","",""
"https://doi.org/10.1007/s11255-016-1403-z","Effect of acupuncture on clinical symptoms and laboratory indicators for chronic prostatitis/chronic pelvic pain syndrome: a systematic review and meta-analysis","Chronic prostatitis/chronic pelvic pain syndrome (CP/CPPS)","Chronic prostatitis/chronic pelvic pain syndrome (CP/CPPS)","Not specified","Not specified","","","","","","","","","","","","","","","","","","","","","","",""
"https://doi.org/10.1007/s11596-014-1317-x","Effect of Electro-acupuncture Stimulation of Ximen (PC4) and Neiguan (PC6) on Remifentanil-induced Breakthrough Pain Following Thoracal Esophagectomy","Vascular dementia (VD)","Vascular dementia (VD)","Vascular Dementia (VD) - Insufficiency of spirit, qi, and blood; acuity of spinal marrow with upper orifices closed by wind, fire, phlegm, and stagnant blood","Vascular Dementia (VD) - Insufficiency of spirit, qi, and blood; acuity of spinal marrow with upper orifices closed by wind, fire, phlegm, and stagnant blood","","","","","","","","","","","","","","","","","","","","","","",""
"https://doi.org/10.1007/s11605-011-1446-5","Electroacupuncture in Reduction of Discomfort Associated with Barostat-Induced Rectal Distension-A Randomized Controlled Study","Not specified (the study focuses on reducing colorectal discomfort during colonoscopy, not a specific disease or condition)","Experimental pain, Healthy volunteers","Not specified (the paper does not explicitly mention a TCM disease or condition)","Not specified (the paper does not explicitly mention a TCM disease or condition)","","","","","","","","","","","","","","","","","","","","","","",""
"https://doi.org/10.1007/s11655-001-0306-7","Effect of General Anaesthesia with Combination of Acupuncture and Enflurane Applied in Radical Operation of Laryngocarcinoma","Laryngocarcinoma","Laryngocarcinoma","Not specified (the paper does not mention any Traditional Chinese Medicine (TCM) terminology or conditions related to laryngocarcinoma)","Not specified (the paper does not mention any Traditional Chinese Medicine (TCM) terminology or conditions related to laryngocarcinoma)","","","","","","","","","","","","","","","","","","","","","","",""
"https://doi.org/10.1007/s11655-007-0010-3","Study on the Regulatory Effect of Electro acupuncture on Hegu Point (LI4) in Cerebral Response with Functional Magnetic Resonance Imaging'","Not specified (the paper does not explicitly mention a specific Western medical condition or disease being studied)","Healthy volunteers","Not specified (the paper does not explicitly mention a specific disease or condition in TCM terms)","Not specified (the paper does not explicitly mention a specific disease or condition in TCM terms)","","","","","","","","","","","","","","","","","","","","","","",""
"https://doi.org/10.1007/s11655-013-1323-4","Effects of Acupuncture on Chinese Medicine Syndromes of Vascular Dementia","Vascular dementia (VaD)","Vascular dementia (VaD)","Vascular Dementia (VaD) with associated TCM syndromes: Kidney essence deficiency, phlegm obstruction of the orifices, collateral obstruction due to blood stasis, Liver yang hyperactivity, fire hyperactivity, organ turbidity retention, and qi and blood deficiency.","Vascular Dementia (VaD) with associated TCM syndromes: Kidney essence deficiency, phlegm obstruction of the orifices, collateral obstruction due to blood stasis, Liver yang hyperactivity, fire hyperactivity, organ turbidity retention, and qi and blood deficiency.","","","","","","","","","","","","","","","","","","","","","","",""
"https://doi.org/10.1007/s11655-007-0103-z","Comparative Study of the Specificities of Needling Acupoints DU20, DU26 and HT7 in Intervening Vascular Dementia in Different Areas in the Brain on the Basis of Scale Assessment and Cerebral Functional Imaging","Vascular Dementia (VD)","Vascular Dementia (VD)","Not specified (the paper does not provide a specific TCM term for the condition)","Not specified (the paper does not provide a specific TCM term for the condition)","","","","","","","","","","","","","","","","","","","","","","",""
"https://doi.org/10.1007/s11655-007-0219-1","Clinical Observation on the Treatment of Chloasma by Chinese Herbs Combined with Acupuncture","Chloasma","Chloasma","Chloasma, related to gloomy moods, insufficiency of essence and blood, qi-blood disharmony, and Shen or Pi deficiency causing Gan stagnancy.","Chloasma, related to gloomy moods, insufficiency of essence and blood, qi-blood disharmony, and Shen or Pi deficiency causing Gan stagnancy.","","","","","","","","","","","","","","","","","","","","","","",""
"https://doi.org/10.1007/s11655-007-0228-0","Clinical Observation on Treatment of Depression by Electro-Acupuncture Combined with Paroxetine","Depression","Depression","Not specified (the paper does not provide TCM terminology for the condition)","Not specified (the paper does not provide TCM terminology for the condition)","","","","","","","","","","","","","","","","","","","","","","",""
"https://doi.org/10.1007/s11655-009-0426-z","Analysis on the Effect of Acupuncture in Treating Cervical Spondylosis with Different Syndrome Types","Cervical spondylosis","Cervical spondylosis","Cervical spondylosis differentiated into 5 syndrome types: windcold-damp type (A), qi-stagnancy with blood-stasis type (B), phlegm-dampness blocking Collateral type (C), Gan-Shen insufficiency type (D), and qi-blood deficiency type (E)","Cervical spondylosis differentiated into 5 syndrome types: windcold-damp type (A), qi-stagnancy with blood-stasis type (B), phlegm-dampness blocking Collateral type (C), Gan-Shen insufficiency type (D), and qi-blood deficiency type (E)","","","","","","","","","","","","","","","","","","","","","","",""
"https://doi.org/10.1007/s11655-010-0066-3","Effect of Gan-Pi Regulatory Needling in Treating Chloasma","Chloasma","Chloasma","Chloasma differentiated into three TCM types: Gan-qi stagnant (GQS), Gan-stagnation Pi-deficiency (GSPD), and Gan-stagnancy and Shen-deficiency (GSSD)","Chloasma differentiated into three TCM types: Gan-qi stagnant (GQS), Gan-stagnation Pi-deficiency (GSPD), and Gan-stagnancy and Shen-deficiency (GSSD)","","","","","","","","","","","","","","","","","","","","","","",""
"https://doi.org/10.1007/s11655-010-0516-y","Clinical Study on the Treatment of Gastroesophageal Reflux by Acupuncture","Gastroesophageal Reflux (GER)","Gastroesophageal Reflux (GER)","- Stomach pain - Acid regurgitation - Epigastric upset - Fullness feeling","- Stomach pain - Acid regurgitation - Epigastric upset - Fullness feeling","","","","","","","","","","","","","","","","","","","","","","",""
"https://doi.org/10.1007/s11655-011-0665-7","Acupuncture for Pain: An Overview of Cochrane Reviews","- Migraines - Neck disorders - Tension-type headaches - Peripheral joint osteoarthritis - Rheumatoid arthritis - Shoulder pain - Low back pain - Lateral elbow pain","- Migraines - Neck disorders - Tension-type headaches - Peripheral joint osteoarthritis - Rheumatoid arthritis - Shoulder pain - Low back pain - Lateral elbow pain","Not specified (the paper does not mention TCM terminology or conditions)","Not specified (the paper does not mention TCM terminology or conditions)","","","","","","","","","","","","","","","","","","","","","","",""
"https://doi.org/10.1007/s11655-011-0671-9","Clinical Study on the Treatment of Primary Dysmenorrhea with Preconditioning Acupuncture","Primary dysmenorrhea","Primary dysmenorrhea","Not specified (the paper does not explicitly mention a TCM term for primary dysmenorrhea)","Not specified (the paper does not explicitly mention a TCM term for primary dysmenorrhea)","","","","","","","","","","","","","","","","","","","","","","",""
"https://doi.org/10.1007/s11655-011-0800-5","Clinical Observation on the Acupuncture Treatment in Patients with Urinary Retention after Radical Hysterectomy","Urinary retention after radical hysterectomy","Urinary retention after radical hysterectomy","Urinary retention after radical hysterectomy (implied as related to TCM concepts of bladder function and urinary system health)","Urinary retention after radical hysterectomy (implied as related to TCM concepts of bladder function and urinary system health)","","","","","","","","","","","","","","","","","","","","","","",""
"https://doi.org/10.1007/s11655-011-0857-1","De-qi, Not Psychological Factors, Determines the Therapeutic Efficacy of Acupuncture Treatment for Primary Dysmenorrhea","Primary dysmenorrhea","Primary dysmenorrhea","Not specified (the paper does not provide a specific TCM term for primary dysmenorrhea)","Not specified (the paper does not provide a specific TCM term for primary dysmenorrhea)","","","","","","","","","","","","","","","","","","","","","","",""
"https://doi.org/10.1007/s11655-011-0861-5","Acupuncture for Bell's Palsy: A Systematic Review and Meta-analysis","Bell's palsy","Bell's palsy","Not specified","Not specified","","","","","","","","","","","","","","","","","","","","","","",""
"https://doi.org/10.1007/s11655-013-1425-7","Electroacupuncture on PC6 Prevents Opioid-Induced Nausea and Vomiting after Laparoscopic Surgery","Postoperative nausea and vomiting (PONV)","Postoperative nausea and vomiting (PONV)","Not specified (the paper focuses on postoperative nausea and vomiting, which is not a traditional TCM disease or condition)","Not specified (the paper focuses on postoperative nausea and vomiting, which is not a traditional TCM disease or condition)","","","","","","","","","","","","","","","","","","","","","","",""
"https://doi.org/10.1007/s11655-013-1431-9","Scalp Acupuncture for Parkinson's Disease: A Systematic Review of Randomized Controlled Trials","Parkinson's disease (PD)","Parkinson's disease (PD)","Not specified (the paper does not explicitly mention the disease or condition in Traditional Chinese Medicine terminology)","Not specified (the paper does not explicitly mention the disease or condition in Traditional Chinese Medicine terminology)","","","","","","","","","","","","","","","","","","","","","","",""
"https://doi.org/10.1007/s11655-013-1439-1","Effectiveness of Acupuncture for Palliative Care in Cancer Patients: A Systematic Review","Cancer","Cancer","Not specified (the paper does not explicitly mention TCM terminology for the conditions studied)","Not specified (the paper does not explicitly mention TCM terminology for the conditions studied)","","","","","","","","","","","","","","","","","","","","","","",""
"https://doi.org/10.1007/s11655-013-1504-9","Clinical Observation on Treatment of Clearing the Governor Vessel and Refreshing the Mind Needling in","Cerebral Palsy","Cerebral Palsy","five retardations","five retardations","","","","","","","","","","","","","","","","","","","","","","",""
"https://doi.org/10.1007/s11655-013-1594-4","Effects of Electro-Acupuncture on Personality Traits in Depression: A Randomized Controlled Study","Depression (Major Depressive Disorder, MDD)","Depression (Major Depressive Disorder, MDD)","Not specified (the paper does not explicitly mention a TCM disease or condition)","Not specified (the paper does not explicitly mention a TCM disease or condition)","","","","","","","","","","","","","","","","","","","","","","",""
"https://doi.org/10.1007/s11655-014-1744-3","Two Sets of Acupoint Combination of Similar Functions Engage Shared Neural Representation: A Functional Magnetic Resonance Imaging Study","Pain relief","Pain relief","Not specified (the paper focuses on pain relief but does not specify a TCM disease or condition)","Not specified (the paper focuses on pain relief but does not specify a TCM disease or condition)","","","","","","","","","","","","","","","","","","","","","","",""
"https://doi.org/10.1007/s11655-014-1851-1","Effect of Zhubin (KI9) Acupuncture in Reducing Alcohol Craving in Patients with Alcohol Dependence: A Randomized Placebo-Controlled Trial","Alcohol dependence","Alcohol dependence","Not specified","Not specified","","","","","","","","","","","","","","","","","","","","","","",""
"https://doi.org/10.1007/s11655-017-2753-9","Conventional Acupuncture for Cardiac Arrhythmia: A Systematic Review of Randomized Controlled Trials","Cardiac arrhythmia","Cardiac arrhythmia","Not specified","Not specified","","","","","","","","","","","","","","","","","","","","","","",""
"https://doi.org/10.1007/s11726-008-0024-1","Clinical Study on Treatment of Vascular Dementia with Scalp Acupuncture","Vascular Dementia","Vascular Dementia","Not specified","Not specified","","","","","","","","","","","","","","","","","","","","","","",""
"https://doi.org/10.1007/s11726-008-0027-y","Study on Clinical Efficacy of Needling Danzhong(CV 17) in Treating Postpartum Hypogalactia","Postpartum hypogalactia","Postpartum hypogalactia","Postpartum hypogalactia","","","","","","","","","","","","","","","","","","","","","","","",""
"https://doi.org/10.1007/s11726-009-0051-6","Clinical Observation on Treating Menopause Syndrome with Acupuncture Therapy","Menopause Syndrome","Menopause Syndrome","Menopause syndrome due to kidney deficiency and imbalance between yin and yang","Menopause syndrome due to kidney deficiency and imbalance between yin and yang","","","","","","","","","","","","","","","","","","","","","","",""
"https://doi.org/10.1007/s11726-009-0091-y","Clinical Observation of Nerve near Needling for Occipital Neuralgia","Occipital Neuralgia","Occipital Neuralgia","Headache","Headache","","","","","","","","","","","","","","","","","","","","","","",""
"https://doi.org/10.1007/s11726-009-0137-1","Clinical Study on Acupuncture and Ischemic Stroke","Ischemic stroke","Ischemic stroke","Not specified","Not specified","","","","","","","","","","","","","","","","","","","","","","",""
"https://doi.org/10.1007/s11726-009-0137-1","Clinical Study on Acupuncture and Ischemic Stroke","Ischemic Stroke","Ischemic Stroke","Not specified","Not specified","","","","","","","","","","","","","","","","","","","","","","",""
"https://doi.org/10.1007/s11726-009-0203-8","Clinical Study on Electroacupuncture for Post withdrawal Anxiety depression Mood in Heroin Addicts","Post withdrawal anxiety and depression","Post withdrawal anxiety and depression","Not specified (the paper does not explicitly mention a TCM term for the condition)","Not specified (the paper does not explicitly mention a TCM term for the condition)","","","","","","","","","","","","","","","","","","","","","","",""
"https://doi.org/10.1007/S11726-009-0210-9","Clinical Study on Combined Needle embedding and Medication for Depressive Sleep Disorder","Depressive sleep disorder","Depressive sleep disorder","Not specified (the paper describes depression as 'mind or spirit' conditions but does not provide a specific TCM disease or condition name)","Not specified (the paper describes depression as 'mind or spirit' conditions but does not provide a specific TCM disease or condition name)","","","","","","","","","","","","","","","","","","","","","","",""
"https://doi.org/10.1007/s11726-009-0228-z","Observation on Therapeutic Effects of Acupuncture and Tuina in Treatment of Sprains and Strains of Minor Joints at Four Extremities","Sprains and strains of minor joints at the four extremities (metacarpophalangeal/metatarsophalangeal joints)","Sprains and strains of minor joints at the four extremities (metacarpophalangeal/metatarsophalangeal joints)","Not specified","Not specified","","","","","","","","","","","","","","","","","","","","","","",""
"https://doi.org/10.1007/s11726-009-0274-6","Clinical Observation on Combined Warming Needle and Patented Chinese Medicine for Irritable Bowel Syndrome","Irritable Bowel Syndrome (IBS)","Irritable Bowel Syndrome (IBS)","Liver qi stagnation with spleen deficiency","Liver qi stagnation with spleen deficiency","","","","","","","","","","","","","","","","","","","","","","",""
"https://doi.org/10.1007/s11726-009-0286-2","Therapeutic Observation on Green Tortoise Probing Cave Operation plus Stuck Needle Method in Treating Transverse Process Syndrome of the Third Lumbar Vertebra","Transverse process syndrome of the third lumbar vertebra","Transverse process syndrome of the third lumbar vertebra","Biimpediment syndrome","Biimpediment syndrome","","","","","","","","","","","","","","","","","","","","","","",""
"https://doi.org/10.1007/s11726-009-0349-4","Clinical Observation on Treatment of Knee Osteoarthrit is by Warm Needling Method","Knee Osteoarthritis","Knee Osteoarthritis","Knee Osteoarthritis (KOA)","Knee Osteoarthritis (KOA)","","","","","","","","","","","","","","","","","","","","","","",""
"https://doi.org/10.1007/s11726-009-0354-7","Clinical Study on Treatment of Knee Osteoarthritis with Combined Acupuncture and Medication","Knee Osteoarthritis","Knee Osteoarthritis","Not specified","Not specified","","","","","","","","","","","","","","","","","","","","","","",""
"https://doi.org/10.1007/s11726-010-0023-x","Clinical Study on Acupuncture moxibustion Treatment for Insomnia in Heart spleen Deficiency","Insomnia","Insomnia","Insomnia in heart spleen deficiency","Insomnia in heart spleen deficiency","","","","","","","","","","","","","","","","","","","","","","",""
"https://doi.org/10.1007/s11726-010-0023-x","Clinical Study on Acupuncture moxibustion Treatment for Insomnia in Heart spleen Deficiency","Insomnia","Insomnia","Insomnia in heart spleen deficiency","Insomnia in heart spleen deficiency","","","","","","","","","","","","","","","","","","","","","","",""
"https://doi.org/10.1007/s11726-010-0047-2","Clinical Observation of a Combination of Acupuncture and Drug Administration for Non specific Acute Lumbar Sprain","Non specific acute lumbar sprain","Non specific acute lumbar sprain","Lumbago (lower back pain)","Lumbago (lower back pain)","","","","","","","","","","","","","","","","","","","","","","",""
"https://doi.org/10.1007/s11726-010-0098-4","External Application of Chinese Medicine following Tapping Using a Plum blossom Needle for Allergic Rhinitis","Allergic rhinitis","Allergic rhinitis","Not specified","Not specified","","","","","","","","","","","","","","","","","","","","","","",""
"https://doi.org/10.1007/s11726-010-0401-4","Clinical Study on Acupuncture plus Auricular Point Sticking for Insomnia","Insomnia","Insomnia","Insomnia (described as 'sleeplessness' in Chinese medicine)","Insomnia (described as 'sleeplessness' in Chinese medicine)","","","","","","","","","","","","","","","","","","","","","","",""
"https://doi.org/10.1007/s11726-010-0428-6","Clinical Observation of Warm Acupuncture in Treating Diabetic Peripheral Neuropathy","Diabetic Peripheral Neuropathy","Diabetic Peripheral Neuropathy","Disease / Condition (TCM): Wilting disease and arthralgia disease Deficiency: Qi deficiency and yin deficiency Excess: Blood stasis Visceral syndrome differentiation: Spleen deficiency and kidney deficiency","Disease / Condition (TCM): Wilting disease and arthralgia disease Deficiency: Qi deficiency and yin deficiency Excess: Blood stasis Visceral syndrome differentiation: Spleen deficiency and kidney deficiency","","","","","","","","","","","","","","","","","","","","","","",""
"https://doi.org/10.1007/s11726-010-0429-5","Effect of Combined Acupuncture and Medication for Hypertension due to Type 2 Diabetes Mellitus and Plasma Neuropeptide Y","Hypertension due to type 2 diabetes mellitus","Hypertension due to type 2 diabetes mellitus","Hypertension associated with hyperactivity of liver yang, yin deficiency of the liver and kidney, phlegm turbidity in the middle jiao and blood stasis.","Hypertension associated with hyperactivity of liver yang, yin deficiency of the liver and kidney, phlegm turbidity in the middle jiao and blood stasis.","","","","","","","","","","","","","","","","","","","","","","",""
"https://doi.org/10.1007/s11726-010-0433-9","Clinical Observation on Acupuncture plus Auricular Point Sticking in Treating Insomnia","Insomnia","Insomnia","Not specified","Not specified","","","","","","","","","","","","","","","","","","","","","","",""
"https://doi.org/10.1007/s11726-010-0436-6","Clinical Observation on the Treatment of Relapsed Lumbar Disc Herniation after Disc Surgery by Acupuncture plus Medication","Relapsed lumbar disc herniation after lumbar disc surgery","Relapsed lumbar disc herniation after lumbar disc surgery","Not specified (the paper does not explicitly mention a TCM term for the condition)","Not specified (the paper does not explicitly mention a TCM term for the condition)","","","","","","","","","","","","","","","","","","","","","","",""
"https://doi.org/10.1007/s11726-010-0444-6","Clinical Study on Electroacupuncture Treatment for Post stroke Depression","Post stroke depression","Post stroke depression","Wind stroke and depression","Wind stroke and depression","","","","","","","","","","","","","","","","","","","","","","",""
"https://doi.org/10.1007/s11726-010-0445-5","Clinical Study on Treatment of Post stroke Depression by Scalp Acupuncture plus Body Acupuncture","Post stroke depression","Post stroke depression","Depressive Pattern","Depressive Pattern","","","","","","","","","","","","","","","","","","","","","","",""
"https://doi.org/10.1007/s11726-010-0450-8","Clinical Observation on the Post stroke Shoulder Pain and Blood Viscosity Treated by Acupuncture moxibustion Therapy","Post stroke shoulder pain","Post stroke shoulder pain","Wind stroke (cerebrovascular disease)","Wind stroke (cerebrovascular disease)","","","","","","","","","","","","","","","","","","","","","","",""
"https://doi.org/10.1007/s11726-010-0451-7","Effect of Acupuncture on Functional Reconstruction of the Wrist Following Cerebral Apoplexy","Stroke (cerebral apoplexy)","Stroke (cerebral apoplexy)","Not specified","Not specified","","","","","","","","","","","","","","","","","","","","","","",""
"https://doi.org/10.1007/s11726-010-0454-4","Influence of Acupuncture plus LONG's Manual Manipulations on Functional Improvement in Lumbar Intervertebral Disc Protrusion","Lumbar intervertebral disc protrusion","Lumbar intervertebral disc protrusion","Not specified","Not specified","","","","","","","","","","","","","","","","","","","","","","",""
"https://doi.org/10.1007/s11726-011-0463-y","Therapeutic Effect Observation on Combined Acupuncture and Chinese Medicine for Reflux Esophagitis 针药并用治疗反流性食管炎疗效观察","Reflux Esophagitis","Reflux Esophagitis","Not specified (the paper describes reflux esophagitis in terms of TCM principles but does not provide a specific TCM disease or condition name)","Not specified (the paper describes reflux esophagitis in terms of TCM principles but does not provide a specific TCM disease or condition name)","","","","","","","","","","","","","","","","","","","","","","",""
"https://doi.org/10.1007/s11726-011-0468-6","Observation of Therapeutic Effects of Needle Warming Moxibustion for Chronic Diarrhea 温针灸治疗慢性腹泻疗效观察","Chronic diarrhea","Chronic diarrhea","Chronic diarrhea (CD) with patterns of deficiency in the spleen and stomach, and deficiency of kidney yang.","Chronic diarrhea (CD) with patterns of deficiency in the spleen and stomach, and deficiency of kidney yang.","","","","","","","","","","","","","","","","","","","","","","",""
"https://doi.org/10.1007/s11726-011-0477-5","Clinical Observation on Acupuncture for Migrain","Migraine","Migraine","head wind, brain wind, or wind in one side of the head","head wind, brain wind, or wind in one side of the head","","","","","","","","","","","","","","","","","","","","","","",""
"https://doi.org/10.1007/s11726-011-0478-4","Clinical Study on Acupuncture Treating Thalamic Pain","Thalamic pain syndrome","Thalamic pain syndrome","Not specified","Not specified","","","","","","","","","","","","","","","","","","","","","","",""
"https://doi.org/10.1007/s11726-011-0483-7","Clinical Study on the Treatment of Renal Colic by Body and Auricular Acupuncture","Renal colic","Renal colic","Renal colic due to blockage in the urethra caused by dampness heat in the lower jiao and stones.","Renal colic due to blockage in the urethra caused by dampness heat in the lower jiao and stones.","","","","","","","","","","","","","","","","","","","","","","",""
"https://doi.org/10.1007/s11726-011-0494-4","Therapeutic Effect Observation on Warm Needling for Keloidal Acne","Keloidal acne","Keloidal acne","Not specified (the paper does not explicitly mention a TCM disease or condition name)","Not specified (the paper does not explicitly mention a TCM disease or condition name)","","","","","","","","","","","","","","","","","","","","","","",""
"https://doi.org/10.1007/s11726-011-0498-0","Observation on the Effect of Cutaneous Acupuncture for Erysipelas with Hard Swollen Skin","Erysipelas with hard swollen skin","Erysipelas with hard swollen skin","Not specified","Not specified","","","","","","","","","","","","","","","","","","","","","","",""
"https://doi.org/10.1007/s11726-011-0500-x","Clinical Observation on Acupuncture Treatment of Alopecia Areata ","Alopecia areata","Alopecia areata","Oil Wind","Oil Wind","","","","","","","","","","","","","","","","","","","","","","",""
"https://doi.org/10.1007/s11726-011-0501-9","Therapeutic Effect Observation on Electroacupuncture plus Acupoint Injection for Alopecia Areata ","Alopecia areata","Alopecia areata","Not specified (the paper describes the condition and treatment principles in TCM terms but does not explicitly state a specific TCM disease or condition name for alopecia areata)","Not specified (the paper describes the condition and treatment principles in TCM terms but does not explicitly state a specific TCM disease or condition name for alopecia areata)","","","","","","","","","","","","","","","","","","","","","","",""
"https://doi.org/10.1007/s11726-011-0502-8","Acupuncture for Rheumatoid Arthritis: A Randomized, Sham controlled Clinical Trial ","Rheumatoid Arthritis","Rheumatoid Arthritis","Not specified (the paper does not explicitly mention the condition in Traditional Chinese Medicine (TCM) terminology)","Not specified (the paper does not explicitly mention the condition in Traditional Chinese Medicine (TCM) terminology)","","","","","","","","","","","","","","","","","","","","","","",""
"https://doi.org/10.1007/s11726-011-0506-4","Clinical Observation on Acupuncture Treating Functional Gastrointestinal Disorder after Gallstone Surgery","Functional gastrointestinal disorder after gallstone removal surgery","Functional gastrointestinal disorder after gallstone removal surgery","Intestinal stagnation or syndrome of obstruction and rejection","Intestinal stagnation or syndrome of obstruction and rejection","","","","","","","","","","","","","","","","","","","","","","",""
"https://doi.org/10.1007/s11726-011-0509-1","Warm Needling Therapy for Sciatica: A Randomized Controlled Trial","Sciatica","Sciatica","Sciatica (Bi syndrome or painful obstruction syndrome)","Sciatica (Bi syndrome or painful obstruction syndrome)","","","","","","","","","","","","","","","","","","","","","","",""
"https://doi.org/10.1007/s11726-011-0509-1","Warm Needling Therapy for Sciatica: A Randomized Controlled Trial ","Sciatica","Sciatica","Bi impediment syndrome or lumbago; stem type of sciatica with cold damp or kidney deficiency syndrome","Bi impediment syndrome or lumbago; stem type of sciatica with cold damp or kidney deficiency syndrome","","","","","","","","","","","","","","","","","","","","","","",""
"https://doi.org/10.1007/s11726-011-0514-4","Therapeutic efficacy observation on combined acupuncture and herbal formula for male sterility","Male infertility (abnormal semen)","Male infertility (abnormal semen)","精液异常不育症 (Abnormal semen infertility syndrome)","精液异常不育症 (Abnormal semen infertility syndrome)","","","","","","","","","","","","","","","","","","","","","","",""
"https://doi.org/10.1007/s11726-011-0519-z","Clinical Observation on Combined Acupuncture and Herbs in Treating Impotence","Erectile Dysfunction","Erectile Dysfunction","Impotence (Kidney yang deficiency, Heart spleen deficiency, Damp heat in the lower jiao)","Impotence (Kidney yang deficiency, Heart spleen deficiency, Damp heat in the lower jiao)","","","","","","","","","","","","","","","","","","","","","","",""
"https://doi.org/10.1007/s11726-011-0519-z","Clinical Observation on Combined Acupuncture and Herbs in Treating Impotence ","Erectile dysfunction","Erectile dysfunction","Impotence (阳痿) specifically related to kidney yang deficiency, heart spleen deficiency, and damp heat in the lower jiao","Impotence (阳痿) specifically related to kidney yang deficiency, heart spleen deficiency, and damp heat in the lower jiao","","","","","","","","","","","","","","","","","","","","","","",""
"https://doi.org/10.1007/s11726-011-0520-6","Treatment of Prostatalgia by Acupuncture: A Randomized Controlled Trial","Prostatalgia","Prostatalgia","Not specified","Not specified","","","","","","","","","","","","","","","","","","","","","","",""
"https://doi.org/10.1007/s11726-011-0522-4","Electroacupuncture for Treating Prostatic Hyperplasia: A Randomized Controlled Trial","Prostatic Hyperplasia (Benign Prostatic Hyperplasia)","Prostatic Hyperplasia (Benign Prostatic Hyperplasia)","Long Bi (uroschesis) or Lin Zheng (stranguria)","Long Bi (uroschesis) or Lin Zheng (stranguria)","","","","","","","","","","","","","","","","","","","","","","",""
"https://doi.org/10.1007/s11726-011-0531-3","Clinical Study on Electroacupuncture for Perimenopause Syndrome","Perimenopausal syndrome (PMS)","Perimenopausal syndrome (PMS)","Not specified","Not specified","","","","","","","","","","","","","","","","","","","","","","",""
"https://doi.org/10.1007/s11726-011-0532-2","combined acupuncture moxibustion and psychotherapy for perimenopause syndrome","Perimenopausal syndrome","Perimenopausal syndrome","围绝经期综合征 (Perimenopausal syndrome)","围绝经期综合征 (Perimenopausal syndrome)","","","","","","","","","","","","","","","","","","","","","","",""
"https://doi.org/10.1007/s11726-011-0533-1","Ear acupuncture for perimenopause syndrome: A multi centered randomized controlled trial","Perimenopause syndrome","Perimenopause syndrome","Perimenopause syndrome","","","","","","","","","","","","","","","","","","","","","","","",""
"https://doi.org/10.1007/s11726-011-0535-z","Acupuncture for Primary Dysmenorrhea:A Randomized Controlled Trial","Primary dysmenorrhea","Primary dysmenorrhea","primary dysmenorrhea","","","","","","","","","","","","","","","","","","","","","","","",""
"https://doi.org/10.1007/s11726-011-0538-9","Clinical Study of Acupuncture and Moxibustion for Girls with Dysfunctional Uterine Bleeding","Dysfunctional uterine bleeding in adolescents","Dysfunctional uterine bleeding in adolescents","功能性子宫出血 (Dysfunctional Uterine Bleeding)","功能性子宫出血 (Dysfunctional Uterine Bleeding)","","","","","","","","","","","","","","","","","","","","","","",""
"https://doi.org/10.1007/s11726-011-0539-8","Clinical Study on Hydro acupuncture for Hypomenorrhea","Hypomenorrhea","Hypomenorrhea","Hypomenorrhea","","","","","","","","","","","","","","","","","","","","","","","",""
"https://doi.org/10.1007/s11726-011-0541-1","Observation on Efficacy of Acupuncture for Hyperplasia of Mammary Glands","Breast hyperplasia (fibrocystic breast disease)","Breast hyperplasia (fibrocystic breast disease)","乳腺增生病 (Breast Hyperplasia)","乳腺增生病 (Breast Hyperplasia)","","","","","","","","","","","","","","","","","","","","","","",""
"https://doi.org/10.1007/s11726-011-0542-0","Effect of Combined Acupuncture and Chinese Herbal Formula on the Motor Function and Activities of Daily Living in Post stroke Patients","Stroke","Stroke","Not specified","Not specified","","","","","","","","","","","","","","","","","","","","","","",""
"https://doi.org/10.1007/s11726-012-0561-5","Observation on Therapeutic Effects of Abdominal Acupuncture plus Body Acupuncture for Moderate Depression","Moderate Depression","Moderate Depression","Dian Zheng (crazy syndrome), Yu Zheng (depressive pattern), Zang Zao (hysteria)","Dian Zheng (crazy syndrome), Yu Zheng (depressive pattern), Zang Zao (hysteria)","","","","","","","","","","","","","","","","","","","","","","",""
"https://doi.org/10.1007/s11726-012-0562-4","Clinical Observation on Combined Acupuncture and Medicine in Treating Post stroke Depression","Post stroke depression (PSD)","Post stroke depression (PSD)","Yu Zheng (depression syndrome)","Yu Zheng (depression syndrome)","","","","","","","","","","","","","","","","","","","","","","",""
"https://doi.org/10.1007/s11726-012-0563-3","Therapeutic Evaluation of Different Needling Methods for Tension type Headache ","Tension type headache (TTH)","Tension type headache (TTH)","Head Wind (TCM)","Head Wind (TCM)","","","","","","","","","","","","","","","","","","","","","","",""
"https://doi.org/10.1007/s11726-012-0564-2","Application of P300 in Scalp Acupuncture for Cognitive Disorder Due to Cerebral Infarction P300 ","Cognitive Disorder Due to Cerebral Infarction","Cognitive Disorder Due to Cerebral Infarction","Stroke (Zhong Feng) in Traditional Chinese Medicine (TCM)","Stroke (Zhong Feng) in Traditional Chinese Medicine (TCM)","","","","","","","","","","","","","","","","","","","","","","",""
"https://doi.org/10.1007/s11726-012-0565-1","Therapeutic Efficacy Observation on Acupuncture Treatment for Vascular Cognitive Disorder Following a Cerebral Infarction ","Vascular Cognitive Disorder (VCD) following a cerebral infarction","Vascular Cognitive Disorder (VCD) following a cerebral infarction","Not specified (the paper does not provide a direct TCM term for the condition)","Not specified (the paper does not provide a direct TCM term for the condition)","","","","","","","","","","","","","","","","","","","","","","",""
"https://doi.org/10.1007/s11726-012-0566-0","Clinical Efficacy Observation of Scalp acupuncture based Therapy for Vascular Dementia ","Vascular dementia (VD)","Vascular dementia (VD)","Deficiency of the brain marrow","Deficiency of the brain marrow","","","","","","","","","","","","","","","","","","","","","","",""
"https://doi.org/10.1007/s11726-012-0567-z","Therapeutic Efficacy Observation on Scalp Acupuncture for Vascular Dementia ","Vascular Dementia","Vascular Dementia","Deficiency of the liver and kidney coupled with phlegm stasis","Deficiency of the liver and kidney coupled with phlegm stasis","","","","","","","","","","","","","","","","","","","","","","",""
"https://doi.org/10.1007/s11726-012-0568-y","Influence of Acupuncture on Remodeling of Swallowing Functions for Patients with Pseudobulbar Palsy after Cerebral Infarction ","Pseudobulbar Palsy after Cerebral Infarction","Pseudobulbar Palsy after Cerebral Infarction","Not specified (the paper does not provide a direct TCM term for pseudobulbar palsy but attributes it to the scopes of 'stroke', 'aphasia', and 'hiccup')","Not specified (the paper does not provide a direct TCM term for pseudobulbar palsy but attributes it to the scopes of 'stroke', 'aphasia', and 'hiccup')","","","","","","","","","","","","","","","","","","","","","","",""
"https://doi.org/10.1007/s11726-012-0569-x","Quantity effect Relationship of Electroacupuncture for Urge Incontinence: A Multicenter Randomized Controlled Trial ","Urinary Incontinence (UI)","Urinary Incontinence (UI)","Stranguria of kidney deficiency type","Stranguria of kidney deficiency type","","","","","","","","","","","","","","","","","","","","","","",""
"https://doi.org/10.1007/s11726-012-0575-z","Therapeutic Effect Observation on Combined Acupuncture and Medication for Ovulation ","Anovulatory infertility","Anovulatory infertility","Anovulatory infertility due to kidney essence deficiency, blood insufficiency, and qi stagnation with blood stasis.","Anovulatory infertility due to kidney essence deficiency, blood insufficiency, and qi stagnation with blood stasis.","","","","","","","","","","","","","","","","","","","","","","",""
"https://doi.org/10.1007/s11726-012-0576-y","Therapeutic Efficacy Observation on Electroacupuncture for Ovulatory Dysfunctional Infertility ","Ovulatory Dysfunctional Infertility","Ovulatory Dysfunctional Infertility","Not specified (the paper does not explicitly state a TCM disease or condition name)","Not specified (the paper does not explicitly state a TCM disease or condition name)","","","","","","","","","","","","","","","","","","","","","","",""
"https://doi.org/10.1007/s11726-012-0581-1","Effect of Combined Acupuncture with Chinese Medicine on Overall Function of Patients with Post stroke Depression","Post stroke depression (PSD)","Post stroke depression (PSD)","Depressive syndrome due to liver qi stagnation with spleen deficiency","Depressive syndrome due to liver qi stagnation with spleen deficiency","","","","","","","","","","","","","","","","","","","","","","",""
"https://doi.org/10.1007/s11726-012-0593-x","Therapeutic Efficacy Observation on Acupuncture for Post withdrawal Syndrome of Heroin Dependence","Post withdrawal syndrome of heroin dependence","Post withdrawal syndrome of heroin dependence","Not specified (the paper does not explicitly state the disease/condition in TCM terminology)","Not specified (the paper does not explicitly state the disease/condition in TCM terminology)","","","","","","","","","","","","","","","","","","","","","","",""
"https://doi.org/10.1007/s11726-012-0605-x","Therapeutic Efficacy Observation on Acupuncture plus Medication for Rheumatoid Arthritis","Rheumatoid Arthritis (RA)","Rheumatoid Arthritis (RA)","Not specified (the paper does not provide TCM terminology for the condition)","Not specified (the paper does not provide TCM terminology for the condition)","","","","","","","","","","","","","","","","","","","","","","",""
"https://doi.org/10.1007/s11726-012-0609-6","Clinical Observation on Tuina plus Warm Needling Moxibustion for Lumbar Disc Herniation","Lumbar Disc Herniation","Lumbar Disc Herniation","Not specified (the paper does not explicitly mention the TCM term for the condition)","Not specified (the paper does not explicitly mention the TCM term for the condition)","","","","","","","","","","","","","","","","","","","","","","",""
"https://doi.org/10.1007/s11726-012-0628-3","Clinical Observation on Acupuncture moxibustion Therapy in Treating Ankylosing Spondylitis","Ankylosing Spondylitis (AS)","Ankylosing Spondylitis (AS)","Ankylosing Spondylitis (AS)","","","","","","","","","","","","","","","","","","","","","","","",""
"https://doi.org/10.1007/s11726-012-0641-6","Therapeutic Effect Observation on Combined Tuina with Warm Needling Moxibustion for Adhesive Shoulder Periarthritis","Adhesive shoulder periarthritis (ASP), also known as ""frozen shoulder""","Adhesive shoulder periarthritis (ASP), also known as ""frozen shoulder""","Not specified","Not specified","","","","","","","","","","","","","","","","","","","","","","",""
"https://doi.org/10.1007/s11726-013-0651-z","Acupuncture Combined with Tuina Treatment for Infantile Diarrhea","Infantile diarrhea","Infantile diarrhea","Infantile diarrhea, with pathogenesis related to retention of Dampness in the Spleen and damp abundance due to deficiency of the spleen.","Infantile diarrhea, with pathogenesis related to retention of Dampness in the Spleen and damp abundance due to deficiency of the spleen.","","","","","","","","","","","","","","","","","","","","","","",""
"https://doi.org/10.1007/s11726-013-0653-x","Electroacupuncture in Treating Depression: A Randomized Controlled Study","Depression","Depression","Not specified","Not specified","","","","","","","","","","","","","","","","","","","","","","",""
"https://doi.org/10.1007/s11726-013-0661-x","Clinical Study on Combined Acupuncture and Chinese Medicinal Fumigation for Dry Eye Syndrome","Dry Eye Syndrome (DES)","Dry Eye Syndrome (DES)","Dry eyes due to yin deficiency of the liver and kidney","Dry eyes due to yin deficiency of the liver and kidney","","","","","","","","","","","","","","","","","","","","","","",""
"https://doi.org/10.1007/s11726-013-0665-6","Clinical Observation on Combining Acupuncture and Eye Drops for Primary Open Angle Glaucoma","Primary Open Angle Glaucoma (POAG)","Primary Open Angle Glaucoma (POAG)","Not specified","Not specified","","","","","","","","","","","","","","","","","","","","","","",""
"https://doi.org/10.1007/s11726-013-0669-2","Clinical Observation on Acupuncture Treatment for Cerebral Infarction Sequela","Cerebral infarction sequela","Cerebral infarction sequela","Not specified","Not specified","","","","","","","","","","","","","","","","","","","","","","",""
"https://doi.org/10.1007/s11726-013-0670-9","Therapeutic Efficacy Observation on Electroacupuncture of Different Frequencies for the Third Lumbar Transverse Process Syndrome","The third lumbar transverse process syndrome (chronic low back pain or lumbar gluteal condition)","The third lumbar transverse process syndrome (chronic low back pain or lumbar gluteal condition)","Not specified","Not specified","","","","","","","","","","","","","","","","","","","","","","",""
"https://doi.org/10.1007/s11764-007-0034-x","Pilot study of acupuncture for the treatment of joint symptoms related to adjuvant aromatase inhibitor therapy in postmenopausal breast cancer patients","AI-induced arthralgias (joint symptoms related to aromatase inhibitor therapy in postmenopausal breast cancer patients)","AI-induced arthralgias (joint symptoms related to aromatase inhibitor therapy in postmenopausal breast cancer patients)","Not specified (the paper does not explicitly state the disease or condition in Traditional Chinese Medicine terminology)","Not specified (the paper does not explicitly state the disease or condition in Traditional Chinese Medicine terminology)","","","","","","","","","","","","","","","","","","","","","","",""
"https://doi.org/10.1007/s11934-011-0186-0","Use of Acupuncture as a Treatment Method for Chronic Prostatitis/Chronic Pelvic Pain Syndromes","Chronic prostatitis/chronic pelvic pain syndrome (CP/CPPS)","Chronic prostatitis/chronic pelvic pain syndrome (CP/CPPS)","Not specified","Not specified","","","","","","","","","","","","","","","","","","","","","","",""
"https://doi.org/10.1007/s40257-016-0209-1","Complementary and Alternative Medicine for Atopic Dermatitis: An Evidence-Based Review","Atopic dermatitis (AD)","Atopic dermatitis (AD)","Dampness-heat pattern","Dampness-heat pattern","","","","","","","","","","","","","","","","","","","","","","",""
"https://doi.org/10.1016/0002-9343(83)91117-8","Acupuncture Treatment of Chronic Back Pain A Double-Blind Placebo-Controlled Trial","Chronic low back pain","Chronic low back pain","Not specified","Not specified","","","","","","","","","","","","","","","","","","","","","","",""
"https://doi.org/10.1016/0005-7967(83)90011-6","Smoking Cessation With Behaviour Therapy or Acupuncture: A Controlled Study","Smoking cessation","Smoking cessation","Not specified (the paper does not explicitly mention a TCM condition or disease)","Not specified (the paper does not explicitly mention a TCM condition or disease)","","","","","","","","","","","","","","","","","","","","","","",""
"https://doi.org/10.1016/0022-3913(85)90440-8","Acupuncture compared with stomatognathic treatment for TMJ dysfunction","Temporomandibular joint (TMJ) dysfunction","Temporomandibular joint (TMJ) dysfunction","Not specified (the paper does not explicitly mention the condition in Traditional Chinese Medicine (TCM) terminology)","Not specified (the paper does not explicitly mention the condition in Traditional Chinese Medicine (TCM) terminology)","","","","","","","","","","","","","","","","","","","","","","",""
"https://doi.org/10.1016/0022-3999(84)90052-7","Effects of acupuncture and transcutaneous electrical nerve stimulation on cold-induced pain in normal subjects","Not specified (the study focuses on cold-induced pain, an experimentally induced condition rather than a specific Western medical condition or disease)","Experimental pain, Healthy volunteers","Not specified","Not specified","","","","","","","","","","","","","","","","","","","","","","",""
"https://doi.org/10.1016/0022-3999(89)90010-x","The Significance of Needle Placement Site In Acupuncture","Not specified (the paper focuses on pain relief and sensations associated with acupuncture without specifying a particular disease or condition)","Healthy volunteers","Not specified (the paper focuses on sensations associated with acupuncture rather than a specific TCM disease or condition)","Not specified (the paper focuses on sensations associated with acupuncture rather than a specific TCM disease or condition)","","","","","","","","","","","","","","","","","","","","","","",""
"https://doi.org/10.1016/0030-4220(92)90124-9","The effect of acupuncture on salivary flow rates in patients with xerostomia","Xerostomia","Xerostomia","Not specified (the paper does not provide a TCM term for the condition)","Not specified (the paper does not provide a TCM term for the condition)","","","","","","","","","","","","","","","","","","","","","","",""
"https://doi.org/10.1016/0091-6749(85)90760-2","A controlled trial of real and simulated acupuncture in the management of chronic asthma","Asthma","Asthma","Not specified (the paper does not explicitly translate the condition into TCM terminology)","Not specified (the paper does not explicitly translate the condition into TCM terminology)","","","","","","","","","","","","","","","","","","","","","","",""
"https://doi.org/10.1016/0304-3959(82)90133-6","Comparative Effects of Electroacupuncture and Transcutaneous Nerve Stimulation on the Human Blink Reflex","Not specified (the study focuses on physiological responses in healthy volunteers rather than a specific disease or condition)","Healthy volunteers","Not specified (the paper does not mention a specific disease or condition related to Traditional Chinese Medicine)","Not specified (the paper does not mention a specific disease or condition related to Traditional Chinese Medicine)","","","","","","","","","","","","","","","","","","","","","","",""
"https://doi.org/10.1016/0304-3959(76)90005-1","Comparative effects of acupuncture and transcutaneous stimulation on the perception of painful dental stimuli","Dental pain","Dental pain","Not specified (the paper focuses on the analgesic effects of acupuncture on dental pain, not a specific TCM disease or condition)","Not specified (the paper focuses on the analgesic effects of acupuncture on dental pain, not a specific TCM disease or condition)","","","","","","","","","","","","","","","","","","","","","","",""
"https://doi.org/10.1016/0304-3959(76)90006-3","Acupuncture and chronic pain mechanisms","Chronic pain below the waist level (including backache, lower abdominal, flank, and extremity pains)","Chronic pain below the waist level (including backache, lower abdominal, flank, and extremity pains)","Not specified","Not specified","","","","","","","","","","","","","","","","","","","","","","",""
"https://doi.org/10.1016/0304-3959(77)90064-1","Failure of Acupuncture to Produce Localized Changes in Subjective Cold Pain Ratings","Not specified (the paper focuses on pain sensitivity in healthy volunteers, not a specific disease or condition)","Experimental pain, Healthy volunteers","Not specified (the paper focuses on pain sensitivity rather than a specific TCM disease or condition)","Not specified (the paper focuses on pain sensitivity rather than a specific TCM disease or condition)","","","","","","","","","","","","","","","","","","","","","","",""
"https://doi.org/10.1016/0304-3959(79)90009-5","Acupuncture: An evaluation in the painful crises of sickle cell anaemia","Sickle cell anemia","Sickle cell anemia","Not specified (the paper does not provide a TCM term for the condition)","Not specified (the paper does not provide a TCM term for the condition)","","","","","","","","","","","","","","","","","","","","","","",""
"https://doi.org/10.1016/0304-3959(81)90192-5","Effect of transcutaneous electrotherapy on CSF β-endorphin content in patients without pain problems","Not specified (the paper focuses on patients without pain problems, but specific conditions like obstructive hydrocephalus and CSF fistulae are mentioned as reasons for hospitalization)","Hospitalized","Not specified","Not specified","","","","","","","","","","","","","","","","","","","","","","",""
"https://doi.org/10.1016/0304-3959(85)90074-0","The Effects of Acupuncture versus Placebo in the Treatment of Headache","Migrainous headaches","Migrainous headaches","Not specified (the paper does not provide a specific TCM term for the condition)","Not specified (the paper does not provide a specific TCM term for the condition)","","","","","","","","","","","","","","","","","","","","","","",""
"https://doi.org/10.1016/0304-3959(86)90057-6","Efficacy of Electroacupuncture and TENS in the Rehabilitation of Chronic Low Back Pain Patients","Chronic Low Back Pain","Chronic Low Back Pain","Not specified (the paper does not provide TCM terminology for the condition)","Not specified (the paper does not provide TCM terminology for the condition)","","","","","","","","","","","","","","","","","","","","","","",""
"https://doi.org/10.1016/0304-3959(90)91071-P","Hypalgesic efficacy of acupuncture on experimental pain in man. Comparison of laser acupuncture and needle acupuncture","Pain (experimental heat stimuli)","Pain (experimental heat stimuli)","Not specified (the paper does not mention a specific TCM disease or condition)","Not specified (the paper does not mention a specific TCM disease or condition)","","","","","","","","","","","","","","","","","","","","","","",""
"https://doi.org/10.1016/0304-3959(90)91078-W","Laser treatment applied to acupuncture points in lateral humeral epicondylalgia. A double-blind study","Lateral humeral epicondylalgia (Tennis elbow)","Lateral humeral epicondylalgia (Tennis elbow)","Not specified (the paper does not provide a TCM term for the condition)","Not specified (the paper does not provide a TCM term for the condition)","","","","","","","","","","","","","","","","","","","","","","",""
"https://doi.org/10.1016/0304-3959(91)90092-C","Increased postoperative pain and consumption of analgesics following acupuncture","Postoperative pain and complications following impacted mandibular third molar removal","Postoperative pain and complications following impacted mandibular third molar removal","Not specified (the paper does not provide a TCM perspective or terminology for the condition being studied)","Not specified (the paper does not provide a TCM perspective or terminology for the condition being studied)","","","","","","","","","","","","","","","","","","","","","","",""
"https://doi.org/10.1016/0304-3959(92)90080-U","Traditional Chinese acupuncture in tension-type headache: a controlled study","Tension-type headache","Tension-type headache","Not specified (the paper does not provide a specific TCM term or diagnosis for the condition)","Not specified (the paper does not provide a specific TCM term or diagnosis for the condition)","","","","","","","","","","","","","","","","","","","","","","",""
"https://doi.org/10.1016/0376-8716(92)90022-5","Acupuncture fails to improve treatment outcome in alcoholics","Alcoholism","Alcoholism","Not specified (the paper does not explicitly mention a TCM disease or condition)","Not specified (the paper does not explicitly mention a TCM disease or condition)","","","","","","","","","","","","","","","","","","","","","","",""
"https://doi.org/10.1016/0740-5472(93)90019-x","Acupuncture Heroin Detoxification: A Single-Blind Clinical Trial","Heroin addiction","Heroin addiction","Not specified (the paper does not provide a TCM-specific term for the condition)","Not specified (the paper does not provide a TCM-specific term for the condition)","","","","","","","","","","","","","","","","","","","","","","",""
"https://doi.org/10.1016/0740-5472(95)00014-v","Acupuncture for the Treatment of Cocaine Addiction Investigation of a Needle Puncture Control","Cocaine dependence","Cocaine dependence","Not specified (the paper does not explicitly state the disease/condition in TCM terminology)","Not specified (the paper does not explicitly state the disease/condition in TCM terminology)","","","","","","","","","","","","","","","","","","","","","","",""
"https://doi.org/10.1016/0964-1955(95)00085-2","Acupuncture Treatment of Patients Xerostomia with Radiation-induced","Xerostomia (radiation-induced)","Xerostomia (radiation-induced)","Not specified (the paper does not provide a TCM term for the condition)","Not specified (the paper does not provide a TCM term for the condition)","","","","","","","","","","","","","","","","","","","","","","",""
"https://doi.org/10.1016/j.ajem.2015.02.033","Comparison of the efficacy of diclofenac, acupuncture, and acetaminophen in the treatment of renal colic","Renal colic due to urolithiasis","Renal colic due to urolithiasis","Not specified (the paper does not provide a TCM term for the condition)","Not specified (the paper does not provide a TCM term for the condition)","","","","","","","","","","","","","","","","","","","","","","",""
"https://doi.org/10.1016/j.ajo.2015.04.033","Prospective Evaluation of Acupuncture as Treatment for Glaucoma","Primary open-angle glaucoma","Primary open-angle glaucoma","Not specified (the paper does not explicitly state the disease or condition in Traditional Chinese Medicine terminology)","Not specified (the paper does not explicitly state the disease or condition in Traditional Chinese Medicine terminology)","","","","","","","","","","","","","","","","","","","","","","",""
"https://doi.org/10.1016/j.ajog.2004.05.027","Acupuncture for labor pain management: A systematic review","Labor pain","Labor pain","Not specified (the paper does not explicitly mention a TCM disease or condition for labor pain)","Not specified (the paper does not explicitly mention a TCM disease or condition for labor pain)","","","","","","","","","","","","","","","","","","","","","","",""
"https://doi.org/10.1016/j.ajog.2016.01.156","Nonantimuscarinic treatment for overactive bladder: a systematic review","Overactive bladder (OAB)","Overactive bladder (OAB)","Not specified (the paper does not mention Traditional Chinese Medicine terminology)","Not specified (the paper does not mention Traditional Chinese Medicine terminology)","","","","","","","","","","","","","","","","","","","","","","",""
"https://doi.org/10.1016/j.anai.2015.05.017","Acupuncture for seasonal allergic rhinitis: a randomized controlled trial","Seasonal allergic rhinitis (SAR), also known as hay fever","Seasonal allergic rhinitis (SAR), also known as hay fever","- Lung qi deficiency - Lung and spleen deficiency - Lung and kidney deficiency - Lung, spleen, and kidney deficiency syndromes","- Lung qi deficiency - Lung and spleen deficiency - Lung and kidney deficiency - Lung, spleen, and kidney deficiency syndromes","","","","","","","","","","","","","","","","","","","","","","",""
"https://doi.org/10.1016/j.apmr.2003.06.012","Needle Acupuncture in Chronic Poststroke Leg Spasticity","Chronic poststroke leg spasticity","Chronic poststroke leg spasticity","Not specified","Not specified","","","","","","","","","","","","","","","","","","","","","","",""
"https://doi.org/10.1016/j.apmr.2004.10.037","The Effect of Real and Sham Acupuncture on Thermal Sensation and Thermal Pain Thresholds","Not specified (the study focuses on thermal sensation and pain thresholds in healthy subjects without a specific disease or condition)","Experimental pain, Healthy volunteers","Not specified (the paper does not explicitly mention a specific TCM disease or condition)","Not specified (the paper does not explicitly mention a specific TCM disease or condition)","","","","","","","","","","","","","","","","","","","","","","",""
"https://doi.org/10.1016/j.apmr.2004.11.044","Manual Acupuncture for Analgesia During Electromyography: A Pilot Study","Not specified (the paper focuses on pain management during electromyography, not a specific disease or condition)","Electromyography pain","Not specified (the paper does not mention a specific TCM disease or condition)","Not specified (the paper does not mention a specific TCM disease or condition)","","","","","","","","","","","","","","","","","","","","","","",""
"https://doi.org/10.1016/j.apmr.2004.11.047","Modulation of the Sleep State-Dependent P50 Midlatency Auditory-Evoked Potential by Electric Stimulation of Acupuncture Points","Not specified (the paper discusses potential applications for disorders of hypervigilance but does not specify a primary medical condition or disease being studied)","Healthy volunteers","Not specified (the paper does not explicitly mention a disease/condition in TCM terminology)","Not specified (the paper does not explicitly mention a disease/condition in TCM terminology)","","","","","","","","","","","","","","","","","","","","","","",""
"https://doi.org/10.1016/j.apmr.2005.07.287","Acupuncture for Upper-Extremity Rehabilitation in Chronic Stroke: A Randomized Sham-Controlled Study","Chronic hemiparesis from stroke","Chronic hemiparesis from stroke","Not specified (the paper does not explicitly state the TCM terminology for the condition being studied)","Not specified (the paper does not explicitly state the TCM terminology for the condition being studied)","","","","","","","","","","","","","","","","","","","","","","",""
"https://doi.org/10.1016/j.apmr.2006.10.034","The Effect of Electro-Acupuncture on Spasticity of the Wrist Joint in Chronic Stroke Survivors","Spasticity in chronic stroke survivors","Spasticity in chronic stroke survivors","Not specified","Not specified","","","","","","","","","","","","","","","","","","","","","","",""
"https://doi.org/10.1016/j.apmr.2007.06.014","Acupuncture for Chronic Shoulder Pain in Persons With Spinal Cord Injury: A Small-Scale Clinical Trial","Chronic musculoskeletal shoulder pain in subjects with spinal cord injury (SCI)","Chronic musculoskeletal shoulder pain in subjects with spinal cord injury (SCI)","Not specified","Not specified","","","","","","","","","","","","","","","","","","","","","","",""
"https://doi.org/10.1016/j.apmr.2008.12.020","Remote Influences of Acupuncture on the Pain Intensity and the Amplitude Changes of Endplate Noise in the Myofascial Trigger Point of the Upper Trapezius Muscle","Chronic pain associated with myofascial trigger points (MTrPs) in the upper trapezius muscle.","Chronic pain associated with myofascial trigger points (MTrPs) in the upper trapezius muscle.","Not specified (the paper does not explicitly mention a TCM term for the condition)","Not specified (the paper does not explicitly mention a TCM term for the condition)","","","","","","","","","","","","","","","","","","","","","","",""
"https://doi.org/10.1016/j.apmr.2010.09.023","Stimulation of Acupoint ST-34 Acutely Improves Gait Performance in Geriatric Patients During Rehabilitation: A Randomized Controlled Trial","Gait disorders/mobility limitations in geriatric patients","Gait disorders/mobility limitations in geriatric patients","Not specified (the paper does not explicitly mention a TCM disease or condition name, but it focuses on improving gait performance and addressing leg weakness)","Not specified (the paper does not explicitly mention a TCM disease or condition name, but it focuses on improving gait performance and addressing leg weakness)","","","","","","","","","","","","","","","","","","","","","","",""
"https://doi.org/10.1016/j.apmr.2014.12.015","Effectiveness of Dry Needling for Myofascial Trigger Points Associated With Neck and Shoulder Pain: A Systematic Review and Meta-Analysis","Myofascial trigger points (MTrPs) associated with neck and shoulder pain","Myofascial trigger points (MTrPs) associated with neck and shoulder pain","Not specified (the paper does not mention any Traditional Chinese Medicine (TCM) terminology or conditions)","Not specified (the paper does not mention any Traditional Chinese Medicine (TCM) terminology or conditions)","","","","","","","","","","","","","","","","","","","","","","",""
"https://doi.org/10.1016/j.apmr.2017.03.023","Electroacupuncture for Poststroke Spasticity: A Systematic Review and Meta-Analysis","Poststroke spasticity","Poststroke spasticity","Not specified (the paper does not provide TCM terminology for the condition)","Not specified (the paper does not provide TCM terminology for the condition)","","","","","","","","","","","","","","","","","","","","","","",""
"https://doi.org/10.1016/j.apmr.2017.06.008","Evidence for Dry Needling in the Management of Myofascial Trigger Points Associated With Low Back Pain: A Systematic Review and Meta-Analysis","Low back pain (LBP)","Low back pain (LBP)","Not specified (the paper does not mention any Traditional Chinese Medicine (TCM) terminology or conditions)","Not specified (the paper does not mention any Traditional Chinese Medicine (TCM) terminology or conditions)","","","","","","","","","","","","","","","","","","","","","","",""
"https://doi.org/10.1016/j.apnr.2005.01.003","The effectiveness of hand acupuncture and moxibustion in decreasing pain and bcoldnessQ in Korea women who have had hysterectomy: a pilot study","Post-hysterectomy symptoms (pain and coldness)","Post-hysterectomy symptoms (pain and coldness)","Not specified (the paper does not explicitly mention a TCM disease or condition)","Not specified (the paper does not explicitly mention a TCM disease or condition)","","","","","","","","","","","","","","","","","","","","","","",""
"https://doi.org/10.1016/j.arth.2018.01.070","Systematic Review of Three Electrical Stimulation Techniques for Rehabilitation After Total Knee Arthroplasty","End-stage knee osteoarthritis","End-stage knee osteoarthritis","Not specified (the paper does not explicitly mention a TCM disease or condition)","Not specified (the paper does not explicitly mention a TCM disease or condition)","","","","","","","","","","","","","","","","","","","","","","",""
"https://doi.org/10.1016/j.athoracsur.2005.12.064","Analgesic Effect of Electroacupuncture in Postthoracotomy Pain: A Prospective Randomized Trial","Non-small cell lung carcinoma","Non-small cell lung carcinoma","Not specified","Not specified","","","","","","","","","","","","","","","","","","","","","","",""
"https://doi.org/10.1016/j.athoracsur.2009.04.106","Efficacy of Acupuncture in Prevention of Postoperative Nausea in Cardiac Surgery Patients","Postoperative nausea (PON)","Postoperative nausea (PON)","Not specified (the paper does not provide a specific TCM term for the condition being studied)","Not specified (the paper does not provide a specific TCM term for the condition being studied)","","","","","","","","","","","","","","","","","","","","","","",""
"https://doi.org/10.1016/j.autneu.2010.02.003","Acupuncture and heart rate variability: A systematic review","- Minor depression or anxiety disorders - Migraine headaches","- Minor depression or anxiety disorders - Migraine headaches","Not specified","Not specified","","","","","","","","","","","","","","","","","","","","","","",""
"https://doi.org/10.1016/j.autneu.2010.03.013","Acupuncture to treat common reproductive health complaints: An overview of the evidence","Menopause, Dysmenorrhea, PMS, PCOS, Menstrual-related symptoms","Menopause, Dysmenorrhea, PMS, PCOS, Menstrual-related symptoms","Not specified (the paper does not explicitly mention TCM terminology for the conditions studied)","Not specified (the paper does not explicitly mention TCM terminology for the conditions studied)","","","","","","","","","","","","","","","","","","","","","","",""
"https://doi.org/10.1016/j.autneu.2010.07.003","Acupuncture as a treatment for nocturnal enuresis","Nocturnal enuresis","Nocturnal enuresis","Not specified (the paper does not explicitly mention a TCM term for nocturnal enuresis)","Not specified (the paper does not explicitly mention a TCM term for nocturnal enuresis)","","","","","","","","","","","","","","","","","","","","","","",""
"https://doi.org/10.1016/j.breast.2012.07.015","Acupuncture relieves menopausal discomfort in breast cancer patients: A prospective, double blinded, randomized study","Hot flashes and sleep disturbances in breast cancer patients","Hot flashes and sleep disturbances in breast cancer patients","Not specified (the paper does not explicitly mention TCM terminology or conditions)","Not specified (the paper does not explicitly mention TCM terminology or conditions)","","","","","","","","","","","","","","","","","","","","","","",""
"https://doi.org/10.1016/j.cct.2003.10.016","Assessment of blinding in clinical trials","High cholesterol","High cholesterol","Not specified (the paper does not explicitly mention the condition in TCM terminology)","Not specified (the paper does not explicitly mention the condition in TCM terminology)","","","","","","","","","","","","","","","","","","","","","","",""
"https://doi.org/10.1016/j.ctcp.2007.01.001","Role of acupuncture in the treatment of insomnia: A comprehensive review","Insomnia","Insomnia","Not specified (the paper does not provide a TCM term for the condition)","Not specified (the paper does not provide a TCM term for the condition)","","","","","","","","","","","","","","","","","","","","","","",""
"https://doi.org/10.1016/j.ctcp.2007.12.005","Electrodermal activity as a possible physiological marker for acupuncture","Not specified (the study involved healthy volunteers and did not focus on a specific disease or condition)","Healthy volunteers","Not specified (the paper does not mention a specific disease or condition being studied according to TCM terminology)","Not specified (the paper does not mention a specific disease or condition being studied according to TCM terminology)","","","","","","","","","","","","","","","","","","","","","","",""
"https://doi.org/10.1016/j.ctcp.2008.09.003","A pilot study on using acupuncture and transcutaneous electrical nerve stimulation to treat chronic non-specific low back pain","Chronic low back pain (LBP)","Chronic low back pain (LBP)","Not specified (the paper does not provide a TCM term for the condition)","Not specified (the paper does not provide a TCM term for the condition)","","","","","","","","","","","","","","","","","","","","","","",""
"https://doi.org/10.1016/j.ctcp.2010.05.013","An investigation into the effectiveness of traditional Chinese acupuncture (TCA) for chronic stress in adults: A randomised controlled pilot study","Chronic stress","Chronic stress","Liver qi stagnation and related disorders (e.g., liver qi stagnation and liver invading spleen and stomach, liver qi stagnation and transforming into fire, liver qi stagnation and deficiency of gallbladder qi)","Liver qi stagnation and related disorders (e.g., liver qi stagnation and liver invading spleen and stomach, liver qi stagnation and transforming into fire, liver qi stagnation and deficiency of gallbladder qi)","","","","","","","","","","","","","","","","","","","","","","",""
"https://doi.org/10.1016/j.ctcp.2013.10.009","A randomized controlled trial of electroacupuncture at body acupoints and Fenglong for regulating serum lipids in dyslipidemic patients in Thailand","Dyslipidemia","Dyslipidemia","Not specified (the paper does not provide a TCM equivalent for dyslipidemia)","Not specified (the paper does not provide a TCM equivalent for dyslipidemia)","","","","","","","","","","","","","","","","","","","","","","",""
"https://doi.org/10.1016/j.ctcp.2015.07.002","Acupuncture-induced changes of vagal function in patients with depression: A preliminary sham-controlled study with press needles","Depression","Depression","Head blood stagnation (Tobu-Oketsu)","Head blood stagnation (Tobu-Oketsu)","","","","","","","","","","","","","","","","","","","","","","",""
"https://doi.org/10.1016/j.ctim.2004.05.001","Treatment of patients with chronic headaches in a hospital for traditional Chinese medicine in Germany A randomised, waiting list controlled trial ଝ","Migraine and tension type headache","Migraine and tension type headache","Not specified (the paper does not provide TCM terminology for the primary medical condition being studied)","Not specified (the paper does not provide TCM terminology for the primary medical condition being studied)","","","","","","","","","","","","","","","","","","","","","","",""
"https://doi.org/10.1016/j.ctim.2004.10.004","Preventive and curative effects of acupuncture on the common cold: a multicentre randomized controlled trial in Japan","Common Cold","Common Cold","Not specified (the paper does not explicitly mention a TCM term for the common cold)","Not specified (the paper does not explicitly mention a TCM term for the common cold)","","","","","","","","","","","","","","","","","","","","","","",""
"https://doi.org/10.1016/j.ctim.2005.01.002","Comparison of traditional Chinese acupuncture, minimal acupuncture at non acupoints and conventional treatment for chronic sinusitis ଝ","Chronic sinusitis","Chronic sinusitis","Retention of damp in the Yangming channel Damp combined with heat symptoms Retention of Phlegm in the Shaoyang channel Liver Fire symptoms","Retention of damp in the Yangming channel Damp combined with heat symptoms Retention of Phlegm in the Shaoyang channel Liver Fire symptoms","","","","","","","","","","","","","","","","","","","","","","",""
"https://doi.org/10.1016/j.ctim.2005.05.005","The therapeutic efficacy of somatic acupuncture is not increased by auriculotherapy: A randomised, blind control study in cervical myofascial pain","Cervical myofascial pain","Cervical myofascial pain","Not specified (the paper does not provide a TCM term for the condition)","Not specified (the paper does not provide a TCM term for the condition)","","","","","","","","","","","","","","","","","","","","","","",""
"https://doi.org/10.1016/j.ctim.2006.04.003","Physician and treatment characteristics in a randomised multicentre trial of acupuncture in patients with osteoarthritis of the knee","Osteoarthritis of the knee","Osteoarthritis of the knee","Bi syndrome, Kidney deficiency, Qi and Blood stagnation","Bi syndrome, Kidney deficiency, Qi and Blood stagnation","","","","","","","","","","","","","","","","","","","","","","",""
"https://doi.org/10.1016/j.ctim.2006.05.003","Randomised trial of trigger point acupuncture compared with other acupuncture for treatment of chronic neck pain","Chronic neck pain (CNP)","Chronic neck pain (CNP)","Not specified (the paper does not provide a Traditional Chinese Medicine diagnosis or condition)","Not specified (the paper does not provide a Traditional Chinese Medicine diagnosis or condition)","","","","","","","","","","","","","","","","","","","","","","",""
"https://doi.org/10.1016/j.ctim.2006.09.004","Effect of Acu-TENS on recovery heart rate after treadmill running exercise in subjects with normal health","Not specified (the study focuses on healthy subjects and the effect of Acu-TENS on heart rate recovery after exercise)","Heart rate","Not specified (the paper does not explicitly state a specific disease or condition in TCM terminology)","Not specified (the paper does not explicitly state a specific disease or condition in TCM terminology)","","","","","","","","","","","","","","","","","","","","","","",""
"https://doi.org/10.1016/j.ctim.2007.03.001","Acupuncture for acute non-specific low back pain: a pilot randomised non-penetrating sham controlled trial","Acute low back pain (LBP)","Acute low back pain (LBP)","Not specified (the paper does not provide TCM terminology for the condition)","Not specified (the paper does not provide TCM terminology for the condition)","","","","","","","","","","","","","","","","","","","","","","",""
"https://doi.org/10.1016/j.ctim.2007.07.005","Using acupuncture to treat depression: A feasibility study","Depression (mild-to-moderate)","Depression (mild-to-moderate)","Not specified (TCM diagnosis not explicitly mentioned in the text)","Not specified (TCM diagnosis not explicitly mentioned in the text)","","","","","","","","","","","","","","","","","","","","","","",""
"https://doi.org/10.1016/j.ctim.2008.01.001","Effectiveness of acupuncture-type interventions versus expectant management to correct breech presentation: A systematic review ଝ","Breech presentation","Breech presentation","Not specified (the paper does not provide a specific TCM term for breech presentation)","Not specified (the paper does not provide a specific TCM term for breech presentation)","","","","","","","","","","","","","","","","","","","","","","",""
"https://doi.org/10.1016/j.ctim.2008.02.006","Tension neck syndrome treated by acupuncture combined with physiotherapy: A comparative clinical trial (pilot study)","Tension Neck Syndrome (TNS)","Tension Neck Syndrome (TNS)","Liver-Qi-Stagnation associated with Kidney-Yin-Deficiency","Liver-Qi-Stagnation associated with Kidney-Yin-Deficiency","","","","","","","","","","","","","","","","","","","","","","",""
"https://doi.org/10.1016/j.ctim.2008.04.006","Treatment regimens of acupuncture for low back pain--A systematic review","Low back pain (LBP)","Low back pain (LBP)","Not specified (the paper refers to non-specific low back pain and the use of TCM diagnostic patterns but does not specify a particular TCM disease or condition name)","Not specified (the paper refers to non-specific low back pain and the use of TCM diagnostic patterns but does not specify a particular TCM disease or condition name)","","","","","","","","","","","","","","","","","","","","","","",""
"https://doi.org/10.1016/j.ctim.2009.09.001","Acupuncture for spinal cord injury survivors in Chinese literature: A systematic review","Spinal Cord Injury (SCI)","Spinal Cord Injury (SCI)","Not specified (the paper does not explicitly use Traditional Chinese Medicine terminology to describe the disease or condition)","Not specified (the paper does not explicitly use Traditional Chinese Medicine terminology to describe the disease or condition)","","","","","","","","","","","","","","","","","","","","","","",""
"https://doi.org/10.1016/j.ctim.2009.12.001","Efficacy of acupuncture in management of premenstrual syndrome: A systematic review","Premenstrual syndrome (PMS)","Premenstrual syndrome (PMS)","Not specified (the paper does not provide a TCM term for PMS)","Not specified (the paper does not provide a TCM term for PMS)","","","","","","","","","","","","","","","","","","","","","","",""
"https://doi.org/10.1016/j.ctim.2010.02.002","A randomized trial of acupuncture for vasomotor symptoms in post-menopausal women","Vasomotor symptoms in post-menopausal women","Vasomotor symptoms in post-menopausal women","Kidney Yin Deficiency, with additional patterns including Kidney and Liver Yin Deficiency with Liver Yang rising, Kidney Yin and Yang Deficiency, Kidney yin and Spleen deficiency, Kidney and Heart not communicating, Heart Blood Deficiency, and Liver Qi Stagnation.","Kidney Yin Deficiency, with additional patterns including Kidney and Liver Yin Deficiency with Liver Yang rising, Kidney Yin and Yang Deficiency, Kidney yin and Spleen deficiency, Kidney and Heart not communicating, Heart Blood Deficiency, and Liver Qi Stagnation.","","","","","","","","","","","","","","","","","","","","","","",""
"https://doi.org/10.1016/j.ctim.2010.08.002","Randomized-controlled study of treating attention deficit hyperactivity disorder of preschool children with combined electro-acupuncture and behavior therapy ଝ","Attention Deficit Hyperactivity Disorder (ADHD)","Attention Deficit Hyperactivity Disorder (ADHD)","- Effulgent gallbladder fire - Yin-Yang disharmony - Noninteraction of heart and kidney - Congenital constitutional insufficiency - Postnatal loss of nourishment - Affect-mind dissatisfaction and trauma - Liver-kidney Yin vacuity - Vacuity fire frenetic stirring - Phlegm-heat harassing the inner body - Internal static blood obstruction","- Effulgent gallbladder fire - Yin-Yang disharmony - Noninteraction of heart and kidney - Congenital constitutional insufficiency - Postnatal loss of nourishment - Affect-mind dissatisfaction and trauma - Liver-kidney Yin vacuity - Vacuity fire frenetic stirring - Phlegm-heat harassing the inner body - Internal static blood obstruction","","","","","","","","","","","","","","","","","","","","","","",""
"https://doi.org/10.1016/j.ctim.2010.09.001","Effects of Sanyinjiao (SP6) with electroacupuncture on labour pain in women during labour","Labour pain","Labour pain","Not specified (the paper does not explicitly mention a TCM disease or condition related to labour pain)","Not specified (the paper does not explicitly mention a TCM disease or condition related to labour pain)","","","","","","","","","","","","","","","","","","","","","","",""
"https://doi.org/10.1016/j.ctim.2010.09.005","A randomised, placebo-controlled trial of manual and electrical acupuncture for the treatment of tinnitus","Tinnitus","Tinnitus","Not specified (the paper does not provide a TCM term for tinnitus)","Not specified (the paper does not provide a TCM term for tinnitus)","","","","","","","","","","","","","","","","","","","","","","",""
"https://doi.org/10.1016/j.ctim.2010.09.006","Acupuncture as an adjunct therapy in the treatment of eating disorders- a randomised cross-over pilot study.","Eating Disorders (Anorexia Nervosa and Bulimia Nervosa)","Eating Disorders (Anorexia Nervosa and Bulimia Nervosa)","Not specified (the paper does not explicitly state a primary TCM condition or disease)","Not specified (the paper does not explicitly state a primary TCM condition or disease)","","","","","","","","","","","","","","","","","","","","","","",""
"https://doi.org/10.1016/j.ctim.2010.11.001","Sympathomodulatory effects of Saam acupuncture on heart rate variability in night-shift-working nurses","Not specified (the study focuses on autonomic nervous system imbalance due to night-shift work rather than a specific Western medical condition or disease)","Night shift work sleep deprivation","Not specified (the paper does not explicitly mention a TCM condition)","Not specified (the paper does not explicitly mention a TCM condition)","","","","","","","","","","","","","","","","","","","","","","",""
"https://doi.org/10.1016/j.ctim.2010.11.002","Comparison between the effects of trigger point mesotherapy versus acupuncture points mesotherapy in the treatment of chronic low back pain: A short term randomized controlled trial","Chronic low back pain (CLBP)","Chronic low back pain (CLBP)","Not specified","Not specified","","","","","","","","","","","","","","","","","","","","","","",""
"https://doi.org/10.1016/j.ctim.2010.11.005","Assessment of a traditional acupuncture therapy for chronic neck pain: A pilot randomised controlled study","Chronic neck pain","Chronic neck pain","Not specified (the paper does not provide a TCM term for the condition)","Not specified (the paper does not provide a TCM term for the condition)","","","","","","","","","","","","","","","","","","","","","","",""
"https://doi.org/10.1016/j.ctim.2010.12.002","Non penetrating sham needle, is it an adequate sham control in acupuncture research? ଝ","Not specified (the study focuses on validating a sham needle control in acupuncture research rather than a specific disease or condition)","Healthy volunteers","Not specified (the paper does not mention a specific disease or condition being studied according to TCM terminology)","Not specified (the paper does not mention a specific disease or condition being studied according to TCM terminology)","","","","","","","","","","","","","","","","","","","","","","",""
"https://doi.org/10.1016/j.ctim.2011.07.002","Acupuncture in children and adolescents with bronchial asthma: A randomised controlled study ଝ","Bronchial asthma","Bronchial asthma","Not specified (the paper does not explicitly state the disease/condition in TCM terminology)","Not specified (the paper does not explicitly state the disease/condition in TCM terminology)","","","","","","","","","","","","","","","","","","","","","","",""
"https://doi.org/10.1016/j.ctim.2012.07.007","Acupuncture for cancer patients suffering from hiccups: A systematic review and meta-analysis","Hiccups","Hiccups","Hiccups are induced by the upward reversion of qi, related to improper diet, disharmonious emotions, and a deficiency of the anti-pathogenic qi.","Hiccups are induced by the upward reversion of qi, related to improper diet, disharmonious emotions, and a deficiency of the anti-pathogenic qi.","","","","","","","","","","","","","","","","","","","","","","",""
"https://doi.org/10.1016/j.ctim.2013.08.007","Acupuncture for lumbar spinal stenosis: A systematic review and meta-analysis","Degenerative lumbar spinal stenosis (LSS)","Degenerative lumbar spinal stenosis (LSS)","Wind-cold obstruction; kidney qi deficiency; qi deficiency and blood stagnation","Wind-cold obstruction; kidney qi deficiency; qi deficiency and blood stagnation","","","","","","","","","","","","","","","","","","","","","","",""
"https://doi.org/10.1016/j.ctim.2014.03.008","Chinese massage (Tuina) for the treatment of essential hypertension: A systematic review and meta-analysis","Essential Hypertension (EH)","Essential Hypertension (EH)","Not specified (the paper does not provide a specific TCM term for essential hypertension)","Not specified (the paper does not provide a specific TCM term for essential hypertension)","","","","","","","","","","","","","","","","","","","","","","",""
"https://doi.org/10.1016/j.ctim.2014.03.011","Acupuncture and acupressure for pain management in labour and birth: A critical narrative review of current systematic review evidence ଝ","Pain during labor","Pain during labor","Not specified (the paper focuses on pain management during labor, which is not explicitly linked to a specific TCM disease or condition)","Not specified (the paper focuses on pain management during labor, which is not explicitly linked to a specific TCM disease or condition)","","","","","","","","","","","","","","","","","","","","","","",""
"https://doi.org/10.1016/j.ctim.2014.05.002","The effectiveness of acupuncture in postoperative gastroparesis syndrome -A systematic review and meta-analysis","Postoperative gastroparesis syndrome (PGS)","Postoperative gastroparesis syndrome (PGS)","Dyssplenism, stomach downward propelling disorders, injuries to arteries and vein, energy stagnancy and blood stasis","Dyssplenism, stomach downward propelling disorders, injuries to arteries and vein, energy stagnancy and blood stasis","","","","","","","","","","","","","","","","","","","","","","",""
"https://doi.org/10.1016/j.ctim.2014.06.004","Traditional Chinese medicine for chronic fatigue syndrome: A systematic review of randomized clinical trials","Chronic Fatigue Syndrome (CFS)","Chronic Fatigue Syndrome (CFS)","Chronic Fatigue Syndrome (CFS)","","","","","","","","","","","","","","","","","","","","","","","",""
"https://doi.org/10.1016/j.ctim.2015.01.005","A randomized controlled trial of auricular acupressure in heart rate variability and quality of life for hypertension","Hypertension","Hypertension","Hypertension","","","","","","","","","","","","","","","","","","","","","","","",""
"https://doi.org/10.1016/j.ctim.2015.07.007","Efficacy of acupuncture treatment for functional dyspepsia: A systematic review and meta-analysis","Functional dyspepsia","Functional dyspepsia","Not specified","Not specified","","","","","","","","","","","","","","","","","","","","","","",""
"https://doi.org/10.1016/j.ctim.2016.02.007","A systematic review of acupuncture for sleep quality in people with insomnia","Insomnia","Insomnia","Not specified (the paper does not explicitly mention a TCM term for the condition, but it is clear that insomnia is the condition being treated according to TCM principles)","Not specified (the paper does not explicitly mention a TCM term for the condition, but it is clear that insomnia is the condition being treated according to TCM principles)","","","","","","","","","","","","","","","","","","","","","","",""
"https://doi.org/10.1016/j.ctim.2016.10.009","Effect of LI4 and BL32 acupressure on labor pain and delivery outcome in the first stage of labor in primiparous women: A randomized controlled trial","Labor pain","Labor pain","Not specified (the paper focuses on labor pain and energy obstruction but does not explicitly state a TCM disease or condition)","Not specified (the paper focuses on labor pain and energy obstruction but does not explicitly state a TCM disease or condition)","","","","","","","","","","","","","","","","","","","","","","",""
"https://doi.org/10.1016/j.ctim.2017.08.005","Effectiveness and safety of acupuncture in the treatment of Parkinson's disease: A systematic review and meta-analysis of randomized controlled trials","Parkinson's disease (PD)","Parkinson's disease (PD)","Not specified (the paper does not provide a TCM term for Parkinson's disease)","Not specified (the paper does not provide a TCM term for Parkinson's disease)","","","","","","","","","","","","","","","","","","","","","","",""
"https://doi.org/10.1016/j.drugalcdep.2014.07.002","A meta-analysis of ear-acupuncture, ear-acupressure and auriculotherapy for cigarette smoking cessation","Cigarette smoking cessation","Cigarette smoking cessation","Not specified (the paper does not mention a specific TCM disease or condition)","Not specified (the paper does not mention a specific TCM disease or condition)","","","","","","","","","","","","","","","","","","","","","","",""
"https://doi.org/10.1016/j.drugalcdep.2016.02.034","Acupuncture for substance use disorders: A systematic review and meta-analysis","Substance Use Disorders (SUDs)","Substance Use Disorders (SUDs)","Not specified","Not specified","","","","","","","","","","","","","","","","","","","","","","",""
"https://doi.org/10.1016/j.eatbeh.2016.03.002","The role of complementary and alternative medicine in the treatment of eating disorders: A systematic review","Eating disorders (Anorexia Nervosa, Bulimia Nervosa, Binge Eating Disorder, PICA, Rumination Disorder, Avoidant/Restrictive Food Intake Disorder, Other Specified or Unspecified Feeding or Eating Disorder)","Eating disorders (Anorexia Nervosa, Bulimia Nervosa, Binge Eating Disorder, PICA, Rumination Disorder, Avoidant/Restrictive Food Intake Disorder, Other Specified or Unspecified Feeding or Eating Disorder)","Not specified (the paper does not mention TCM terminology or conditions)","Not specified (the paper does not mention TCM terminology or conditions)","","","","","","","","","","","","","","","","","","","","","","",""
"https://doi.org/10.1016/j.ejca.2013.09.022","A randomised trial of electro-acupuncture for arthralgia related to aromatase inhibitor use","Arthralgia (joint pain) related to aromatase inhibitor use in breast cancer patients","Arthralgia (joint pain) related to aromatase inhibitor use in breast cancer patients","Bi Syndrome","Bi Syndrome","","","","","","","","","","","","","","","","","","","","","","",""
"https://doi.org/10.1016/j.ejogrb.2010.06.023","Is acupuncture in addition to conventional medicine effective as pain treatment for endometriosis? A randomised controlled cross-over trial","Endometriosis","Endometriosis","blood stagnation due to Qi/ yang deficiency, Qi stagnation, cold, blood deficiency, phlegm","blood stagnation due to Qi/ yang deficiency, Qi stagnation, cold, blood deficiency, phlegm","","","","","","","","","","","","","","","","","","","","","","",""
"https://doi.org/10.1016/j.ejogrb.2013.02.016","A randomized pilot study of acupuncture treatment for primary dysmenorrhea","Primary dysmenorrhea","Primary dysmenorrhea","Not specified","Not specified","","","","","","","","","","","","","","","","","","","","","","",""
"https://doi.org/10.1016/j.ejpain.2004.10.004","Acupuncture for the relief of cancer-related pain -a systematic review","Cancer-related pain","Cancer-related pain","Not specified","Not specified","","","","","","","","","","","","","","","","","","","","","","",""
"https://doi.org/10.1016/j.ejpain.2007.10.003","The effect of electroacupuncture on opioid-like medication consumption by chronic pain patients: A pilot randomized controlled clinical trial","Chronic non-malignant pain, specifically musculoskeletal pain","Chronic non-malignant pain, specifically musculoskeletal pain","Not specified (the paper does not mention any Traditional Chinese Medicine (TCM) terminology or conditions)","Not specified (the paper does not mention any Traditional Chinese Medicine (TCM) terminology or conditions)","","","","","","","","","","","","","","","","","","","","","","",""
"https://doi.org/10.1016/j.ejpain.2009.06.010","The relationship between patient and practitioner expectations and preferences and clinical outcomes in a trial of exercise and acupuncture for knee osteoarthritis","Knee osteoarthritis","Knee osteoarthritis","Not specified (the paper does not provide the condition in Traditional Chinese Medicine terminology)","Not specified (the paper does not provide the condition in Traditional Chinese Medicine terminology)","","","","","","","","","","","","","","","","","","","","","","",""
"https://doi.org/10.1016/j.ejpain.2009.11.006","Acupuncture analgesia for temporal summation of experimental pain: A randomised controlled study","Not specified (the study focuses on temporal summation of pain in healthy humans rather than a specific disease or condition)","Experimental pain, Healthy volunteers","Not specified (the paper does not mention a specific TCM disease or condition)","Not specified (the paper does not mention a specific TCM disease or condition)","","","","","","","","","","","","","","","","","","","","","","",""
"https://doi.org/10.1016/j.eujim.2011.09.003","Randomized Clinical Trial Comparing the Effects of Electro acupuncture and Maprotiline in Treating Depression","Major Depression","Major Depression","Yu syndrome; Liver Qi stagnation with Spleen deficiency, Heart Spleen deficiency, Liver kidney yin deficiency","Yu syndrome; Liver Qi stagnation with Spleen deficiency, Heart Spleen deficiency, Liver kidney yin deficiency","","","","","","","","","","","","","","","","","","","","","","",""
"https://doi.org/10.1016/j.eururo.2008.02.002","Two Modes of Acupuncture as a Treatment for Hot Flushes in Men with Prostate Cancer-A Prospective Multicenter Study with Long-Term Follow-Up","Hot flushes in men with prostate cancer and castrational treatment","Hot flushes in men with prostate cancer and castrational treatment","Not specified (the paper does not provide a TCM diagnosis or condition for the hot flushes)","Not specified (the paper does not provide a TCM diagnosis or condition for the hot flushes)","","","","","","","","","","","","","","","","","","","","","","",""
"https://doi.org/10.1016/j.eururo.2011.01.019","Acupuncture Versus Paroxetine for the Treatment of Premature Ejaculation: A Randomized, Placebo-Controlled Clinical Trial","Premature ejaculation (PE)","Premature ejaculation (PE)","Not specified (the paper does not provide information on the condition in Traditional Chinese Medicine terminology)","Not specified (the paper does not provide information on the condition in Traditional Chinese Medicine terminology)","","","","","","","","","","","","","","","","","","","","","","",""
"https://doi.org/10.1016/j.explore.2006.10.003","The Impact of Acupuncture and craniosacral therapy interventions on clinical outcomes in adults with asthma","Asthma","Asthma","Not specified (the paper does not provide the disease/condition in Traditional Chinese Medicine terminology)","Not specified (the paper does not provide the disease/condition in Traditional Chinese Medicine terminology)","","","","","","","","","","","","","","","","","","","","","","",""
"https://doi.org/10.1016/j.explore.2011.02.004","Effects of acupuncture in reducing attrition and mortality in HIV-infected men with peripheral neuropathy","HIV infection with peripheral neuropathy","HIV infection with peripheral neuropathy","Not specified (the paper does not provide a TCM diagnosis or terminology for the condition)","Not specified (the paper does not provide a TCM diagnosis or terminology for the condition)","","","","","","","","","","","","","","","","","","","","","","",""
"https://doi.org/10.1016/j.explore.2015.04.004","Schizophrenia and depression: A systematic review of the effectiveness and the working mechanisms behind acupuncture","Depression and schizophrenia","Depression and schizophrenia","Not specified (the paper does not provide specific TCM terminology for the conditions being studied)","Not specified (the paper does not provide specific TCM terminology for the conditions being studied)","","","","","","","","","","","","","","","","","","","","","","",""
"https://doi.org/10.1016/j.fertnstert.2004.12.056","Quantitative evaluation of spermatozoa ultrastructure after acupuncture treatment for idiopathic male infertility","Idiopathic male infertility","Idiopathic male infertility","Not specified (the paper does not provide a TCM term for the condition)","Not specified (the paper does not provide a TCM term for the condition)","","","","","","","","","","","","","","","","","","","","","","",""
"https://doi.org/10.1016/j.fertnstert.2005.08.070","Acupuncture on the day of embryo transfer significantly improves the reproductive outcome in infertile women: a prospective, randomized trial","Infertility","Infertility","Infertility (Kidney system dominance over reproductive system)","Not specified","done: TCM","","","","","","","","","","","","","","","","","","","","","",""
"https://doi.org/10.1016/j.fertnstert.2005.09.062","Effect of acupuncture on the outcome of in vitro fertilization and intracytoplasmic sperm injection: a randomized, prospective, controlled clinical study","Infertility","Infertility","Not specified (the paper does not provide a specific TCM term for the condition being studied)","Not specified (the paper does not provide a specific TCM term for the condition being studied)","","","","","","","","","","","","","","","","","","","","","","",""
"https://doi.org/10.1016/j.fertnstert.2005.12.015","Influence of acupuncture stimulation on pregnancy rates for women undergoing embryo transfer","Infertility","Infertility","- Kidney yang - Kidney yin - Blood deficiency - Blood stagnation - Damp - Qi stagnation","- Kidney yang - Kidney yin - Blood deficiency - Blood stagnation - Damp - Qi stagnation","done: TCM","","","","","","","","","","","","","","","","","","","","","",""
"https://doi.org/10.1016/j.fertnstert.2006.02.100","A randomized controlled pilot study of acupuncture for postmenopausal hot flashes: effect on nocturnal hot flashes and sleep quality","Postmenopausal nocturnal hot flashes","Postmenopausal nocturnal hot flashes","Not specified (the paper focuses on hot flashes as a symptom rather than a specific TCM condition)","Not specified","done: TCM","","","","","","","","","","","","","","","","","","","","","",""
"https://doi.org/10.1016/j.fertnstert.2008.01.018","The impact of acupuncture on in vitro fertilization outcome","Infertility (specifically in the context of In Vitro Fertilization)","Infertility (specifically in the context of In Vitro Fertilization)","Not specified (the paper does not explicitly state the condition in TCM terminology)","Not specified (the paper does not explicitly state the condition in TCM terminology)","","","","","","","","","","","","","","","","","","","","","","",""
"https://doi.org/10.1016/j.fertnstert.2008.02.094","The role of acupuncture in the management of subfertility","Subfertility","Subfertility","Not specified (the paper does not explicitly state the condition in TCM terminology)","Not specified (the paper does not explicitly state the condition in TCM terminology)","","","","","","","","","","","","","","","","","","","","","","",""
"https://doi.org/10.1016/j.fertnstert.2009.02.041","A prospective randomized placebo-controlled study of the effect of acupuncture in infertile patients with severe oligoasthenozoospermia","Severe oligoasthenozoospermia","Severe oligoasthenozoospermia","Not specified","Not specified","","","","","","","","","","","","","","","","","","","","","","",""
"https://doi.org/10.1016/j.fertnstert.2010.05.024","Randomized controlled trial: effects of acupuncture on pregnancy rates in women undergoing in vitro fertilization","Infertility","Infertility","Not specified","Not specified","","","","","","","","","","","","","","","","","","","","","","",""
"https://doi.org/10.1016/j.fertnstert.2011.11.010","Effects of acupuncture and exercise on insulin sensitivity, adipose tissue characteristics, and markers of coagulation and fibrinolysis in women with polycystic ovary syndrome: secondary analyses of a randomized controlled trial","Polycystic ovary syndrome (PCOS)","Polycystic ovary syndrome (PCOS)","Not specified (the paper does not mention any TCM terminology or conditions related to PCOS)","Not specified","done: TCM","","","","","","","","","","","","","","","","","","","","","",""
"https://doi.org/10.1016/j.gtc.2017.08.015","Massage Acupuncture, Moxibustion, and Other Forms of Complementary and Alter native Medicine in Inflammatory Bowel Disease","Inflammatory Bowel Disease (IBD)","Inflammatory Bowel Disease (IBD)","Not specified (the paper does not provide a TCM-specific term for the disease or condition being studied)","Not specified","done: TCM","","","","","","","","","","","","","","","","","","","","","",""
"https://doi.org/10.1016/j.ijcard.2011.02.049","Acupuncture treatment for cardiac arrhythmias: A systematic review of randomized controlled trials","Cardiac arrhythmias, including paroxysmal supraventricular tachycardia (PSVT), ventricular premature beat (VPB), atrial fibrillation (Af), sinus tachycardia (ST), and ventricular extrasytole (VE)","Cardiac arrhythmias, including paroxysmal supraventricular tachycardia (PSVT), ventricular premature beat (VPB), atrial fibrillation (Af), sinus tachycardia (ST), and ventricular extrasytole (VE)","Not specified (the paper does not provide TCM terminology for the conditions)","Not specified (the paper does not provide TCM terminology for the conditions)","","","","","","","","","","","","","","","","","","","","","","",""
"https://doi.org/10.1016/j.ijcard.2014.07.011","A randomized controlled trial of acupuncture in stable ischemic heart disease patients","Stable Ischemic Heart Disease (SIHD)","Stable Ischemic Heart Disease (SIHD)","Not specified","Not specified","","","","","","","","","","","","","","","","","","","","","","",""
"https://doi.org/10.1016/j.jad.2004.05.009","Preliminary communication Acupuncture: a promising treatment for depression during pregnancy","Depression during pregnancy","Depression during pregnancy","Not specified (the paper does not explicitly mention a TCM condition or symptom)","Not specified","done: TCM","","","","","","","","","","","","","","","","","","","","","",""
"https://doi.org/10.1016/j.jad.2004.05.009","Clinical Observation on the Effects of Electroacupuncture at Shaoze (SI 1) in 46 Cases of Postpartum Insufficient Lactation","Postpartum insufficient lactation","Postpartum insufficient lactation","Deficiency of qi and blood Stagnation of the liver-qi","Deficiency of qi and blood Stagnation of the liver-qi","","","","","","","","","","","","","","","","","","","","","","",""
"https://doi.org/10.1016/j.jad.2006.06.012","A systematic review of randomized controlled trials of acupuncture in the treatment of depression","Depression","Depression","Not specified (the paper does not provide a specific TCM term or condition related to depression)","Not specified (the paper does not provide a specific TCM term or condition related to depression)","","","","","","","","","","","","","","","","","","","","","","",""
"https://doi.org/10.1016/j.jad.2006.07.012","Effects of electroacupuncture and fluoxetine on the density of GTP-binding-proteins in platelet membrane in patients with major depressive disorder","Major Depressive Disorder (MDD)","Major Depressive Disorder (MDD)","Not specified (the paper does not provide TCM terminology for the condition)","Not specified (the paper does not provide TCM terminology for the condition)","","","","","","","","","","","","","","","","","","","","","","",""
"https://doi.org/10.1016/j.jad.2006.07.012","Electro-acupuncture vs. amitriptyline in the treatment of depressive states","Depression","Depression","insanity (with emotional depression), diseases due to depression","insanity (with emotional depression), diseases due to depression","","","","","","","","","","","","","","","","","","","","","","",""
"https://doi.org/10.1016/j.jad.2012.04.008","Randomized non-invasive sham-controlled pilot trial of electroacupuncture for postpartum depression","Postpartum depression","Postpartum depression","Not specified (the paper does not explicitly mention a TCM disease or condition)","Not specified (the paper does not explicitly mention a TCM disease or condition)","","","","","","","","","","","","","","","","","","","","","","",""
"https://doi.org/10.1016/j.jad.2015.01.048","The benefit of combined acupuncture and antidepressant medication for depression: A systematic review and meta-analysis","Depression","Depression","Not specified (the paper does not provide TCM terminology for the condition)","Not specified (the paper does not provide TCM terminology for the condition)","","","","","","","","","","","","","","","","","","","","","","",""
"https://doi.org/10.1016/j.jams.2011.11.001","Electro-acupuncture Stimulation at Acupoints Reduced the Severity of Hypotension During Anesthesia in Patients Undergoing Liver Transplantation *","End-stage liver disease leading to hypotension during liver transplantation","End-stage liver disease leading to hypotension during liver transplantation","Not specified (the paper does not mention any Traditional Chinese Medicine (TCM) terminology or conditions)","Not specified (the paper does not mention any Traditional Chinese Medicine (TCM) terminology or conditions)","","","","","","","","","","","","","","","","","","","","","","",""
"https://doi.org/10.1016/j.jams.2012.01.013","Effects of Trigger Point Acupuncture Treatment on Temporomandibular Disorders: A Preliminary Randomized Clinical Trial","Temporomandibular disorders (TMDs), specifically chronic temporomandibular joint myofascial pain","Temporomandibular disorders (TMDs), specifically chronic temporomandibular joint myofascial pain","Not specified (the paper does not provide a TCM equivalent or description for the condition)","Not specified (the paper does not provide a TCM equivalent or description for the condition)","","","","","","","","","","","","","","","","","","","","","","",""
"https://doi.org/10.1016/j.jams.2012.12.006","The Effect of Acupuncture on Working Memory and Anxiety *","Not specified (the study focuses on the effects of acupuncture on working memory and anxiety in healthy individuals, not a specific Western medical condition or disease)","Working memory and anxiety symptoms assessment","Not specified (the paper does not explicitly mention a TCM disease or condition, but it focuses on calming the spirit and improving mental function)","Not specified (the paper does not explicitly mention a TCM disease or condition, but it focuses on calming the spirit and improving mental function)","","","","","","","","","","","","","","","","","","","","","","",""
"https://doi.org/10.1016/j.jams.2013.02.002","Randomized Trial of Trigger Point Acupuncture Treatment for Chronic Shoulder Pain: A Preliminary Study","Chronic shoulder pain","Chronic shoulder pain","Not specified (the paper does not explicitly mention the condition in Traditional Chinese Medicine terminology)","Not specified (the paper does not explicitly mention the condition in Traditional Chinese Medicine terminology)","","","","","","","","","","","","","","","","","","","","","","",""
"https://doi.org/10.1016/j.jams.2013.04.005","Acupuncture in Preventing Postoperative Nausea and Vomiting: Efficacy of Two Acupuncture Points Versus a Single One","Postoperative nausea and vomiting","Postoperative nausea and vomiting","Not specified (the paper does not explicitly mention a TCM disease or condition)","Not specified (the paper does not explicitly mention a TCM disease or condition)","","","","","","","","","","","","","","","","","","","","","","",""
"https://doi.org/10.1016/j.jams.2013.10.003","Efficacy of Acupuncture versus Local Methylprednisolone Acetate Injection in De Quervain's Tenosynovitis: A Randomized Controlled Trial","De Quervain's Tenosynovitis","De Quervain's Tenosynovitis","Not specified (the paper does not provide a TCM term for De Quervain's tenosynovitis)","Not specified (the paper does not provide a TCM term for De Quervain's tenosynovitis)","","","","","","","","","","","","","","","","","","","","","","",""
"https://doi.org/10.1016/j.jams.2014.02.005","Electromyographic and Strength Analyses of Activation Patterns of the Wrist Flexor Muscles after Acupuncture","Not specified (the paper does not explicitly mention a specific Western medical condition or disease)","Experimental muscle task","Not specified (the paper does not explicitly state a disease or condition in TCM terminology)","Not specified (the paper does not explicitly state a disease or condition in TCM terminology)","","","","","","","","","","","","","","","","","","","","","","",""
"https://doi.org/10.1016/j.jams.2014.06.015","Laser Acupuncture for Treating Musculoskeletal Pain: A Systematic Review with Meta-analysis","Musculoskeletal pain","Musculoskeletal pain","Not specified (the paper does not explicitly mention the conditions in Traditional Chinese Medicine terminology)","Not specified (the paper does not explicitly mention the conditions in Traditional Chinese Medicine terminology)","","","","","","","","","","","","","","","","","","","","","","",""
"https://doi.org/10.1016/j.jams.2014.12.001","Could Acupuncture Be Useful in the Treatment of Temporomandibular Dysfunction?","Temporomandibular dysfunction (TMD)","Temporomandibular dysfunction (TMD)","Yang Liver Ascension","Yang Liver Ascension","","","","","","","","","","","","","","","","","","","","","","",""
"https://doi.org/10.1016/j.jams.2015.06.010","As Acupressure Decreases Pain, Acupuncture May Improve Some Aspects of Quality of Life for Women with Primary Dysmenorrhea: A Systematic Review with Meta-Analysis","Primary dysmenorrhea","Primary dysmenorrhea","Not specified (the paper does not explicitly mention a TCM term for the condition)","Not specified (the paper does not explicitly mention a TCM term for the condition)","","","","","","","","","","","","","","","","","","","","","","",""
"https://doi.org/10.1016/j.jams.2016.06.002","Comparison of the Effects of Manual Acupuncture, Laser Acupuncture, and Electromagnetic Field Stimulation at Acupuncture Point BL15 on Heart Rate Variability","Cardiac disorders (coronary heart disease and acute myocardial ischemia)","Cardiac disorders (coronary heart disease and acute myocardial ischemia)","Cardiac disorders (heart diseases)","Cardiac disorders (heart diseases)","","","","","","","","","","","","","","","","","","","","","","",""
"https://doi.org/10.1016/j.jams.2016.07.004","Unilateral and Immediate Stimulation of Acupuncture Points Xiaohai (SI8) and Jianwaishu (SI14) of the Small Intestine Meridian Increases Electromyographic Activity and Strength in the Ipsilateral and Contralateral Upper Trapezius Muscle","Not specified (the study involves healthy volunteers and does not focus on a specific disease or condition)","Healthy volunteers","Not specified (the paper does not mention a specific disease or condition in TCM terminology)","Not specified (the paper does not mention a specific disease or condition in TCM terminology)","","","","","","","","","","","","","","","","","","","","","","",""
"https://doi.org/10.1016/j.jams.2016.08.002","Effect of Needling at CV-12 (Zhongwan) on Blood Glucose Levels in Healthy Volunteers: A Pilot Randomized Placebo Controlled Trial","Diabetes mellitus","Diabetes mellitus","Diabetes mellitus","","","","","","","","","","","","","","","","","","","","","","","",""
"https://doi.org/10.1016/j.jams.2016.12.008","A Trial Study of Moxibustion with a Warming Needle on Edema","Edema (specifically orthostatic edema)","Edema (specifically orthostatic edema)","Edema due to Yang weakness of the spleen or kidney, leading to excessive fluid stagnation and dampness retention.","Edema due to Yang weakness of the spleen or kidney, leading to excessive fluid stagnation and dampness retention.","","","","","","","","","","","","","","","","","","","","","","",""
"https://doi.org/10.1016/j.jams.2017.01.002","Effectiveness of Acupuncture Therapy on Stress in a Large Urban College Population","Stress","Stress","Liver qi stagnation","Liver qi stagnation","","","","","","","","","","","","","","","","","","","","","","",""
"https://doi.org/10.1016/j.jams.2017.06.003","Immediate Effect of Needling at CV-12 (Zhongwan) Acupuncture Point on Blood Glucose Level in Patients with Type 2 Diabetes Mellitus: A Pilot Randomized Placebo-Controlled Trial","Type 2 Diabetes Mellitus","Type 2 Diabetes Mellitus","Not specified (the paper does not explicitly mention a TCM term for the condition)","Not specified (the paper does not explicitly mention a TCM term for the condition)","","","","","","","","","","","","","","","","","","","","","","",""
"https://doi.org/10.1016/j.jams.2017.09.001","Analysis of Evidence-Based Autism Symptoms Enhancement by Acupuncture","Autism Spectrum Disorder (ASD)","Autism Spectrum Disorder (ASD)","Not specified (the paper does not provide a specific TCM term for Autism Spectrum Disorder)","Not specified (the paper does not provide a specific TCM term for Autism Spectrum Disorder)","","","","","","","","","","","","","","","","","","","","","","",""
"https://doi.org/10.1016/j.jana.2012.09.006","Acu/Moxa for Distal Sensory Peripheral Neuropathy in HIV: A Randomized Control Pilot Study","Distal Sensory Peripheral Neuropathy (DSP)","Distal Sensory Peripheral Neuropathy (DSP)","Not specified (the paper does not provide a specific TCM term for the condition being studied)","Not specified (the paper does not provide a specific TCM term for the condition being studied)","","","","","","","","","","","","","","","","","","","","","","",""
"https://doi.org/10.1016/j.jbmt.2013.11.009","The effect of dry needling for myofascial trigger points in the neck and shoulders: A systematic review and meta-analysis","Myofascial pain syndrome caused by trigger points (MTrPs)","Myofascial pain syndrome caused by trigger points (MTrPs)","Not specified (the paper does not explicitly mention TCM terminology or conditions, but MTrPs could be related to ""Bi"" syndrome in TCM)","Not specified (the paper does not explicitly mention TCM terminology or conditions, but MTrPs could be related to ""Bi"" syndrome in TCM)","","","","","","","","","","","","","","","","","","","","","","",""
"https://doi.org/10.1016/j.jbmt.2020.04.001","A critical overview of the current myofascial pain literature","Myofascial Pain Syndrome (MPS)","Myofascial Pain Syndrome (MPS)","Not specified (the paper does not explicitly mention TCM terminology or conditions)","Not specified (the paper does not explicitly mention TCM terminology or conditions)","","","","","","","","","","","","","","","","","","","","","","",""
"https://doi.org/10.1016/j.jbmt.2021.02.015","Effectiveness of dry needling techniques in patients with knee osteoarthritis: A systematic review and meta-analysis","Knee Osteoarthritis","Knee Osteoarthritis","Not specified (the paper does not use Traditional Chinese Medicine terminology to describe the condition)","Not specified (the paper does not use Traditional Chinese Medicine terminology to describe the condition)","","","","","","","","","","","","","","","","","","","","","","",""
"https://doi.org/10.1016/j.jclinepi.2006.06.014","Randomized trial vs. observational study of acupuncture for migraine found that patient characteristics differed but outcomes were similar","Migraine","Migraine","Not specified (the paper does not provide information on the condition in terms of Traditional Chinese Medicine (TCM) terminology)","Not specified (the paper does not provide information on the condition in terms of Traditional Chinese Medicine (TCM) terminology)","","","","","","","","","","","","","","","","","","","","","","",""
"https://doi.org/10.1016/j.jclinepi.2014.02.021","Clinically meaningful nocebo effect occurs in acupuncture treatment: a systematic review","Low back pain and knee osteoarthritis","Low back pain and knee osteoarthritis","Not specified","Not specified","","","","","","","","","","","","","","","","","","","","","","",""
"https://doi.org/10.1016/j.jclinepi.2014.04.004","Randomized cohort trial was shown to be feasible for evaluating treatments in low back pain","Low back pain (LBP)","Low back pain (LBP)","Not specified (the paper does not provide a TCM equivalent for low back pain)","Not specified (the paper does not provide a TCM equivalent for low back pain)","","","","","","","","","","","","","","","","","","","","","","",""
"https://doi.org/10.1016/j.jcm.2008.07.003","Effects of electrical stimulation of acupuncture points on blood pressure","Hypertension","Hypertension","Not specified (the paper does not provide a specific TCM term for the condition being studied, but it is clear that the focus is on hypertension)","Not specified (the paper does not provide a specific TCM term for the condition being studied, but it is clear that the focus is on hypertension)","","","","","","","","","","","","","","","","","","","","","","",""
"https://doi.org/10.1016/j.jcrs.2006.06.027","Sedative effect of acupuncture during cataract surgery Prospective randomized double-blind study","Cataract","Cataract","Not specified (the paper does not explicitly state the disease/condition in TCM terminology)","Not specified (the paper does not explicitly state the disease/condition in TCM terminology)","","","","","","","","","","","","","","","","","","","","","","",""
"https://doi.org/10.1016/j.jdent.2006.09.004","The efficacy of acupuncture in the treatment of temporomandibular joint myofascial pain: A randomised controlled trial","Temporomandibular joint myofascial pain","Temporomandibular joint myofascial pain","Not specified (the paper does not provide a TCM equivalent for TMJ MP)","Not specified (the paper does not provide a TCM equivalent for TMJ MP)","","","","","","","","","","","","","","","","","","","","","","",""
"https://doi.org/10.1016/j.jdent.2011.02.006","Acupuncture for treating temporomandibular joint disorders: A systematic review and meta-analysis of randomized, sham-controlled trials","Temporomandibular joint disorder (TMD)","Temporomandibular joint disorder (TMD)","Not specified","Not specified","","","","","","","","","","","","","","","","","","","","","","",""
"https://doi.org/10.1016/j.jebdp.2011.12.001","Acupuncture may be no more effective than sham acupuncture in treating temporomandibular joint disorders","Temporomandibular joint disorder (TMD)","Temporomandibular joint disorder (TMD)","Not specified","Not specified","","","","","","","","","","","","","","","","","","","","","","",""
"https://doi.org/10.1016/j.jep.2013.04.045","A clinical trial of acupuncture about time-varying treatment and points selection in primary dysmenorrhea","Primary dysmenorrhea","Primary dysmenorrhea","Excess patterns of dysmenorrhea due to stagnation of the liver-qi","Excess patterns of dysmenorrhea due to stagnation of the liver-qi","","","","","","","","","","","","","","","","","","","","","","",""
"https://doi.org/10.1016/j.jmpt.2004.12.004","Long-term follow-up of a randomized clinical trial assessing the efficacy of medication, acupuncture, and spinal manipulation for chronic mechanical spinal pain syndromes","Chronic mechanical spinal pain syndromes","Chronic mechanical spinal pain syndromes","Not specified (the paper does not provide a TCM equivalent for the condition being studied)","Not specified (the paper does not provide a TCM equivalent for the condition being studied)","","","","","","","","","","","","","","","","","","","","","","",""
"https://doi.org/10.1016/j.jmpt.2012.12.003","The effects of collateral meridian therapy for knee osteoarthritis pain management: a pilot study","Knee Osteoarthritis (OA)","Knee Osteoarthritis (OA)","Not specified (the paper does not provide a specific TCM term for the disease condition)","Not specified (the paper does not provide a specific TCM term for the disease condition)","","","","","","","","","","","","","","","","","","","","","","",""
"https://doi.org/10.1016/j.jmpt.2014.06.003","Changes in spasticity, widespread pressure pain sensitivity, and baropodometry after the application of dry needling in patients who have had a stroke: A randomized controlled trial","Poststroke spasticity","Poststroke spasticity","Not specified (the paper does not provide a TCM term for the condition)","Not specified (the paper does not provide a TCM term for the condition)","","","","","","","","","","","","","","","","","","","","","","",""
"https://doi.org/10.1016/j.jmpt.2014.11.007","Inclusion of trigger point dry needling in a multimodal physical therapy program for postoperative shoulder pain: A randomized clinical trial","Postoperative shoulder pain","Postoperative shoulder pain","Not specified (the paper does not provide a TCM equivalent for the condition)","Not specified (the paper does not provide a TCM equivalent for the condition)","","","","","","","","","","","","","","","","","","","","","","",""
"https://doi.org/10.1016/j.jns.2010.03.033","Cupping for stroke rehabilitation: A systematic review","Stroke","Stroke","Not specified (the paper focuses on stroke rehabilitation and its symptoms rather than specific TCM conditions)","Not specified (the paper focuses on stroke rehabilitation and its symptoms rather than specific TCM conditions)","","","","","","","","","","","","","","","","","","","","","","",""
"https://doi.org/10.1016/j.jns.2014.04.016","Is acupuncture efficacious therapy in Parkinson's disease?","Parkinson's disease","Parkinson's disease","Not specified (the paper does not explicitly translate Parkinson's disease into TCM terminology)","Not specified (the paper does not explicitly translate Parkinson's disease into TCM terminology)","","","","","","","","","","","","","","","","","","","","","","",""
"https://doi.org/10.1016/j.joca.2013.05.007","Acupuncture and other physical treatments for the relief of pain due to osteoarthritis of the knee: network meta-analysis","Osteoarthritis of the knee","Osteoarthritis of the knee","Not specified (the paper does not provide a TCM equivalent for osteoarthritis of the knee)","Not specified (the paper does not provide a TCM equivalent for osteoarthritis of the knee)","","","","","","","","","","","","","","","","","","","","","","",""
"https://doi.org/10.1016/j.joim.2017.12.002","Brain functional connectivity network studies of acupuncture: a systematic review on resting-state fMRI","- Nervous system diseases: Stroke, Bell's palsy, Migraine, Mild cognitive impairment, Alzheimer's disease, Major depressive disorder - Motor system diseases: Carpal tunnel syndrome, Low-back pain, Chronic osteoarthritis - Other diseases: Functional dyspepsia, Hypertension, Overweight, Crohn's disease","- Nervous system diseases: Stroke, Bell's palsy, Migraine, Mild cognitive impairment, Alzheimer's disease, Major depressive disorder - Motor system diseases: Carpal tunnel syndrome, Low-back pain, Chronic osteoarthritis - Other diseases: Functional dyspepsia, Hypertension, Overweight, Crohn's disease","Not specified (the paper does not mention specific TCM conditions or diseases)","Not specified (the paper does not mention specific TCM conditions or diseases)","","","","","","","","","","","","","","","","","","","","","","",""
"https://doi.org/10.1016/j.jpag.2007.07.008","Pain in Adolescents and Young Women: Results of a Randomized Sham-Controlled Trial","Chronic pelvic pain in adolescents with endometriosis","Chronic pelvic pain in adolescents with endometriosis","Not specified (the paper does not explicitly state the condition in Traditional Chinese Medicine (TCM) terminology)","Not specified (the paper does not explicitly state the condition in Traditional Chinese Medicine (TCM) terminology)","","","","","","","","","","","","","","","","","","","","","","",""
"https://doi.org/10.1016/j.jpain.2004.12.009","A Controlled Trial of Placebo Versus Real Acupuncture","Not specified (the paper does not specify a primary medical condition or disease being studied)","Healthy volunteers","Not specified (the paper focuses on pain management using the LI4 acupoint but does not specify a primary medical condition or disease in TCM terminology)","Not specified (the paper focuses on pain management using the LI4 acupoint but does not specify a primary medical condition or disease in TCM terminology)","","","","","","","","","","","","","","","","","","","","","","",""
"https://doi.org/10.1016/j.jpain.2008.03.011","Acupuncture for Tension-Type Headache: A Meta-Analysis of Randomized, Controlled Trials","Tension-type headache","Tension-type headache","Not specified (the paper does not explicitly mention the condition in Traditional Chinese Medicine terminology)","Not specified (the paper does not explicitly mention the condition in Traditional Chinese Medicine terminology)","","","","","","","","","","","","","","","","","","","","","","",""
"https://doi.org/10.1016/j.jpain.2009.08.010","Physician Characteristics and Variation in Treatment Outcomes: Are Better Qualified and Experienced Physicians More Successful in Treating Patients With Chronic Pain With Acupuncture?","Chronic low back pain, headache, pain due to osteoarthritis of the knee or hip, neck pain","Chronic low back pain, headache, pain due to osteoarthritis of the knee or hip, neck pain","Not specified","Not specified","","","","","","","","","","","","","","","","","","","","","","",""
"https://doi.org/10.1016/j.jpain.2009.09.013","The Impact of Placebo, Psychopathology, and Expectations on the Response to Acupuncture Needling in Patients with Chronic Low Back Pain","Chronic Low Back Pain","Chronic Low Back Pain","Not specified (the paper does not mention any Traditional Chinese Medicine (TCM) terminology or conditions)","Not specified (the paper does not mention any Traditional Chinese Medicine (TCM) terminology or conditions)","","","","","","","","","","","","","","","","","","","","","","",""
"https://doi.org/10.1016/j.jpain.2010.08.006","Acupuncture for Carpal Tunnel Syndrome: A Systematic Review of Randomized Controlled Trials","Carpal Tunnel Syndrome (CTS)","Carpal Tunnel Syndrome (CTS)","Not specified (the paper does not provide TCM terminology for the condition)","Not specified (the paper does not provide TCM terminology for the condition)","","","","","","","","","","","","","","","","","","","","","","",""
"https://doi.org/10.1016/j.jpain.2010.09.001","A Randomized Clinical Trial of Acupuncture Versus Oral Steroids for Carpal Tunnel Syndrome: A Long-Term Follow-Up","Carpal Tunnel Syndrome (CTS)","Carpal Tunnel Syndrome (CTS)","Not specified","Not specified","","","","","","","","","","","","","","","","","","","","","","",""
"https://doi.org/10.1016/j.jpainsymman.2006.09.016","Symptom Management with Massage and Acupuncture in Postoperative Cancer Patients: A Randomized Controlled Trial","Cancer (postoperative symptoms)","Cancer (postoperative symptoms)","Not specified (the paper does not explicitly mention a TCM disease or condition)","Not specified (the paper does not explicitly mention a TCM disease or condition)","","","","","","","","","","","","","","","","","","","","","","",""
"https://doi.org/10.1016/j.jpainsymman.2009.11.325","Acupuncture for Treating Uremic Pruritus in Patients with End-Stage Renal Disease: A Systematic Review","Uremic pruritus (UP)","Uremic pruritus (UP)","Not specified (the paper does not explicitly mention the condition in Traditional Chinese Medicine terminology)","Not specified (the paper does not explicitly mention the condition in Traditional Chinese Medicine terminology)","","","","","","","","","","","","","","","","","","","","","","",""
"https://doi.org/10.1016/j.jpainsymman.2010.03.010","Acupuncture for Palliative and Supportive Cancer Care: A Systematic Review of Systematic Reviews","Chemotherapy induced nausea and vomiting","Chemotherapy induced nausea and vomiting","Not specified","Not specified","","","","","","","","","","","","","","","","","","","","","","",""
"https://doi.org/10.1016/j.jpsychires.2013.02.004","A 6-week randomized controlled trial with 4-week follow-up of acupuncture combined with paroxetine in patients with major depressive disorder","Major Depressive Disorder (MDD)","Major Depressive Disorder (MDD)","Not specified (the paper does not provide a TCM term for the condition)","Not specified (the paper does not provide a TCM term for the condition)","","","","","","","","","","","","","","","","","","","","","","",""
"https://doi.org/10.1016/j.jsat.2006.02.005","Acupuncture treatment for opiate addiction: A systematic review","Opiate addiction","Opiate addiction","Not specified","Not specified","","","","","","","","","","","","","","","","","","","","","","",""
"https://doi.org/10.1016/j.jsat.2008.08.002","Auricular acupuncture as an adjunct to opiate detoxification treatment: Effects on withdrawal symptoms","Opiate dependence","Opiate dependence","Not specified (the paper does not provide a TCM equivalent for the condition)","Not specified (the paper does not provide a TCM equivalent for the condition)","","","","","","","","","","","","","","","","","","","","","","",""
"https://doi.org/10.1016/j.jsat.2011.04.001","Determining the efficacy of auricular acupuncture for reducing anxiety in patients withdrawing from psychoactive drugs","Anxiety associated with withdrawal from psychoactive drugs","Anxiety associated with withdrawal from psychoactive drugs","Not specified (the paper does not explicitly mention a TCM disease or condition)","Not specified (the paper does not explicitly mention a TCM disease or condition)","","","","","","","","","","","","","","","","","","","","","","",""
"https://doi.org/10.1016/j.jtcvs.2008.07.053","Randomized controlled trial of a special acupuncture technique for pain after thoracotomy","Postthoracotomy pain","Postthoracotomy pain","Not specified (the paper does not explicitly mention the condition in Traditional Chinese Medicine terminology)","Not specified (the paper does not explicitly mention the condition in Traditional Chinese Medicine terminology)","","","","","","","","","","","","","","","","","","","","","","",""
"https://doi.org/10.1016/j.jvoice.2004.11.007","A Randomized Treatment-Placebo Study of the Effectiveness of Acupuncture for Benign Vocal Pathologies","Dysphonia; Hyperfunctional Dysphonia","Dysphonia; Hyperfunctional Dysphonia","Hyperfunctional dysphonia associated with yin deficiency and excessive yang leading to phlegm-heat accumulation","Hyperfunctional dysphonia associated with yin deficiency and excessive yang leading to phlegm-heat accumulation","","","","","","","","","","","","","","","","","","","","","","",""
"https://doi.org/10.1016/j.jvoice.2009.05.005","A Preliminary Study of the Effect of Acupuncture on Emotional Stress in Female Dysphonic Speakers","Phonotraumatic injuries, including vocal nodules, vocal polyps, vocal fold edema, or chronic laryngitis","Phonotraumatic injuries, including vocal nodules, vocal polyps, vocal fold edema, or chronic laryngitis","Not specified (the paper does not provide a TCM diagnosis or condition for the primary medical condition)","Not specified (the paper does not provide a TCM diagnosis or condition for the primary medical condition)","","","","","","","","","","","","","","","","","","","","","","",""
"https://doi.org/10.1016/j.knee.2013.12.002","Comparison the effect of lateral wedge insole and acupuncture in medial compartment knee osteoarthritis: A randomized controlled trial","Knee osteoarthritis (OA)","Knee osteoarthritis (OA)","Not specified (the paper does not provide TCM terminology or classification for the condition)","Not specified (the paper does not provide TCM terminology or classification for the condition)","","","","","","","","","","","","","","","","","","","","","","",""
"https://doi.org/10.1016/j.math.2010.05.010","Myofascial trigger point needling for whiplash associated pain e A feasibility study","Whiplash associated pain","Whiplash associated pain","Not specified (the paper does not provide a TCM classification for the condition)","Not specified (the paper does not provide a TCM classification for the condition)","","","","","","","","","","","","","","","","","","","","","","",""
"https://doi.org/10.1016/j.math.2016.07.009","Effects of dry needling to the symptomatic versus control shoulder in patients with unilateral subacromial pain syndrome *","Unilateral subacromial pain syndrome","Unilateral subacromial pain syndrome","Not specified (the paper does not explicitly mention the condition in Traditional Chinese Medicine terminology)","Not specified (the paper does not explicitly mention the condition in Traditional Chinese Medicine terminology)","","","","","","","","","","","","","","","","","","","","","","",""
"https://doi.org/10.1016/j.maturitas.2006.11.001","Acupuncture for postmenopausal hot flashes","Postmenopausal hot flashes","Postmenopausal hot flashes","Kidney yin vacuity, vacuity heat; Ascendant hyperactive Lv yang; Phlegm Fire","Kidney yin vacuity, vacuity heat; Ascendant hyperactive Lv yang; Phlegm Fire","","","","","","","","","","","","","","","","","","","","","","",""
"https://doi.org/10.1016/j.maturitas.2009.10.017","Managing hot flushes in men after prostate cancer-A systematic review","Hot flushes in men with prostate cancer","Hot flushes in men with prostate cancer","Not specified (the paper does not mention any TCM terminology or conditions)","Not specified (the paper does not mention any TCM terminology or conditions)","","","","","","","","","","","","","","","","","","","","","","",""
"https://doi.org/10.1016/j.maturitas.2011.02.001","The use of acupuncture for managing gynaecologic conditions: An overview of systematic reviews","- Side effects of breast cancer chemotherapy - Menstrual disturbances - Menopausal symptoms - Female infertility - Uterine fibroids - Polycystic ovary syndrome","- Side effects of breast cancer chemotherapy - Menstrual disturbances - Menopausal symptoms - Female infertility - Uterine fibroids - Polycystic ovary syndrome","Not specified (the paper does not mention TCM terminology for the conditions studied)","Not specified (the paper does not mention TCM terminology for the conditions studied)","","","","","","","","","","","","","","","","","","","","","","",""
"https://doi.org/10.1016/j.maturitas.2017.03.314","Moxibustion for the treatment of osteoarthritis: An updated systematic review and meta-analysis","Osteoarthritis (OA)","Osteoarthritis (OA)","Not specified (the paper does not explicitly state the condition in Traditional Chinese Medicine terminology)","Not specified (the paper does not explicitly state the condition in Traditional Chinese Medicine terminology)","","","","","","","","","","","","","","","","","","","","","","",""
"https://doi.org/10.1016/j.midw.2006.02.003","A randomised-control led trial in Sweden of acupuncture and care interventions for the relief of inflammatory symptoms of the breast during lactation","Mastitis (inflammatory symptoms of the breast during lactation)","Mastitis (inflammatory symptoms of the breast during lactation)","Not specified (the paper does not use Traditional Chinese Medicine terminology)","Not specified (the paper does not use Traditional Chinese Medicine terminology)","","","","","","","","","","","","","","","","","","","","","","",""
"https://doi.org/10.1016/j.midw.2006.02.003","A randomised-controlled trial in Sweden of acupuncture and care interventions for the relief of inflammatory symptoms of the breast during lactation","Mastitis (inflammatory symptoms of the breast during lactation)","Mastitis (inflammatory symptoms of the breast during lactation)","Not specified (the paper does not provide a TCM term for the condition)","Not specified (the paper does not provide a TCM term for the condition)","","","","","","","","","","","","","","","","","","","","","","",""
"https://doi.org/10.1016/j.neulet.2010.08.016","Acupuncture is effective to attenuate stress and stimulate lymphocyte proliferation in the elderly","Not specified","stress management and immune functions","Not specified","Not specified","","","","","","","","","","","","","","","","","","","","","","",""
"https://doi.org/10.1016/j.neulet.2014.12.016","Acupuncture for sleep quality, BDNF levels and immunosenescence: A randomized controlled study","Not specified (the paper focuses on sleep quality, psychological distress, and immunosenescence, but does not specify a primary medical condition or disease)","Healthy volunteers","Not specified (the paper does not provide a TCM diagnosis or condition)","Not specified (the paper does not provide a TCM diagnosis or condition)","","","","","","","","","","","","","","","","","","","","","","",""
"https://doi.org/10.1016/j.ophtha.2011.01.017","Adjunctive Effect of Acupuncture to Refractive Correction on Anisometropic Amblyopia One-Year Results of a Randomized Crossover Trial","Anisometropic amblyopia","Anisometropic amblyopia","Not specified (the paper does not explicitly mention a TCM term for the condition)","Not specified (the paper does not explicitly mention a TCM term for the condition)","","","","","","","","","","","","","","","","","","","","","","",""
"https://doi.org/10.1016/j.pain.2003.08.013","The placebo needle, is it a valid and convincing placebo for use in acupuncture trials? A randomised, single-blind, cross-over pilot trial","Chronic/stable pain from a single joint (hip or knee)","Chronic/stable pain from a single joint (hip or knee)","Not specified","Not specified","","","","","","","","","","","","","","","","","","","","","","",""
"https://doi.org/10.1016/j.pain.2004.01.018","Effect of acupuncture treatment on chronic neck and shoulder pain in sedentary female workers: a 6-month and 3-year follow-up study","Chronic neck and shoulder pain and related headache","Chronic neck and shoulder pain and related headache","Not specified (the paper does not explicitly mention a TCM condition or disease)","Not specified (the paper does not explicitly mention a TCM condition or disease)","","","","","","","","","","","","","","","","","","","","","","",""
"https://doi.org/10.1016/j.pain.2004.08.021","Auricular acupuncture for pain relief after total hip arthroplasty - a randomized controlled study","Postoperative pain after total hip arthroplasty","Postoperative pain after total hip arthroplasty","Not specified (the paper focuses on postoperative pain management rather than a specific TCM disease or condition)","Not specified (the paper focuses on postoperative pain management rather than a specific TCM disease or condition)","","","","","","","","","","","","","","","","","","","","","","",""
"https://doi.org/10.1016/j.pain.2004.08.030","Randomised trial of long term effect of acupuncture for shoulder pain","Shoulder pain (from soft tissues lesions) including conditions like rotator cuff lesions, capsulitis, bicipital tendonitis, and bursitis.","Shoulder pain (from soft tissues lesions) including conditions like rotator cuff lesions, capsulitis, bicipital tendonitis, and bursitis.","Bi Syndrome (shoulder pain from soft tissues lesions)","Bi Syndrome (shoulder pain from soft tissues lesions)","","","","","","","","","","","","","","","","","","","","","","",""
"https://doi.org/10.1016/j.pain.2005.02.011","Acupuncture analgesia during surgery: a systematic review","Pain during surgery","Pain during surgery","Not specified (the paper does not explicitly state a specific disease or condition in TCM terminology)","Not specified (the paper does not explicitly state a specific disease or condition in TCM terminology)","","","","","","","","","","","","","","","","","","","","","","",""
"https://doi.org/10.1016/j.pain.2006.01.012","Effects of intensity of electroacupuncture upon experimental pain in healthy human volunteers: A randomized, double-blind, placebo-controlled study","Not specified (the study focuses on pain perception in healthy volunteers rather than a specific disease or condition)","Experimental pain, Healthy volunteers","Not specified (the paper does not explicitly mention a TCM condition or disease)","Not specified (the paper does not explicitly mention a TCM condition or disease)","","","","","","","","","","","","","","","","","","","","","","",""
"https://doi.org/10.1016/j.pain.2006.05.013","Acupuncture for patients with chronic neck pain","Chronic neck pain","Chronic neck pain","Not specified (the paper does not provide a TCM diagnosis or condition)","Not specified (the paper does not provide a TCM diagnosis or condition)","","","","","","","","","","","","","","","","","","","","","","",""
"https://doi.org/10.1016/j.pain.2006.06.006","Cost-effectiveness of acupuncture treatment in patients with chronic neck pain","Chronic neck pain","Chronic neck pain","Not specified (the paper does not provide TCM terminology for the condition)","Not specified (the paper does not provide TCM terminology for the condition)","","","","","","","","","","","","","","","","","","","","","","",""
"https://doi.org/10.1016/J.PAIN.2006.07.002","Efficacy and safety of acupuncture for chronic uncomplicated neck pain: A randomised controlled study q","Chronic uncomplicated neck pain","Chronic uncomplicated neck pain","Not specified (the paper does not explicitly mention a TCM disease or condition)","Not specified (the paper does not explicitly mention a TCM disease or condition)","","","","","","","","","","","","","","","","","","","","","","",""
"https://doi.org/10.1016/j.pain.2010.06.036","German Randomized Acupuncture Trial for chronic shoulder pain (GRASP) -A pragmatic, controlled, patient-blinded, multi-centre trial in an outpatient care environment","Chronic shoulder pain (CSP)","Chronic shoulder pain (CSP)","Not specified (the paper does not provide a specific TCM term for the condition)","Not specified (the paper does not provide a specific TCM term for the condition)","","","","","","","","","","","","","","","","","","","","","","",""
"https://doi.org/10.1016/j.pain.2011.04.006","Efficacy of acupuncture for migraine prophylaxis: A single-blinded, double-dummy, randomized controlled trial","Migraine without aura","Migraine without aura","Migraine without aura; Shaoyang headache (TE-GB), Yangming headache (LI-ST), Taiyang headache (SI-BL), Jueyin headache (PC-LR)","Migraine without aura; Shaoyang headache (TE-GB), Yangming headache (LI-ST), Taiyang headache (SI-BL), Jueyin headache (PC-LR)","","","","","","","","","","","","","","","","","","","","","","",""
"https://doi.org/10.1016/j.pain.2011.11.007","Practice, practitioner, or placebo? A multifactorial, mixed-methods randomized controlled trial of acupuncture","Osteoarthritic (OA) pain","Osteoarthritic (OA) pain","Not specified (the paper does not explicitly mention the condition in Traditional Chinese Medicine terminology)","Not specified (the paper does not explicitly mention the condition in Traditional Chinese Medicine terminology)","","","","","","","","","","","","","","","","","","","","","","",""
"https://doi.org/10.1016/j.pain.2012.05.005","Acupuncture as an adjunctive therapy to pharmacological treatment in patients with chronic pain due to osteoarthritis of the knee: A 3-armed, randomized, placebo-controlled trial","Knee osteoarthritis","Knee osteoarthritis","Not specified (the paper does not provide TCM terminology for the condition)","Not specified (the paper does not provide TCM terminology for the condition)","","","","","","","","","","","","","","","","","","","","","","",""
"https://doi.org/10.1016/j.pain.2012.05.026","The efficacy of acupuncture in human pain models: A randomized, controlled, double-blinded study","Pain","Pain","Pain disorders (general) Not specified (TCM terminology not explicitly provided)","Pain disorders (general) Not specified (TCM terminology not explicitly provided)","","","","","","","","","","","","","","","","","","","","","","",""
"https://doi.org/10.1016/j.pain.2012.05.033","Acupuncture in patients with acute low back pain: A multicentre randomised controlled clinical trial","Acute nonspecific low back pain","Acute nonspecific low back pain","Not specified (the paper does not provide a TCM-specific diagnosis or terminology for the condition)","Not specified (the paper does not provide a TCM-specific diagnosis or terminology for the condition)","","","","","","","","","","","","","","","","","","","","","","",""
"https://doi.org/10.1016/j.pain.2013.03.013","Effects of motion style acupuncture treatment in acute low back pain patients with severe disability: A multicenter, randomized, controlled, comparative effectiveness trial","Acute low back pain (aLBP)","Acute low back pain (aLBP)","Not specified (the paper does not explicitly mention a TCM condition or disease)","Not specified (the paper does not explicitly mention a TCM condition or disease)","","","","","","","","","","","","","","","","","","","","","","",""
"https://doi.org/10.1016/j.pain.2013.05.008","Specifying the nonspecific components of acupuncture analgesia","Post-surgical pain after third molar surgery","Post-surgical pain after third molar surgery","Not specified (the paper does not mention any Traditional Chinese Medicine (TCM) terminology or conditions)","Not specified (the paper does not mention any Traditional Chinese Medicine (TCM) terminology or conditions)","","","","","","","","","","","","","","","","","","","","","","",""
"https://doi.org/10.1016/j.pmn.2009.08.001","Postoperative Pain: Acupuncture versus Percutaneous Electrical Nerve Stimulation","Postoperative pain in gynecologic oncology patients","Postoperative pain in gynecologic oncology patients","Not specified","Not specified","","","","","","","","","","","","","","","","","","","","","","",""
"https://doi.org/10.1016/j.ptsp.2015.06.003","The clinical impact of platelet-rich plasma on tendinopathy compared to placebo or dry needling injections: A meta-analysis","Tendinopathy","Tendinopathy","Not specified (the paper does not provide a TCM equivalent for the condition)","Not specified (the paper does not provide a TCM equivalent for the condition)","","","","","","","","","","","","","","","","","","","","","","",""
"https://doi.org/10.1016/j.rbmo.2010.02.024","Acupuncture for frozen-thawed embryo transfer cycles: a double-blind randomized controlled trial","Subfertility","Subfertility","Kidney yang/yin deficiency Liver qi stagnation with blood stasis Spleen qi deficiency with phlegm Combination of these syndromes","Kidney yang/yin deficiency Liver qi stagnation with blood stasis Spleen qi deficiency with phlegm Combination of these syndromes","","","","","","","","","","","","","","","","","","","","","","",""
"https://doi.org/10.1016/j.rbmo.2010.03.029","Acupuncture on the day of embryo transfer: a randomized controlled trial of 635 patients","Infertility","Infertility","Not specified (the paper does not explicitly mention a TCM disease or condition)","Not specified (the paper does not explicitly mention a TCM disease or condition)","","","","","","","","","","","","","","","","","","","","","","",""
"https://doi.org/10.1016/j.rmed.2004.05.005","An overview of two Cochrane systematic reviews of complementary treatments for chronic asthma: acupuncture and homeopathy","Asthma","Asthma","Not specified","Not specified","","","","","","","","","","","","","","","","","","","","","","",""
"https://doi.org/10.1016/j.sleep.2006.04.009","Treatment of moderate obstructive sleep apnea syndrome with acupuncture: A randomised, placebo controlled pilot trial q","Obstructive Sleep Apnea Syndrome (OSAS)","Obstructive Sleep Apnea Syndrome (OSAS)","Not specified (the paper does not provide a TCM equivalent for OSAS)","Not specified (the paper does not provide a TCM equivalent for OSAS)","","","","","","","","","","","","","","","","","","","","","","",""
"https://doi.org/10.1016/j.sleep.2008.08.012","Traditional needle acupuncture treatment for insomnia: A systematic review of randomized controlled trials","Insomnia","Insomnia","Insomnia (disharmony of Yin and Yang)","Insomnia (disharmony of Yin and Yang)","","","","","","","","","","","","","","","","","","","","","","",""
"https://doi.org/10.1016/j.smrv.2008.04.002","A systematic review of the effects of acupuncture in treating insomnia","Insomnia","Insomnia","Not specified (the paper discusses various TCM syndromes but does not specify a primary TCM condition for the study)","Not specified (the paper discusses various TCM syndromes but does not specify a primary TCM condition for the study)","","","","","","","","","","","","","","","","","","","","","","",""
"https://doi.org/10.1016/j.spinee.2013.08.049","Comparative clinical effectiveness of management strategies for sciatica: systematic review and network meta-analyses","Sciatica","Sciatica","Not specified (the paper does not provide TCM terminology for the condition)","Not specified (the paper does not provide TCM terminology for the condition)","","","","","","","","","","","","","","","","","","","","","","",""
"https://doi.org/10.1016/j.surg.2014.08.062","The effects of acupuncture after thyroid surgery: A randomized, controlled trial","Postoperative pain after thyroid surgery for benign thyroid diseases (euthyroidism or hyperthyroidism)","Postoperative pain after thyroid surgery for benign thyroid diseases (euthyroidism or hyperthyroidism)","Not specified (the paper does not provide a specific TCM disease or condition)","Not specified (the paper does not provide a specific TCM disease or condition)","","","","","","","","","","","","","","","","","","","","","","",""
"https://doi.org/10.1016/j.sxmr.2017.11.007","Traditional Chinese Medicine for Sexual Dysfunction: Review of the Evidence","Sexual dysfunction","Sexual dysfunction","Not specified (the paper discusses TCM principles and treatments for sexual dysfunction but does not specify a primary medical condition or disease in TCM terminology)","Not specified (the paper discusses TCM principles and treatments for sexual dysfunction but does not specify a primary medical condition or disease in TCM terminology)","","","","","","","","","","","","","","","","","","","","","","",""
"https://doi.org/10.1016/j.urology.2014.11.004","Effectiveness of Acupuncture on Chronic ProstatitiseChronic Pelvic Pain Syndrome Category IIIB Patients: A Prospective, Randomized, Nonblinded, Clinical Trial","Chronic Prostatitis/Chronic Pelvic Pain Syndrome (CP CPPS) Category IIIB","Chronic Prostatitis/Chronic Pelvic Pain Syndrome (CP CPPS) Category IIIB","Not specified (the paper does not provide a TCM diagnosis or equivalent for the condition being studied)","Not specified (the paper does not provide a TCM diagnosis or equivalent for the condition being studied)","","","","","","","","","","","","","","","","","","","","","","",""
"https://doi.org/10.1016/j.ygyno.2014.10.025","Efficacy of acupuncture in prevention of delayed chemotherapy induced nausea and vomiting in gynecologic cancer patients","Gynecologic cancer (including ovarian, endometrial, primary peritoneal, fallopian tube, and cervical cancers)","Gynecologic cancer (including ovarian, endometrial, primary peritoneal, fallopian tube, and cervical cancers)","Not specified (the paper does not explicitly mention a TCM disease or condition)","Not specified (the paper does not explicitly mention a TCM disease or condition)","","","","","","","","","","","","","","","","","","","","","","",""
"https://doi.org/10.1016/s0015-0282(01)03273-3","Influence of acupuncture on the pregnancy rate in patients who undergo assisted reproduction therapy","Not specified (the paper does not explicitly mention a specific Western medical condition or disease beyond the context of infertility and assisted reproduction)","assisted reproduction therapy","Not specified (the paper does not explicitly state a TCM disease or condition)","Not specified (the paper does not explicitly state a TCM disease or condition)","","","","","","","","","","","","","","","","","","","","","","",""
"https://doi.org/10.1016/s0016-5107(04)02030-9","Acupuncture for GI endoscopy: a systematic review","Not specified (the paper focuses on symptoms during GI endoscopy rather than a specific Western medical condition or disease)","GI endoscopic procedures","Not specified","Not specified","","","","","","","","","","","","","","","","","","","","","","",""
"https://doi.org/10.1016/S0021-5198(19)65282-0","Does electroacupuncture reduce craving for alcohol? A randomized controlled study","Alcohol dependence or abuse","Alcohol dependence or abuse","Not specified","Not specified","","","","","","","","","","","","","","","","","","","","","","",""
"https://doi.org/10.1016/s0022-5347(17)37121-5","Acupuncture in the treatment of renal colic","Renal colic","Renal colic","Not specified","Not specified","","","","","","","","","","","","","","","","","","","","","","",""
"https://doi.org/10.1016/s0029-7844(00)01152-2","Effect of Acupuncture on Nausea of Pregnancy: A Randomized, Controlled Trial","Nausea of pregnancy","Nausea of pregnancy","Not specified (the paper does not provide a specific TCM term for the condition)","Not specified (the paper does not provide a specific TCM term for the condition)","","","","","","","","","","","","","","","","","","","","","","",""
"https://doi.org/10.1016/S0140-6736(05)66871-7","Acupuncture in patients with osteoarthritis of the knee: a randomised trial","Osteoarthritis of the knee","Osteoarthritis of the knee","Not specified (the paper does not provide a TCM diagnosis or term for the condition)","Not specified (the paper does not provide a TCM diagnosis or term for the condition)","","","","","","","","","","","","","","","","","","","","","","",""
"https://doi.org/10.1016/S0140-6736(86)92732-7","Controlled trial of acupuncture for disabling breathlessness","Chronic Obstructive Pulmonary Disease (COPD)","Chronic Obstructive Pulmonary Disease (COPD)","Not specified (the paper does not provide a TCM term for the condition or symptom)","Not specified (the paper does not provide a TCM term for the condition or symptom)","","","","","","","","","","","","","","","","","","","","","","",""
"https://doi.org/10.1016/s0140-6736(89)90135-9","Controlled trial of acupuncture for severe recidivist alcoholism","Alcoholism","Alcoholism","Not specified (the paper does not explicitly mention the condition in TCM terminology)","Not specified (the paper does not explicitly mention the condition in TCM terminology)","","","","","","","","","","","","","","","","","","","","","","",""
"https://doi.org/10.1016/s0161-4754(99)70082-5","Chronic Spinal Pain Syndromes: A Clinical Pilot Trial Comparing Acupuncture, a Nonsteroidal Anti-inflammatory Drug, and Spinal Manipulation","Chronic spinal pain syndromes","Chronic spinal pain syndromes","Not specified (the paper does not explicitly mention a TCM condition or terminology)","Not specified (the paper does not explicitly mention a TCM condition or terminology)","","","","","","","","","","","","","","","","","","","","","","",""
"https://doi.org/10.1016/s0165-0327(99)00061-0","The benefit from whole body acupuncture in major depression *","Major Depression","Major Depression","Not specified (the paper does not explicitly mention a TCM condition or disease)","Not specified (the paper does not explicitly mention a TCM condition or disease)","","","","","","","","","","","","","","","","","","","","","","",""
"https://doi.org/10.1016/S0254-6272(09)60028-5","The Mind Tranquilizing and Menstruation Regulating Method for Acupuncture Treatment of Delayed Menstrual Cycle A Clinical Controlled Study","Dysfunctional uterine bleeding of the ovulatory type","Dysfunctional uterine bleeding of the ovulatory type","Delayed menstrual cycle due to stagnation of liver qi","Delayed menstrual cycle due to stagnation of liver qi","","","","","","","","","","","","","","","","","","","","","","",""
"https://doi.org/10.1016/s0254-6272(08)60001-1","The Combined Use of Acupuncture and Chinese Medicines for Treatment of Menopausal Syndrome -A Clinical Report of 63 Cases","Menopausal syndrome","Menopausal syndrome","Menopausal syndrome with TCM patterns of kidney-yin deficiency, kidney-yang deficiency, and both yin and yang deficiency of the kidney.","Menopausal syndrome with TCM patterns of kidney-yin deficiency, kidney-yang deficiency, and both yin and yang deficiency of the kidney.","","","","","","","","","","","","","","","","","","","","","","",""
"https://doi.org/10.1016/S0254-6272(08)60003-5","Acupuncture Combined with Spinal Tui Na for Treatment of Primary Dysmenorrhea in 30 Cases","Primary dysmenorrhea","Primary dysmenorrhea","Stagnation of qi with blood stasis Stagnation of pathogenic cold Deficiency of the liver and kidney","Stagnation of qi with blood stasis Stagnation of pathogenic cold Deficiency of the liver and kidney","","","","","","","","","","","","","","","","","","","","","","",""
"https://doi.org/10.1016/s0254-6272(08)60004-7","Insomnia Due to Deficiency of Both the Heart and Spleen Treated by Acupuncture Moxibustion and Chinese Tuina","Insomnia","Insomnia","Insomnia due to deficiency of both the heart and spleen","Insomnia due to deficiency of both the heart and spleen","","","","","","","","","","","","","","","","","","","","","","",""
"https://doi.org/10.1016/s0254-6272(08)60004-7","Insomnia Due to Deficiency of Both the Heart and Spleen Treated by Acupuncture-Moxibustion and Chinese Tuina","Insomnia","Insomnia","Insomnia due to deficiency of both the heart and spleen","Insomnia due to deficiency of both the heart and spleen","","","","","","","","","","","","","","","","","","","","","","",""
"https://doi.org/10.1016/S0254-6272(08)60004-7","Insomnia Due to Deficiency of Both the Heart and Spleen Treated by Acupuncture-Moxibustion and Chinese Tuina","Insomnia","Insomnia","Insomnia due to deficiency of both the heart and spleen","Insomnia due to deficiency of both the heart and spleen","","","","","","","","","","","","","","","","","","","","","","",""
"https://doi.org/10.1016/s0254-6272(08)60006-0","Forty cases of gastrointestinal neurosis treated by acupunture","Gastrointestinal neurosis","Gastrointestinal neurosis","- Stagnation of the liver-qi - Qi stagnation transforming into the pathogenic fire - Mutual blockage of the phlegm and qi - Weakness of the spleen and stomach","- Stagnation of the liver-qi - Qi stagnation transforming into the pathogenic fire - Mutual blockage of the phlegm and qi - Weakness of the spleen and stomach","","","","","","","","","","","","","","","","","","","","","","",""
"https://doi.org/10.1016/s0254-6272(08)60022-9","Stage-oriented Comprehensive Acupuncture Treatment plus Rehabilitation Training for Apoplectic Hemiplegia","Apoplectic Hemiplegia","Apoplectic Hemiplegia","Apoplectic hemiplegia","","","","","","","","","","","","","","","","","","","","","","","",""
"https://doi.org/10.1016/s0254-6272(08)60037-0","The Safety of Electroacupuncture at Hegu (LI 4) plus Oxytocin for hastening Uterine Contraction of Puerperants - A randomized Controlled Clinical Observation","Difficult labor due to uterine inertia","Difficult labor due to uterine inertia","Not specified (the paper does not explicitly mention the condition in TCM terminology)","Not specified (the paper does not explicitly mention the condition in TCM terminology)","","","","","","","","","","","","","","","","","","","","","","",""
"https://doi.org/10.1016/s0254-6272(08)60040-0","Forty-two Cases of Greater Occipital Neuralgia Treated by Acupuncture plus Acupoint-Injection","Greater Occipital Neuralgia","Greater Occipital Neuralgia","Not specified (the paper does not explicitly state a TCM term or diagnosis for Greater Occipital Neuralgia)","Not specified (the paper does not explicitly state a TCM term or diagnosis for Greater Occipital Neuralgia)","","","","","","","","","","","","","","","","","","","","","","",""
"https://doi.org/10.1016/S0254-6272(08)60043-6","Clinical Observation on Post-stroke Anxiety Neurosis Treated by Acupuncture","Post-stroke anxiety neurosis (PSAN)","Post-stroke anxiety neurosis (PSAN)","Not specified (the paper describes PSAN in terms of TCM principles but does not provide a specific TCM term for the condition)","Not specified (the paper describes PSAN in terms of TCM principles but does not provide a specific TCM term for the condition)","","","","","","","","","","","","","","","","","","","","","","",""
"https://doi.org/10.1016/S0254-6272(09)60001-7","Acupuncture plus Acupoint Injection for Treatment of Cervical Spondylosis of VertebroarterialType","Cervical spondylosis of vertebroarterial type","Cervical spondylosis of vertebroarterial type","cervical spondylosis of vertebroarterial type","","","","","","","","","","","","","","","","","","","","","","","",""
"https://doi.org/10.1016/s0254-6272(09)60002-9","Forty-six Cases of Vertebrobasilar Insufficiency Treated by Acupuncture plus Intravenous Infusion of Ligustrazine","Vertebrobasilar Insufficiency (VBI)","Vertebrobasilar Insufficiency (VBI)","Not specified (the paper discusses vertebrobasilar insufficiency and vertigo but does not explicitly state a TCM disease or condition name)","Not specified (the paper discusses vertebrobasilar insufficiency and vertigo but does not explicitly state a TCM disease or condition name)","","","","","","","","","","","","","","","","","","","","","","",""
"https://doi.org/10.1016/s0254-6272(09)60003-0","Clinical effects of acupuncture after surgical operation in patients with prolapse of the lumbar intervertebral disc","Prolapse of the lumbar intervertebral disc (PLID)","Prolapse of the lumbar intervertebral disc (PLID)","Not specified (the paper does not provide a TCM term for the condition)","Not specified (the paper does not provide a TCM term for the condition)","","","","","","","","","","","","","","","","","","","","","","",""
"https://doi.org/10.1016/s0254-6272(09)60006-6","Acupuncture Treatment for Spontaneous Polyhidrosis","Spontaneous polyhidrosis","Spontaneous polyhidrosis","sweating syndrome","sweating syndrome","","","","","","","","","","","","","","","","","","","","","","",""
"https://doi.org/10.1016/s0254-6272(09)60009-1","Clinical Study on the Visceral Differentiation-Based Acupuncture Therapy for Insomnia","Insomnia","Insomnia","Not specified (the paper describes insomnia as a symptom related to imbalances in yin and yang and disorders of qi and blood in specific organs, but does not specify a primary TCM disease or condition)","Not specified (the paper describes insomnia as a symptom related to imbalances in yin and yang and disorders of qi and blood in specific organs, but does not specify a primary TCM disease or condition)","","","","","","","","","","","","","","","","","","","","","","",""
"https://doi.org/10.1016/s0254-6272(09)60027-3","Electroacupuncture on the Head Points for Improving Gnosia in Patients with Vascular Dementia","Vascular Dementia","Vascular Dementia","Not specified (the paper describes TCM principles related to vascular dementia but does not specify a TCM disease/condition name)","Not specified (the paper describes TCM principles related to vascular dementia but does not specify a TCM disease/condition name)","","","","","","","","","","","","","","","","","","","","","","",""
"https://doi.org/10.1016/S0254-6272(09)60030-3","Electroacupuncture at Qiuxu (GB 40) for Treatment of Migraine - A Clinical Multicentral Random Controlled Study","Migraine","Migraine","Not specified (the paper does not explicitly mention the TCM terminology for the condition)","Not specified (the paper does not explicitly mention the TCM terminology for the condition)","","","","","","","","","","","","","","","","","","","","","","",""
"https://doi.org/10.1016/s0254-6272(09)60031-5","The Warming Acupuncture for Treatment of Sciatica in 30 Cases","Sciatica","Sciatica","Sciatica (cold-damp and/or kidney-deficiency type)","Sciatica (cold-damp and/or kidney-deficiency type)","","","","","","","","","","","","","","","","","","","","","","",""
"https://doi.org/10.1016/s0254-6272(09)60037-6","Depressive Neurosis Treated by Acupuncture for Regulating the Liver - A Report of 176 Cases","Depressive Neurosis","Depressive Neurosis","Depressive neurosis classified as stagnation of liver-qi or transformation of depressed qi into fire","Depressive neurosis classified as stagnation of liver-qi or transformation of depressed qi into fire","","","","","","","","","","","","","","","","","","","","","","",""
"https://doi.org/10.1016/s0254-6272(09)60074-1","Acupuncture Combined with Music Therapy for Treatment of 30 Cases of Cerebral Palsy","Cerebral Palsy","Cerebral Palsy","Not specified (the paper does not explicitly mention a TCM disease or condition name)","Not specified (the paper does not explicitly mention a TCM disease or condition name)","","","","","","","","","","","","","","","","","","","","","","",""
"https://doi.org/10.1016/s0254-6272(09)60075-3","Clinical Research on Abdominal Acupuncture plus Conventional Acupuncture for Knee Osteoarthritis","Knee osteoarthritis","Knee osteoarthritis","Knee osteoarthritis: Ben-root deficiency (liver, kidney, yang-qi), Biao-branch excess (cold, blood stasis, dampness)","Knee osteoarthritis: Ben-root deficiency (liver, kidney, yang-qi), Biao-branch excess (cold, blood stasis, dampness)","","","","","","","","","","","","","","","","","","","","","","",""
"https://doi.org/10.1016/s0254-6272(09)60076-5","Thirty-two Thirty-two Thirty-two Thirty-two Cases Cases Cases Cases of of of of Vascular Vascular Vascular Vascular Headache Headache Headache Headache Treated Treated Treated Treated by by by by Acupuncture Acupuncture Acupuncture Acupuncture Combined Combined Combined Combined with with with with Chinese Chinese Chinese Chinese Herbal Herbal Herbal Herbal Decoction Decoction Decoction Decoction","Vascular Headache (Migraine)","Vascular Headache (Migraine)","Liver yang hyperactivity complicated with obstruction of collaterals by blood stasis","Liver yang hyperactivity complicated with obstruction of collaterals by blood stasis","","","","","","","","","","","","","","","","","","","","","","",""
"https://doi.org/10.1016/s0254-6272(09)60080-7","Influence of Electroacupuncture on the Side Effects of Fkuoxetine on Depression Patients","Depression","Depression","Depression (melancholia, depressive psychosis, globus hystericus)","Depression (melancholia, depressive psychosis, globus hystericus)","","","","","","","","","","","","","","","","","","","","","","",""
"https://doi.org/10.1016/s0254-6272(10)60002-7","Effects of Acupuncture at 7-9 am and 3-5 pm on Plasma Thromboxane and Prostaglandin in Patients with Ischemic Cerebrovascular Disease","Ischemic cerebrovascular disease","Ischemic cerebrovascular disease","Blood stasis pattern in TCM","Blood stasis pattern in TCM","","","","","","","","","","","","","","","","","","","","","","",""
"https://doi.org/10.1016/s0254-6272(10)60003-9","Clinical Effects of Acupuncture for Diabetic Peripheral Neuropathy","Diabetic Peripheral Neuropathy","Diabetic Peripheral Neuropathy","Not specified (the paper uses Western medical terminology for the condition)","Not specified (the paper uses Western medical terminology for the condition)","","","","","","","","","","","","","","","","","","","","","","",""
"https://doi.org/10.1016/s0254-6272(10)60006-4","Clinical Observation on Acupuncture Treatment of Intractable Insomnia","Intractable insomnia","Intractable insomnia","Not specified (the paper does not explicitly mention a TCM term for insomnia)","Not specified (the paper does not explicitly mention a TCM term for insomnia)","","","","","","","","","","","","","","","","","","","","","","",""
"https://doi.org/10.1016/s0254-6272(10)60007-6","Warm-needling plus Tuina Relaxing for the Treatment of Carpal Tunnel Syndrome","Carpal Tunnel Syndrome (CTS)","Carpal Tunnel Syndrome (CTS)","Not specified (the paper does not provide a TCM term or condition for Carpal Tunnel Syndrome)","Not specified (the paper does not provide a TCM term or condition for Carpal Tunnel Syndrome)","","","","","","","","","","","","","","","","","","","","","","",""
"https://doi.org/10.1016/s0254-6272(10)60026-x","Effect of Acupuncture Combined with Blood-letting by a Three-edged Needle on 50 cases of Bell's Palsy at the Acute Stage","Bell's palsy","Bell's palsy","Bell's palsy of wind-heat syndrome at the acute stage","Bell's palsy of wind-heat syndrome at the acute stage","","","","","","","","","","","","","","","","","","","","","","",""
"https://doi.org/10.1016/s0254-6272(10)60036-2","Acupuncture for Promoting Intelligence of Children -An Observation on 37 Cases with Mental Retardation","Mental Retardation (MR)","Mental Retardation (MR)","Dementia, five kinds of tardy growth in infants and five flaccid syndromes","Dementia, five kinds of tardy growth in infants and five flaccid syndromes","","","","","","","","","","","","","","","","","","","","","","",""
"https://doi.org/10.1016/s0254-6272(10)60038-6","Clinical Observations Acupuncture plus Cupping for Treating Insomnia in College Students","Insomnia","Insomnia","Insomnia (excess-induced and deficiency-induced types)","Insomnia (excess-induced and deficiency-induced types)","","","","","","","","","","","","","","","","","","","","","","",""
"https://doi.org/10.1016/S0254-6272(11)60042-3","Clinical Observations Clinical Research of Acupuncture on Malignant Tumor Patients for Improving Depression and Sleep Quality","Depression and insomnia in malignant tumor patients","Depression and insomnia in malignant tumor patients","Phlegm stasis binding","Phlegm stasis binding","","","","","","","","","","","","","","","","","","","","","","",""
"https://doi.org/10.1016/s0254-6272(12)60009-0","Clinical Observations Acupuncture in Preterm Babies during Minor Painful Procedures","Not specified (the paper focuses on pain management during minor procedures in preterm neonates rather than a specific disease or condition)","Experimental pain in preterm neonates","Not specified (the paper does not explicitly mention a TCM disease or condition)","Not specified (the paper does not explicitly mention a TCM disease or condition)","","","","","","","","","","","","","","","","","","","","","","",""
"https://doi.org/10.1016/s0254-6272(12)60024-7","Meta analysis of the curative effect of acupuncture on post-stroke depression","Post-stroke depression (PSD)","Post-stroke depression (PSD)","Depression syndrome","Depression syndrome","","","","","","","","","","","","","","","","","","","","","","",""
"https://doi.org/10.1016/s0254-6272(13)60099-0","Clinical observation on effect of scalp electroacupuncture for mild cognitive impairment","Mild Cognitive Impairment (MCI)","Mild Cognitive Impairment (MCI)","Mild cognitive impairment (MCI) is associated with TCM syndromes such as kidney deficiency, Qi and blood deficiency, phlegm, blood stasis, and hyperactivity of liver Yang.","Mild cognitive impairment (MCI) is associated with TCM syndromes such as kidney deficiency, Qi and blood deficiency, phlegm, blood stasis, and hyperactivity of liver Yang.","","","","","","","","","","","","","","","","","","","","","","",""
"https://doi.org/10.1016/s0254-6272(13)60100-4","Short and long-term efficacy of combining Fuzhengliqi mixture with acupuncture in treatment of functional constipation","Functional Constipation (FC)","Functional Constipation (FC)","Defecation difficulty Splenic constipation Yang constipation Yin constipation","Defecation difficulty Splenic constipation Yang constipation Yin constipation","","","","","","","","","","","","","","","","","","","","","","",""
"https://doi.org/10.1016/S0254-6272(15)30037-6","Efficacy of acupuncture on fibromyalgia syndrome: a Meta-analysis","Fibromyalgia syndrome (FMS)","Fibromyalgia syndrome (FMS)","Not specified (the paper does not explicitly state the TCM disease/condition equivalent of fibromyalgia syndrome)","Not specified (the paper does not explicitly state the TCM disease/condition equivalent of fibromyalgia syndrome)","","","","","","","","","","","","","","","","","","","","","","",""
"https://doi.org/10.1016/s0254-6272(15)30075-3","Clinical curative effect of electric acupuncture on acute cerebral infarction: a randomized controlled multicenter trial","Ischemic cerebral apoplexy (acute ischemic stroke)","Ischemic cerebral apoplexy (acute ischemic stroke)","Cerebral apoplexy","Cerebral apoplexy","","","","","","","","","","","","","","","","","","","","","","",""
"https://doi.org/10.1016/s0254-6272(15)30116-3","Comparative effect of electroacupuncture and moxibustion on the expression of substance P and vasoactive intestinal peptide in patients with irritable bowel syndrome","Irritable Bowel Syndrome (IBS) - specifically diarrhea-predominant (IBS-D) and constipation-predominant (IBS-C) types","Irritable Bowel Syndrome (IBS) - specifically diarrhea-predominant (IBS-D) and constipation-predominant (IBS-C) types","Not specified (the paper does not explicitly mention the condition in Traditional Chinese Medicine (TCM) terminology)","Not specified (the paper does not explicitly mention the condition in Traditional Chinese Medicine (TCM) terminology)","","","","","","","","","","","","","","","","","","","","","","",""
"https://doi.org/10.1016/s0254-6272(15)30131-x","Effect of electroacupuncture on muscle state and infrared thermogram changes in patients with acute lumbar muscle sprain","Acute lumbar muscle sprain (soft tissue laceration)","Acute lumbar muscle sprain (soft tissue laceration)","Injuries of muscles and tendons","Injuries of muscles and tendons","","","","","","","","","","","","","","","","","","","","","","",""
"https://doi.org/10.1016/s0254-6272(15)30132-1","Effect of soothing-liver and nourishing-heart acupuncture on early selective serotonin reuptake inhibitor treatment onset for depressive disorder and related indicators of neuroimmunology: a randomized controlled clinical trial","Depressive disorder","Depressive disorder","Disharmony of the hepatic Qi, restlessness of the cardiac Qi, flaming of the cardiac fire, phlegm confusing the mind, and disharmony of channels and their collateral channels.","Disharmony of the hepatic Qi, restlessness of the cardiac Qi, flaming of the cardiac fire, phlegm confusing the mind, and disharmony of channels and their collateral channels.","","","","","","","","","","","","","","","","","","","","","","",""
"https://doi.org/10.1016/s0254-6272(15)30133-3","Effect of a Traditional Chinese Medicine combined therapy on adolescent idiopathic scoliosis: a randomized controlled trial","Adolescent idiopathic scoliosis (AIS)","Adolescent idiopathic scoliosis (AIS)","Adolescent idiopathic scoliosis (AIS)","","","","","","","","","","","","","","","","","","","","","","","",""
"https://doi.org/10.1016/S0254-6272(15)30149-7","Effect of direct current pulse stimulating acupoints of JiaJi (T10-L3) and Ciliao (BL 32) with Han's Acupoint Nerve Stimulator on labour pain in women: a randomized controlled clinical study","Labor pain during childbirth","Labor pain during childbirth","Not specified (the paper focuses on labor pain, which is a symptom rather than a specific disease or condition in TCM terminology)","Not specified (the paper focuses on labor pain, which is a symptom rather than a specific disease or condition in TCM terminology)","","","","","","","","","","","","","","","","","","","","","","",""
"https://doi.org/10.1016/s0304-3959(00)00234-7","Teasing apart quality and validity in systematic reviews: an example from acupuncture trials in chronic neck and back pain","Chronic back and neck pain","Chronic back and neck pain","Not specified (the paper does not provide TCM terminology for the conditions)","Not specified (the paper does not provide TCM terminology for the conditions)","","","","","","","","","","","","","","","","","","","","","","",""
"https://doi.org/10.1016/S0304-3959(00)00315-8","Pressure pain threshold and needle acupuncture in chronic tension-type headache ± a double-blind placebo-controlled study","Chronic tension-type headache","Chronic tension-type headache","Not specified (the paper does not provide a TCM classification for the condition)","Not specified (the paper does not provide a TCM classification for the condition)","","","","","","","","","","","","","","","","","","","","","","",""
"https://doi.org/10.1016/s0304-3959(01)00444-4","Acupuncture treatment of chronic low-back pain -a randomized, blinded, placebo-controlled trial with 9-month follow-up","Chronic low-back pain (LBP)","Chronic low-back pain (LBP)","Not specified (the paper does not explicitly mention a TCM term for the condition being studied)","Not specified (the paper does not explicitly mention a TCM term for the condition being studied)","","","","","","","","","","","","","","","","","","","","","","",""
"https://doi.org/10.1016/s0304-3959(02)00062-3","Immediate effects of dry needling and acupuncture at distant points in chronic neck pain: results of a randomized, double-blind, sham-controlled crossover trial","Chronic neck pain","Chronic neck pain","Not specified (the paper does not explicitly mention a TCM term for the condition)","Not specified (the paper does not explicitly mention a TCM term for the condition)","","","","","","","","","","","","","","","","","","","","","","",""
"https://doi.org/10.1016/S0304-3959(02)00261-0","The effect of high and low frequency electroacupuncture in pain after lower abdominal surgery","Postoperative pain and opioid-related side effects following abdominal hysterectomy","Postoperative pain and opioid-related side effects following abdominal hysterectomy","Lower abdominal pain or discomfort (TCM)","Lower abdominal pain or discomfort (TCM)","","","","","","","","","","","","","","","","","","","","","","",""
"https://doi.org/10.1016/S0304-3959(02)00269-5","Does acupuncture improve the orthopedic management of chronic low back pain -a randomized, blinded, controlled trial with 3 months follow up","Chronic low back pain (LBP)","Chronic low back pain (LBP)","Not specified (the paper does not provide a TCM term for the condition)","Not specified (the paper does not provide a TCM term for the condition)","","","","","","","","","","","","","","","","","","","","","","",""
"https://doi.org/10.1016/S0304-3959(99)00027-5","A randomized comparative trial of acupuncture versus transcutaneous electrical nerve stimulation for chronic back pain in the elderly","Chronic back pain","Chronic back pain","Not specified (the paper does not provide a TCM diagnosis or pattern for the condition)","Not specified (the paper does not provide a TCM diagnosis or pattern for the condition)","","","","","","","","","","","","","","","","","","","","","","",""
"https://doi.org/10.1016/S0304-3959(99)00107-4","Randomised clinical trial comparing the effects of acupuncture and a newly designed placebo needle in rotator cuff tendinitis","Rotator cuff tendinitis","Rotator cuff tendinitis","Not specified (the paper does not explicitly mention a TCM condition or disease)","Not specified (the paper does not explicitly mention a TCM condition or disease)","","","","","","","","","","","","","","","","","","","","","","",""
"https://doi.org/10.1016/S0304-3959(99)00304-8","Is acupuncture effective for the treatment of chronic pain? A systematic review","Chronic pain; Non-specific low back pain","Chronic pain; Non-specific low back pain","Not specified (the paper does not provide TCM terminology for the condition)","Not specified (the paper does not provide TCM terminology for the condition)","","","","","","","","","","","","","","","","","","","","","","",""
"https://doi.org/10.1016/S0736-0266(03)00028-7","Acupuncture and arthroscopic acromioplasty","Shoulder impingement syndrome","Shoulder impingement syndrome","Not specified (the paper does not provide a TCM diagnosis for the condition)","Not specified (the paper does not provide a TCM diagnosis for the condition)","","","","","","","","","","","","","","","","","","","","","","",""
"https://doi.org/10.1016/s0740-5472(01)00217-3","A large randomized placebo controlled study of auricular acupuncture for alcohol dependence","Alcohol dependence","Alcohol dependence","Not specified (the paper does not provide a TCM term for the condition)","Not specified (the paper does not provide a TCM term for the condition)","","","","","","","","","","","","","","","","","","","","","","",""
"https://doi.org/10.1016/S0740-5472(03)00162-4","Treating drug using prison inmates with auricular acupuncture: A randomized controlled trial","Not specified (the primary focus is on drug use and associated discomfort rather than a specific Western medical disease or condition)","Inmates with drug use","Not specified","Not specified","","","","","","","","","","","","","","","","","","","","","","",""
"https://doi.org/10.1016/s0740-5472(98)00002-6","Auricular Acupuncture in the Treatment of Cocaine Abuse A Study of Efficacy and Dosing","Cocaine addiction","Cocaine addiction","Not specified (the paper does not provide TCM terminology for cocaine addiction)","Not specified (the paper does not provide TCM terminology for cocaine addiction)","","","","","","","","","","","","","","","","","","","","","","",""
"https://doi.org/10.1016/s0885-3924(00)00185-8","Manual Acupuncture Reduces Hyperemesis Gravidarum: A Placebo-Controlled, Randomized, Single-Blind, Crossover Study","Hyperemesis gravidarum","Hyperemesis gravidarum","Not specified (the paper does not provide a TCM term for hyperemesis gravidarum)","Not specified (the paper does not provide a TCM term for hyperemesis gravidarum)","","","","","","","","","","","","","","","","","","","","","","",""
"https://doi.org/10.1016/s0887-8994(97)00086-6","Acupuncture and the Opioid System: Implications in Management of Migraine","Migraine","Migraine","Not specified (the paper does not provide TCM terminology for the condition)","Not specified (the paper does not provide TCM terminology for the condition)","","","","","","","","","","","","","","","","","","","","","","",""
"https://doi.org/10.1016/s0954-6111(98)90409-7","Acupuncture in treatment of stable asthma","Asthma","Asthma","Not specified (the paper does not provide TCM terminology for the condition)","Not specified (the paper does not provide TCM terminology for the condition)","","","","","","","","","","","","","","","","","","","","","","",""
"https://doi.org/10.1016/S0965-2299(98)80036-8","Acupuncture for smokers: lack of long term therapeutic effect in a controlled study","Tobacco addiction/smoking behavior","Tobacco addiction/smoking behavior","Not specified","Not specified","","","","","","","","","","","","","","","","","","","","","","",""
"https://doi.org/10.1016/s0965-2299(02)00072-9","The placebo response and effect of time in a trial of acupuncture to treat nausea and vomiting in early pregnancy","Nausea and vomiting in early pregnancy","Nausea and vomiting in early pregnancy","Not specified","Not specified","","","","","","","","","","","","","","","","","","","","","","",""
"https://doi.org/10.1016/s0965-2299(02)00082-1","Relief of chronic neck and shoulder pain by manual acupuncture to tender points-a sham-controlled randomized trial","Chronic neck and shoulder pain","Chronic neck and shoulder pain","Not specified (the paper does not explicitly mention a TCM condition or disease)","Not specified (the paper does not explicitly mention a TCM condition or disease)","","","","","","","","","","","","","","","","","","","","","","",""
"https://doi.org/10.1016/S0965-2299(96)80009-4","Acupuncture in the treatment of stroke patients in the subacute stage: a randomized, controlled study","Stroke","Stroke","Not specified (the paper does not provide specific TCM terminology for the condition)","Not specified (the paper does not provide specific TCM terminology for the condition)","","","","","","","","","","","","","","","","","","","","","","",""
"https://doi.org/10.1016/S0965-2299(96)80087-2","Acupuncture in stroke recovery: a literature review","Stroke (hemiplegia, paralysis)","Stroke (hemiplegia, paralysis)","Windstroke","Windstroke","","","","","","","","","","","","","","","","","","","","","","",""
"https://doi.org/10.1016/s0965-2299(98)80017-4","Tension headache and signs and symptoms of craniomandibular disorders treated with acupuncture or physiotherapy","Chronic tension headache and craniomandibular disorders","Chronic tension headache and craniomandibular disorders","Not specified (the paper does not explicitly mention TCM terminology or concepts)","Not specified (the paper does not explicitly mention TCM terminology or concepts)","","","","","","","","","","","","","","","","","","","","","","",""
"https://doi.org/10.1016/s0965229902000547","Effects of electro-acupuncture on psychological distress in postmenopausal women","Climacteric symptoms in postmenopausal women","Climacteric symptoms in postmenopausal women","Not specified (the paper does not explicitly use TCM terminology to describe the condition being studied)","Not specified (the paper does not explicitly use TCM terminology to describe the condition being studied)","","","","","","","","","","","","","","","","","","","","","","",""
"https://doi.org/10.1016/S0966-6532(98)00049-3","The effect of acupuncture on pain and swelling after day case molar teeth extraction under general anaesthesia","Post operative pain and swelling after third molar teeth extraction","Post operative pain and swelling after third molar teeth extraction","Not specified","Not specified","","","","","","","","","","","","","","","","","","","","","","",""
"https://doi.org/10.1016/s1028-4559(09)60276-x","Electroacupuncture reduces uterine artery blood flow impedence in infertile women","Infertility","Infertility","Not specified (the paper does not explicitly state the primary medical condition or disease in TCM terminology)","Not specified (the paper does not explicitly state the primary medical condition or disease in TCM terminology)","","","","","","","","","","","","","","","","","","","","","","",""
"https://doi.org/10.1016/s1079-2104(05)80121-0","Efficacy of Chinese acupuncture on postoperative oral surgery pain","Postoperative oral surgery pain","Postoperative oral surgery pain","Not specified (the paper focuses on postoperative pain, not a specific TCM condition)","Not specified (the paper focuses on postoperative pain, not a specific TCM condition)","","","","","","","","","","","","","","","","","","","","","","",""
"https://doi.org/10.1016/S1081-1206(10)60294-3","Acupuncture in patients with allergic rhinitis: a pragmatic randomized trial","Allergic rhinitis","Allergic rhinitis","Not specified (the paper does not provide the condition in Traditional Chinese Medicine terminology)","Not specified (the paper does not provide the condition in Traditional Chinese Medicine terminology)","","","","","","","","","","","","","","","","","","","","","","",""
"https://doi.org/10.1016/S1081-1206(10)60330-4","Acupuncture for allergic rhinitis: a systematic review","Allergic rhinitis (AR)","Allergic rhinitis (AR)","Not specified","Not specified","","","","","","","","","","","","","","","","","","","","","","",""
"https://doi.org/10.1016/S1082-3174(11)80075-9","Electrotherapy of Chronic Musculoskeletal Pain: Comparison of Electroacupuncture and Acupuncture Like Transcutaneous Electrical Nerve Stimulation","Chronic musculoskeletal pain (including conditions such as osteoarthritis, low back pain, whiplash, tendinitis, epicondylitis, capsulitis, and fibrositis)","Chronic musculoskeletal pain (including conditions such as osteoarthritis, low back pain, whiplash, tendinitis, epicondylitis, capsulitis, and fibrositis)","Not specified","Not specified","","","","","","","","","","","","","","","","","","","","","","",""
"https://doi.org/10.1016/s1472-6483(10)62025-1","Pain relief during oocyte retrieval — exploring the role of different frequencies of electro-acupuncture","Pain during oocyte retrieval","Pain during oocyte retrieval","Not specified (the paper does not explicitly mention a disease or condition in Traditional Chinese Medicine terminology)","Not specified (the paper does not explicitly mention a disease or condition in Traditional Chinese Medicine terminology)","","","","","","","","","","","","","","","","","","","","","","",""
"https://doi.org/10.1016/s1474-4422(06)70382-9","Efficacy of acupuncture for the prophylaxis of migraine: a multicentre randomised controlled clinical trial","Migraine","Migraine","Not specified (the paper does not explicitly mention the condition in Traditional Chinese Medicine (TCM) terminology)","Not specified (the paper does not explicitly mention the condition in Traditional Chinese Medicine (TCM) terminology)","","","","","","","","","","","","","","","","","","","","","","",""
"https://doi.org/10.1016/S1566-0702(03)00103-6","Depressor effect on blood pressure and flow elicited by electroacupuncture in normal subjects","Not specified (the study focuses on normal individuals and does not specify a particular disease or condition)","Healthy volunteers","Not specified (the paper does not mention a specific disease or condition in TCM terminology)","Not specified (the paper does not mention a specific disease or condition in TCM terminology)","","","","","","","","","","","","","","","","","","","","","","",""
"https://doi.org/10.1016/S1701-2163(16)34021-X","Effectiveness of Acupuncture for the Initiation of Labour at Term: A Pilot Randomized Controlled Trial","Not specified (the study focuses on the initiation of labor in women at term, which is a process rather than a specific disease or condition)","pregnant women at term","Not specified (the paper does not provide a TCM-specific term for the condition being studied)","Not specified (the paper does not provide a TCM-specific term for the condition being studied)","","","","","","","","","","","","","","","","","","","","","","",""
"https://doi.org/10.1016/S1726-4901(07)70002-3","Acupuncture Therapy Results in Immediate Bronchodilating Effect in Asthma Patients","Asthma","Asthma","Bronchial Asthma","Bronchial Asthma","","","","","","","","","","","","","","","","","","","","","","",""
"https://doi.org/10.1016/S1726-4901(08)70014-5","A Randomized Controlled Clinical Trial of Auricular Acupuncture in Smoking Cessation","Smoking cessation","Smoking cessation","Not specified (the paper does not explicitly mention a TCM disease or condition)","Not specified (the paper does not explicitly mention a TCM disease or condition)","","","","","","","","","","","","","","","","","","","","","","",""
"https://doi.org/10.1016/s2005-2901(09)60028-5","Changes in Electrical Skin Resistance at Gallbladder 34 (GB34)","Not specified (the study focuses on ESR changes at an acupuncture point in healthy volunteers, not on a specific Western medical condition or disease)","Healthy volunteers","Not specified (the paper discusses symptoms associated with the Gallbladder meridian but does not specify a primary medical condition or disease being studied)","Not specified (the paper discusses symptoms associated with the Gallbladder meridian but does not specify a primary medical condition or disease being studied)","","","","","","","","","","","","","","","","","","","","","","",""
"https://doi.org/10.1016/S2005-2901(10)60018-0","Fifteen-day Acupuncture Treatment Relieves Diabetic Peripheral Neuropathy","Diabetic Peripheral Neuropathy (DPN)","Diabetic Peripheral Neuropathy (DPN)","Not specified (the paper does not provide a specific TCM term or diagnosis for DPN)","Not specified (the paper does not provide a specific TCM term or diagnosis for DPN)","","","","","","","","","","","","","","","","","","","","","","",""
"https://doi.org/10.1016/S2005-2901(11)60005-8","A Clinical Pilot Study Comparing Traditional Acupuncture to Combined Acupuncture for Treating Headache, Trigeminal Neuralgia and Retro-auricular Pain in Facial Palsy","Headache, Trigeminal Neuralgia (TN), Retro-auricular Pain (RAP) in Facial Palsy","Headache, Trigeminal Neuralgia (TN), Retro-auricular Pain (RAP) in Facial Palsy","- Headache: TaiYang, ShaoYang, YangMing, JueYin - Trigeminal Neuralgia: YangMing - Retro-auricular Pain: ShaoYang","- Headache: TaiYang, ShaoYang, YangMing, JueYin - Trigeminal Neuralgia: YangMing - Retro-auricular Pain: ShaoYang","","","","","","","","","","","","","","","","","","","","","","",""
"https://doi.org/10.1016/S2095-4964(15)60159-5","Acupuncture accelerates recovery after general anesthesia: a prospective randomized controlled trial","Not specified (the primary condition is recovery from general anesthesia, not a specific Western medical condition or disease)","General anesthesia","Loss of consciousness due to yin-deficiency or yang-deficiency syndrome or Jue syndrome","Loss of consciousness due to yin-deficiency or yang-deficiency syndrome or Jue syndrome","checked","","","","","","","","","","","","","","","","","","","","","",""
"https://doi.org/10.1016/S2095-4964(15)60178-9","Effectiveness of bee venom acupuncture in alleviating post-stroke shoulder pain: a systematic review and meta-analysis","Post-stroke shoulder pain","Post-stroke shoulder pain","Not specified (the paper does not provide a TCM-specific term or diagnosis for the condition)","Not specified (the paper does not provide a TCM-specific term or diagnosis for the condition)","","","","","","","","","","","","","","","","","","","","","","",""
"https://doi.org/10.1017/s0022215100148091","A controlled trial of acupuncture in tinnitus","Tinnitus","Tinnitus","Not specified (the paper does not mention TCM terminology or conditions)","Not specified (the paper does not mention TCM terminology or conditions)","","","","","","","","","","","","","","","","","","","","","","",""
"https://doi.org/10.1017/s1092852900016400","Systematic Reviews of Clinical Trials of Acupuncture as Treatment The Well Rounded Brain for Depression: How Systematic and Accurate Are They?","Depression","Depression","Not specified (the paper does not provide a specific TCM term for the condition being studied)","Not specified (the paper does not provide a specific TCM term for the condition being studied)","","","","","","","","","","","","","","","","","","","","","","",""
"https://doi.org/10.1034/j.1399-6576.2003.00171.x","Acupuncture fails to reduce but increases anaesthetic gas required to prevent movement in response to surgical incision","Not specified (the study focuses on the effect of electroacupuncture during laparoscopic sterilization in healthy women)","Surgical pain","Not specified (the paper does not mention a specific disease or condition in Traditional Chinese Medicine terminology)","Not specified (the paper does not mention a specific disease or condition in Traditional Chinese Medicine terminology)","","","","","","","","","","","","","","","","","","","","","","",""
"https://doi.org/10.1034/j.1399-6576.2003.00224.x","Acupuncture facilitates neuromuscular and oculomotor responses to skin incision with no influence on auditory evoked potentials under sevoflurane anaesthesia","Not specified (the study focuses on physiological responses during laparoscopic sterilization, not a specific disease or condition)","Anesthesia","Not specified (the paper does not mention a specific disease or condition in Traditional Chinese Medicine terminology)","Not specified (the paper does not mention a specific disease or condition in Traditional Chinese Medicine terminology)","","","","","","","","","","","","","","","","","","","","","","",""
"https://doi.org/10.1034/j.1600-0412.2002.811008.x","Acupuncture in the management of pain in labor","Labor pain","Labor pain","Not specified (the paper does not explicitly mention any Traditional Chinese Medicine (TCM) terminology or conditions)","Not specified (the paper does not explicitly mention any Traditional Chinese Medicine (TCM) terminology or conditions)","","","","","","","","","","","","","","","","","","","","","","",""
"https://doi.org/10.1034/j.1600-0579.2003.00202.x","Efficacy of Percutaneous Electrical Nerve Stimulation for the Treatment of Chronic Low Back Pain in Older Adults","Chronic Low Back Pain (CLBP)","Chronic Low Back Pain (CLBP)","Not specified (the paper does not translate the condition into Traditional Chinese Medicine terminology)","Not specified (the paper does not translate the condition into Traditional Chinese Medicine terminology)","","","","","","","","","","","","","","","","","","","","","","",""
"https://doi.org/10.1038/ajg.2009.156","A Treatment Trial of Acupuncture in IBS Patients","Irritable Bowel Syndrome (IBS)","Irritable Bowel Syndrome (IBS)","Not specified (the paper does not explicitly state the TCM terminology for IBS)","Not specified (the paper does not explicitly state the TCM terminology for IBS)","","","","","","","","","","","","","","","","","","","","","","",""
"https://doi.org/10.1038/ajh.2008.311","Acupuncture for Lowering Blood Pressure: Systematic Review and Meta-analysis","Hypertension","Hypertension","Not specified (the paper does not explicitly mention the condition in Traditional Chinese Medicine terminology)","Not specified (the paper does not explicitly mention the condition in Traditional Chinese Medicine terminology)","","","","","","","","","","","","","","","","","","","","","","",""
"https://doi.org/10.1038/clpt.1991.106","Local anesthesia blocks the antiemetic action of P6 acupuncture","Postoperative nausea and vomiting","Postoperative nausea and vomiting","Not specified (the paper does not explicitly mention a TCM condition)","Not specified (the paper does not explicitly mention a TCM condition)","","","","","","","","","","","","","","","","","","","","","","",""
"https://doi.org/10.1038/ijo.2008.269","Acupuncture for obesity: a systematic review and meta-analysis","Obesity","Obesity","Not specified","Not specified","","","","","","","","","","","","","","","","","","","","","","",""
"https://doi.org/10.1038/ijo.2009.41","The effects of triple therapy (acupuncture, diet and exercise) on body weight: a randomized, clinical trial","Obesity","Obesity","Not specified (the paper does not explicitly state the TCM term for the condition, but it is implied to be related to obesity)","Not specified (the paper does not explicitly state the TCM term for the condition, but it is implied to be related to obesity)","","","","","","","","","","","","","","","","","","","","","","",""
"https://doi.org/10.1038/pr.2015.91","Efficacy and safety of acupuncture in children: an overview of systematic reviews","- Cerebral Palsy (CP) - Nocturnal Enuresis - Tic Disorders - Amblyopia - Pain Reduction - Hypoxic Ischemic Encephalopathy - Attention Deficit Hyperactivity Disorder (ADHD) - Mumps - Autism Spectrum Disorder (ASD) - Asthma - Nausea/Vomiting - Myopia - Epilepsy","- Cerebral Palsy (CP) - Nocturnal Enuresis - Tic Disorders - Amblyopia - Pain Reduction - Hypoxic Ischemic Encephalopathy - Attention Deficit Hyperactivity Disorder (ADHD) - Mumps - Autism Spectrum Disorder (ASD) - Asthma - Nausea/Vomiting - Myopia - Epilepsy","Not specified (the paper does not provide TCM terminology for the conditions studied)","Not specified (the paper does not provide TCM terminology for the conditions studied)","","","","","","","","","","","","","","","","","","","","","","",""
"https://doi.org/10.1038/sj.bdj.2009.959","Immediate effects of microsystem acupuncture in patients with oromyofacial pain and craniomandibular disorders (CMD): a double-blind, placebo-controlled trial","Craniomandibular disorders (CMD) and oromyofacial pain","Craniomandibular disorders (CMD) and oromyofacial pain","Not specified (the paper does not explicitly state the TCM terminology for the conditions being studied)","Not specified (the paper does not explicitly state the TCM terminology for the conditions being studied)","","","","","","","","","","","","","","","","","","","","","","",""
"https://doi.org/10.1038/sj.ijir.3901021","Acupuncture in the treatment of psychogenic erectile dysfunction: first results of a prospective randomized placebo-controlled study","Psychogenic Erectile Dysfunction","Psychogenic Erectile Dysfunction","Not specified (the paper does not provide a specific TCM term for the condition)","Not specified (the paper does not provide a specific TCM term for the condition)","","","","","","","","","","","","","","","","","","","","","","",""
"https://doi.org/10.1038/sj.ijo.0802997","Effects of electroacupuncture in reducing weight and waist circumference in obese women: a randomized crossover trial","Obesity","Obesity","Not specified (the paper does not explicitly mention a TCM term for obesity)","Not specified (the paper does not explicitly mention a TCM term for obesity)","","","","","","","","","","","","","","","","","","","","","","",""
"https://doi.org/10.1038/sj.sc.3100689","A therapeutic trial of acupuncture in neurogenic bladder of spinal cord injured patients - a preliminary report","Neurogenic bladder in spinal cord injured patients","Neurogenic bladder in spinal cord injured patients","Not specified (the paper does not provide a TCM term for neurogenic bladder)","Not specified (the paper does not provide a TCM term for neurogenic bladder)","","","","","","","","","","","","","","","","","","","","","","",""
"https://doi.org/10.1038/srep03981","A systematic review and meta-analysis of Baihui (GV20)-based scalp acupuncture in experimental ischemic stroke","Ischemic stroke","Ischemic stroke","Stroke","Stroke","","","","","","","","","","","","","","","","","","","","","","",""
"https://doi.org/10.1038/srep06482","Acupuncture modulates cortical thickness and functional connectivity in knee osteoarthritis patients","Knee Osteoarthritis (OA)","Knee Osteoarthritis (OA)","Not specified (the paper does not provide the condition in Traditional Chinese Medicine terminology)","Not specified (the paper does not provide the condition in Traditional Chinese Medicine terminology)","","","","","","","","","","","","","","","","","","","","","","",""
"https://doi.org/10.1046/j.1365-2796.2003.01081.x","Acupuncture versus placebo versus sumatriptan for early treatment of migraine attacks: a randomized controlled trial","Migraine","Migraine","Not specified (the paper does not provide the disease/condition in Traditional Chinese Medicine terminology)","Not specified (the paper does not provide the disease/condition in Traditional Chinese Medicine terminology)","","","","","","","","","","","","","","","","","","","","","","",""
"https://doi.org/10.1046/j.1365-2044.1998.00516.x","Postoperative nausea and vomiting in arthroscopic day-case surgery: a comparison between desflurane and isoflurane","Postoperative nausea and vomiting (PONV)","Postoperative nausea and vomiting (PONV)","Not specified (the paper does not mention any Traditional Chinese Medicine (TCM) terminology or conditions)","Not specified (the paper does not mention any Traditional Chinese Medicine (TCM) terminology or conditions)","","","","","","","","","","","","","","","","","","","","","","",""
"https://doi.org/10.1046/j.1365-2044.1998.00535.x","The effect of acupuncture on the incidence of postextubation laryngospasm in children","Laryngospasm occurring after tracheal extubation in children","Laryngospasm occurring after tracheal extubation in children","Not specified (the paper does not explicitly translate laryngospasm into a TCM disease or condition term)","Not specified (the paper does not explicitly translate laryngospasm into a TCM disease or condition term)","","","","","","","","","","","","","","","","","","","","","","",""
"https://doi.org/10.1046/j.1365-2044.1999.01030.x","The effect of pre-emptive acupuncture treatment on analgesic requirements after day-case knee arthroscopy","Postoperative pain following knee arthroscopy","Postoperative pain following knee arthroscopy","Not specified (the paper does not mention any TCM terminology or conditions)","Not specified (the paper does not mention any TCM terminology or conditions)","","","","","","","","","","","","","","","","","","","","","","",""
"https://doi.org/10.1046/j.1365-2044.2001.02209.x","Acupuncture versus ondansetron in the prevention of postoperative vomiting A study of children undergoing dental surgery","Postoperative vomiting","Postoperative vomiting","upward rebellious Qi (energy) of the stomach","upward rebellious Qi (energy) of the stomach","","","","","","","","","","","","","","","","","","","","","","",""
"https://doi.org/10.1046/j.1365-2044.2001.02228.x","Bloodletting acupuncture for the prevention of stridor in children after tracheal extubation: a randomised, controlled study","Stridor","Stridor","Not specified (the paper does not provide a specific TCM term for the condition being studied)","Not specified (the paper does not provide a specific TCM term for the condition being studied)","","","","","","","","","","","","","","","","","","","","","","",""
"https://doi.org/10.1046/j.1365-2044.2002.02832.x","The effect of auricular acupuncture on anaesthesia with desflurane","Not specified (the paper focuses on anaesthetic requirement and analgesia during surgery, not a specific disease or condition)","Anesthesia","Not specified (the paper does not explicitly mention a TCM disease or condition)","Not specified (the paper does not explicitly mention a TCM disease or condition)","","","","","","","","","","","","","","","","","","","","","","",""
"https://doi.org/10.1046/j.1365-2281.2000.00280.x","Lack of effect of acupuncture upon signs and symptoms of delayed onset muscle soreness","Delayed Onset Muscle Soreness (DOMS)","Delayed Onset Muscle Soreness (DOMS)","Not specified (the paper does not mention a TCM disease or condition)","Not specified (the paper does not mention a TCM disease or condition)","","","","","","","","","","","","","","","","","","","","","","",""
"https://doi.org/10.1046/j.1365-2796.1997.91105000.x","Treatment of primary Raynaud's syndrome with traditional Chinese acupuncture","Primary Raynaud's syndrome","Primary Raynaud's syndrome","Not specified (the paper does not provide a TCM term for primary Raynaud's syndrome)","Not specified (the paper does not provide a TCM term for primary Raynaud's syndrome)","","","","","","","","","","","","","","","","","","","","","","",""
"https://doi.org/10.1046/j.1468-2982.1985.0503137.x","Acupuncture treatment of chronic tension headache-a controlled cross-over trial","Chronic tension headache","Chronic tension headache","Not specified (the paper does not explicitly state the condition in Traditional Chinese Medicine terminology)","Not specified (the paper does not explicitly state the condition in Traditional Chinese Medicine terminology)","","","","","","","","","","","","","","","","","","","","","","",""
"https://doi.org/10.1046/j.1468-2982.1990.1003123.x","Oculomotor Disturbances in Patients with Tension Headache Treated with Acupuncture or Physiotherapy","Tension headache","Tension headache","Not specified (the paper does not explicitly mention TCM terminology)","Not specified (the paper does not explicitly mention TCM terminology)","","","","","","","","","","","","","","","","","","","","","","",""
"https://doi.org/10.1046/j.1468-2982.1990.1003131.x","Muscle tenderness in tension headache treated with acupuncture or physiotherapy","Tension headache (synonymous with muscle contraction headache)","Tension headache (synonymous with muscle contraction headache)","Not specified (the paper does not explicitly translate the condition into Traditional Chinese Medicine terminology)","Not specified (the paper does not explicitly translate the condition into Traditional Chinese Medicine terminology)","","","","","","","","","","","","","","","","","","","","","","",""
"https://doi.org/10.1046/j.1468-2982.2001.00198.x","Needle acupuncture in tension-type headache: a randomized, placebo-controlled study","Tension-type headache","Tension-type headache","Not specified (the paper does not explicitly translate the condition into TCM terminology)","Not specified (the paper does not explicitly translate the condition into TCM terminology)","","","","","","","","","","","","","","","","","","","","","","",""
"https://doi.org/10.1046/j.1468-2982.2001.218238.x","The `dry-needle technique': intramuscular stimulation in tension-type headache","Tension-type headache (TTH)","Tension-type headache (TTH)","Not specified (the paper does not explicitly mention a TCM condition or disease)","Not specified (the paper does not explicitly mention a TCM condition or disease)","","","","","","","","","","","","","","","","","","","","","","",""
"https://doi.org/10.1046/j.1469-0705.2001.00221.x","Influence of acupuncture on Doppler ultrasound in pregnant women","Intrauterine Growth Restriction (IUGR)","Intrauterine Growth Restriction (IUGR)","Not specified (the paper does not explicitly mention a specific disease or condition in TCM terminology)","Not specified (the paper does not explicitly mention a specific disease or condition in TCM terminology)","","","","","","","","","","","","","","","","","","","","","","",""
"https://doi.org/10.1046/j.1523-536x.2002.00149.x","Acupuncture To Treat Nausea and Vomiting in Early Pregnancy: A Randomized Controlled Trial","Nausea and vomiting in early pregnancy","Nausea and vomiting in early pregnancy","Not specified","Not specified","","","","","","","","","","","","","","","","","","","","","","",""
"https://doi.org/10.1046/j.1526-4610.2002.02203.x","Acupuncture in the Prophylactic Treatment of Migraine Without Aura: A Comparison with Flunarizine","Migraine without aura","Migraine without aura","Not specified (the paper does not provide TCM terminology for the condition)","Not specified (the paper does not provide TCM terminology for the condition)","","","","","","","","","","","","","","","","","","","","","","",""
"https://doi.org/10.1053/apmr.2001.24023","Needling Therapies in the Management of Myofascial Trigger Point Pain: A Systematic Review","Myofascial trigger point pain","Myofascial trigger point pain","Not specified (the paper does not mention TCM terminology or conditions)","Not specified (the paper does not mention TCM terminology or conditions)","","","","","","","","","","","","","","","","","","","","","","",""
"https://doi.org/10.1053/apmr.2001.24888","Acupuncture and Trager Psychophysical Integration in the Treatment of Wheelchair User's Shoulder Pain in Individuals With Spinal Cord Injury","Chronic shoulder pain in individuals with spinal cord injury (SCI)","Chronic shoulder pain in individuals with spinal cord injury (SCI)","Not specified (the paper does not provide a specific TCM disease or condition related to the shoulder pain)","Not specified (the paper does not provide a specific TCM disease or condition related to the shoulder pain)","","","","","","","","","","","","","","","","","","","","","","",""
"https://doi.org/10.1053/j.gastro.2012.10.050","Electroacupuncture Reduces Duration of Postoperative Ileus After Laparoscopic Surgery for Colorectal Cancer","Postoperative ileus","Postoperative ileus","Not specified","Not specified","","","","","","","","","","","","","","","","","","","","","","",""
"https://doi.org/10.1053/seiz.1999.0278","The effect of acupuncture in chronic intractable epilepsy","Epilepsy (chronic intractable)","Epilepsy (chronic intractable)","Not specified (the paper does not provide explicit TCM terminology for epilepsy)","Not specified (the paper does not provide explicit TCM terminology for epilepsy)","","","","","","","","","","","","","","","","","","","","","","",""
"https://doi.org/10.1053/seiz.2000.0436","Acupuncture in intractable epilepsy: lack of effect on health-related quality of life","Intractable epilepsy","Intractable epilepsy","Not specified (the paper mentions epilepsy as the condition being treated but does not specify a TCM disease or condition name)","Not specified (the paper mentions epilepsy as the condition being treated but does not specify a TCM disease or condition name)","","","","","","","","","","","","","","","","","","","","","","",""
"https://doi.org/10.1054/ctim.2001.0442","Non-specific effects of traditional Chinese acupuncture in osteoarthritis of the hip","Osteoarthritis of the hip","Osteoarthritis of the hip","Not specified (the paper does not provide a TCM term for the condition)","Not specified (the paper does not provide a TCM term for the condition)","","","","","","","","","","","","","","","","","","","","","","",""
"https://doi.org/10.1054/jcaf.2002.129656","Acupuncture Inhibits Sympathetic Activation During Mental Stress in Advanced Heart Failure Patients","Heart Failure","Heart Failure","Not specified (the paper does not mention any Traditional Chinese Medicine (TCM) terminology or conditions)","Not specified (the paper does not mention any Traditional Chinese Medicine (TCM) terminology or conditions)","","","","","","","","","","","","","","","","","","","","","","",""
"https://doi.org/10.1054/math.2000.0357","Effects of acupuncture, cervical manipulation and NSAID therapy on dizziness and impaired head repositioning of suspected cervical origin: a pilot study","Dizziness/Vertigo of suspected cervical origin","Dizziness/Vertigo of suspected cervical origin","Not specified (the paper does not explicitly translate the condition into Traditional Chinese Medicine terminology)","Not specified (the paper does not explicitly translate the condition into Traditional Chinese Medicine terminology)","","","","","","","","","","","","","","","","","","","","","","",""
"https://doi.org/10.1055/s-0028-1086039","Acupuncture to Alleviate Chemotherapy-induced Nausea and Vomiting in Pediatric Oncology — A Randomized Multicenter Crossover Pilot Trial","Cancer (solid malignant tumors) and chemotherapy induced nausea and vomiting","Cancer (solid malignant tumors) and chemotherapy induced nausea and vomiting","Not specified (the paper does not explicitly state the disease or condition in TCM terminology)","Not specified (the paper does not explicitly state the disease or condition in TCM terminology)","","","","","","","","","","","","","","","","","","","","","","",""
"https://doi.org/10.1056/NEJM197508212930803","Efficacy of acupuncture on osteoarthritic pain: A controlled, double-blind study","Osteoarthritis","Osteoarthritis","Not specified (the paper does not provide a specific TCM term for the condition)","Not specified (the paper does not provide a specific TCM term for the condition)","","","","","","","","","","","","","","","","","","","","","","",""
"https://doi.org/10.1080/00016340500317153","Decrease of pregnant women's pelvic pain after acupuncture: A randomized controlled single-blind study","Pelvic pain in late pregnancy","Pelvic pain in late pregnancy","Not specified (the paper does not explicitly mention a TCM term for the condition)","Not specified (the paper does not explicitly mention a TCM term for the condition)","","","","","","","","","","","","","","","","","","","","","","",""
"https://doi.org/10.1080/00016340600935839","Acupuncture administered after spontaneous rupture of membranes at term significantly reduces the length of birth and use of oxytocin. A randomized controlled trial","Spontaneous rupture of membranes (SROM) at term","Spontaneous rupture of membranes (SROM) at term","Not specified (the paper does not explicitly mention a TCM term for the condition being studied)","Not specified (the paper does not explicitly mention a TCM term for the condition being studied)","","","","","","","","","","","","","","","","","","","","","","",""
"https://doi.org/10.1080/00016340701645287","Does acupuncture used in nulliparous women reduce time from prelabour rupture of membranes at term to active phase of labour? A randomised controlled trial","Prelabour rupture of membranes (PROM)","Prelabour rupture of membranes (PROM)","Imbalance in Qi (energy) and blood in spleen (SP), kidney (KI), and liver (LIV) due to prelabour rupture of membranes (PROM)","Imbalance in Qi (energy) and blood in spleen (SP), kidney (KI), and liver (LIV) due to prelabour rupture of membranes (PROM)","","","","","","","","","","","","","","","","","","","","","","",""
"https://doi.org/10.1080/00016340802443798","Systematic review of clinical trials of acupuncture-related therapies for primary dysmenorrhea","Primary dysmenorrhea","Primary dysmenorrhea","Not specified (the paper does not provide a TCM term for the condition)","Not specified (the paper does not provide a TCM term for the condition)","","","","","","","","","","","","","","","","","","","","","","",""
"https://doi.org/10.1080/00016359850136058","The effect of acupuncture in the treatment of patients with primary Sjo Ègren's syndrome A controlled study","Primary Sjo Ègren's syndrome (1°SS)","Primary Sjo Ègren's syndrome (1°SS)","Not specified","Not specified","","","","","","","","","","","","","","","","","","","","","","",""
"https://doi.org/10.1080/00365520600580688","Acupuncture and moxibustion in the treatment of ulcerative colitis: A randomized controlled study","Ulcerative Colitis (UC)","Ulcerative Colitis (UC)","Damp-Hot Diarrhea","Damp-Hot Diarrhea","","","","","","","","","","","","","","","","","","","","","","",""
"https://doi.org/10.1080/00913847.2015.1004296","Tendon needling for treatment of tendinopathy: A systematic review","Tendinopathy","Tendinopathy","Not specified (the paper does not explicitly mention TCM terminology or conditions)","Not specified (the paper does not explicitly mention TCM terminology or conditions)","","","","","","","","","","","","","","","","","","","","","","",""
"https://doi.org/10.1080/01612840290052631","The effect of auricular acupuncture on psychophysiological measures of cocaine craving","Cocaine dependence","Cocaine dependence","Not specified (the paper does not provide a TCM perspective or terminology for the condition being studied)","Not specified (the paper does not provide a TCM perspective or terminology for the condition being studied)","","","","","","","","","","","","","","","","","","","","","","",""
"https://doi.org/10.1080/01635581.2015.1004731","The Impact of Complementary and Alternative Medicines on Cancer Symptoms, Treatment Side Effects, Quality of Life, and Survival in Women With Breast Cancer-A Systematic Review","Breast cancer","Breast cancer","Not specified","Not specified","","","","","","","","","","","","","","","","","","","","","","",""
"https://doi.org/10.1080/01674820600724797","Psychological well-being improves in women with breast cancer after treatment with applied relaxation or electro-acupuncture for vasomotor symptom","Breast cancer with vasomotor symptoms","Breast cancer with vasomotor symptoms","Not specified (the paper does not explicitly state the condition in Traditional Chinese Medicine terminology)","Not specified (the paper does not explicitly state the condition in Traditional Chinese Medicine terminology)","","","","","","","","","","","","","","","","","","","","","","",""
"https://doi.org/10.1080/02791072.2005.10399811","Acupuncture and Spirituality-Focused Group Therapy for the Treatment of HlV-Positive Drug Users: A Preliminary Study","HIV-seropositive status, cocaine addiction, opioid dependence","HIV-seropositive status, cocaine addiction, opioid dependence","Not specified","Not specified","","","","","","","","","","","","","","","","","","","","","","",""
"https://doi.org/10.1080/028134398750003386","Acupuncture in the prophylaxis of recurrent lower urinary tract infection in adult women","Recurrent lower urinary tract infection (UTI) in adult women","Recurrent lower urinary tract infection (UTI) in adult women","Not specified (the paper does not mention the condition in Traditional Chinese Medicine terminology)","Not specified (the paper does not mention the condition in Traditional Chinese Medicine terminology)","","","","","","","","","","","","","","","","","","","","","","",""
"https://doi.org/10.1080/08869634.1992.11677929","Adverse Events of Acupuncture and Occlusal Splint Therapy in the Treatment of Craniomandibular Disorders","Craniomandibular dysfunction (CMD)","Craniomandibular dysfunction (CMD)","Not specified (the paper does not provide a TCM equivalent for craniomandibular dysfunction)","Not specified (the paper does not provide a TCM equivalent for craniomandibular dysfunction)","","","","","","","","","","","","","","","","","","","","","","",""
"https://doi.org/10.1080/08869634.1992.11677929","Rehabilitative medicine adverse events of acupuncture and occlusal splint therapy in the treatment of craniomandibular disorders","Craniomandibular dysfunction (CMD)","Craniomandibular dysfunction (CMD)","Not specified","Not specified","","","","","","","","","","","","","","","","","","","","","","",""
"https://doi.org/10.1080/1355621021000006017","Acupuncture in the treatment of alcohol withdrawal symptoms: a randomized, placebo-controlled inpatient study","Alcohol withdrawal symptoms","Alcohol withdrawal symptoms","Not specified (the paper does not provide TCM terminology for the condition)","Not specified (the paper does not provide TCM terminology for the condition)","","","","","","","","","","","","","","","","","","","","","","",""
"https://doi.org/10.1080/13697130410001713814","A comparison of acupuncture and oral estradiol treatment of vasomotor symptoms in postmenopa usal women","Hot Flushes","Hot Flushes","Not specified (the paper does not provide TCM terminology for the condition being studied)","Not specified (the paper does not provide TCM terminology for the condition being studied)","","","","","","","","","","","","","","","","","","","","","","",""
"https://doi.org/10.1080/13697130500118050","Vasomotor symptoms decrease in women with breast cancer randomized to treatment with applied relaxation or electro-acupuncture: a preliminary study","Breast cancer","Breast cancer","Not specified (the paper does not explicitly use TCM terminology)","Not specified (the paper does not explicitly use TCM terminology)","","","","","","","","","","","","","","","","","","","","","","",""
"https://doi.org/10.1080/13697130601165059","Effects of acupuncture, applied relaxation, estrogens and placebo on hot flushes in postmenopausal women: an analysis of two prospective, parallel, randomized studies","Menopausal hot flushes","Menopausal hot flushes","Not specified (the paper does not explicitly mention a TCM disease or condition)","Not specified (the paper does not explicitly mention a TCM disease or condition)","","","","","","","","","","","","","","","","","","","","","","",""
"https://doi.org/10.1080/13697130801958709","Long-term follow-up of acupuncture and hormone therapy on hot flushes in women with breast cancer: a prospective, randomized, controlled multicenter trial","Vasomotor symptoms (hot flushes and sweating) in women with a history of breast cancer","Vasomotor symptoms (hot flushes and sweating) in women with a history of breast cancer","Not specified (the paper does not explicitly use TCM terminology to describe the condition)","Not specified (the paper does not explicitly use TCM terminology to describe the condition)","","","","","","","","","","","","","","","","","","","","","","",""
"https://doi.org/10.1080/14767050410001668644","Acupuncture plus moxibustion to resolve breech presentation: a randomized controlled study","Breech presentation","Breech presentation","Breech presentation (corrected by stimulating the BL67 acupoint)","Breech presentation (corrected by stimulating the BL67 acupoint)","","","","","","","","","","","","","","","","","","","","","","",""
"https://doi.org/10.1080/14767050600730740","A randomized controlled trial of acupuncture for initiation of labor in nulliparous women","Difficulties in labor initiation (post-term pregnancies)","Difficulties in labor initiation (post-term pregnancies)","Not specified (the paper does not explicitly mention a TCM term for the condition being studied)","Not specified (the paper does not explicitly mention a TCM term for the condition being studied)","","","","","","","","","","","","","","","","","","","","","","",""
"https://doi.org/10.1080/14767050902906386","Acupuncture to initiate labor (Acumoms 2): A randomized, sham-controlled clinical trial","Post-date pregnancy and labor initiation","Post-date pregnancy and labor initiation","Not specified (the paper does not explicitly state the condition in Traditional Chinese Medicine terminology)","Not specified (the paper does not explicitly state the condition in Traditional Chinese Medicine terminology)","","","","","","","","","","","","","","","","","","","","","","",""
"https://doi.org/10.1080/165019702760279233","Sensory stimulation (acupuncture) for the treatment of idiopathic anterior knee pain","Idiopathic anterior knee pain (IAKP), also known as patellofemoral pain syndrome","Idiopathic anterior knee pain (IAKP), also known as patellofemoral pain syndrome","Not specified (the paper does not provide a TCM term for the condition)","Not specified (the paper does not provide a TCM term for the condition)","","","","","","","","","","","","","","","","","","","","","","",""
"https://doi.org/10.1080/16501970510040362","Can electroacupuncture or transcutaneous nerve stimulation influence cognitive and emotional outcome after stroke?","Stroke","Stroke","Not applicable (the paper does not align with TCM terminology or principles)","Not applicable (the paper does not align with TCM terminology or principles)","","","","","","","","","","","","","","","","","","","","","","",""
"https://doi.org/10.1088/0967-3334/28/10/N01","Microcirculatory characteristics of acupuncture points obtained by laser Doppler flowmetry","Not specified (the paper focuses on the physiological basis of acupoints in healthy individuals rather than a specific Western medical condition or disease)","Healthy volunteers","Not specified (the paper does not mention a specific disease or condition related to TCM)","Not specified (the paper does not mention a specific disease or condition related to TCM)","","","","","","","","","","","","","","","","","","","","","","",""
"https://doi.org/10.1089/10755530152755180","A Pilot Project to Assess the Methodological Issues Involved in Evaluating Acupuncture as a Treatment for Disabling Breathlessness","Disabling breathlessness caused by chronic lung disease (primarily chronic obstructive pulmonary disease [COPD])","Disabling breathlessness caused by chronic lung disease (primarily chronic obstructive pulmonary disease [COPD])","Not specified (the paper does not provide a TCM classification for the condition)","Not specified (the paper does not provide a TCM classification for the condition)","","","","","","","","","","","","","","","","","","","","","","",""
"https://doi.org/10.1089/10755530260127952","Integrating Patient Preferences in Clinical Trials: A Pilot Study of Acupuncture Versus Midazolam for Gastroscopy","Not specified (the paper does not specify a particular disease or condition being studied; it focuses on the procedure and pretreatment options)","gastroscopy","Not specified","Not specified","","","","","","","","","","","","","","","","","","","","","","",""
"https://doi.org/10.1089/10755530260511748","Acupuncture and Bronchial Asthma: A Long-Term Randomized Study of the Effects of Real Versus Sham Acupuncture Compared to Controls in Patients with Bronchial Asthma","Bronchial Asthma","Bronchial Asthma","Excess (Shi)type asthma","Excess (Shi)type asthma","","","","","","","","","","","","","","","","","","","","","","",""
"https://doi.org/10.1089/107555302760253612","Assessment of Beliefs in the Effectiveness of Acupuncture for Treatment of Psychiatric Symptoms","Bipolar disorder","Bipolar disorder","Not specified (the paper does not explicitly mention a disease or condition in Traditional Chinese Medicine terminology)","Not specified (the paper does not explicitly mention a disease or condition in Traditional Chinese Medicine terminology)","","","","","","","","","","","","","","","","","","","","","","",""
"https://doi.org/10.1089/107555303322284767","The Use of Electro-Acupuncture in Conjunction with Exercise for the Treatment of Chronic Low-Back Pain","Chronic low-back pain (LBP)","Chronic low-back pain (LBP)","Deficiency in the kidney","Deficiency in the kidney","","","","","","","","","","","","","","","","","","","","","","",""
"https://doi.org/10.1089/107555303322524490","The Effects of Electro-Acupuncture and Transcutaneous Electrical Nerve Stimulation on Patients with Painful Osteoarthritic Knees: A Randomized Controlled Trial with Follow-Up Evaluation","Osteoarthritis of the knee","Osteoarthritis of the knee","Not specified (the paper does not provide a TCM condition or terminology for osteoarthritic knee pain)","Not specified (the paper does not provide a TCM condition or terminology for osteoarthritic knee pain)","","","","","","","","","","","","","","","","","","","","","","",""
"https://doi.org/10.1089/107555303322524508","The Effect of Prophylactic Acupuncture Treatment in Women with Recurrent Cystitis: Kidney Patients Fare Better","Recurrent cystitis","Recurrent cystitis","Recurrent cystitis associated with Kidney yang/qi xu, Spleen yang/qi xu, and Liver qi stagnation","Recurrent cystitis associated with Kidney yang/qi xu, Spleen yang/qi xu, and Liver qi stagnation","","","","","","","","","","","","","","","","","","","","","","",""
"https://doi.org/10.1089/107555303322524517","Effect of Acupuncture or Acupressure on Quality of Life of Patients with Chronic Obstructive Asthma: A Pilot Study","Chronic Obstructive Asthma","Chronic Obstructive Asthma","Chronic obstructive asthma; related TCM concepts: lung and spleen dysfunction","Chronic obstructive asthma; related TCM concepts: lung and spleen dysfunction","","","","","","","","","","","","","","","","","","","","","","",""
"https://doi.org/10.1089/107555303771952190","Single Needle Acupuncture Alleviates Gag Reflex During Transesophageal Echocardiography: A Blinded, Randomized, Controlled Pilot Trial","Ischemic stroke or transient ischemic attack","Ischemic stroke or transient ischemic attack","Not specified","Not specified","","","","","","","","","","","","","","","","","","","","","","",""
"https://doi.org/10.1089/acm.1999.5.521","Acupuncture Treatment of Patellofemoral Pain Syndrome","Patellofemoral pain syndrome","Patellofemoral pain syndrome","Not specified","Not specified","","","","","","","","","","","","","","","","","","","","","","",""
"https://doi.org/10.1089/acm.2000.6.519","Immunomodulatory Effects of Acupuncture in the Treatment of Allergic Asthma: A Randomized Controlled Study","Allergic asthma","Allergic asthma","Not specified (the paper does not provide a specific TCM term for allergic asthma)","Not specified (the paper does not provide a specific TCM term for allergic asthma)","","","","","","","","","","","","","","","","","","","","","","",""
"https://doi.org/10.1089/acm.2004.10.803","The Effectiveness of Electroacupuncture Versus Electrical Heat Acupuncture in the Management of Chronic Low-Back Pain","Chronic low-back pain","Chronic low-back pain","Not specified (the paper does not provide a TCM diagnosis or pattern differentiation for chronic low-back pain)","Not specified (the paper does not provide a TCM diagnosis or pattern differentiation for chronic low-back pain)","","","","","","","","","","","","","","","","","","","","","","",""
"https://doi.org/10.1089/acm.2004.10.985","Auricular Acupuncture in the Treatment of Cocaine/Crack Abuse: A Review of the Efficacy, the Use of the National Acupuncture Detoxification Association Protocol, and the Selection of Sham Points","Cocaine addiction","Cocaine addiction","Cocaine addiction leading to Heart yin deficiency, Kidney yin deficiency, Liver yin deficiency, and Spleen qi deficiency","Cocaine addiction leading to Heart yin deficiency, Kidney yin deficiency, Liver yin deficiency, and Spleen qi deficiency","","","","","","","","","","","","","","","","","","","","","","",""
"https://doi.org/10.1089/acm.2005.11.1005","Development of a Chinese Medicine Assessment Measure: An Interdisciplinary Approach Using the Delphi Method","Dysmenorrhea","Dysmenorrhea","Dysmenorrhea","","","","","","","","","","","","","","","","","","","","","","","",""
"https://doi.org/10.1089/acm.2005.11.663","Treatment of Fibromyalgia with Formula Acupuncture: Investigation of Needle Placement, Needle Stimulation, and Treatment Frequency","Fibromyalgia","Fibromyalgia","Not specified (the paper does not explicitly translate fibromyalgia into a specific TCM disease or condition term)","Not specified (the paper does not explicitly translate fibromyalgia into a specific TCM disease or condition term)","","","","","","","","","","","","","","","","","","","","","","",""
"https://doi.org/10.1089/acm.2005.11.723","Commentary on Sood et al.: Cochrane Systematic Reviews in Acupuncture: Methodological Diversity in Database Searching","Not specified (the paper does not mention a specific disease or condition)","Not specified (the paper does not mention a specific disease or condition)","Not specified (the paper does not mention a specific disease or condition related to TCM)","Not specified (the paper does not mention a specific disease or condition related to TCM)","should be removed from db: it's a commentary","","","","","","","","","","","","","","","","","","","","","",""
"https://doi.org/10.1089/acm.2006.12.813","Effects of Contralateral Electroacupuncture on Brain Function: A Double-Blind, Randomized, Pilot Clinical Trial","Not specified (the study focuses on healthy volunteers and the effect of acupuncture on brain function rather than a specific disease or condition)","Healthy volunteers","Not specified (the study does not explicitly mention a specific disease or condition in TCM terminology)","Not specified (the study does not explicitly mention a specific disease or condition in TCM terminology)","","","","","","","","","","","","","","","","","","","","","","",""
"https://doi.org/10.1089/acm.2006.5283","Effects of Acupuncture as a Treatment for Hyperventilation Syndrome: A Pilot, Randomized Crossover Trial","Hyperventilation Syndrome (HVS)","Hyperventilation Syndrome (HVS)","Not specified (the paper does not explicitly mention TCM terminology for the condition)","Not specified (the paper does not explicitly mention TCM terminology for the condition)","","","","","","","","","","","","","","","","","","","","","","",""
"https://doi.org/10.1089/acm.2006.6125","Fu's Subcutaneous Needling: Possible Clinical Evidence of the Subcutaneous Connective Tissue in Acupuncture","Myofascial trigger points (MTrP) in the neck","Myofascial trigger points (MTrP) in the neck","Not specified (the paper does not explicitly mention a TCM disease or condition)","Not specified (the paper does not explicitly mention a TCM disease or condition)","","","","","","","","","","","","","","","","","","","","","","",""
"https://doi.org/10.1089/acm.2006.6262","Acupuncture as an Adjunct for Sedation During Lithotripsy","Kidney stones (renal or upper ureteral calculi)","Kidney stones (renal or upper ureteral calculi)","Not specified (the paper does not explicitly mention a TCM disease or condition)","Not specified (the paper does not explicitly mention a TCM disease or condition)","","","","","","","","","","","","","","","","","","","","","","",""
"https://doi.org/10.1089/acm.2006.6371","Dry Needling of Trigger Points with and Without Paraspinal Needling in Myofascial Pain Syndromes in Elderly Patients","Myofascial Pain Syndrome (MPS) of the upper trapezius muscle","Myofascial Pain Syndrome (MPS) of the upper trapezius muscle","Not specified (the paper does not provide a TCM equivalent or description for myofascial pain syndrome)","Not specified (the paper does not provide a TCM equivalent or description for myofascial pain syndrome)","","","","","","","","","","","","","","","","","","","","","","",""
"https://doi.org/10.1089/acm.2007.0011","Efficacy and Safety of Acupuncture for Idiopathic Parkinson's Disease: A Systematic Review","Idiopathic Parkinson's disease (IPD)","Idiopathic Parkinson's disease (IPD)","Not specified (the paper does not provide a TCM term for the condition)","Not specified (the paper does not provide a TCM term for the condition)","","","","","","","","","","","","","","","","","","","","","","",""
"https://doi.org/10.1089/acm.2007.0524","Acupuncture De Qi, from Qualitative History to Quantitative Measurement","Osteoarthritis (OA)","Osteoarthritis (OA)","Not specified (the paper does not explicitly state a primary medical condition or disease in TCM terms)","Not specified (the paper does not explicitly state a primary medical condition or disease in TCM terms)","","","","","","","","","","","","","","","","","","","","","","",""
"https://doi.org/10.1089/acm.2007.0544","Auricular Acupuncture Versus Sham Acupuncture in the Treatment of Women Who Have Insomnia","Insomnia","Insomnia","Not specified","Not specified","","","","","","","","","","","","","","","","","","","","","","",""
"https://doi.org/10.1089/acm.2007.0738","A Pilot Whole Systems Clinical Trial of Traditional Chinese Medicine and Naturopathic Medicine for the Treatment of Temporomandibular Disorders","Temporomandibular disorders (TMD)","Temporomandibular disorders (TMD)","Not specified","Not specified","","","","","","","","","","","","","","","","","","","","","","",""
"https://doi.org/10.1089/acm.2007.0756","Randomized Controlled Trial of Traditional Chinese Medicine (Acupuncture and Tuina) in Cerebral Palsy: Part 1-Any Increase in Seizure in Integrated Acupuncture and Rehabilitation Group Versus Rehabilitation Group?","Cerebral Palsy (CP)","Cerebral Palsy (CP)","Not specified","Not specified","","","","","","","","","","","","","","","","","","","","","","",""
"https://doi.org/10.1089/acm.2007.0768","Randomized Controlled Trial of Acupuncture Versus Sham Acupuncture in Autism Spectrum Disorder","Autism Spectrum Disorder","Autism Spectrum Disorder","Autism is considered part of a spectrum with lower intelligence due to 'Heart meridian and Kidney meridian yinyang imbalance,' resulting in communication problems and 'Liver meridian yin-yang imbalance' leading to behavioral problems.","Autism is considered part of a spectrum with lower intelligence due to 'Heart meridian and Kidney meridian yinyang imbalance,' resulting in communication problems and 'Liver meridian yin-yang imbalance' leading to behavioral problems.","","","","","","","","","","","","","","","","","","","","","","",""
"https://doi.org/10.1089/acm.2007.0793","Manual Acupuncture Improved Quality of Life in Cancer Patients with Radiation-Induced Xerostomia","Radiation-induced xerostomia","Radiation-induced xerostomia","Not specified (the paper does not explicitly mention a TCM term for the condition)","Not specified (the paper does not explicitly mention a TCM term for the condition)","","","","","","","","","","","","","","","","","","","","","","",""
"https://doi.org/10.1089/acm.2007.6316","Correlated Change in Upper Limb Function and Motor Cortex Activation After Verum and Sham Acupuncture in Patients with Chronic Stroke","Chronic hemiparetic stroke","Chronic hemiparetic stroke","Not specified","Not specified","","","","","","","","","","","","","","","","","","","","","","",""
"https://doi.org/10.1089/acm.2007.7024","The Combined Effect of Relaxation Response and Acupuncture on Quality of Life in Patients with HIV: A Pilot Study","HIV/AIDS","HIV/AIDS","Not specified (the paper does not provide TCM terminology for the condition)","Not specified (the paper does not provide TCM terminology for the condition)","","","","","","","","","","","","","","","","","","","","","","",""
"https://doi.org/10.1089/acm.2008.0107","A Single-Blinded, Randomized Pilot Study Evaluating Effects of Electroacupuncture in Diabetic Patients with Symptoms Suggestive of Gastroparesis","Diabetic Gastroparesis","Diabetic Gastroparesis","Not specified (the paper does not explicitly translate diabetic gastroparesis into Traditional Chinese Medicine terminology)","Not specified (the paper does not explicitly translate diabetic gastroparesis into Traditional Chinese Medicine terminology)","","","","","","","","","","","","","","","","","","","","","","",""
"https://doi.org/10.1089/acm.2008.0135","Randomized Controlled Trials of Acupuncture for Neck Pain: Systematic Review and Meta-Analysis","Neck pain","Neck pain","Not specified (the paper does not provide TCM terminology for the condition)","Not specified (the paper does not provide TCM terminology for the condition)","","","","","","","","","","","","","","","","","","","","","","",""
"https://doi.org/10.1089/acm.2008.0173","Effects of Acupuncture on Symptoms and Muscle Function in Delayed Onset Muscle Soreness","Delayed Onset Muscle Soreness (DOMS)","Delayed Onset Muscle Soreness (DOMS)","Not specified","Not specified","","","","","","","","","","","","","","","","","","","","","","",""
"https://doi.org/10.1089/acm.2008.0264","Does Auricular Acupuncture Reduce Postoperative Vomiting After Cholecystectomy?","Postoperative nausea and vomiting (PONV)","Postoperative nausea and vomiting (PONV)","Not specified (the paper does not explicitly mention a TCM disease or condition)","Not specified (the paper does not explicitly mention a TCM disease or condition)","","","","","","","","","","","","","","","","","","","","","","",""
"https://doi.org/10.1089/acm.2008.0272","Efficacy of Acupuncture as a Treatment for Chronic Shoulder Pain","Chronic shoulder pain (with specific diagnoses including osteoarthritis, rotator cuff tendonitis, adhesive capsulitis, rotator cuff syndromes, rotator cuff tear, biceps tendonitis, and subacromial bursitis)","Chronic shoulder pain (with specific diagnoses including osteoarthritis, rotator cuff tendonitis, adhesive capsulitis, rotator cuff syndromes, rotator cuff tear, biceps tendonitis, and subacromial bursitis)","Not specified (the paper does not provide a specific TCM term for the condition)","Not specified (the paper does not provide a specific TCM term for the condition)","","","","","","","","","","","","","","","","","","","","","","",""
"https://doi.org/10.1089/acm.2008.0369","Evaluation of Manual Acupuncture at Classical and Nondefined Points for Treatment of Functional Dyspepsia: A Randomized-Controlled Trial","Functional Dyspepsia (FD)","Functional Dyspepsia (FD)","Not specified (the paper does not explicitly state the TCM equivalent of functional dyspepsia)","Not specified (the paper does not explicitly state the TCM equivalent of functional dyspepsia)","","","","","","","","","","","","","","","","","","","","","","",""
"https://doi.org/10.1089/acm.2008.0373","Efficacy of Traditional Chinese Medicine for the Management of Constipation: A Systematic Review","Constipation","Constipation","Constipation (TCM patterns: Re-bi, Qi-bi, Qi-xu, Xue-xu, Leng-bi)","Constipation (TCM patterns: Re-bi, Qi-bi, Qi-xu, Xue-xu, Leng-bi)","","","","","","","","","","","","","","","","","","","","","","",""
"https://doi.org/10.1089/acm.2008.0484","Effectiveness of Acupuncture in the Treatment of Temporomandibular Disorders of Muscular Origin: A Systematic Review of the Last Decade","Temporomandibular Disorders (TMD) of Muscular Origin, specifically Myofascial Pain (MP)","Temporomandibular Disorders (TMD) of Muscular Origin, specifically Myofascial Pain (MP)","Not specified","Not specified","","","","","","","","","","","","","","","","","","","","","","",""
"https://doi.org/10.1089/acm.2008.0589","Acupuncture for Chemotherapy-Induced Neutropenia in Patients with Gynecologic Malignancies: A Pilot Randomized, Sham-Controlled Clinical Trial","Ovarian cancer","Ovarian cancer","Not specified (the paper does not explicitly mention a TCM term for the condition)","Not specified (the paper does not explicitly mention a TCM term for the condition)","","","","","","","","","","","","","","","","","","","","","","",""
"https://doi.org/10.1089/acm.2008.0607","Combination of Acupuncture and Fluoxetine for Depression: A Randomized, Double-Blind, Sham-Controlled Trial","Major Depressive Disorder (MDD)","Major Depressive Disorder (MDD)","Not specified (the paper does not provide a TCM term for the condition)","Not specified (the paper does not provide a TCM term for the condition)","","","","","","","","","","","","","","","","","","","","","","",""
"https://doi.org/10.1089/acm.2009.0062","Acupuncture in the Treatment of Diabetic Bladder Dysfunction","Diabetic bladder dysfunction (DBD)","Diabetic bladder dysfunction (DBD)","yini and longbi (urinary incontinence and urine retention)","yini and longbi (urinary incontinence and urine retention)","","","","","","","","","","","","","","","","","","","","","","",""
"https://doi.org/10.1089/acm.2009.0326","Immediate Effect of Acupuncture at Sanyinjiao (SP6) and Xuanzhong (GB39) on Uterine Arterial Blood Flow in Primary Dysmenorrhea","Primary Dysmenorrhea","Primary Dysmenorrhea","Primary dysmenorrhea with TCM patterns: qi and Blood stagnation, Cold-Damp accumulation, Heat-Damp stagnation, qi and Blood deficiency, Liver and Kidney deficiency","Primary dysmenorrhea with TCM patterns: qi and Blood stagnation, Cold-Damp accumulation, Heat-Damp stagnation, qi and Blood deficiency, Liver and Kidney deficiency","","","","","","","","","","","","","","","","","","","","","","",""
"https://doi.org/10.1089/acm.2009.0367","A Novel Approach to Evaluate Traditional Chinese Medicine Treatment Outcomes Using Pattern Identification","Hepatitis C virus (HCV)","Hepatitis C virus (HCV)","Not specified (the paper does not explicitly state a specific TCM disease or condition name)","Not specified (the paper does not explicitly state a specific TCM disease or condition name)","","","","","","","","","","","","","","","","","","","","","","",""
"https://doi.org/10.1089/acm.2009.0427","The Acute Effect of Acupuncture on Endothelial Dysfunction in Patients with Hypertension: A Pilot, Randomized, Double Blind, Placebo Con trolled Crossover Trial","Hypertension (essential)","Hypertension (essential)","Not specified (the paper does not explicitly mention TCM terminology for the disease or condition)","Not specified (the paper does not explicitly mention TCM terminology for the disease or condition)","","","","","","","","","","","","","","","","","","","","","","",""
"https://doi.org/10.1089/acm.2009.0451","Auriculotherapy for Pain Management: A Systematic Review and Meta-Analysis of Randomized Controlled Trials","Pain (perioperative, acute, chronic)","Pain (perioperative, acute, chronic)","Not specified (the paper does not specify a primary medical condition, disease, or symptom in Traditional Chinese Medicine terminology)","Not specified (the paper does not specify a primary medical condition, disease, or symptom in Traditional Chinese Medicine terminology)","","","","","","","","","","","","","","","","","","","","","","",""
"https://doi.org/10.1089/acm.2009.0599","Traditional Chinese Medicine for Treatment of Fibromyalgia: A Systematic Review of Randomized Controlled Trials","Fibromyalgia (FM)","Fibromyalgia (FM)","Fibromyalgia (FM) is mainly caused by emotional upsets affecting the Liver, leading to stagnation of qi and Blood stasis, which causes pain.","Fibromyalgia (FM) is mainly caused by emotional upsets affecting the Liver, leading to stagnation of qi and Blood stasis, which causes pain.","","","","","","","","","","","","","","","","","","","","","","",""
"https://doi.org/10.1089/acm.2009.0609","Traditional Chinese Medicine for Treatment of Cerebral Palsy in Children: A Systematic Review of Randomized Clinical Trials","Cerebral Palsy (CP)","Cerebral Palsy (CP)","Not specified (the paper does not provide a specific TCM disease/condition equivalent for cerebral palsy)","Not specified (the paper does not provide a specific TCM disease/condition equivalent for cerebral palsy)","","","","","","","","","","","","","","","","","","","","","","",""
"https://doi.org/10.1089/acm.2009.0684","Effect of Acupuncture on Allergen-Induced Basophil Activation in Patients with Atopic Eczema: A Pilot Trial","Atopic eczema","Atopic eczema","Not specified (the paper does not explicitly mention the condition in Traditional Chinese Medicine (TCM) terminology)","Not specified (the paper does not explicitly mention the condition in Traditional Chinese Medicine (TCM) terminology)","","","","","","","","","","","","","","","","","","","","","","",""
"https://doi.org/10.1089/acm.2009.0714","Acupuncture Treatment as Breastfeeding Support: Preliminary Data","Insufficient milk production","Insufficient milk production","- Deficiency of Qi (vital energy) and Blood - Stagnation of the Liver Qi","- Deficiency of Qi (vital energy) and Blood - Stagnation of the Liver Qi","","","","","","","","","","","","","","","","","","","","","","",""
"https://doi.org/10.1089/acm.2010.0156","Meta-Analysis of Scalp Acupuncture for Acute Hypertensive Intracerebral Hemorrhage","Intracerebral hemorrhage (ICH) due to hypertension","Intracerebral hemorrhage (ICH) due to hypertension","Acute hypertensive intracerebral hemorrhage (ICH)","Acute hypertensive intracerebral hemorrhage (ICH)","","","","","","","","","","","","","","","","","","","","","","",""
"https://doi.org/10.1089/acm.2010.0325","Is the Diurnal Profile of Salivary Cortisol Concentration a Useful Marker for Measuring Reported Stress in Acupuncture Research? A Randomized Controlled Pilot Study","Chronic stress","Chronic stress","Not specified (the paper focuses on chronic stress but does not specify a TCM disease or condition)","Not specified (the paper focuses on chronic stress but does not specify a TCM disease or condition)","","","","","","","","","","","","","","","","","","","","","","",""
"https://doi.org/10.1089/acm.2010.0380","The Effect of Acupuncture on Psychosocial Outcomes for Women Experiencing Infertility: A Pilot Randomized Controlled Trial","Infertility","Infertility","Not specified","Not specified","","","","","","","","","","","","","","","","","","","","","","",""
"https://doi.org/10.1089/acm.2010.0779","Hegu Acupuncture for Chronic Low-Back Pain: A Randomized Controlled Trial","Chronic low back pain (CLBP)","Chronic low back pain (CLBP)","Not specified (the paper does not provide a specific TCM term for the condition)","Not specified (the paper does not provide a specific TCM term for the condition)","","","","","","","","","","","","","","","","","","","","","","",""
"https://doi.org/10.1089/acm.2011.0047","Rehabilitation of Stroke Patients Using Yamamoto New Scalp Acupuncture: A Pilot Study","Stroke","Stroke","Not specified (the paper does not explicitly mention the disease or condition in Traditional Chinese Medicine terminology)","Not specified (the paper does not explicitly mention the disease or condition in Traditional Chinese Medicine terminology)","","","","","","","","","","","","","","","","","","","","","","",""
"https://doi.org/10.1089/acm.2011.0131","Clinical Effects of Scalp Electrical Acupuncture in Stroke: A Sham Controlled Randomized Clinical Trial","Chronic ischemic stroke","Chronic ischemic stroke","Not specified (the paper does not provide a TCM diagnosis or terminology for the condition)","Not specified (the paper does not provide a TCM diagnosis or terminology for the condition)","","","","","","","","","","","","","","","","","","","","","","",""
"https://doi.org/10.1089/acm.2011.0158","Effects of Acupuncture on the Outcomes of In Vitro Fertilization: A Systematic Review and Meta-Analysis","Not specified (the paper focuses on IVF/ICSI outcomes rather than a specific Western medical condition or disease)","In-Vitro Fertilization","Not specified (the paper does not explicitly mention a specific TCM disease or condition)","Not specified (the paper does not explicitly mention a specific TCM disease or condition)","","","","","","","","","","","","","","","","","","","","","","",""
"https://doi.org/10.1089/acm.2011.0308","Cerebrovascular Response in Migraineurs During Prophylactic Treatment with Acupuncture: A Randomized Controlled Trial","Migraine","Migraine","Not specified (the paper does not explicitly mention a TCM term for the condition)","Not specified (the paper does not explicitly mention a TCM term for the condition)","","","","","","","","","","","","","","","","","","","","","","",""
"https://doi.org/10.1089/acm.2011.0404","Does Traditional Chinese Medicine Pattern Affect Acupoint Specific Effect? Analysis of Data from a Multicenter, Randomized, Controlled Trial for Primary Dysmenorrhea","Primary dysmenorrhea (PD)","Primary dysmenorrhea (PD)","Primary Dysmenorrhea (PD)","","","","","","","","","","","","","","","","","","","","","","","",""
"https://doi.org/10.1089/acm.2011.0457","Acupuncture for Shoulder Pain After Stroke: A Systematic Review","Shoulder pain after stroke","Shoulder pain after stroke","Not specified (the paper does not provide TCM terminology for the condition)","Not specified (the paper does not provide TCM terminology for the condition)","","","","","","","","","","","","","","","","","","","","","","",""
"https://doi.org/10.1089/acm.2011.0493","Effect of Acupuncture Therapy for Postponing Wallerian Degeneration of Cerebral Infarction as Shown by Diffusion Tensor Imaging","Acute cerebral infarction (stroke)","Acute cerebral infarction (stroke)","Not specified (the paper does not provide a TCM-specific disease or condition)","Not specified (the paper does not provide a TCM-specific disease or condition)","","","","","","","","","","","","","","","","","","","","","","",""
"https://doi.org/10.1089/acm.2011.0508","Can Acupuncture Affect the Circadian Rhythm of Blood Pressure? A Randomized, Double-Blind, Controlled Trial","Hypertension","Hypertension","Not specified (the paper does not explicitly mention TCM terminology for the condition)","Not specified (the paper does not explicitly mention TCM terminology for the condition)","","","","","","","","","","","","","","","","","","","","","","",""
"https://doi.org/10.1089/acm.2011.0637","Effects of Electroacupuncture on Depression and the Production of Glial Cell Line-Derived Neurotrophic Factor Compared with Fluoxetine: A Randomized Controlled Pilot Study","Depression / Depressive Disorder (DD)","Depression / Depressive Disorder (DD)","Yu syndrome","Yu syndrome","","","","","","","","","","","","","","","","","","","","","","",""
"https://doi.org/10.1089/acm.2011.0914","Factors Associated with Conflicting Findings on Acupuncture for Tension-Type Headache: Qualitative and Quantitative Analyses","Tension-type headache (TTH)","Tension-type headache (TTH)","Not specified (the paper does not provide TCM terminology for the condition)","Not specified (the paper does not provide TCM terminology for the condition)","","","","","","","","","","","","","","","","","","","","","","",""
"https://doi.org/10.1089/acm.2012.0338","Effectiveness and Acceptance of Acupuncture in Patients with Chronic Low Back Pain: Results of a Prospective, Randomized, Controlled Trial","Chronic low back pain","Chronic low back pain","Not specified","Not specified","","","","","","","","","","","","","","","","","","","","","","",""
"https://doi.org/10.1089/acm.2012.0429","Effectiveness of Abdominal Acupuncture for Patients with Obesity-Type Polycystic Ovary Syndrome: A Randomized Controlled Trial","Polycystic Ovary Syndrome (PCOS)","Polycystic Ovary Syndrome (PCOS)","Not specified (the paper does not explicitly mention a TCM term for the condition)","Not specified (the paper does not explicitly mention a TCM term for the condition)","","","","","","","","","","","","","","","","","","","","","","",""
"https://doi.org/10.1089/acm.2012.0494","Acupuncture on Yintang Point Decreases Preoperative Anxiety","Preoperative anxiety","Preoperative anxiety","Insomnia, agitation, and restlessness","Insomnia, agitation, and restlessness","","","","","","","","","","","","","","","","","","","","","","",""
"https://doi.org/10.1089/acm.2012.0499","Acupuncture and Traditional Chinese Medicine for Hot Flushes in Menopause: A Randomized Trial","Hot flushes in menopause","Hot flushes in menopause","Insufficiency of the yin of the kidney accompanied by a flare-up of the fire of the liver, deficiency of yang of the kidney or general deficiency of the kidney, stagnation of the blood and accumulation of phlegm and stagnation of the qi of the liver, and disharmony of the heart and kidney.","Insufficiency of the yin of the kidney accompanied by a flare-up of the fire of the liver, deficiency of yang of the kidney or general deficiency of the kidney, stagnation of the blood and accumulation of phlegm and stagnation of the qi of the liver, and disharmony of the heart and kidney.","","","","","","","","","","","","","","","","","","","","","","",""
"https://doi.org/10.1089/acm.2012.0578","Prospective, Randomized Controlled Trial of Physiotherapy and Acupuncture on Motor Function and Daily Activities in Patients with Ischemic Stroke","Ischemic stroke","Ischemic stroke","Not specified (the paper does not explicitly state the disease/condition in TCM terminology)","Not specified (the paper does not explicitly state the disease/condition in TCM terminology)","","","","","","","","","","","","","","","","","","","","","","",""
"https://doi.org/10.1089/acm.2012.0719","Acupuncture in Patients Suffering from Allergic Asthma: Is It Worth Additional Costs?","Allergic bronchial asthma","Allergic bronchial asthma","Not specified (the paper does not provide a TCM equivalent for allergic bronchial asthma)","Not specified (the paper does not provide a TCM equivalent for allergic bronchial asthma)","","","","","","","","","","","","","","","","","","","","","","",""
"https://doi.org/10.1089/acm.2013.0120","Efficacy of Yamamoto New Scalp Acupuncture Versus Traditional Chinese Acupuncture for Migraine Treatment","Migraine headache","Migraine headache","Not specified (the paper does not provide a specific TCM term for migraine)","Not specified (the paper does not provide a specific TCM term for migraine)","","","","","","","","","","","","","","","","","","","","","","",""
"https://doi.org/10.1089/acm.2013.0142","Acupuncture and Acupressure and Massage Health Outcomes for Patients with Anorexia Nervosa: Findings from a Pilot Randomized Controlled Trial and Patient Interviews","Anorexia Nervosa","Anorexia Nervosa","Not specified","Not specified","","","","","","","","","","","","","","","","","","","","","","",""
"https://doi.org/10.1089/acm.2013.0364","A Meta-Analysis of Acupuncture Use in the Treatment of Cognitive Impairment After Stroke","Cognitive impairment after stroke","Cognitive impairment after stroke","Not specified (the paper does not explicitly mention a TCM term for the condition)","Not specified (the paper does not explicitly mention a TCM term for the condition)","","","","","","","","","","","","","","","","","","","","","","",""
"https://doi.org/10.1089/acm.2014.0083","Acupuncture for Treating Aromatase Inhibitor-Related Arthralgia in Breast Cancer: A Systematic Review and Meta-Analysis","Arthralgia (joint pain) in patients with breast cancer treated with aromatase inhibitors (AIs)","Arthralgia (joint pain) in patients with breast cancer treated with aromatase inhibitors (AIs)","Not specified (the paper does not provide a TCM equivalent for the condition being studied)","Not specified (the paper does not provide a TCM equivalent for the condition being studied)","","","","","","","","","","","","","","","","","","","","","","",""
"https://doi.org/10.1089/acm.2014.0097","Acupuncture for the Treatment of Spasticity After Stroke: A Meta-Analysis of Randomized Controlled Trials","Spasticity after stroke","Spasticity after stroke","Not specified (the paper does not explicitly mention a TCM term or diagnosis for spasticity)","Not specified (the paper does not explicitly mention a TCM term or diagnosis for spasticity)","","","","","","","","","","","","","","","","","","","","","","",""
"https://doi.org/10.1089/acm.2014.0186","Paradigms Manual and Electrical Needle Stimulation in Acupuncture Research: Pitfalls and Challenges of Heterogeneity","Pain conditions (general)","Pain conditions (general)","Not specified","Not specified","","","","","","","","","","","","","","","","","","","","","","",""
"https://doi.org/10.1089/acm.2014.0199","Effects of Music in Combination with Vibration in Acupuncture Points on the Treatment of Fibromyalgia","Fibromyalgia","Fibromyalgia","Not specified (the paper does not provide a TCM term for fibromyalgia)","Not specified (the paper does not provide a TCM term for fibromyalgia)","","","","","","","","","","","","","","","","","","","","","","",""
"https://doi.org/10.1089/acm.2014.0274","Acupuncture as a Treatment Modality in Dermatology: A Systematic Review","- Atopic dermatitis - Urticaria - Pruritus - Acne - Chloasma - Neurodermatitis - Dermatitis herpetiformis - Hyperhidrosis - Human papillomavirus wart - Breast inflammation - Facial elasticity","- Atopic dermatitis - Urticaria - Pruritus - Acne - Chloasma - Neurodermatitis - Dermatitis herpetiformis - Hyperhidrosis - Human papillomavirus wart - Breast inflammation - Facial elasticity","Not specified (the paper does not explicitly translate the conditions into Traditional Chinese Medicine terminology)","Not specified (the paper does not explicitly translate the conditions into Traditional Chinese Medicine terminology)","","","","","","","","","","","","","","","","","","","","","","",""
"https://doi.org/10.1089/acm.2014.0284","Effects of Transcutaneous Electrical Acupoint Stimulation on Patients with Stable Chronic Obstructive Pulmonary Disease: A Prospective, Single-Blind, Randomized, Placebo-Controlled Study","Chronic Obstructive Pulmonary Disease (COPD)","Chronic Obstructive Pulmonary Disease (COPD)","Lung distention syndrome","Lung distention syndrome","","","","","","","","","","","","","","","","","","","","","","",""
"https://doi.org/10.1089/acm.2016.0075","Active Somatic and Psychic Ear Acupuncture Points in Newborn Infants with Neonatal Abstinence Syndrome","Neonatal Abstinence Syndrome (NAS)","Neonatal Abstinence Syndrome (NAS)","Not specified (the paper does not provide a TCM equivalent for Neonatal Abstinence Syndrome)","Not specified (the paper does not provide a TCM equivalent for Neonatal Abstinence Syndrome)","","","","","","","","","","","","","","","","","","","","","","",""
"https://doi.org/10.1089/acm.2016.0111","Effects of Transcutaneous Electrical Acupoint Stimulation on Motor Functions and Self-Care Ability in Children with Cerebral Palsy","Cerebral Palsy (CP)","Cerebral Palsy (CP)","Not specified (the paper does not explicitly mention a TCM term for cerebral palsy)","Not specified (the paper does not explicitly mention a TCM term for cerebral palsy)","","","","","","","","","","","","","","","","","","","","","","",""
"https://doi.org/10.1089/acm.2016.0155","Acupuncture for the Treatment of Peripheral Neuropathy: A Systematic Review and Meta-Analysis","Peripheral neuropathy (caused by diabetes, Bell's palsy, carpal tunnel syndrome, HIV, and idiopathic conditions)","Peripheral neuropathy (caused by diabetes, Bell's palsy, carpal tunnel syndrome, HIV, and idiopathic conditions)","Not specified (the paper does not provide TCM terminology for the conditions studied)","Not specified (the paper does not provide TCM terminology for the conditions studied)","","","","","","","","","","","","","","","","","","","","","","",""
"https://doi.org/10.1089/acm.2016.0158","Acupuncture-Related Techniques for Psoriasis: A Systematic Review with Pairwise and Network Meta-Analyses of Randomized Controlled Trials","Psoriasis","Psoriasis","Not specified (the paper does not explicitly mention a TCM term for the disease or condition)","Not specified (the paper does not explicitly mention a TCM term for the disease or condition)","","","","","","","","","","","","","","","","","","","","","","",""
"https://doi.org/10.1089/acm.2016.0208","Individualized Acupuncture for Symptom Relief in Functional Dyspepsia: A Randomized Controlled Trial","Functional Dyspepsia (FD)","Functional Dyspepsia (FD)","Not specified (the paper does not provide a Traditional Chinese Medicine term for the condition)","Not specified (the paper does not provide a Traditional Chinese Medicine term for the condition)","","","","","","","","","","","","","","","","","","","","","","",""
"https://doi.org/10.1089/acm.2016.0250","Efficacy of Combined Treatment with Acupuncture and Bee Venom Acupuncture as an Adjunctive Treatment for Parkinson's Disease","Idiopathic Parkinson's disease (IPD)","Idiopathic Parkinson's disease (IPD)","Not specified (the paper does not provide a TCM-specific term for the condition being studied)","Not specified (the paper does not provide a TCM-specific term for the condition being studied)","","","","","","","","","","","","","","","","","","","","","","",""
"https://doi.org/10.1089/acm.2016.0355","Effects of Acupuncture on Gait of Patients with Multiple Sclerosis","Multiple sclerosis with gait impairment","Multiple sclerosis with gait impairment","Not specified (the paper does not explicitly mention a TCM term for the condition)","Not specified (the paper does not explicitly mention a TCM term for the condition)","","","","","","","","","","","","","","","","","","","","","","",""
"https://doi.org/10.1089/acm.2016.0361","Effect of Electroacupuncture on Visceral and Hepatic Fat in Women with Abdominal Obesity: A Randomized Controlled Study Based on Magnetic Resonance Imaging","Abdominal Obesity","Abdominal Obesity","Not specified (the paper does not provide a TCM term for the condition being studied)","Not specified (the paper does not provide a TCM term for the condition being studied)","","","","","","","","","","","","","","","","","","","","","","",""
"https://doi.org/10.1089/acu.2007.0534","Comparative Study Treating Attention Deficit/Hyperactivity Disorder (ADHD) Patients Using the New Multiphase Hand Acupuncture Microsystem and Koryo Hand Therapy System","Attention Deficit/Hyperactivity Disorder (ADHD)","Attention Deficit/Hyperactivity Disorder (ADHD)","Not specified","Not specified","","","","","","","","","","","","","","","","","","","","","","",""
"https://doi.org/10.1089/acu.2009.0691","Effects of Acupuncture at Large Intestine 4 (LI 4) on Electrical Tooth Pulp Stimulation: A Randomized Controlled Pilot Study","Dental pain / Sensory threshold in response to electrical pulp stimulation","Dental pain / Sensory threshold in response to electrical pulp stimulation","Not specified","Not specified","","","","","","","","","","","","","","","","","","","","","","",""
"https://doi.org/10.1089/acu.2009.0692","Acupuncture as an Adjunct to In Vitro Fertilization: A Randomized Trial","Infertility","Infertility","Not specified","Not specified","","","","","","","","","","","","","","","","","","","","","","",""
"https://doi.org/10.1089/acu.2009.0694","Functional MRI and Acupuncture (Large Intestine 4 Acupoint) in Patients With Myofascial Pain of the Jaw Muscles: A Pilot Randomized Trial","Myofascial pain of the jaw (chronic myofascial pain syndrome of the masticatory muscles)","Myofascial pain of the jaw (chronic myofascial pain syndrome of the masticatory muscles)","Not specified","Not specified","","","","","","","","","","","","","","","","","","","","","","",""
"https://doi.org/10.1089/acu.2009.0709","Acupuncture of Motor Implicated Acupoints on Subacute Stroke Patients: An fMRI Evaluation Study","Stroke (specifically, subacute ischemic stroke with motor impairment)","Stroke (specifically, subacute ischemic stroke with motor impairment)","Zhong Feng (Wind Stroke)","Zhong Feng (Wind Stroke)","","","","","","","","","","","","","","","","","","","","","","",""
"https://doi.org/10.1089/acu.2010.0764","Effect of Electroacupuncture on the Third Lumbar Transverse Process Syndrome: A Randomized Controlled Trial","Third Lumbar Transverse Process Syndrome (TLTP syndrome)","Third Lumbar Transverse Process Syndrome (TLTP syndrome)","Not specified","Not specified","","","","","","","","","","","","","","","","","","","","","","",""
"https://doi.org/10.1089/acu.2011.0824","Relief of Chronic Shoulder and Neck Pain by Electro Acupuncture and Transcutaneous Electrical Nervous Stimulation: A Randomized Crossover Trial","Chronic neck and shoulder pain (myofascial pain)","Chronic neck and shoulder pain (myofascial pain)","Not specified","Not specified","","","","","","","","","","","","","","","","","","","","","","",""
"https://doi.org/10.1089/acu.2012.0876","Electroacupuncture for Nausea, Vomiting, and Myelosuppression in Women Receiving Adjuvant Chemotherapy for Early Breast Cancer: A Randomized Controlled Pilot Trial","Breast Cancer","Breast Cancer","Not specified","Not specified","","","","","","","","","","","","","","","","","","","","","","",""
"https://doi.org/10.1089/acu.2012.0900","Acupuncture for Treating Anxiety and Depression in Women: A Clinical Systematic Review","Anxiety and Depression (Major Depressive Disorder)","Anxiety and Depression (Major Depressive Disorder)","- Liver Depression - Qi Deficiency (Lung and/or Kidney) - Blood Deficiency (usually Liver and Spleen) - Blood Stagnation (Liver) - Cold Invasion causing Qi and Blood Stagnation - Jing and Yuan Qi Deficiency","- Liver Depression - Qi Deficiency (Lung and/or Kidney) - Blood Deficiency (usually Liver and Spleen) - Blood Stagnation (Liver) - Cold Invasion causing Qi and Blood Stagnation - Jing and Yuan Qi Deficiency","","","","","","","","","","","","","","","","","","","","","","",""
"https://doi.org/10.1089/acu.2012.0904","The Feasibility and Effects of Acupuncture on Quality of Life Scores During Chemotherapy in Ovarian Cancer: Results from a Pilot, Randomized Sham-Controlled Trial","Ovarian cancer","Ovarian cancer","Not specified (the paper does not explicitly mention the disease or condition in Traditional Chinese Medicine (TCM) terminology)","Not specified (the paper does not explicitly mention the disease or condition in Traditional Chinese Medicine (TCM) terminology)","","","","","","","","","","","","","","","","","","","","","","",""
"https://doi.org/10.1089/acu.2012.0913","Acupuncture Treatment for Premenstrual Syndrome","Premenstrual Syndrome (PMS)","Premenstrual Syndrome (PMS)","Insufficiency of the Spleen and Stagnation of the Liver Qi","Insufficiency of the Spleen and Stagnation of the Liver Qi","","","","","","","","","","","","","","","","","","","","","","",""
"https://doi.org/10.1089/acu.2013.0989","Group Auricular Acupuncture for PTSD Related Insomnia in Veterans: A Randomized Trial","PTSD related insomnia","PTSD related insomnia","Not specified","Not specified","","","","","","","","","","","","","","","","","","","","","","",""
"https://doi.org/10.1089/acu.2013.1015","Function of Auricular Point Acupressure in Inducing Changes in Inflammatory Cytokines During Chronic Low Back Pain: A Pilot Study","Chronic low back pain (CLBP)","Chronic low back pain (CLBP)","Not specified","Not specified","","","","","","","","","","","","","","","","","","","","","","",""
"https://doi.org/10.1089/acu.2014.1025","Auriculotherapy Treatment Protocol for Low Back Pain: A Randomized Trial","Low back pain","Low back pain","Not specified","Not specified","","","","","","","","","","","","","","","","","","","","","","",""
"https://doi.org/10.1089/acu.2014.1036","Auricular Acupuncture for Anxiety in Health Care Volunteers: Randomized Crossover Study Comparing Real and Sham Needles","Anxiety (state anxiety)","Anxiety (state anxiety)","Not specified","Not specified","","","","","","","","","","","","","","","","","","","","","","",""
"https://doi.org/10.1089/jwh.2005.14.434","Electroacupuncture in Obese Women: A Randomized, Controlled Pilot Study","Obesity","Obesity","Not specified (the paper does not explicitly mention a TCM term for the condition being studied)","Not specified (the paper does not explicitly mention a TCM term for the condition being studied)","","","","","","","","","","","","","","","","","","","","","","",""
"https://doi.org/10.1089/jwh.2008.1005","The Effect of Auricular Acupuncture in Obese Women: A Randomized Controlled Trial","Obesity","Obesity","Not specified (the paper does not explicitly mention a TCM condition or symptom)","Not specified (the paper does not explicitly mention a TCM condition or symptom)","","","","","","","","","","","","","","","","","","","","","","",""
"https://doi.org/10.1089/neu.2014.3866","The Impact of Acupuncture on Neurological Recovery in Spinal Cord Injury: A Systematic Review and Meta-Analysis","Spinal cord injury (SCI)","Spinal cord injury (SCI)","Not specified","Not specified","","","","","","","","","","","","","","","","","","","","","","",""
"https://doi.org/10.1089/pho.2004.22.306","Comparison of Laser, Dry Needling, and Placebo Laser Treatments in Myofascial Pain Syndrome","Myofascial Pain Syndrome (MPS)","Myofascial Pain Syndrome (MPS)","Not specified (the paper does not provide any information related to Traditional Chinese Medicine terminology)","Not specified (the paper does not provide any information related to Traditional Chinese Medicine terminology)","","","","","","","","","","","","","","","","","","","","","","",""
"https://doi.org/10.1093/aje/kwj224","Pragmatic Randomized Trial Evaluating the Clinical and Economic Effectiveness of Acupuncture for Chronic Low Back Pain","Chronic low back pain","Chronic low back pain","Not specified (the paper does not explicitly mention the condition in TCM terminology)","Not specified (the paper does not explicitly mention the condition in TCM terminology)","","","","","","","","","","","","","","","","","","","","","","",""
"https://doi.org/10.1093/alcalc/34.4.629","Acupuncture in Alcoholism Treatment: A Randomized Out-Patient Study","Alcoholism","Alcoholism","Not specified (the paper does not use Traditional Chinese Medicine terminology)","Not specified (the paper does not use Traditional Chinese Medicine terminology)","","","","","","","","","","","","","","","","","","","","","","",""
"https://doi.org/10.1093/alcalc/agg091","Acupuncture for alcohol withdrawal: A randomized controlled trial","Alcohol withdrawal","Alcohol withdrawal","Not specified","Not specified","","","","","","","","","","","","","","","","","","","","","","",""
"https://doi.org/10.1093/annonc/mdr402","Acupuncture compared with placebo acupuncture in radiotherapy-induced nausea-a randomized controlled study","Radiotherapy-induced nausea and vomiting (emesis)","Radiotherapy-induced nausea and vomiting (emesis)","Not specified (the paper focuses on radiotherapy-induced nausea, which is not explicitly identified as a TCM disease or condition)","Not specified (the paper focuses on radiotherapy-induced nausea, which is not explicitly identified as a TCM disease or condition)","","","","","","","","","","","","","","","","","","","","","","",""
"https://doi.org/10.1093/bja/62.3.258","Electroacupuncture and postoperative pain","Postoperative pain following elective hysterectomy, salpingo oophorectomy, or operation for tubal infertility","Postoperative pain following elective hysterectomy, salpingo oophorectomy, or operation for tubal infertility","Not specified (the paper does not mention any Traditional Chinese Medicine (TCM) terminology or conditions)","Not specified (the paper does not mention any Traditional Chinese Medicine (TCM) terminology or conditions)","","","","","","","","","","","","","","","","","","","","","","",""
"https://doi.org/10.1093/ecam/neh070","An Overview of Bee Venom Acupuncture in the Treatment of Arthritis","Rheumatoid Arthritis (RA) and Osteoarthritis (OA)","Rheumatoid Arthritis (RA) and Osteoarthritis (OA)","Not specified (the paper does not explicitly mention any Traditional Chinese Medicine conditions or terms)","Not specified (the paper does not explicitly mention any Traditional Chinese Medicine conditions or terms)","","","","","","","","","","","","","","","","","","","","","","",""
"https://doi.org/10.1093/ecam/neh097","Auricular Acupuncture for Pain Relief after Ambulatory Knee Arthroscopy-A Pilot Study","Post-operative pain after ambulatory knee arthroscopy","Post-operative pain after ambulatory knee arthroscopy","Not specified (the paper does not mention any TCM terminology or conditions)","Not specified (the paper does not mention any TCM terminology or conditions)","","","","","","","","","","","","","","","","","","","","","","",""
"https://doi.org/10.1093/ecam/nel053","Electro-Acupuncture in Relieving Labor Pain","Labor pain","Labor pain","Not specified (the paper does not explicitly mention a TCM condition or terminology for labor pain)","Not specified (the paper does not explicitly mention a TCM condition or terminology for labor pain)","","","","","","","","","","","","","","","","","","","","","","",""
"https://doi.org/10.1093/ecam/nem130","Randomized Clinical Trials on Acupuncture in Korean Literature: A Systematic Review","- Insomnia - Postoperative nausea and vomiting - Temporomandibular disorder (TMD) - Allergic rhinitis - Premenstrual syndrome - Frozen shoulder - Chronic low back pain - Chronic headache - Post-thoracotomy pain - Dysmenorrhea","- Insomnia - Postoperative nausea and vomiting - Temporomandibular disorder (TMD) - Allergic rhinitis - Premenstrual syndrome - Frozen shoulder - Chronic low back pain - Chronic headache - Post-thoracotomy pain - Dysmenorrhea","Not specified","Not specified","","","","","","","","","","","","","","","","","","","","","","",""
"https://doi.org/10.1093/ecam/nem179","Body Acupuncture for Nicotine Withdrawal Symptoms: A Randomized Placebo-controlled Trial","Nicotine withdrawal symptoms","Nicotine withdrawal symptoms","Heat deficiency related to Kidney and Heart meridians","Heat deficiency related to Kidney and Heart meridians","","","","","","","","","","","","","","","","","","","","","","",""
"https://doi.org/10.1093/ecam/nen080","Delayed Effect of Acupuncture Treatment in OA of the Knee: A Blinded, Randomized, Controlled Trial","Osteoarthritis (OA) of the knee","Osteoarthritis (OA) of the knee","Not specified (the paper does not provide a TCM diagnosis or pattern for OA of the knee)","Not specified (the paper does not provide a TCM diagnosis or pattern for OA of the knee)","","","","","","","","","","","","","","","","","","","","","","",""
"https://doi.org/10.1093/ecam/nep001","Acupuncture and Auricular Acupressure in Relieving Menopausal Hot Flashes of Bilaterally Ovariectomized Chinese Women: A Randomized Controlled Trial","Menopausal hot flashes in bilaterally ovariectomized women","Menopausal hot flashes in bilaterally ovariectomized women","Not specified (the paper does not provide a specific TCM name for the condition, but it is related to kidney and liver disorders)","Not specified (the paper does not provide a specific TCM name for the condition, but it is related to kidney and liver disorders)","","","","","","","","","","","","","","","","","","","","","","",""
"https://doi.org/10.1093/ecam/nep047","Exploring the Evidence Base for Acupuncture in the Treatment of Ménière's Syndrome-A Systematic Review","Ménière's disease","Ménière's disease","Not specified (the paper does not provide a specific TCM term or classification for Ménière's disease)","Not specified (the paper does not provide a specific TCM term or classification for Ménière's disease)","","","","","","","","","","","","","","","","","","","","","","",""
"https://doi.org/10.1093/ecam/nep085","Review Randomized Clinical Trials of Constitutional Acupuncture: A Systematic Review","- Parkinson's disease (PD) - Herniated nucleus pulposus (HNP) - Osteoarthritis of the knee joint (OA)","- Parkinson's disease (PD) - Herniated nucleus pulposus (HNP) - Osteoarthritis of the knee joint (OA)","Not specified (the paper does not explicitly state the conditions in Traditional Chinese Medicine terminology)","Not specified (the paper does not explicitly state the conditions in Traditional Chinese Medicine terminology)","","","","","","","","","","","","","","","","","","","","","","",""
"https://doi.org/10.1093/ecam/nep186","Acupuncture Treatment for Plantar Fasciitis: A Randomized Controlled Trial with Six Months Follow-Up","Plantar fasciitis","Plantar fasciitis","Not specified (the paper does not provide a TCM condition or disease name for plantar fasciitis)","Not specified (the paper does not provide a TCM condition or disease name for plantar fasciitis)","","","","","","","","","","","","","","","","","","","","","","",""
"https://doi.org/10.1093/ecco-jcc/jju007","Systematic Review of Complementary and Alternative Medicine Treatments in Inflammatory Bowel Diseases","Inflammatory Bowel Diseases (IBD), specifically Crohn's disease (CD) and ulcerative colitis (UC)","Inflammatory Bowel Diseases (IBD), specifically Crohn's disease (CD) and ulcerative colitis (UC)","Not specified","Not specified","","","","","","","","","","","","","","","","","","","","","","",""
"https://doi.org/10.1093/fampra/cmq119","Subacromial corticosteroid injection or acupuncture with home exercises when treating patients with subacromial impingement in primary care-a randomized clinical trial","Subacromial impingement syndrome (SIS)","Subacromial impingement syndrome (SIS)","Not specified (the paper does not mention any Traditional Chinese Medicine terminology or conditions)","Not specified (the paper does not mention any Traditional Chinese Medicine terminology or conditions)","","","","","","","","","","","","","","","","","","","","","","",""
"https://doi.org/10.1093/humrep/14.10.2480","A prospective randomized study of electro-acupuncture versus alfentanil as anaesthesia during oocyte aspiration in in-vitro fertilization","Pain during oocyte aspiration in IVF procedures","Pain during oocyte aspiration in IVF procedures","Not specified (the paper does not mention any Traditional Chinese Medicine (TCM) terminology or conditions)","Not specified (the paper does not mention any Traditional Chinese Medicine (TCM) terminology or conditions)","","","","","","","","","","","","","","","","","","","","","","",""
"https://doi.org/10.1093/humrep/deg277","Electro acupuncture as a peroperative analgesic method and its effects on implantation rate and neuropeptide Y concentrations in follicular ¯uid","Infertility","Infertility","Not specified (the paper does not explicitly mention a TCM condition)","Not specified (the paper does not explicitly mention a TCM condition)","","","","","","","","","","","","","","","","","","","","","","",""
"https://doi.org/10.1093/humrep/deh229","Pain relief during oocyte retrieval with a new short duration electro-acupuncture techniqueÐan alternative to conventional analgesic methods","Pain during ovum pick-up (OPU)","Pain during ovum pick-up (OPU)","Not specified (the paper does not provide TCM terminology for the condition being studied)","Not specified (the paper does not provide TCM terminology for the condition being studied)","","","","","","","","","","","","","","","","","","","","","","",""
"https://doi.org/10.1093/humrep/deh595","The pain-relieving effect of electro-acupuncture and conventional medical analgesic methods during oocyte retrieval: a systematic review of randomized controlled trials","Pain during oocyte retrieval","Pain during oocyte retrieval","Not specified (the paper does not mention any Traditional Chinese Medicine terminology or conditions)","Not specified (the paper does not mention any Traditional Chinese Medicine terminology or conditions)","","","","","","","","","","","","","","","","","","","","","","",""
"https://doi.org/10.1093/humrep/deh665","Electro-acupuncture versus conventional analgesia: a comparison of pain levels during oocyte aspiration and patients' experiences of well-being after surgery","Pain during oocyte aspiration","Pain during oocyte aspiration","Not specified (the paper does not explicitly mention a specific TCM disease or condition)","Not specified (the paper does not explicitly mention a specific TCM disease or condition)","","","","","","","","","","","","","","","","","","","","","","",""
"https://doi.org/10.1093/humrep/del110","Auricular electro-acupuncture as an additional perioperative analgesic method during oocyte aspiration in IVF treatment","Pain during oocyte aspiration in IVF treatment","Pain during oocyte aspiration in IVF treatment","Not specified (the paper focuses on pain management during oocyte aspiration in IVF treatment, not a specific TCM condition)","Not specified (the paper focuses on pain management during oocyte aspiration in IVF treatment, not a specific TCM condition)","","","","","","","","","","","","","","","","","","","","","","",""
"https://doi.org/10.1093/humrep/den380","A randomized double blind comparison of real and placebo acupuncture in IVF treatment","Infertility","Infertility","Kidney and spleen deficiency as well as liver Qi stagnation with blood stasis","Kidney and spleen deficiency as well as liver Qi stagnation with blood stasis","","","","","","","","","","","","","","","","","","","","","","",""
"https://doi.org/10.1093/humrep/dep189","Acupuncture and in vitro fertilization: updated meta-analysis","Not specified (the paper focuses on the effectiveness of acupuncture in IVF rather than a specific disease or condition)","In vitro fertilization","Not specified (the paper does not mention a specific disease or condition in Traditional Chinese Medicine terminology)","Not specified (the paper does not mention a specific disease or condition in Traditional Chinese Medicine terminology)","","","","","","","","","","","","","","","","","","","","","","",""
"https://doi.org/10.1093/humupd/dmt026","The effects of acupuncture on rates of clinical pregnancy among women undergoing in vitro fertilization: a systematic review and meta-analysis","Infertility","Infertility","Not specified","Not specified","","","","","","","","","","","","","","","","","","","","","","",""
"https://doi.org/10.1093/ndt/gfh955","Acupuncture in haemodialysis patients at the Quchi (LI11) acupoint for refractory uraemic pruritus","Uraemic pruritus","Uraemic pruritus","Not specified (the paper does not explicitly mention a TCM disease or condition)","Not specified (the paper does not explicitly mention a TCM disease or condition)","","","","","","","","","","","","","","","","","","","","","","",""
"https://doi.org/10.1093/oxfordjournals.eurheartj.a059865","Effect of acupuncture in patients with angina pectoris","Angina pectoris","Angina pectoris","Not specified","Not specified","","","","","","","","","","","","","","","","","","","","","","",""
"https://doi.org/10.1093/rheumatology/25.3.271","A controlled study of acupuncture in neck pain","Chronic neck pain","Chronic neck pain","Not specified (the paper does not provide TCM terminology for the condition)","Not specified (the paper does not provide TCM terminology for the condition)","","","","","","","","","","","","","","","","","","","","","","",""
"https://doi.org/10.1093/rheumatology/33.12.1162","The analgesic effect of acupuncture in chronic tennis elbow pain","Chronic tennis elbow pain","Chronic tennis elbow pain","Not specified (the paper does not provide a TCM equivalent for ""tennis elbow"")","Not specified (the paper does not provide a TCM equivalent for ""tennis elbow"")","","","","","","","","","","","","","","","","","","","","","","",""
"https://doi.org/10.1093/rheumatology/37.10.1118","Chronic neck pain: A comparison of acupuncture treatment and physiotherapy","Chronic neck pain","Chronic neck pain","Not specified","Not specified","","","","","","","","","","","","","","","","","","","","","","",""
"https://doi.org/10.1093/rheumatology/38.2.143","A systematic review of randomized controlled trials of acupuncture for neck pain","Neck pain","Neck pain","Not specified (the paper does not provide TCM terminology or conditions related to neck pain)","Not specified (the paper does not provide TCM terminology or conditions related to neck pain)","","","","","","","","","","","","","","","","","","","","","","",""
"https://doi.org/10.1093/rheumatology/38.4.346","A randomized trial of acupuncture as an adjunctive therapy in osteoarthritis of the knee","Osteoarthritis (OA) of the knee","Osteoarthritis (OA) of the knee","Bi syndrome","Bi syndrome","","","","","","","","","","","","","","","","","","","","","","",""
"https://doi.org/10.1093/rheumatology/38.9.864","The effect of acupuncture on patients with rheumatoid arthritis: a randomized, placebo-controlled cross-over study","Rheumatoid Arthritis (RA)","Rheumatoid Arthritis (RA)","Not specified (the paper does not provide TCM terminology for the condition)","Not specified (the paper does not provide TCM terminology for the condition)","","","","","","","","","","","","","","","","","","","","","","",""
"https://doi.org/10.1093/rheumatology/41.2.205","Acupuncture in chronic epicondylitis: a randomized controlled trial","Chronic lateral epicondylitis (tennis elbow)","Chronic lateral epicondylitis (tennis elbow)","Not specified (the paper does not provide a TCM diagnosis or terminology for the condition being studied)","Not specified (the paper does not provide a TCM diagnosis or terminology for the condition being studied)","","","","","","","","","","","","","","","","","","","","","","",""
"https://doi.org/10.1093/rheumatology/keg405","Acupuncture for chronic low back pain in older patients: a randomized, controlled trial","Chronic low back pain (LBP)","Chronic low back pain (LBP)","Not specified (the paper does not provide a TCM diagnosis for the condition)","Not specified (the paper does not provide a TCM diagnosis for the condition)","","","","","","","","","","","","","","","","","","","","","","",""
"https://doi.org/10.1093/rheumatology/keh247","Acupuncture for the alleviation of lateral epicondyle pain: a systematic review","Lateral epicondylitis (Tennis elbow)","Lateral epicondylitis (Tennis elbow)","Not specified","Not specified","","","","","","","","","","","","","","","","","","","","","","",""
"https://doi.org/10.1093/rheumatology/kel207","Acupuncture for peripheral joint osteoarthritis A systematic review and meta-analysis","Osteoarthritis (OA)","Osteoarthritis (OA)","Not specified (the paper does not provide TCM terminology for the condition)","Not specified (the paper does not provide TCM terminology for the condition)","","","","","","","","","","","","","","","","","","","","","","",""
"https://doi.org/10.1093/rheumatology/kel406","Acupuncture for fibromyalgia-a systematic review of randomized clinical trials","Fibromyalgia","Fibromyalgia","Not specified (the paper does not provide the disease or condition in Traditional Chinese Medicine terminology)","Not specified (the paper does not provide the disease or condition in Traditional Chinese Medicine terminology)","","","","","","","","","","","","","","","","","","","","","","",""
"https://doi.org/10.1093/rheumatology/kem119","Severe knee osteoarthritis: a randomized controlled trial of acupuncture, physiotherapy (supervised exercise) and standard management for patients awaiting knee replacement","Severe knee osteoarthritis","Severe knee osteoarthritis","Not specified (the paper does not provide a TCM diagnosis or condition)","Not specified (the paper does not provide a TCM diagnosis or condition)","","","","","","","","","","","","","","","","","","","","","","",""
"https://doi.org/10.1093/rheumatology/ken040","Single-point acupuncture and physiotherapy for the treatment of painful shoulder: a multicentre randomized controlled trial","Painful shoulder (subacromial syndrome) including rotator cuff tendinitis, subacromial bursitis, and associated conditions","Painful shoulder (subacromial syndrome) including rotator cuff tendinitis, subacromial bursitis, and associated conditions","Not specified (the paper does not mention any Traditional Chinese Medicine terminology or conditions)","Not specified (the paper does not mention any Traditional Chinese Medicine terminology or conditions)","","","","","","","","","","","","","","","","","","","","","","",""
"https://doi.org/10.1093/rheumatology/ken330","Acupuncture for rheumatoid arthritis: a systematic review","Rheumatoid Arthritis (RA)","Rheumatoid Arthritis (RA)","Not specified","Not specified","","","","","","","","","","","","","","","","","","","","","","",""
"https://doi.org/10.1093/rheumatology/kep439","Efficacy of acupuncture in fibromyalgia syndrome-a systematic review with a meta-analysis of controlled clinical trials","Fibromyalgia Syndrome (FMS)","Fibromyalgia Syndrome (FMS)","Not specified (the paper does not provide a TCM term for the condition)","Not specified (the paper does not provide a TCM term for the condition)","","","","","","","","","","","","","","","","","","","","","","",""
"https://doi.org/10.1093/rheumatology/ket013","Acupuncture for gouty arthritis: a concise report of a systematic and meta-analysis approach","Gouty arthritis","Gouty arthritis","Not specified (the paper does not explicitly mention a TCM term for the condition)","Not specified (the paper does not explicitly mention a TCM term for the condition)","","","","","","","","","","","","","","","","","","","","","","",""
"https://doi.org/10.1093/schbul/sbu135","Acupuncture for schizophrenia","Schizophrenia","Schizophrenia","Not specified (the paper does not explicitly mention a TCM term for the condition)","Not specified (the paper does not explicitly mention a TCM term for the condition)","","","","","","","","","","","","","","","","","","","","","","",""
"https://doi.org/10.1093/sleep/32.8.1039","Electroacupuncture for Primary Insomnia: A Randomized Controlled Trial","Primary insomnia","Primary insomnia","Not specified (the paper does not explicitly mention a TCM term for the condition)","Not specified (the paper does not explicitly mention a TCM term for the condition)","","","","","","","","","","","","","","","","","","","","","","",""
"https://doi.org/10.1097/00000539-199906000-00031","The Use of Nonpharmacologic Techniques to Prevent Postoperative Nausea and Vomiting: A Meta-Analysis","Postoperative Nausea and Vomiting (PONV)","Postoperative Nausea and Vomiting (PONV)","Not specified","Not specified","","","","","","","","","","","","","","","","","","","","","","",""
"https://doi.org/10.1097/00000539-200102000-00038","The Effect of Montage on the Analgesic Response to Percutaneous Neuromodulation Therapy","Low back pain (LBP)","Low back pain (LBP)","Not specified (the paper does not provide information on the condition in terms of Traditional Chinese Medicine (TCM) terminology)","Not specified (the paper does not provide information on the condition in terms of Traditional Chinese Medicine (TCM) terminology)","","","","","","","","","","","","","","","","","","","","","","",""
"https://doi.org/10.1097/00000539-200102000-00049","Auricular Acupuncture: A Potential Treatment for Anxiety","Anxiety","Anxiety","Not specified (the paper does not explicitly mention a TCM disease or condition)","Not specified (the paper does not explicitly mention a TCM disease or condition)","","","","","","","","","","","","","","","","","","","","","","",""
"https://doi.org/10.1097/00000539-200111000-00024","The Use of Auricular Acupuncture to Reduce Preoperative Anxiety","Not specified (the study focuses on preoperative anxiety rather than a specific disease or condition)","Preoperative Anxiety","Not specified (the paper does not explicitly state a primary medical condition or disease in TCM terminology)","Not specified (the paper does not explicitly state a primary medical condition or disease in TCM terminology)","","","","","","","","","","","","","","","","","","","","","","",""
"https://doi.org/10.1097/00000539-200207000-00017","Electro-Acupuncture at the Zusanli, Yanglingquan, and Kunlun Points Does Not Reduce Anesthetic Requirement","Not specified (the paper focuses on anesthetic requirement rather than a specific medical condition or disease)","Anesthesia","Not specified (the paper does not explicitly mention a specific disease or condition in TCM terminology)","Not specified (the paper does not explicitly mention a specific disease or condition in TCM terminology)","","","","","","","","","","","","","","","","","","","","","","",""
"https://doi.org/10.1097/00000542-199905000-00015","Acupressure-Acupuncture Antiemetic Prophylaxis in Children Undergoing Tonsillectomy","Postoperative nausea and vomiting (PONV)","Postoperative nausea and vomiting (PONV)","Nausea and Vomiting (TCM: Nei-Guan point)","Nausea and Vomiting (TCM: Nei-Guan point)","","","","","","","","","","","","","","","","","","","","","","",""
"https://doi.org/10.1097/00000542-199912000-00012","Effect of the Duration of Electrical Stimulation on the Analgesic Response in Patients with Low Back Pain","Low back pain (LBP) secondary to degenerative lumbar disk disease","Low back pain (LBP) secondary to degenerative lumbar disk disease","Not specified (the paper does not provide a TCM term for the condition)","Not specified (the paper does not provide a TCM term for the condition)","","","","","","","","","","","","","","","","","","","","","","",""
"https://doi.org/10.1097/00000542-200108000-00015","Preoperative Intradermal Acupuncture Reduces Postoperative Pain, Nausea and Vomiting, Analgesic Requirement, and Sympathoadrenal Responses","Postoperative pain and symptoms following elective upper and lower abdominal surgery","Postoperative pain and symptoms following elective upper and lower abdominal surgery","Visceral dysfunction/pain caused by vital organ disturbances","Visceral dysfunction/pain caused by vital organ disturbances","","","","","","","","","","","","","","","","","","","","","","",""
"https://doi.org/10.1097/00000542-200202000-00013","Electroacupuncture Prophylaxis of Postoperative Nausea and Vomiting following Pediatric Tonsillectomy with or without Adenoidectomy","Postoperative nausea and vomiting (PONV)","Postoperative nausea and vomiting (PONV)","Not specified (the paper does not explicitly mention the condition in TCM terminology)","Not specified (the paper does not explicitly mention the condition in TCM terminology)","","","","","","","","","","","","","","","","","","","","","","",""
"https://doi.org/10.1097/00000542-200406000-00011","Parental Auricular Acupuncture as an Adjunct for Parental Presence during Induction of Anesthesia","Not specified (the paper focuses on anxiety related to surgical procedures rather than a specific disease or condition)","Anxiety","Not specified (the paper does not explicitly mention a TCM disease or condition)","Not specified (the paper does not explicitly mention a TCM disease or condition)","","","","","","","","","","","","","","","","","","","","","","",""
"https://doi.org/10.1097/00001756-200307010-00008","Acupuncture and the modulation of cortical excitability","Pain","Pain","Not specified (the paper does not explicitly mention a specific TCM disease or condition)","Not specified (the paper does not explicitly mention a specific TCM disease or condition)","","","","","","","","","","","","","","","","","","","","","","",""
"https://doi.org/10.1097/00002060-200301000-00004","Acupuncture for Patients with Spinal Cord Injuries","Acute traumatic spinal cord injury","Acute traumatic spinal cord injury","Not specified (the paper does not provide a specific TCM term for the condition)","Not specified (the paper does not provide a specific TCM term for the condition)","","","","","","","","","","","","","","","","","","","","","","",""
"https://doi.org/10.1097/00002508-200012000-00010","Acupuncture in Headache: A Critical Review","Primary headaches (migraine headache, tension type headache, and mixed forms)","Primary headaches (migraine headache, tension type headache, and mixed forms)","Not specified (the paper does not provide a specific TCM term or condition for the primary medical conditions being studied)","Not specified (the paper does not provide a specific TCM term or condition for the primary medical conditions being studied)","","","","","","","","","","","","","","","","","","","","","","",""
"https://doi.org/10.1097/00002508-198912000-00006","A Controlled Trial of the Treatment of Migraine by Acupuncture","Migraine","Migraine","Not specified (the paper does not explicitly mention the disease/condition in TCM terminology)","Not specified (the paper does not explicitly mention the disease/condition in TCM terminology)","","","","","","","","","","","","","","","","","","","","","","",""
"https://doi.org/10.1097/00002508-199009000-00009","Acupuncture Treatment in Epicondylalgia: A Comparative Study of Two Acupuncture Techniques","Lateral epicondylalgia (Tennis elbow)","Lateral epicondylalgia (Tennis elbow)","Not specified (the paper does not provide TCM terminology for the condition)","Not specified (the paper does not provide TCM terminology for the condition)","","","","","","","","","","","","","","","","","","","","","","",""
"https://doi.org/10.1097/00002508-199809000-00012","Controlled Trial of Japanese Acupuncture for Chronic Myofascial Neck Pain: Assessment of Specific and Nonspecific Effects of Treatment","Chronic myofascial neck pain","Chronic myofascial neck pain","Not specified (the paper does not provide a TCM diagnosis or condition name for the neck pain)","Not specified (the paper does not provide a TCM diagnosis or condition name for the neck pain)","","","","","","","","","","","","","","","","","","","","","","",""
"https://doi.org/10.1097/00002508-200112000-00003","Acupuncture for Chronic Low Back Pain: A Randomized Placebo-Controlled Study With Long-Term Follow-Up","Chronic low back pain","Chronic low back pain","Not specified (the paper does not explicitly mention the condition in Traditional Chinese Medicine terminology)","Not specified (the paper does not explicitly mention the condition in Traditional Chinese Medicine terminology)","","","","","","","","","","","","","","","","","","","","","","",""
"https://doi.org/10.1097/00002508-200205000-00003","Comparison of Superficial and Deep Acupuncture in the Treatment of Lumbar Myofascial Pain: A Double-Blind Randomized Controlled Study","Chronic lumbar myofascial pain","Chronic lumbar myofascial pain","Not specified (the paper uses Western medical terminology for the condition)","Not specified (the paper uses Western medical terminology for the condition)","","","","","","","","","","","","","","","","","","","","","","",""
"https://doi.org/10.1097/00002508-200305000-00006","Acupuncture During Labor Can Reduce the Use of Meperidine: A Controlled Clinical Study","Labor pain","Labor pain","Labor pain (pain during childbirth)","Labor pain (pain during childbirth)","","","","","","","","","","","","","","","","","","","","","","",""
"https://doi.org/10.1097/00002508-200311000-00004","Acupuncture in the Management of Chronic Low Back Pain: A Blinded Randomized Controlled Trial","Chronic low back pain","Chronic low back pain","Not specified (the paper does not use Traditional Chinese Medicine terminology)","Not specified (the paper does not use Traditional Chinese Medicine terminology)","","","","","","","","","","","","","","","","","","","","","","",""
"https://doi.org/10.1097/00002508-200405000-00008","Comparison Between Electro-Acupuncture and Hydrotherapy, Both in Combination With Patient Education and Patient Education Alone, on the Symptomatic Treatment of Osteoarthritis of the Hip","Osteoarthritis of the hip","Osteoarthritis of the hip","Not specified (the paper does not mention the condition in terms of Traditional Chinese Medicine)","Not specified (the paper does not mention the condition in terms of Traditional Chinese Medicine)","","","","","","","","","","","","","","","","","","","","","","",""
"https://doi.org/10.1097/00004650-200311000-00004","Can Acupuncture Ease the Symptoms of Menopause?","Menopause","Menopause","Deficient heat (deficiency in Yin energy)","Deficient heat (deficiency in Yin energy)","","","","","","","","","","","","","","","","","","","","","","",""
"https://doi.org/10.1097/00006842-197910000-00004","Subject Expectancy and the Reduction of Cold Pressor Pain with Acupuncture and Placebo Acupuncture","Cold pressor pain","Cold pressor pain","Not specified (the paper does not mention a specific disease or condition in TCM terminology)","Not specified (the paper does not mention a specific disease or condition in TCM terminology)","","","","","","","","","","","","","","","","","","","","","","",""
"https://doi.org/10.1097/00007632-198005000-00011","Dry Needling of Muscle Motor Points for Chronic Low-Back Pain A Randomized Clinical Trial With Long-Term Follow-Up","Chronic low-back pain","Chronic low-back pain","Not specified (the paper does not explicitly mention a TCM disease or condition)","Not specified (the paper does not explicitly mention a TCM disease or condition)","","","","","","","","","","","","","","","","","","","","","","",""
"https://doi.org/10.1097/00007632-198309000-00008","The Impact of Patients with Nonorganic Physical Findings on a Controlled Trial of Transcutaneous Electrical Nerve Stimulation and Electroacupuncture","Chronic low-back pain","Chronic low-back pain","Not specified (the paper does not provide a TCM equivalent for the condition being studied)","Not specified (the paper does not provide a TCM equivalent for the condition being studied)","","","","","","","","","","","","","","","","","","","","","","",""
"https://doi.org/10.1097/00007632-198909000-00008","A Prospective, Randomized, Double-Blind Evaluation of Trigger-Point Injection — Therapy for Low-Back Pain","Low-back strain","Low-back strain","Not specified (the paper does not provide information on the condition in Traditional Chinese Medicine terminology)","Not specified (the paper does not provide information on the condition in Traditional Chinese Medicine terminology)","","","","","","","","","","","","","","","","","","","","","","",""
"https://doi.org/10.1097/00007632-199906010-00011","The Effectiveness of Acupuncture in the Management of Acute and Chronic Low Back Pain A Systematic Review Within the Framework of the Cochrane Collaboration Back Review Group","Nonspecific low back pain","Nonspecific low back pain","Not specified","Not specified","","","","","","","","","","","","","","","","","","","","","","",""
"https://doi.org/10.1097/00007632-200107010-00005","Lessons from a Trial of Acupuncture and Massage for Low Back Pain Patient Expectations and Treatment Effects","Chronic low back pain","Chronic low back pain","Not specified (the paper does not provide a specific TCM diagnosis or terminology for the condition)","Not specified (the paper does not provide a specific TCM diagnosis or terminology for the condition)","","","","","","","","","","","","","","","","","","","","","","",""
"https://doi.org/10.1097/00007632-200307150-00003","Chronic Spinal Pain A Randomized Clinical Trial Comparing Medication, Acupuncture, and Spinal Manipulation","Chronic spinal pain syndrome","Chronic spinal pain syndrome","Not specified (the paper does not mention TCM terminology or conditions)","Not specified (the paper does not mention TCM terminology or conditions)","","","","","","","","","","","","","","","","","","","","","","",""
"https://doi.org/10.1097/00043764-199507000-00013","A Nonconventional Approach to the Treatment of ""Environmental Illness""","Environmental illness","Environmental illness","Not specified (the paper does not explicitly identify the condition in Traditional Chinese Medicine terminology)","Not specified (the paper does not explicitly identify the condition in Traditional Chinese Medicine terminology)","","","","","","","","","","","","","","","","","","","","","","",""
"https://doi.org/10.1097/01.anes.0000290617.98058.d9","Monitoring of Neuromuscular Blockade at the P6 Acupuncture Point Reduces the Incidence of Postoperative Nausea and Vomiting","Postoperative Nausea and Vomiting (PONV)","Postoperative Nausea and Vomiting (PONV)","Not specified (the paper does not explicitly mention a TCM disease or condition, but it involves the P6 point, traditionally known as Neiguan, which is associated with nausea and vomiting)","Not specified (the paper does not explicitly mention a TCM disease or condition, but it involves the P6 point, traditionally known as Neiguan, which is associated with nausea and vomiting)","","","","","","","","","","","","","","","","","","","","","","",""
"https://doi.org/10.1097/01.AOG.0000163258.57895.ec","Acupuncture for Overactive Bladder A Randomized Controlled Trial","Overactive bladder with urge incontinence","Overactive bladder with urge incontinence","Not specified (the paper does not provide a TCM equivalent for overactive bladder with urge incontinence)","Not specified (the paper does not provide a TCM equivalent for overactive bladder with urge incontinence)","","","","","","","","","","","","","","","","","","","","","","",""
"https://doi.org/10.1097/01.brs.0000158941.21571.01","Acupuncture and Dry-Needling for Low Back Pain: An Updated Systematic Review Within the Framework of the Cochrane Collaboration","Nonspecific low back pain and myofascial pain syndrome in the low back region","Nonspecific low back pain and myofascial pain syndrome in the low back region","Not specified (the paper uses Western medical terminology for conditions)","Not specified (the paper uses Western medical terminology for conditions)","","","","","","","","","","","","","","","","","","","","","","",""
"https://doi.org/10.1097/01.brs.0000252100.61002.d4","Acupuncture for Neck Disorders","Neck pain","Neck pain","Not specified (the paper does not explicitly mention the disease or condition in Traditional Chinese Medicine terminology)","Not specified (the paper does not explicitly mention the disease or condition in Traditional Chinese Medicine terminology)","","","","","","","","","","","","","","","","","","","","","","",""
"https://doi.org/10.1097/01.brs.0000252697.07214.65","Addition of Choice of Complementary Therapies to Usual Care for Acute Low Back Pain A Randomized Controlled Trial","Acute Low Back Pain (LBP)","Acute Low Back Pain (LBP)","Not specified (the paper does not use Traditional Chinese Medicine terminology)","Not specified (the paper does not use Traditional Chinese Medicine terminology)","","","","","","","","","","","","","","","","","","","","","","",""
"https://doi.org/10.1097/01.brs.0000435025.65564.b7","Effectiveness of Acupuncture for Nonspecific Chronic Low Back Pain A Systematic Review and Meta-analysis","Nonspecific chronic low back pain (NSCLBP)","Nonspecific chronic low back pain (NSCLBP)","Not specified (the paper does not provide the condition in Traditional Chinese Medicine terminology)","Not specified (the paper does not provide the condition in Traditional Chinese Medicine terminology)","","","","","","","","","","","","","","","","","","","","","","",""
"https://doi.org/10.1097/01.FCH.0000324482.78577.0f","Acupuncture and osteoarthritis of the knee: a review of randomized, controlled trials","Osteoarthritis of the knee","Osteoarthritis of the knee","Not specified (the paper does not mention any Traditional Chinese Medicine terminology or conditions)","Not specified (the paper does not mention any Traditional Chinese Medicine terminology or conditions)","","","","","","","","","","","","","","","","","","","","","","",""
"https://doi.org/10.1097/01.gme.0000227854.27603.7d","Acupuncture for hot flashes: a randomized, sham-controlled clinical study","Hot flashes","Hot flashes","Not specified (the paper does not provide TCM terminology or conditions related to hot flashes)","Not specified (the paper does not provide TCM terminology or conditions related to hot flashes)","","","","","","","","","","","","","","","","","","","","","","",""
"https://doi.org/10.1097/01.ju.0000044925.03113.ab","A prospective, randomized pilot trial of acupuncture of the kidney-bladder distinct meridian for lower urinary tract symptoms","Lower urinary tract symptoms","Lower urinary tract symptoms","Not specified (the paper does not explicitly state a TCM disease or condition, but it focuses on lower urinary tract symptoms treated with the kidney-bladder distinct meridian)","Not specified (the paper does not explicitly state a TCM disease or condition, but it focuses on lower urinary tract symptoms treated with the kidney-bladder distinct meridian)","","","","","","","","","","","","","","","","","","","","","","",""
"https://doi.org/10.1097/AAP.0000000000000138","Acupuncture for Pain Relief After Total Knee Arthroplasty A Randomized Controlled Trial","Degenerative osteoarthritis leading to total knee arthroplasty (TKA)","Degenerative osteoarthritis leading to total knee arthroplasty (TKA)","Not specified (the paper does not explicitly state the condition in TCM terminology)","Not specified (the paper does not explicitly state the condition in TCM terminology)","","","","","","","","","","","","","","","","","","","","","","",""
"https://doi.org/10.1097/aap.0000000000000740","Literature Review and Meta-Analysis of Transcutaneous Electrical Nerve Stimulation in Treating Chronic Back Pain","chronic back pain","chronic back pain","Not specified (the paper does not provide information on the condition in terms of Traditional Chinese Medicine (TCM) terminology)","Not specified (the paper does not provide information on the condition in terms of Traditional Chinese Medicine (TCM) terminology)","","","","","","","","","","","","","","","","","","","","","","",""
"https://doi.org/10.1097/AJP.0b013e3181590d66","Acupuncture in Migraine Prevention A Randomized Sham Controlled Study With 6-months Posttreatment Follow-up","Migraine","Migraine","Not specified (migraine is not recognized as a specific disease in TCM)","Not specified (migraine is not recognized as a specific disease in TCM)","","","","","","","","","","","","","","","","","","","","","","",""
"https://doi.org/10.1097/AJP.0b013e31815ec20f","Acupuncture for Treatment of Persistent Arm Pain Due to Repetitive Use A Randomized Controlled Clinical Trial","Tendonitis or epicondylitis due to repetitive use","Tendonitis or epicondylitis due to repetitive use","Not specified (the paper does not provide TCM terminology for the condition)","Not specified (the paper does not provide TCM terminology for the condition)","","","","","","","","","","","","","","","","","","","","","","",""
"https://doi.org/10.1097/AJP.0b013e318190511c","Acupuncture in Patients With Carpal Tunnel Syndrome A Randomized Controlled Trial","Carpal Tunnel Syndrome (CTS)","Carpal Tunnel Syndrome (CTS)","Not specified","Not specified","","","","","","","","","","","","","","","","","","","","","","",""
"https://doi.org/10.1097/AJP.0b013e318193a6e1","Applicability of Press Needles to a Double-blind Trial A Randomized, Double-blind, Placebo-controlled Trial","Low back pain (LBP)","Low back pain (LBP)","Low Back Pain (LBP)","","","","","","","","","","","","","","","","","","","","","","","",""
"https://doi.org/10.1097/AJP.0b013e3181a49e35","A Single Point Acupuncture Treatment at Large Intestine Meridian A Randomized Controlled Trial in Acute Tonsillitis and Pharyngitis","Acute tonsillitis and pharyngitis (sore throat)","Acute tonsillitis and pharyngitis (sore throat)","Not specified (the paper does not explicitly state the TCM disease or condition for sore throat)","Not specified (the paper does not explicitly state the TCM disease or condition for sore throat)","","","","","","","","","","","","","","","","","","","","","","",""
"https://doi.org/10.1097/AJP.0b013e3181b8cdc8","Comparison of Miniscalpel-needle Release, Acupuncture Needling, and Stretching Exercise to Trigger Point in Myofascial Pain Syndrome","Myofascial pain syndrome (MPS)","Myofascial pain syndrome (MPS)","Not specified (the paper does not provide a TCM term for the condition)","Not specified (the paper does not provide a TCM term for the condition)","","","","","","","","","","","","","","","","","","","","","","",""
"https://doi.org/10.1097/AJP.0b013e3181e2697e","Acupuncture in the Treatment of Pain in Temporomandibular Disorders: A Systematic Review and Meta-analysis of Randomized Controlled Trials","Temporomandibular Disorders (TMDs)","Temporomandibular Disorders (TMDs)","Not specified (the paper does not explicitly mention TCM terminology for the condition)","Not specified (the paper does not explicitly mention TCM terminology for the condition)","","","","","","","","","","","","","","","","","","","","","","",""
"https://doi.org/10.1097/AJP.0b013e3181e375c9","Neck Pain Treatment With Acupuncture: Does the Number of Needles Matter?","Myofascial neck pain syndrome","Myofascial neck pain syndrome","Not specified (the paper does not explicitly state the condition in Traditional Chinese Medicine terminology)","Not specified (the paper does not explicitly state the condition in Traditional Chinese Medicine terminology)","","","","","","","","","","","","","","","","","","","","","","",""
"https://doi.org/10.1097/AJP.0b013e3181fd516c","The Effect of Auricular Acupuncture on Fentanyl Requirement During Hip Arthroplasty A Randomized Controlled Trial","Degenerative osteoarthritis","Degenerative osteoarthritis","Not specified","Not specified","","","","","","","","","","","","","","","","","","","","","","",""
"https://doi.org/10.1097/AJP.0b013e318208c8fe","Subjective Well-being in Patients With Chronic Tension-type Headache: Effect of Acupuncture, Physical Training, and Relaxation Training","Chronic Tension-Type Headache (CTTH)","Chronic Tension-Type Headache (CTTH)","Not specified (the paper does not mention TCM terminology or conditions)","Not specified (the paper does not mention TCM terminology or conditions)","","","","","","","","","","","","","","","","","","","","","","",""
"https://doi.org/10.1097/AJP.0b013e3182274018","Exercise and Auricular Acupuncture for Chronic Low-back Pain A Feasibility Randomized-c ontrolled Trial","Chronic Low-Back Pain (CLBP)","Chronic Low-Back Pain (CLBP)","Chronic Low-Back Pain (CLBP)","","","","","","","","","","","","","","","","","","","","","","","",""
"https://doi.org/10.1097/AJP.0b013e31824909f9","Acupuncture for Acute Low Back Pain: A Systematic Review","Acute nonspecific low back pain (LBP)","Acute nonspecific low back pain (LBP)","Not specified (the paper does not provide a specific TCM term for the condition)","Not specified (the paper does not provide a specific TCM term for the condition)","","","","","","","","","","","","","","","","","","","","","","",""
"https://doi.org/10.1097/ajp.0b013e31827eb511","Predicting Prognostic Factors in a Randomized Controlled Trial of Acupuncture Versus Topiramate Treatment in Patients With Chronic Migraine","Chronic Migraine (CM)","Chronic Migraine (CM)","Not specified (the paper does not provide a TCM term for the condition)","Not specified (the paper does not provide a TCM term for the condition)","","","","","","","","","","","","","","","","","","","","","","",""
"https://doi.org/10.1097/AOG.0000000000000303","Version of Breech Fetuses by Moxibustion With Acupuncture A Randomized Controlled Trial","Breech presentation","Breech presentation","Not specified (the paper does not explicitly mention the condition in Traditional Chinese Medicine terminology)","Not specified (the paper does not explicitly mention the condition in Traditional Chinese Medicine terminology)","","","","","","","","","","","","","","","","","","","","","","",""
"https://doi.org/10.1097/AOG.0b013e31818b46bb","Acupuncture to Induce Labor A Randomized Controlled Trial","Postterm pregnancy and labor induction","Postterm pregnancy and labor induction","Deficiency of Blood or Qi or stagnation of Qi and Blood","Deficiency of Blood or Qi or stagnation of Qi and Blood","","","","","","","","","","","","","","","","","","","","","","",""
"https://doi.org/10.1097/AOG.0b013e3181cc0816","Acupuncture for Depression During Pregnancy A Randomized Controlled Trial","Major depressive disorder during pregnancy","Major depressive disorder during pregnancy","Not specified","Not specified","","","","","","","","","","","","","","","","","","","","","","",""
"https://doi.org/10.1097/BOR.0000000000000160","Physical therapies in the management of osteoarthritis: current state of the evidence","Osteoarthritis (specifically knee and hip osteoarthritis)","Osteoarthritis (specifically knee and hip osteoarthritis)","Not specified (the paper does not mention any Traditional Chinese Medicine terminology or conditions)","Not specified (the paper does not mention any Traditional Chinese Medicine terminology or conditions)","","","","","","","","","","","","","","","","","","","","","","",""
"https://doi.org/10.1097/BRS.0b013e31816b4be4","The Use of Expertise-Based Randomized Controlled Trials to Assess Spinal Manipulation and Acupuncture for Low Back Pain A Systematic Review","Low back pain","Low back pain","Not specified (the paper does not provide TCM terminology for the condition)","Not specified (the paper does not provide TCM terminology for the condition)","","","","","","","","","","","","","","","","","","","","","","",""
"https://doi.org/10.1097/BRS.0b013e318186b276","A Systematic Review Effectiveness of Acupuncture for Low Back Pain","Nonspecific low back pain (LBP)","Nonspecific low back pain (LBP)","Not specified (the paper does not explicitly mention a TCM condition or symptom)","Not specified (the paper does not explicitly mention a TCM condition or symptom)","","","","","","","","","","","","","","","","","","","","","","",""
"https://doi.org/10.1097/BRS.0b013e3181c2a8d3","Treatment Expectations and Preferences as Predictors of Outcome of Acupuncture for Chronic Back Pain","Chronic non-specific low back pain","Chronic non-specific low back pain","Not specified (the paper does not provide a TCM equivalent for the condition being studied)","Not specified (the paper does not provide a TCM equivalent for the condition being studied)","","","","","","","","","","","","","","","","","","","","","","",""
"https://doi.org/10.1097/BRS.0b013e31821bf674","A Randomized Trial Comparing Acupuncture and Simulated Acupuncture for Subacute and Chronic Whiplash","Whiplash associated disorders (WAD)","Whiplash associated disorders (WAD)","Not specified (the paper does not explicitly translate whiplash associated disorders into Traditional Chinese Medicine terminology)","Not specified (the paper does not explicitly translate whiplash associated disorders into Traditional Chinese Medicine terminology)","","","","","","","","","","","","","","","","","","","","","","",""
"https://doi.org/10.1097/BRS.0b013e31822ef878","Comparative effectiveness of exercise, acupuncture, and spinal manipulation for low back pain","Chronic Low Back Pain (LBP)","Chronic Low Back Pain (LBP)","Not specified (the paper does not use Traditional Chinese Medicine terminology)","Not specified (the paper does not use Traditional Chinese Medicine terminology)","","","","","","","","","","","","","","","","","","","","","","",""
"https://doi.org/10.1097/BRS.0b013e318275e601","Acupuncture for Chronic Low Back Pain A Multicenter, Randomized, Patient-Assessor Blind, Sham-Controlled Clinical Trial","Chronic Low Back Pain (cLBP)","Chronic Low Back Pain (cLBP)","Not specified (the paper does not explicitly mention a TCM condition or disease)","Not specified (the paper does not explicitly mention a TCM condition or disease)","","","","","","","","","","","","","","","","","","","","","","",""
"https://doi.org/10.1097/GME.0000000000000260","Effects of acupuncture on menopause-related symptoms and quality of life in women on natural menopause: a meta-analysis of randomized controlled trials","Menopause-related symptoms, specifically hot flashes and other symptoms associated with menopause","Menopause-related symptoms, specifically hot flashes and other symptoms associated with menopause","Not specified","Not specified","","","","","","","","","","","","","","","","","","","","","","",""
"https://doi.org/10.1097/GME.0000000000000260","Effects of Acupuncture on Climacteric Vasomotor Symptoms, Quality of Life, and Urinary Excretion of Neuropeptides among Postmenopausal Women","Climacteric Vasomotor Symptoms (Hot Flushes)","Climacteric Vasomotor Symptoms (Hot Flushes)","Not specified","Not specified","","","","","","","","","","","","","","","","","","","","","","",""
"https://doi.org/10.1097/gme.0b013e31816d5b03","A randomized, controlled pilot study of acupuncture treatment for menopausal hot flashes","Hot flashes in peri- and postmenopausal women","Hot flashes in peri- and postmenopausal women","Kidney yin deficiency; kidney yin deficiency and kidney yang deficiency; kidney yin and liver yin deficiency leading to liver yang rising; kidney and heart not harmonized","Kidney yin deficiency; kidney yin deficiency and kidney yang deficiency; kidney yin and liver yin deficiency leading to liver yang rising; kidney and heart not harmonized","","","","","","","","","","","","","","","","","","","","","","",""
"https://doi.org/10.1097/gme.0b013e31818c02ad","The Acupuncture on Hot Flushes Among Menopausal Women (ACUFLASH) study, a randomized controlled trial","Hot flashes in postmenopausal women","Hot flashes in postmenopausal women","Not specified (the paper does not provide a TCM diagnosis or condition related to the symptoms being studied)","Not specified (the paper does not provide a TCM diagnosis or condition related to the symptoms being studied)","","","","","","","","","","","","","","","","","","","","","","",""
"https://doi.org/10.1097/gme.0b013e3181bfac3b","Effects of acupuncture on hot flashes in perimenopausal and postmenopausal women-a multicenter randomized clinical trial","Hot flashes","Hot flashes","Not specified (the paper does not provide a specific TCM term for the condition being studied)","Not specified (the paper does not provide a specific TCM term for the condition being studied)","","","","","","","","","","","","","","","","","","","","","","",""
"https://doi.org/10.1097/gme.0b013e31821f9171","A pilot randomized, single blind, placebo control led trial of traditional acupuncture for vasomotor symptoms and mechanistic pathways of menopause","Vasomotor symptoms (VMS)","Vasomotor symptoms (VMS)","Not specified (the paper does not explicitly mention a TCM term for the condition)","Not specified (the paper does not explicitly mention a TCM term for the condition)","","","","","","","","","","","","","","","","","","","","","","",""
"https://doi.org/10.1097/GME.0b013e31829374e8","Effects of acupuncture and Chinese herbal medicine (Zhi Mu 14) on hot flushes and quality of life in postmenopausal women: results of a four-arm randomized controlled pilot trial","Hot flushes in postmenopausal women","Hot flushes in postmenopausal women","Kidney yin deficiency, kidney yang deficiency, or a combination of both, often with concomitant syndromes associated with deficiencies in other organs (e.g., spleen and liver)","Kidney yin deficiency, kidney yang deficiency, or a combination of both, often with concomitant syndromes associated with deficiencies in other organs (e.g., spleen and liver)","","","","","","","","","","","","","","","","","","","","","","",""
"https://doi.org/10.1097/GME.0b013e31829374e8","Assessing Acupoint Stimulation in Reducing Pediatric Postoperative Nausea and Vomiting: A Systematic Review","Postoperative nausea and vomiting (PONV)","Postoperative nausea and vomiting (PONV)","Not specified","Not specified","","","","","","","","","","","","","","","","","","","","","","",""
"https://doi.org/10.1097/HCR.0b013e31822f0f61","Acupuncture as an Adjunct to Pulmonary Rehabilitation","Chronic obstructive pulmonary disease (COPD)","Chronic obstructive pulmonary disease (COPD)","Not specified (the paper does not provide TCM terminology for the condition)","Not specified (the paper does not provide TCM terminology for the condition)","","","","","","","","","","","","","","","","","","","","","","",""
"https://doi.org/10.1097/HTR.0b013e3182051397","Acupuncture for Treatment of Insomnia in Patients With Traumatic Brain Injury: A Pilot Intervention Study","Insomnia in patients with Traumatic Brain Injury (TBI)","Insomnia in patients with Traumatic Brain Injury (TBI)","Not specified (the paper does not explicitly mention the TCM terminology for the condition being studied)","Not specified (the paper does not explicitly mention the TCM terminology for the condition being studied)","","","","","","","","","","","","","","","","","","","","","","",""
"https://doi.org/10.1097/MD.0000000000000284","Effect and Safety of Deep Needling and Shallow Needling for Functional Constipation A Multicenter, Randomized Controlled Trial","Functional Constipation","Functional Constipation","Not specified (the paper does not provide the condition in Traditional Chinese Medicine terminology)","Not specified (the paper does not provide the condition in Traditional Chinese Medicine terminology)","","","","","","","","","","","","","","","","","","","","","","",""
"https://doi.org/10.1097/MD.0000000000000510","Treatments for Shoulder Impingement Syndrome A PRISMA Systematic Review and Network Meta-Analysis","Shoulder Impingement Syndrome","Shoulder Impingement Syndrome","Not specified (the paper does not provide a TCM equivalent for Shoulder Impingement Syndrome)","Not specified (the paper does not provide a TCM equivalent for Shoulder Impingement Syndrome)","","","","","","","","","","","","","","","","","","","","","","",""
"https://doi.org/10.1097/MD.0000000000000933","The Effectiveness and Safety of Acupuncture for Patients With Alzheimer Disease A Systematic Review and Meta-Analysis of Randomized Controlled Trials","Alzheimer's disease (AD)","Alzheimer's disease (AD)","Not specified (the paper does not explicitly mention the disease/condition in Traditional Chinese Medicine terminology)","Not specified (the paper does not explicitly mention the disease/condition in Traditional Chinese Medicine terminology)","","","","","","","","","","","","","","","","","","","","","","",""
"https://doi.org/10.1097/MD.0000000000001968","Randomized Clinical Trial Comparing Efficacy of Simo Decoction and Acupuncture or Chewing Gum Alone on Postoperative Ileus in Patients With Hepatocellular Carcinoma After Hepatectomy","Postoperative ileus in patients with hepatocellular carcinoma (HCC)","Postoperative ileus in patients with hepatocellular carcinoma (HCC)","Not specified (the paper does not explicitly state the condition in Traditional Chinese Medicine terminology)","Not specified (the paper does not explicitly state the condition in Traditional Chinese Medicine terminology)","","","","","","","","","","","","","","","","","","","","","","",""
"https://doi.org/10.1097/MD.0000000000005836","Clinical effectiveness of acupuncture on Parkinson disease A PRISMA-compliant systematic review and meta-analysis","Parkinson's disease (PD)","Parkinson's disease (PD)","Not specified","Not specified","","","","","","","","","","","","","","","","","","","","","","",""
"https://doi.org/10.1097/MD.0000000000006064","Acupuncture therapy in the management of the clinical outcomes for temporomandibular disorders A PRISMA-compliant meta-analysis","Temporomandibular disorders (TMD)","Temporomandibular disorders (TMD)","Not specified (the paper does not explicitly translate TMD or myofascial pain into Traditional Chinese Medicine terminology)","Not specified (the paper does not explicitly translate TMD or myofascial pain into Traditional Chinese Medicine terminology)","","","","","","","","","","","","","","","","","","","","","","",""
"https://doi.org/10.1097/MD.0000000000008830","Therapeutic effect of Chinese herbal medicines for post stroke recovery A traditional and network meta-analysis","Stroke","Stroke","Not specified (the paper does not provide a specific TCM term for the condition)","Not specified (the paper does not provide a specific TCM term for the condition)","","","","","","","","","","","","","","","","","","","","","","",""
"https://doi.org/10.1097/MD.0000000000009309","Space-time acupuncture for intractable cough after lupus nephropathy A case report and literature review","Intractable cough after lupus nephropathy","Intractable cough after lupus nephropathy","Not specified (the paper does not explicitly state the primary medical condition in Traditional Chinese Medicine terminology)","Not specified (the paper does not explicitly state the primary medical condition in Traditional Chinese Medicine terminology)","","","","","","","","","","","","","","","","","","","","","","",""
"https://doi.org/10.1097/MD.0000000000009838","Acupuncture for adults with overactive bladder A systematic review and meta-analysis of randomized controlled trials","Overactive bladder (OAB)","Overactive bladder (OAB)","Not specified","Not specified","","","","","","","","","","","","","","","","","","","","","","",""
"https://doi.org/10.1097/MLR.0000000000000237","Randomized Effectiveness Trial of a Brief Course of Acupuncture for Posttraumatic Stress Disorder","Posttraumatic Stress Disorder (PTSD)","Posttraumatic Stress Disorder (PTSD)","Not specified (the paper does not translate PTSD into TCM terminology)","Not specified (the paper does not translate PTSD into TCM terminology)","","","","","","","","","","","","","","","","","","","","","","",""
"https://doi.org/10.1097/NCC.0000000000000278","Effects of Acupuncture on Menopause-Related Symptoms in Breast Cancer Survivors A Meta-analysis of Randomized Controlled Trials","Menopause-related symptoms in breast cancer survivors","Menopause-related symptoms in breast cancer survivors","Not specified (the paper does not explicitly mention a TCM term for the condition)","Not specified (the paper does not explicitly mention a TCM term for the condition)","","","","","","","","","","","","","","","","","","","","","","",""
"https://doi.org/10.1097/nmd.0b013e31803044f8","Acupuncture for Posttraumatic Stress Disorder A Randomized Controlled Pilot Trial","Posttraumatic Stress Disorder (PTSD)","Posttraumatic Stress Disorder (PTSD)","Not specified (the paper does not explicitly mention a TCM disease or condition equivalent to PTSD)","Not specified (the paper does not explicitly mention a TCM disease or condition equivalent to PTSD)","","","","","","","","","","","","","","","","","","","","","","",""
"https://doi.org/10.1097/PHM.0000000000000266","Evidence for the Use of Ischemic Compression and Dry Needling in the Management of Trigger Points of the Upper Trapezius in Patients with Neck Pain A Systematic Review","Neck pain with trigger points in the upper trapezius muscle","Neck pain with trigger points in the upper trapezius muscle","Not specified (the paper does not explicitly translate the condition into Traditional Chinese Medicine terminology)","Not specified (the paper does not explicitly translate the condition into Traditional Chinese Medicine terminology)","","","","","","","","","","","","","","","","","","","","","","",""
"https://doi.org/10.1097/PHM.0b013e3182328875","Remote Therapeutic Effectiveness of Acupuncture in Treating Myofascial Trigger Point of the Upper Trapezius Muscle","Chronic shoulder pain due to myofascial trigger points (MTrPs) in the upper trapezius muscle","Chronic shoulder pain due to myofascial trigger points (MTrPs) in the upper trapezius muscle","Not specified (the paper does not explicitly mention a TCM disease or condition)","Not specified (the paper does not explicitly mention a TCM disease or condition)","","","","","","","","","","","","","","","","","","","","","","",""
"https://doi.org/10.1097/RHU.0b013e3182a21848","Integrating acupuncture with exercise-based physical therapy for knee osteoarthritis: a randomized controlled trial","Knee Osteoarthritis (Knee OA)","Knee Osteoarthritis (Knee OA)","Bi syndrome (knee pain)","Bi syndrome (knee pain)","","","","","","","","","","","","","","","","","","","","","","",""
"https://doi.org/10.1097/SGA.0b013e3181b2c920","A Pilot Randomized Controlled Trial of Acupuncture/Moxibustion","Irritable Bowel Syndrome (IBS)","Irritable Bowel Syndrome (IBS)","Not specified (the paper does not provide a specific TCM term for IBS)","Not specified (the paper does not provide a specific TCM term for IBS)","","","","","","","","","","","","","","","","","","","","","","",""
"https://doi.org/10.1097/WON.0000000000000025","Effect of Electroacupuncture Combined With Tolterodine on Treating Female Mixed Urinary Incontinence","Mixed Urinary Incontinence (MUI)","Mixed Urinary Incontinence (MUI)","Not specified (the paper does not explicitly mention the condition in Traditional Chinese Medicine terminology)","Not specified (the paper does not explicitly mention the condition in Traditional Chinese Medicine terminology)","","","","","","","","","","","","","","","","","","","","","","",""
"https://doi.org/10.1109/IEMBS.2004.1404015","Physiologic Responses to Acupuncture Point Stimulation: A Pilot Study to Evaluate Methods and Instrumentation","Not applicable (the study involves healthy participants and does not focus on a specific disease or condition)","Not applicable (the study involves healthy participants and does not focus on a specific disease or condition)","Not specified (the paper does not mention a specific disease or condition being studied according to TCM terminology)","Not specified (the paper does not mention a specific disease or condition being studied according to TCM terminology)","","","","","","","","","","","","","","","","","","","","","","",""
"https://doi.org/10.1109/memb.2005.1411347","Using Ultrasound to Understand Acupuncture Acupuncture Needle Manipulation and Its Effect on Connective Tissue","Not specified (the paper does not focus on a specific Western medical condition or disease)","Healthy volunteers","Not specified","Not specified","","","","","","","","","","","","","","","","","","","","","","",""
"https://doi.org/10.1111/ajad.12453","The Use of Auricular Acupuncture in Opioid Use Disorder: A Systematic Literature Review","Opioid use disorder (OUD)","Opioid use disorder (OUD)","Not specified (the paper does not provide a TCM equivalent for opioid use disorder)","Not specified (the paper does not provide a TCM equivalent for opioid use disorder)","","","","","","","","","","","","","","","","","","","","","","",""
"https://doi.org/10.1111/all.12053","A multicenter, randomized, controlled trial testing the effects of acupuncture on allergic rhinitis","Allergic rhinitis","Allergic rhinitis","Not specified","Not specified","","","","","","","","","","","","","","","","","","","","","","",""
"https://doi.org/10.1111/and.12541","Randomised clinical trial of comparing effects of acupuncture and varicocelectomy on sperm parameters in infertile varicocele patients","Varicocele","Varicocele","Not specified (the paper does not explicitly mention any TCM terminology or conditions)","Not specified (the paper does not explicitly mention any TCM terminology or conditions)","","","","","","","","","","","","","","","","","","","","","","",""
"https://doi.org/10.1111/aogs.12571","Serum anti-Mullerian hormone and ovarian morphology assessed by magnetic resonance imaging in response to acupuncture and exercise in women with polycystic ovary syndrome: secondary analyses of a randomized controlled trial","Polycystic ovary syndrome (PCOS)","Polycystic ovary syndrome (PCOS)","Not specified (the paper does not provide a TCM equivalent for PCOS)","Not specified (the paper does not provide a TCM equivalent for PCOS)","","","","","","","","","","","","","","","","","","","","","","",""
"https://doi.org/10.1111/aogs.12587","Adverse event reporting in studies of penetrating acupuncture during pregnancy: a systematic review","- Pelvic girdle pain - Low back pain - Nausea and vomiting - Dyspepsia - Depression - Insomnia","- Pelvic girdle pain - Low back pain - Nausea and vomiting - Dyspepsia - Depression - Insomnia","Not specified","Not specified","","","","","","","","","","","","","","","","","","","","","","",""
"https://doi.org/10.1111/aogs.12681","Treatments for pregnancy-related lumbopelvic pain: a systematic review of physiotherapy modalities","Pregnancy-related lumbopelvic pain, including Pelvic Girdle Pain (PGP) and Low Back Pain (LBP)","Pregnancy-related lumbopelvic pain, including Pelvic Girdle Pain (PGP) and Low Back Pain (LBP)","Not specified","Not specified","","","","","","","","","","","","","","","","","","","","","","",""
"https://doi.org/10.1111/appy.12265","Traditional Chinese medicine for schizophrenia: A survey of randomized trials","Schizophrenia","Schizophrenia","Not specified (the paper does not provide a specific TCM term for the condition)","Not specified (the paper does not provide a specific TCM term for the condition)","","","","","","","","","","","","","","","","","","","","","","",""
"https://doi.org/10.1111/ced.12732","Efficacy of acupuncture in the management of atopic dermatitis: a systematic review","Atopic dermatitis (AD) or atopic eczema (AE)","Atopic dermatitis (AD) or atopic eczema (AE)","Not specified (the paper does not explicitly mention the disease or condition in Traditional Chinese Medicine (TCM) terminology)","Not specified (the paper does not explicitly mention the disease or condition in Traditional Chinese Medicine (TCM) terminology)","","","","","","","","","","","","","","","","","","","","","","",""
"https://doi.org/10.1111/cns.12507","Effect of Acupuncture on the Motor and Nonmotor Symptoms in Parkinson's Disease-A Review of Clinical Studies","Parkinson's disease","Parkinson's disease","Not specified (the paper does not explicitly mention a TCM condition or disease name related to Parkinson's disease)","Not specified (the paper does not explicitly mention a TCM condition or disease name related to Parkinson's disease)","","","","","","","","","","","","","","","","","","","","","","",""
"https://doi.org/10.1111/head.12525","Acupuncture for Migraine Prevention","Migraine","Migraine","Not specified","Not specified","","","","","","","","","","","","","","","","","","","","","","",""
"https://doi.org/10.1111/ijcp.12372","Acupuncture for surgical conditions: an overview of systematic reviews","- Postoperative nausea and vomiting (PONV) - Postoperative pain - Postoperative ileus","- Postoperative nausea and vomiting (PONV) - Postoperative pain - Postoperative ileus","Not specified (the paper does not explicitly mention TCM terminology for the conditions studied)","Not specified (the paper does not explicitly mention TCM terminology for the conditions studied)","","","","","","","","","","","","","","","","","","","","","","",""
"https://doi.org/10.1111/j.0001-6349.2004.0215.x","Acupuncture relieves pelvic and low-back pain in late pregnancy","Pelvic and low-back pain during late pregnancy","Pelvic and low-back pain during late pregnancy","Not specified (the paper does not provide a TCM term for the condition)","Not specified (the paper does not provide a TCM term for the condition)","","","","","","","","","","","","","","","","","","","","","","",""
"https://doi.org/10.1111/j.0954-6820.1986.tb02770.x","Acupuncture in Severe, Stable Angina Pectoris: a Randomized Trial","Stable angina pectoris","Stable angina pectoris","Not specified (the paper does not explicitly translate ""stable angina pectoris"" into Traditional Chinese Medicine terminology)","Not specified (the paper does not explicitly translate ""stable angina pectoris"" into Traditional Chinese Medicine terminology)","","","","","","","","","","","","","","","","","","","","","","",""
"https://doi.org/10.1111/j.1365-2036.2007.03520.x","Clinical trial: acupuncture vs. doubling the proton pump inhibitor dose in refractory heartburn","Gastro-oesophageal reflux disease (GERD)","Gastro-oesophageal reflux disease (GERD)","Not specified (the paper does not explicitly state the TCM term for the condition being studied)","Not specified (the paper does not explicitly state the TCM term for the condition being studied)","","","","","","","","","","","","","","","","","","","","","","",""
"https://doi.org/10.1111/j.1365-2036.2011.04979.x","Randomised clinical trial: an assessment of acupuncture on specific meridian or specific acupoint vs. sham acupuncture for treating functional dyspepsia","Functional dyspepsia (FD)","Functional dyspepsia (FD)","Not specified (the paper does not provide a TCM term for Functional Dyspepsia)","Not specified (the paper does not provide a TCM term for Functional Dyspepsia)","","","","","","","","","","","","","","","","","","","","","","",""
"https://doi.org/10.1111/j.1365-2044.1987.tb05180.x","Antiemetic studies with traditional Chinese acupuncture. A comparison of manual needling with electrical stimulation and commonly used antiemetics","Postoperative nausea and vomiting","Postoperative nausea and vomiting","Not specified (the paper focuses on emetic sequelae, a symptom rather than a TCM disease or condition)","Not specified (the paper focuses on emetic sequelae, a symptom rather than a TCM disease or condition)","","","","","","","","","","","","","","","","","","","","","","",""
"https://doi.org/10.1111/j.1365-2044.1990.tb14744.x","Electro-acupuncture and postoperative emesis","Postoperative emesis","Postoperative emesis","Not specified (the paper does not explicitly mention a TCM disease or condition name for nausea and vomiting)","Not specified (the paper does not explicitly mention a TCM disease or condition name for nausea and vomiting)","","","","","","","","","","","","","","","","","","","","","","",""
"https://doi.org/10.1111/j.1365-2044.1991.tb09359.x","Acupuncture and transcutaneous stimulation analgesia in comparison with moderate-dose fentanyl anaesthesia in major surgery Clinical efficacy and influence on recovery and morbidity","Non-seminomatous testicular tumour","Non-seminomatous testicular tumour","Not specified (the paper does not mention any Traditional Chinese Medicine conditions or terminology)","Not specified (the paper does not mention any Traditional Chinese Medicine conditions or terminology)","","","","","","","","","","","","","","","","","","","","","","",""
"https://doi.org/10.1111/j.1365-2044.1997.143-az0147.x","Acupuncture in the prevention of postoperative nausea and vomiting","Postoperative nausea or vomiting","Postoperative nausea or vomiting","Not specified (the paper does not explicitly state the TCM term for postoperative nausea and vomiting)","Not specified (the paper does not explicitly state the TCM term for postoperative nausea and vomiting)","","","","","","","","","","","","","","","","","","","","","","",""
"https://doi.org/10.1111/j.1365-2044.2004.03577.x","Acupuncture compared to placebo-acupuncture for postoperative nausea and vomiting prophylaxis: A randomised placebo-controlled patient and observer blind trial","Postoperative nausea and vomiting (PONV)","Postoperative nausea and vomiting (PONV)","Not specified (the paper does not explicitly mention the condition in Traditional Chinese Medicine terminology)","Not specified (the paper does not explicitly mention the condition in Traditional Chinese Medicine terminology)","","","","","","","","","","","","","","","","","","","","","","",""
"https://doi.org/10.1111/j.1365-2044.2008.05632.x","Auricular acupuncture for postoperative pain control: a systematic review of randomised clinical trials","Postoperative pain","Postoperative pain","Not specified (the paper does not provide TCM terminology for the condition)","Not specified (the paper does not provide TCM terminology for the condition)","","","","","","","","","","","","","","","","","","","","","","",""
"https://doi.org/10.1111/j.1365-2044.2008.05645_4.x","Use of acupuncture to reduce gagging during the insertion of an oral airway","Difficult intubation, gag reflex during awake fibreoptic intubation","Difficult intubation, gag reflex during awake fibreoptic intubation","Not specified","Not specified","","","","","","","","","","","","","","","","","","","","","","",""
"https://doi.org/10.1111/j.1365-2133.1987.tb07359.x","Effect of acupuncture on experimentally induced itch","Pruritus (itch)","Pruritus (itch)","Not specified (the paper does not mention a specific disease or condition in Traditional Chinese Medicine terminology)","Not specified (the paper does not mention a specific disease or condition in Traditional Chinese Medicine terminology)","","","","","","","","","","","","","","","","","","","","","","",""
"https://doi.org/10.1111/j.1365-2133.1987.tb07359.x","Effect of acupuncture on experimentally induced itch","Pruritus (itch)","Pruritus (itch)","Not specified (the paper does not explicitly mention a TCM disease or condition)","Not specified (the paper does not explicitly mention a TCM disease or condition)","","","","","","","","","","","","","","","","","","","","","","",""
"https://doi.org/10.1111/j.1365-2796.1994.tb01102.x","Acupuncture versus metoprolol in migraine prophylaxis: a randomized trial of trigger point inactivation","Migraine","Migraine","Not specified (the paper does not mention TCM terminology or concepts related to the condition)","Not specified (the paper does not mention TCM terminology or concepts related to the condition)","","","","","","","","","","","","","","","","","","","","","","",""
"https://doi.org/10.1111/j.1365-2826.2007.01634.x","Acupuncture in Polycystic Ovary Syndrome: Current Experimental and Clinical Evidence","Polycystic ovary syndrome (PCOS)","Polycystic ovary syndrome (PCOS)","Not specified (the paper does not mention TCM terminology for PCOS)","Not specified (the paper does not mention TCM terminology for PCOS)","","","","","","","","","","","","","","","","","","","","","","",""
"https://doi.org/10.1111/j.1365-2842.2005.01445.x","Acupuncture in xerostomia -a systematic review","Xerostomia","Xerostomia","Not specified (the paper does not explicitly mention any Traditional Chinese Medicine (TCM) terminology or conditions related to xerostomia)","Not specified (the paper does not explicitly mention any Traditional Chinese Medicine (TCM) terminology or conditions related to xerostomia)","","","","","","","","","","","","","","","","","","","","","","",""
"https://doi.org/10.1111/j.1398-9995.1984.tb01956.x","Acupuncture and Bronchial Asthma","Bronchial asthma","Bronchial asthma","Not specified (the paper does not provide a specific TCM term for bronchial asthma)","Not specified (the paper does not provide a specific TCM term for bronchial asthma)","","","","","","","","","","","","","","","","","","","","","","",""
"https://doi.org/10.1111/j.1398-9995.2004.00540.x","Acupuncture and Chinese herbal medicine in the treatment of patients with seasonal allergic rhinitis: a randomized-controlled clinical trial","Seasonal Allergic Rhinitis (AR)","Seasonal Allergic Rhinitis (AR)","Seasonal Allergic Rhinitis (AR) with TCM diagnoses: wind-heat in lung, heat and fire in liver, depletion of Yin in lung, cold in lung, depletion of Qi in spleen","Seasonal Allergic Rhinitis (AR) with TCM diagnoses: wind-heat in lung, heat and fire in liver, depletion of Yin in lung, cold in lung, depletion of Qi in spleen","","","","","","","","","","","","","","","","","","","","","","",""
"https://doi.org/10.1111/j.1398-9995.2009.02284.x","Influence of acupuncture on type I hypersensitivity itch and the wheal and flare response in adults with atopic eczema -a blinded, randomized, placebo-controlled, crossover trial","Atopic eczema","Atopic eczema","Not specified (the paper does not explicitly mention the condition in Traditional Chinese Medicine terminology)","Not specified (the paper does not explicitly mention the condition in Traditional Chinese Medicine terminology)","","","","","","","","","","","","","","","","","","","","","","",""
"https://doi.org/10.1111/j.1399-6576.1992.tb03511.x","Acupuncture treatment of severe knee osteoarthrosis. A long-term study","Osteoarthritis of the knee","Osteoarthritis of the knee","Not specified (the paper does not explicitly translate the condition into TCM terminology)","Not specified (the paper does not explicitly translate the condition into TCM terminology)","","","","","","","","","","","","","","","","","","","","","","",""
"https://doi.org/10.1111/j.1399-6576.1994.tb03839.x","Importance of modes of acupuncture in the treatment of chronic nociceptive low back pain","Chronic nociceptive low back pain","Chronic nociceptive low back pain","Not specified (the paper does not explicitly mention a TCM term for the condition)","Not specified (the paper does not explicitly mention a TCM term for the condition)","","","","","","","","","","","","","","","","","","","","","","",""
"https://doi.org/10.1111/j.1440-1819.1998.tb03262.x","Clinical research on the therapeutic effect of the electro-acupuncture treatment in patients with depression","Depression","Depression","Not specified (the paper does not explicitly mention a TCM term for the condition)","Not specified (the paper does not explicitly mention a TCM term for the condition)","","","","","","","","","","","","","","","","","","","","","","",""
"https://doi.org/10.1111/j.1460-9592.2009.03129.x","Acupuncture management of pain and emergence agitation in children after bilateral myringotomy and tympanostomy tube insertion","Postoperative pain and emergence agitation following bilateral myringotomy and tympanostomy tube (BMT) placement","Postoperative pain and emergence agitation following bilateral myringotomy and tympanostomy tube (BMT) placement","Not specified (the paper does not mention any TCM terminology or conditions)","Not specified (the paper does not mention any TCM terminology or conditions)","","","","","","","","","","","","","","","","","","","","","","",""
"https://doi.org/10.1111/j.1463-1326.2009.01192.x","Acupuncture: is it effective for treatment of insulin resistance?","Insulin resistance (IR)","Insulin resistance (IR)","Not specified (the paper discusses insulin resistance and related conditions but does not explicitly state a primary TCM disease or condition)","Not specified (the paper discusses insulin resistance and related conditions but does not explicitly state a primary TCM disease or condition)","","","","","","","","","","","","","","","","","","","","","","",""
"https://doi.org/10.1111/j.1464-410X.2009.08422.x","Acupuncture for treating erectile dysfunction: a systematic review","Erectile Dysfunction (ED)","Erectile Dysfunction (ED)","Not specified (the paper does not provide a TCM term for the condition)","Not specified (the paper does not provide a TCM term for the condition)","","","","","","","","","","","","","","","","","","","","","","",""
"https://doi.org/10.1111/j.1466-7657.2003.00205.x","Effects of acupuncture and care interventions on the outcome of inflammatory symptoms of the breast in lactating women","Inflammatory symptoms of the breast during lactation","Inflammatory symptoms of the breast during lactation","Not specified","Not specified","","","","","","","","","","","","","","","","","","","","","","",""
"https://doi.org/10.1111/j.1468-2982.2006.01209.x","Chronic tension type headache treated with acupuncture, physical training and relaxation training. Between group differences","Chronic tension type headache (CTTH)","Chronic tension type headache (CTTH)","Not specified","Not specified","","","","","","","","","","","","","","","","","","","","","","",""
"https://doi.org/10.1111/j.1468-2982.2000.00097.x","Acupuncture for episodic tension-type headache: a multicentre randomized controlled trial","Episodic tension-type headache (ETTH)","Episodic tension-type headache (ETTH)","Not specified (the paper does not explicitly mention the condition in Traditional Chinese Medicine (TCM) terminology)","Not specified (the paper does not explicitly mention the condition in Traditional Chinese Medicine (TCM) terminology)","","","","","","","","","","","","","","","","","","","","","","",""
"https://doi.org/10.1111/j.1468-2982.2004.00803.x","Role of the needling per se in acupuncture as prophylaxis for menstrually related migraine: a randomized placebo-controlled study","Menstrually related migraine","Menstrually related migraine","Not specified (the paper does not explicitly mention a TCM term for the condition)","Not specified (the paper does not explicitly mention a TCM term for the condition)","","","","","","","","","","","","","","","","","","","","","","",""
"https://doi.org/10.1111/j.1468-2982.2006.01062.x","Acupuncture in migraine prophylaxis: a randomized sham-controlled trial","Migraine","Migraine","Not specified (migraine is not a recognized entity in TCM)","Not specified (migraine is not a recognized entity in TCM)","","","","","","","","","","","","","","","","","","","","","","",""
"https://doi.org/10.1111/j.1468-2982.2008.01640.x","Acupuncture in patients with headache","Primary headache","Primary headache","Not specified (the paper does not provide TCM terminology for the conditions studied)","Not specified (the paper does not provide TCM terminology for the conditions studied)","","","","","","","","","","","","","","","","","","","","","","",""
"https://doi.org/10.1111/j.1471-0528.2002.01212.x","Acupuncture treatment during labour a randomised controlled trial","Not specified (the paper focuses on acupuncture during labor, which is a natural process rather than a disease or condition)","Labor","Not specified (the paper does not mention TCM terminology or conditions)","Not specified (the paper does not mention TCM terminology or conditions)","","","","","","","","","","","","","","","","","","","","","","",""
"https://doi.org/10.1111/j.1471-0528.2008.01838.x","A systematic review and meta-analysis of acupuncture in in vitro fertilisation","Infertility","Infertility","Not specified (the paper does not explicitly mention a TCM disease or condition)","Not specified (the paper does not explicitly mention a TCM disease or condition)","","","","","","","","","","","","","","","","","","","","","","",""
"https://doi.org/10.1111/j.1471-0528.2008.01904.x","Acupuncture as an adjunct to standard treatment for pelvic girdle pain in pregnant women: randomised double-blinded controlled trial comparing acupuncture with non-penetrating sham acupuncture","Pelvic girdle pain (PGP)","Pelvic girdle pain (PGP)","Not specified (the paper does not explicitly translate the condition into Traditional Chinese Medicine terminology)","Not specified (the paper does not explicitly translate the condition into Traditional Chinese Medicine terminology)","","","","","","","","","","","","","","","","","","","","","","",""
"https://doi.org/10.1111/j.1471-0528.2008.02016.x","Ear acupuncture or local anaesthetics as pain relief during postpartum surgical repair: a randomised controlled trial","Pain during postpartum surgical repair","Pain during postpartum surgical repair","Not specified (the paper does not mention any Traditional Chinese Medicine (TCM) terminology or conditions)","Not specified (the paper does not mention any Traditional Chinese Medicine (TCM) terminology or conditions)","","","","","","","","","","","","","","","","","","","","","","",""
"https://doi.org/10.1111/j.1471-0528.2010.02489.x","Acupuncture for primary dysmenorrhoea: a systematic review","Primary dysmenorrhoea","Primary dysmenorrhoea","Not specified","Not specified","","","","","","","","","","","","","","","","","","","","","","",""
"https://doi.org/10.1111/j.1471-0528.2010.02570.x","Acupuncture for pain relief in labour: a systematic review and meta-analysis","Labor pain","Labor pain","Not specified","Not specified","","","","","","","","","","","","","","","","","","","","","","",""
"https://doi.org/10.1111/j.1471-0528.2010.02647.x","Acupuncture for the induction of labour: a double-blind randomised controlled study","Post-term pregnancy","Post-term pregnancy","Not specified (the paper does not explicitly mention a TCM condition or disease)","Not specified (the paper does not explicitly mention a TCM condition or disease)","","","","","","","","","","","","","","","","","","","","","","",""
"https://doi.org/10.1111/j.1471-0528.2010.02825.x","Acupuncture for pain relief during induced labour in nulliparae: a randomised controlled study","Pain during labour","Pain during labour","Not specified (the paper does not explicitly mention a TCM term for the condition)","Not specified (the paper does not explicitly mention a TCM term for the condition)","","","","","","","","","","","","","","","","","","","","","","",""
"https://doi.org/10.1111/j.1471-0528.2011.02994.x","Acupuncture for premenstrual syndrome: a systematic review and meta-analysis of randomised controlled trials","Premenstrual syndrome (PMS)","Premenstrual syndrome (PMS)","Not specified (the paper does not provide a specific TCM disease or condition terminology for PMS)","Not specified (the paper does not provide a specific TCM disease or condition terminology for PMS)","","","","","","","","","","","","","","","","","","","","","","",""
"https://doi.org/10.1111/j.1479-828X.2006.00674.x","The effects of acupuncture during labour on nulliparous women:A randomised controlled trial","Labor pain and duration of active phase of labor","Labor pain and duration of active phase of labor","Not specified (the paper does not explicitly mention a TCM condition or disease)","Not specified (the paper does not explicitly mention a TCM condition or disease)","","","","","","","","","","","","","","","","","","","","","","",""
"https://doi.org/10.1111/j.1521-0391.2013.12079.x","Acupuncture and Relaxation Response for Craving and Anxiety Reduction among Military Veterans in Recovery from Substance Use Disorder","Substance Use Disorder (SUD)","Substance Use Disorder (SUD)","Not specified (the paper does not mention TCM terminology or conditions)","Not specified (the paper does not mention TCM terminology or conditions)","","","","","","","","","","","","","","","","","","","","","","",""
"https://doi.org/10.1111/j.1523-536x.2008.00290.x","Acupuncture as Pain Relief During Delivery: A Randomized Controlled Trial","Pain during childbirth","Pain during childbirth","Not specified (the paper does not explicitly mention a TCM condition or disease)","Not specified (the paper does not explicitly mention a TCM condition or disease)","","","","","","","","","","","","","","","","","","","","","","",""
"https://doi.org/10.1111/j.1526-4610.1983.hed2302066.x","Acupuncture Treatment of Chronic Facial Pain A Controlled Cross-over Trial","Chronic facial pain (including atypical facial pain, atypical trigeminal neuralgia, and typical trigeminal neuralgia)","Chronic facial pain (including atypical facial pain, atypical trigeminal neuralgia, and typical trigeminal neuralgia)","Not specified (the paper does not explicitly state the disease or condition in Traditional Chinese Medicine terminology)","Not specified (the paper does not explicitly state the disease or condition in Traditional Chinese Medicine terminology)","","","","","","","","","","","","","","","","","","","","","","",""
"https://doi.org/10.1111/j.1526-4610.2004.04077.x","Electroacupuncture for Tension-type Headache on Distal Acupoints Only: A Randomized, Controlled, Crossover Trial","Tension-type headache (TTH)","Tension-type headache (TTH)","Not specified (the paper does not provide a specific TCM term for the condition)","Not specified (the paper does not provide a specific TCM term for the condition)","","","","","","","","","","","","","","","","","","","","","","",""
"https://doi.org/10.1111/j.1526-4610.2005.00235.x","A Randomized, Controlled Trial of Acupuncture for Chronic Daily Headache","Chronic Daily Headache (CDH)","Chronic Daily Headache (CDH)","Not specified","Not specified","","","","","","","","","","","","","","","","","","","","","","",""
"https://doi.org/10.1111/j.1526-4610.2006.00598.x","Effectiveness and Tolerability of Acupuncture Compared With Metoprolol in Migraine Prophylaxis","Migraine","Migraine","Not specified (the paper does not explicitly state the TCM terminology for the condition being studied)","Not specified (the paper does not explicitly state the TCM terminology for the condition being studied)","","","","","","","","","","","","","","","","","","","","","","",""
"https://doi.org/10.1111/j.1526-4610.2007.00916.x","Traditional Acupuncture in Migraine: A Controlled, Randomized Study","Migraine without aura","Migraine without aura","Migraine without aura; TCM syndromes: Excess of Liver yang, Deficiency of Kidney essence","Migraine without aura; TCM syndromes: Excess of Liver yang, Deficiency of Kidney essence","","","","","","","","","","","","","","","","","","","","","","",""
"https://doi.org/10.1111/j.1526-4610.2009.01424.x","Acupuncture for Treating Acute Attacks of Migraine: A Randomized Controlled Trial","Migraine","Migraine","Not specified (the paper does not provide a TCM term for the condition)","Not specified (the paper does not provide a TCM term for the condition)","","","","","","","","","","","","","","","","","","","","","","",""
"https://doi.org/10.1111/j.1526-4637.2010.01017.x","Immediate Analgesia Effect of Single Point Acupuncture in Primary Dysmenorrhea: A Randomized Controlled Trial","Primary dysmenorrhea","Primary dysmenorrhea","Not specified (the paper does not explicitly state the TCM terminology for primary dysmenorrhea)","Not specified (the paper does not explicitly state the TCM terminology for primary dysmenorrhea)","","","","","","","","","","","","","","","","","","","","","","",""
"https://doi.org/10.1111/j.1526-4637.2010.01051.x","The Effect of Brief Electrical and Manual Acupuncture Stimulation on Mechanical Experimental Pain","Not specified (the paper focuses on mechanical experimental pain and analgesia without specifying a particular disease or condition)","Experimental pain, Healthy volunteers","Not specified (the paper does not mention a specific disease or condition in TCM terminology)","Not specified (the paper does not mention a specific disease or condition in TCM terminology)","","","","","","","","","","","","","","","","","","","","","","",""
"https://doi.org/10.1111/j.1526-4637.2012.01376.x","Efficacy of Acupuncture for Acute Migraine Attack: A Multicenter Single Blinded, Randomized Controlled Trialp me_1376 623..630","Migraine","Migraine","Not specified (the paper does not provide TCM terminology for the condition)","Not specified (the paper does not provide TCM terminology for the condition)","","","","","","","","","","","","","","","","","","","","","","",""
"https://doi.org/10.1111/j.1530-0277.1987.tb01310.x","Acupuncture Treatment of Alcoholic Recidivism: A Pilot Study","Alcoholism","Alcoholism","Not specified (the paper does not provide a TCM term for the condition being studied)","Not specified (the paper does not provide a TCM term for the condition being studied)","","","","","","","","","","","","","","","","","","","","","","",""
"https://doi.org/10.1111/j.1530-0277.2006.00333.x","Ear Acupuncture for Alcohol Withdrawal in Comparison With Aromatherapy: A Randomized-Controlled Trial","Alcohol withdrawal","Alcohol withdrawal","Not specified (the paper does not mention TCM terminology or conditions)","Not specified (the paper does not mention TCM terminology or conditions)","","","","","","","","","","","","","","","","","","","","","","",""
"https://doi.org/10.1111/j.1530-0277.2009.00959.x","Acupuncture for Alcohol Dependence: A Systematic Review","Alcohol Dependence","Alcohol Dependence","Not specified","Not specified","","","","","","","","","","","","","","","","","","","","","","",""
"https://doi.org/10.1111/j.1532-5415.2007.01314.x","Efficacy of Periosteal Stimulation Therapy for the Treatment of Osteoarthritis-Associated Chronic Knee Pain: An Initial Controlled Clinical Trial","Osteoarthritis (OA) of the knee","Osteoarthritis (OA) of the knee","Not specified (the paper does not mention any Traditional Chinese Medicine terminology or conditions)","Not specified (the paper does not mention any Traditional Chinese Medicine terminology or conditions)","","","","","","","","","","","","","","","","","","","","","","",""
"https://doi.org/10.1111/j.1533-2500.2007.00140.x","The Short-Term Effects of Acupuncture on Myofascial Pain Patients After Clenching","Myofascial pain","Myofascial pain","Not specified (the paper does not explicitly mention the condition in Traditional Chinese Medicine terminology)","Not specified (the paper does not explicitly mention the condition in Traditional Chinese Medicine terminology)","","","","","","","","","","","","","","","","","","","","","","",""
"https://doi.org/10.1111/j.1533-2500.2010.00396.x","Comparison of Acupuncture to Injection for Myofascial Trigger Point Pain","Myofascial pain syndrome","Myofascial pain syndrome","Not specified (the paper does not explicitly translate the condition into Traditional Chinese Medicine terminology)","Not specified (the paper does not explicitly translate the condition into Traditional Chinese Medicine terminology)","","","","","","","","","","","","","","","","","","","","","","",""
"https://doi.org/10.1111/j.1540-8167.2010.01878.x","Efficacy of Acupuncture in Preventing Atrial Fibrillation Recurrences After Electrical Cardioversion","Atrial fibrillation (AF)","Atrial fibrillation (AF)","Not specified (the paper implies Heart Yin or Heart Yang deficiency but does not explicitly state the TCM term for the condition)","Not specified (the paper implies Heart Yin or Heart Yang deficiency but does not explicitly state the TCM term for the condition)","","","","","","","","","","","","","","","","","","","","","","",""
"https://doi.org/10.1111/j.1572-0241.2003.07231.x","Electroacupuncture Analgesia for Colonoscopy: A Prospective, Randomized, Placebo-Controlled Study","Not specified (the paper focuses on the procedure of colonoscopy and management of discomfort and anxiety rather than a specific disease or condition)","Colonoscopy","Not specified (the paper does not explicitly mention a primary medical condition or disease in TCM terminology)","Not specified (the paper does not explicitly mention a primary medical condition or disease in TCM terminology)","","","","","","","","","","","","","","","","","","","","","","",""
"https://doi.org/10.1111/j.1600-0420.2004.00254.x","Acupuncture treatment in patients with keratoconjunctivitis sicca: a pilot study","Keratoconjunctivitis sicca (KCS) or dry eye","Keratoconjunctivitis sicca (KCS) or dry eye","Not specified","Not specified","","","","","","","","","","","","","","","","","","","","","","",""
"https://doi.org/10.1111/j.1600-0528.2009.00494.x","Towards a proposal for assessment of blinding success in clinical trials- up-to-date review","Not specified (the paper discusses various RCTs but does not specify a primary medical condition or disease)","Review","Not specified (the paper does not explicitly mention any TCM terms or conditions)","Not specified (the paper does not explicitly mention any TCM terms or conditions)","","","","","","","","","","","","","","","","","","","","","","",""
"https://doi.org/10.1111/j.1742-1241.2008.01876.x","Auricular acupuncture for insomnia: a systematic review","Insomnia","Insomnia","Not specified (the paper does not provide a specific TCM term for insomnia)","Not specified (the paper does not provide a specific TCM term for insomnia)","","","","","","","","","","","","","","","","","","","","","","",""
"https://doi.org/10.1111/j.1742-1241.2009.02043.x","Acupuncture for Alzheimer's disease: a systematic review","Alzheimer's disease (AD)","Alzheimer's disease (AD)","Not specified (the paper does not provide TCM terminology for the condition)","Not specified (the paper does not provide TCM terminology for the condition)","","","","","","","","","","","","","","","","","","","","","","",""
"https://doi.org/10.1111/j.1742-1241.2009.02167.x","Acupuncture for schizophrenia: a systematic review and meta-analysis","Schizophrenia","Schizophrenia","Not specified","Not specified","","","","","","","","","","","","","","","","","","","","","","",""
"https://doi.org/10.1111/j.1742-481X.2012.00969.x","Traditional Chinese medicine for pressure ulcer: a meta-analysis","Pressure ulcers (bedsores or pressure sores)","Pressure ulcers (bedsores or pressure sores)","Pressure ulcers (bedsores or pressure sores)","","","","","","","","","","","","","","","","","","","","","","","",""
"https://doi.org/10.1111/j.1755-3768.2009.01855.x","Acupuncture for treating dry eye: a systematic review","Dry eye","Dry eye","Not specified (the paper does not explicitly mention a TCM term for the condition being studied)","Not specified (the paper does not explicitly mention a TCM term for the condition being studied)","","","","","","","","","","","","","","","","","","","","","","",""
"https://doi.org/10.1111/j.1755-3768.2010.02027.x","Acupuncture for treating dry eye: a randomized placebo-controlled trial","Dry eye","Dry eye","Not specified (the paper does not explicitly mention a TCM term for the condition)","Not specified (the paper does not explicitly mention a TCM term for the condition)","","","","","","","","","","","","","","","","","","","","","","",""
"https://doi.org/10.1111/j.1755-5949.2010.00159.x","Acupuncture for Depression: A Critique of the Evidence Base","Depression","Depression","Not specified (the paper does not explicitly mention a TCM term for the condition being studied)","Not specified (the paper does not explicitly mention a TCM term for the condition being studied)","","","","","","","","","","","","","","","","","","","","","","",""
"https://doi.org/10.1111/jmwh.12262","Influence of Acupuncture on the Third Stage of Labor: A Randomized Controlled Trial","Postpartum hemorrhage (PPH)","Postpartum hemorrhage (PPH)","Prolonged third stage of labor (associated with postpartum hemorrhage) Ren Mai 6 point (Qihai or Sea of Qi) for uterine contraction and Qi toning","Prolonged third stage of labor (associated with postpartum hemorrhage) Ren Mai 6 point (Qihai or Sea of Qi) for uterine contraction and Qi toning","","","","","","","","","","","","","","","","","","","","","","",""
"https://doi.org/10.1111/jmwh.12545","Acupuncture and Acupressure in Labor","Labor pain and labor duration","Labor pain and labor duration","Not specified","Not specified","","","","","","","","","","","","","","","","","","","","","","",""
"https://doi.org/10.1111/joor.12380","Effect of temporomandibular disorder therapy on otologic signs and symptoms: a systematic review","Temporomandibular Disorders (TMD)","Temporomandibular Disorders (TMD)","Not specified (the paper does not explicitly translate TMD into TCM terminology)","Not specified (the paper does not explicitly translate TMD into TCM terminology)","","","","","","","","","","","","","","","","","","","","","","",""
"https://doi.org/10.1111/jopr.12957","Management of gag reflex for patients undergoing dental treatment (Review)","Gag reflex","Gag reflex","Not specified (the paper does not mention any TCM terminology or conditions)","Not specified (the paper does not mention any TCM terminology or conditions)","","","","","","","","","","","","","","","","","","","","","","",""
"https://doi.org/10.1111/jsm.12830","Acupuncture for the Treatment of Vulvodynia: A Randomized Wait-List Controlled Pilot Study","Vulvodynia","Vulvodynia","Not specified (the paper describes the condition in terms of qi and yin imbalance but does not specify a traditional TCM disease or condition name)","Not specified (the paper describes the condition in terms of qi and yin imbalance but does not specify a traditional TCM disease or condition name)","","","","","","","","","","","","","","","","","","","","","","",""
"https://doi.org/10.1111/nmo.12793","Functional neuroimaging studies in functional dyspepsia patients: a systematic review","Functional dyspepsia (FD)","Functional dyspepsia (FD)","Not specified (the paper does not mention any Traditional Chinese Medicine (TCM) terminology or conditions)","Not specified (the paper does not mention any Traditional Chinese Medicine (TCM) terminology or conditions)","","","","","","","","","","","","","","","","","","","","","","",""
"https://doi.org/10.1111/papr.12116","Cost-effectiveness of Acupuncture for Chronic Nonspecific Low Back Pain","Chronic lower back pain (LBP)","Chronic lower back pain (LBP)","Not specified (the paper does not provide a TCM diagnosis or terminology for the condition)","Not specified (the paper does not provide a TCM diagnosis or terminology for the condition)","","","","","","","","","","","","","","","","","","","","","","",""
"https://doi.org/10.1111/papr.12208","Acupuncture for Acute Postoperative Pain after Back Surgery: A Systematic Review and Meta-analysis of Randomized Controlled Trials","Acute postoperative pain after back surgery due to intervertebral disk herniation, spinal stenosis, or spondylolisthesis","Acute postoperative pain after back surgery due to intervertebral disk herniation, spinal stenosis, or spondylolisthesis","Not specified (the paper does not explicitly translate the conditions into Traditional Chinese Medicine terminology)","Not specified (the paper does not explicitly translate the conditions into Traditional Chinese Medicine terminology)","","","","","","","","","","","","","","","","","","","","","","",""
"https://doi.org/10.1111/papr.12309","A New Method for Sham Controlled Acupuncture in Experimental Visceral Paina Randomized, Single Blinded Study","Visceral pain (experimental rectal pain)","Visceral pain (experimental rectal pain)","Not specified (the paper does not explicitly mention a TCM disease or condition)","Not specified (the paper does not explicitly mention a TCM disease or condition)","","","","","","","","","","","","","","","","","","","","","","",""
"https://doi.org/10.1111/pme.12392","A Randomized Controlled Trial of Single Point Acupuncture in Primary Dysmenorrhea","Primary dysmenorrhea","Primary dysmenorrhea","Not specified (the paper does not explicitly state the TCM term for the condition)","Not specified (the paper does not explicitly state the TCM term for the condition)","","","","","","","","","","","","","","","","","","","","","","",""
"https://doi.org/10.1111/pme.12738","Transcutaneous Electrical Acupoint Stimulation for the Treatment of Withdrawal Syndrome in Heroin Addicts","Heroin withdrawal syndrome","Heroin withdrawal syndrome","Not specified (the paper does not explicitly mention a TCM term for the condition)","Not specified (the paper does not explicitly mention a TCM term for the condition)","","","","","","","","","","","","","","","","","","","","","","",""
"https://doi.org/10.1136/acupmed-2011-010026","Acupuncture and the relaxation response for treating gastrointestinal symptoms in HIV patients on highly active antiretroviral therapy","Gastrointestinal symptoms (specifically: diarrhoea, loose stools, gas/bloating, abdominal pain, nausea, and vomiting)","Gastrointestinal symptoms (specifically: diarrhoea, loose stools, gas/bloating, abdominal pain, nausea, and vomiting)","Not specified (the paper does not explicitly mention a TCM disease or condition)","Not specified (the paper does not explicitly mention a TCM disease or condition)","","","","","","","","","","","","","","","","","","","","","","",""
"https://doi.org/10.1136/acupmed-2011-010064","Effect of acupuncture on symptoms of anxiety in women undergoing in vitro fertilisation: a prospective randomised controlled study","Anxiety","Anxiety","Not specified (the paper does not explicitly mention a TCM disease or condition)","Not specified (the paper does not explicitly mention a TCM disease or condition)","","","","","","","","","","","","","","","","","","","","","","",""
"https://doi.org/10.1136/acupmed-2011-010082","Effects of electroacupuncture on stress-related symptoms in medical students: a randomised controlled pilot study","Stress-related symptoms: sleep disorders, anxiety, depression, and burnout","Stress-related symptoms: sleep disorders, anxiety, depression, and burnout","Not specified (the paper does not use Traditional Chinese Medicine terminology)","Not specified (the paper does not use Traditional Chinese Medicine terminology)","","","","","","","","","","","","","","","","","","","","","","",""
"https://doi.org/10.1136/acupmed-2011-010095","Electroacupuncture reduces the dose of midazolam monitored by the bispectral index in critically ill patients with mechanical ventilation: an exploratory study","Critically ill patients requiring sedation during mechanical ventilation in ICU","Critically ill patients requiring sedation during mechanical ventilation in ICU","Not specified (the paper does not explicitly state a TCM disease or condition)","Not specified (the paper does not explicitly state a TCM disease or condition)","","","","","","","","","","","","","","","","","","","","","","",""
"https://doi.org/10.1136/acupmed-2012-010128","Supervised exercise plus acupuncture for moderate to severe knee osteoarthritis: a small randomised controlled trial","Knee osteoarthritis (OA)","Knee osteoarthritis (OA)","Not specified (the paper does not provide TCM terminology for the condition)","Not specified (the paper does not provide TCM terminology for the condition)","","","","","","","","","","","","","","","","","","","","","","",""
"https://doi.org/10.1136/acupmed-2012-010155","A meta-analysis of the efficacy of acupuncture in treating dysphagia in patients with a stroke","Dysphagia","Dysphagia","Not specified (the paper does not explicitly mention the TCM terminology for the condition)","Not specified (the paper does not explicitly mention the TCM terminology for the condition)","","","","","","","","","","","","","","","","","","","","","","",""
"https://doi.org/10.1136/acupmed-2012-010178","A systematic review of cost-effectiveness analyses alongside randomised controlled trials of acupuncture","- Chronic low back pain (LBP) - Headache - Osteoarthritis - Chronic neck pain - Dysmenorrhoea - Allergic rhinitis","- Chronic low back pain (LBP) - Headache - Osteoarthritis - Chronic neck pain - Dysmenorrhoea - Allergic rhinitis","Not specified (the paper does not explicitly mention TCM terminology for the conditions)","Not specified (the paper does not explicitly mention TCM terminology for the conditions)","","","","","","","","","","","","","","","","","","","","","","",""
"https://doi.org/10.1136/acupmed-2012-010183","The effectiveness of acupuncture for plantar heel pain: a systematic review","Plantar heel pain (PHP)","Plantar heel pain (PHP)","Not specified","Not specified","","","","","","","","","","","","","","","","","","","","","","",""
"https://doi.org/10.1136/acupmed-2012-010195","The combined effect of acupuncture and Tanacetum parthenium on quality of life in women with headache: randomised study","Chronic Migraine (CM)","Chronic Migraine (CM)","Not specified (the paper does not provide TCM terminology for the condition)","Not specified (the paper does not provide TCM terminology for the condition)","","","","","","","","","","","","","","","","","","","","","","",""
"https://doi.org/10.1136/acupmed-2012-010198","Effects of acupuncture on the outcome of in vitro fertilisation and intracytoplasmic sperm injection in women with polycystic ovarian syndrome","Polycystic Ovarian Syndrome (PCOS)","Polycystic Ovarian Syndrome (PCOS)","Not specified (the paper does not provide TCM terminology for the condition)","Not specified (the paper does not provide TCM terminology for the condition)","","","","","","","","","","","","","","","","","","","","","","",""
"https://doi.org/10.1136/acupmed-2012-010254","Electroacupuncture alleviates intraoperative immunosuppression in patients undergoing supratentorial craniotomy","Not specified (the study focuses on immune response during surgery, not a specific disease or condition)","Anesthesia for craniotomy","Not specified","Not specified","","","","","","","","","","","","","","","","","","","","","","",""
"https://doi.org/10.1136/acupmed-2012-010261","Using moxibustion in primary healthcare to correct non-vertex presentation: a multicentre randomised controlled trial","Non-vertex presentation (breech presentation)","Non-vertex presentation (breech presentation)","Not specified (the paper does not explicitly mention a TCM disease or condition related to non-vertex presentation)","Not specified (the paper does not explicitly mention a TCM disease or condition related to non-vertex presentation)","","","","","","","","","","","","","","","","","","","","","","",""
"https://doi.org/10.1136/acupmed-2012-010269","Influence of acupuncture on the outcomes of in vitro fertilisation when embryo implantation has failed: a prospective randomised controlled clinical trial","Infertility due to embryo implantation failure","Infertility due to embryo implantation failure","Not specified (the paper does not explicitly mention a TCM term for the condition)","Not specified (the paper does not explicitly mention a TCM term for the condition)","","","","","","","","","","","","","","","","","","","","","","",""
"https://doi.org/10.1136/acupmed-2012-010280","Physiological changes associated with de qi during electroacupuncture to LI4 and LI11: a randomised, placebo-controlled trial","Not specified (the study focuses on physiological responses in healthy subjects)","Not specified ","Not specified (the paper does not explicitly mention a specific TCM disease or condition)","Not specified (the paper does not explicitly mention a specific TCM disease or condition)","","","","","","","","","","","","","","","","","","","","","","",""
"https://doi.org/10.1136/acupmed-2013-010333","Acupuncture for acute non-specific low back pain: a randomised, controlled, double-blind, placebo trial","Acute non-specific low back pain (ANLBP)","Acute non-specific low back pain (ANLBP)","Not specified","Not specified","","","","","","","","","","","","","","","","","","","","","","",""
"https://doi.org/10.1136/acupmed-2013-010340","Ondansetron combined with ST36 (Zusanli) acupuncture point injection for postoperative vomiting","Postoperative vomiting (POV)","Postoperative vomiting (POV)","Postoperative vomiting (POV)","","","","","","","","","","","","","","","","","","","","","","","",""
"https://doi.org/10.1136/acupmed-2013-010362","A sham-controlled trial of acupuncture as an adjunct in migraine prophylaxis","Migraine","Migraine","Not specified (the paper does not explicitly state the disease/condition in TCM terminology)","Not specified (the paper does not explicitly state the disease/condition in TCM terminology)","","","","","","","","","","","","","","","","","","","","","","",""
"https://doi.org/10.1136/acupmed-2013-010363","Acupuncture for vascular mild cognitive impairment: a systematic review of randomised controlled trials","Vascular mild cognitive impairment (VMCI)","Vascular mild cognitive impairment (VMCI)","Dementia (chi dai) or Stroke (zhong feng)","Dementia (chi dai) or Stroke (zhong feng)","","","","","","","","","","","","","","","","","","","","","","",""
"https://doi.org/10.1136/acupmed-2013-010408","Effects of electroacupuncture on stress-related symptoms in medical students: a randomised placebo-controlled study","Stress-related symptoms (sleep disorders, anxiety, depression, burnout)","Stress-related symptoms (sleep disorders, anxiety, depression, burnout)","Not specified (the paper does not explicitly mention a TCM disease or condition)","Not specified (the paper does not explicitly mention a TCM disease or condition)","","","","","","","","","","","","","","","","","","","","","","",""
"https://doi.org/10.1136/acupmed-2013-010422","Influence of different durations of electroacupuncture stimulation on skin blood flow and muscle blood volume","Not specified (the study focuses on physiological effects in healthy volunteers rather than a specific disease or condition)","Healthy volunteers","Not specified (the paper does not explicitly mention a specific TCM condition or disease)","Not specified (the paper does not explicitly mention a specific TCM condition or disease)","","","","","","","","","","","","","","","","","","","","","","",""
"https://doi.org/10.1136/acupmed-2013-010435","Randomised Clinical Trial of Five Ear Acupuncture Points for the Treatment of Overweight People","Obesity","Obesity","Obesity","","","","","","","","","","","","","","","","","","","","","","","",""
"https://doi.org/10.1136/acupmed-2013-010441","Effect of acupuncture at HT7 on heart rate variability: an exploratory study","Not specified (the study was conducted on healthy volunteers to explore the effect of acupuncture on HRV)","Healthy volunteers","Not specified (the paper does not specify a primary medical condition or disease in TCM terminology)","Not specified (the paper does not specify a primary medical condition or disease in TCM terminology)","","","","","","","","","","","","","","","","","","","","","","",""
"https://doi.org/10.1136/acupmed-2013-010463","Acupuncture for treatment of secondary osteoporosis in patients with spinal cord injury: a controlled study","Secondary osteoporosis in patients with spinal cord injury (SCI)","Secondary osteoporosis in patients with spinal cord injury (SCI)","Not specified (the paper does not provide a TCM term for the condition)","Not specified (the paper does not provide a TCM term for the condition)","","","","","","","","","","","","","","","","","","","","","","",""
"https://doi.org/10.1136/acupmed-2013-010469","Acupuncture combined with an antidepressant for patients with depression in hospital: a pragmatic randomised controlled trial","Depression","Depression","Depression (TCM patterns: Liver depression and Spleen deficiency, Liver Qi stagnation, Heart and Spleen deficiency, Liver and Kidney Yin deficiency)","Depression (TCM patterns: Liver depression and Spleen deficiency, Liver Qi stagnation, Heart and Spleen deficiency, Liver and Kidney Yin deficiency)","","","","","","","","","","","","","","","","","","","","","","",""
"https://doi.org/10.1136/acupmed-2013-010470","Randomised clinical trials on acupuncture in the Korean literature: bibliometric analysis and methodological quality","- Musculoskeletal conditions: Low back pain, Shoulder pain, Sprain (ankle, wrist), Knee osteoarthritis, Neck pain, Myalgia, Elbow joint pain, Axial apondyloarthritis - Circulatory conditions: Stroke, Essential hypertension - Nervous system conditions: Bell’s palsy, Headache, Parkinson’s disease, Dizziness - Genitourinary conditions: Primary dysmenorrhoea, Hot flush, Premenstrual tension syndrome, Stress incontinence - Mental and behavioural disorder: Unspecified mood disorder, Anxiety disorder, Tobacco use - Ear, nose and throat conditions: Temporomandibular joint disorder, Allergic rhinitis, Tinnitus - Digestive conditions: Dyspepsia, Constipation - Motor or non-motor vehicle accident - Endocrine, nutritional and metabolic conditions: Obesity - Postprocedural disorders: Nausea, vomiting, pain after surgery - Symptoms, signs and abnormal clinical and laboratory findings not elsewhere classified: Fatigue - Conditions of the skin and subcutaneous tissue: Acne vulgaris","- Musculoskeletal conditions: Low back pain, Shoulder pain, Sprain (ankle, wrist), Knee osteoarthritis, Neck pain, Myalgia, Elbow joint pain, Axial apondyloarthritis - Circulatory conditions: Stroke, Essential hypertension - Nervous system conditions: Bell’s palsy, Headache, Parkinson’s disease, Dizziness - Genitourinary conditions: Primary dysmenorrhoea, Hot flush, Premenstrual tension syndrome, Stress incontinence - Mental and behavioural disorder: Unspecified mood disorder, Anxiety disorder, Tobacco use - Ear, nose and throat conditions: Temporomandibular joint disorder, Allergic rhinitis, Tinnitus - Digestive conditions: Dyspepsia, Constipation - Motor or non-motor vehicle accident - Endocrine, nutritional and metabolic conditions: Obesity - Postprocedural disorders: Nausea, vomiting, pain after surgery - Symptoms, signs and abnormal clinical and laboratory findings not elsewhere classified: Fatigue - Conditions of the skin and subcutaneous tissue: Acne vulgaris","Not specified (the paper uses ICD-10 for medical condition categorization, not TCM terminology)","Not specified (the paper uses ICD-10 for medical condition categorization, not TCM terminology)","","","","","","","","","","","","","","","","","","","","","","",""
"https://doi.org/10.1136/acupmed-2013-010483","Effect of bidirectional rotation of an acupuncture needle at LI10 on acupuncture needle sensation and experimentally-induced contact heat pain in healthy human volunteers","Not specified (the study focuses on experimental heat pain in healthy volunteers rather than a specific disease or condition)","Healthy volunteers","Not specified","Not specified","","","","","","","","","","","","","","","","","","","","","","",""
"https://doi.org/10.1136/acupmed-2013-010489","Immediate effects of electroacupuncture and manual acupuncture on pain, mobility and muscle strength in patients with knee osteoarthritis: a randomised controlled trial","Knee osteoarthritis","Knee osteoarthritis","Not specified (the paper does not mention the condition in Traditional Chinese Medicine terminology)","Not specified (the paper does not mention the condition in Traditional Chinese Medicine terminology)","","","","","","","","","","","","","","","","","","","","","","",""
"https://doi.org/10.1136/acupmed-2013-010490","Electroacupuncture at ST36 accelerates the recovery of gastrointestinal motility after colorectal surgery: a randomised controlled trial","Postoperative ileus after colorectal surgery","Postoperative ileus after colorectal surgery","Not specified (the paper does not explicitly mention a TCM disease or condition)","Not specified (the paper does not explicitly mention a TCM disease or condition)","","","","","","","","","","","","","","","","","","","","","","",""
"https://doi.org/10.1136/acupmed-2013-010495","Role of acupuncture in the management of diabetic painful neuropathy (DPN): a pilot RCT","Diabetic painful neuropathy (DPN)","Diabetic painful neuropathy (DPN)","Kidney deficiency, de qi, and blood stagnation","Kidney deficiency, de qi, and blood stagnation","","","","","","","","","","","","","","","","","","","","","","",""
"https://doi.org/10.1136/acupmed-2013-010498","Effect of perioperative electroacupuncture as an adjunctive therapy on postoperative analgesia with tramadol and ketamine in prostatectomy: a randomised sham-controlled single-blind trial","Prostate malignancy (prostate cancer)","Prostate malignancy (prostate cancer)","Not specified (the paper does not use TCM terminology to describe the condition)","Not specified (the paper does not use TCM terminology to describe the condition)","","","","","","","","","","","","","","","","","","","","","","",""
"https://doi.org/10.1136/acupmed-2014-010530","Plasma nesfatin-1 level in obese patients after acupuncture: a randomised controlled trial","Obesity","Obesity","Not specified (the paper does not explicitly mention the condition in TCM terminology)","Not specified (the paper does not explicitly mention the condition in TCM terminology)","","","","","","","","","","","","","","","","","","","","","","",""
"https://doi.org/10.1136/acupmed-2014-010592","Overview of the relevant literature on the possible role of acupuncture in treating male sexual dysfunction","Erectile dysfunction (ED) and premature ejaculation (PE)","Erectile dysfunction (ED) and premature ejaculation (PE)","Not specified (the paper does not provide TCM terminology for the conditions)","Not specified (the paper does not provide TCM terminology for the conditions)","","","","","","","","","","","","","","","","","","","","","","",""
"https://doi.org/10.1136/acupmed-2014-010593","A feasibility study to examine the role of acupuncture to reduce symptoms of lymphoedema after breast cancer: a randomised controlled trial","Lymphoedema","Lymphoedema","Not specified (the paper does not explicitly state the TCM syndrome or pattern related to lymphoedema)","Not specified (the paper does not explicitly state the TCM syndrome or pattern related to lymphoedema)","","","","","","","","","","","","","","","","","","","","","","",""
"https://doi.org/10.1136/acupmed-2014-010617","Investigation into the effects of using two or four acupuncture needles with bidirectional rotation on experimentally-induced contact heat pain in healthy subjects","Not specified (the study focuses on experimentally-induced contact thermal pain in healthy volunteers, not a specific disease or condition)","Experimental pain, Healthy volunteers","Not specified (the study focuses on experimentally-induced contact thermal pain in healthy volunteers, not a specific TCM disease or condition)","Not specified (the study focuses on experimentally-induced contact thermal pain in healthy volunteers, not a specific TCM disease or condition)","","","","","","","","","","","","","","","","","","","","","","",""
"https://doi.org/10.1136/acupmed-2014-010633","Acupuncture for melasma in women: a systematic review of randomised controlled trials","Melasma","Melasma","Not specified (the paper does not explicitly state the TCM syndrome or condition for melasma)","Not specified (the paper does not explicitly state the TCM syndrome or condition for melasma)","","","","","","","","","","","","","","","","","","","","","","",""
"https://doi.org/10.1136/acupmed-2014-010689","Postoperative analgesia after low-frequency electroacupuncture as adjunctive treatment in inguinal hernia surgery with abdominal wall mesh reconstruction","Inguinal hernia","Inguinal hernia","Not specified (the paper does not explicitly mention a TCM disease or condition)","Not specified (the paper does not explicitly mention a TCM disease or condition)","","","","","","","","","","","","","","","","","","","","","","",""
"https://doi.org/10.1136/acupmed-2014-010705","Effectiveness of acupuncture combined with rehabilitation for treatment of acute or subacute stroke: a systematic review","Stroke","Stroke","Not specified (the paper does not provide a specific TCM term or diagnosis for stroke)","Not specified (the paper does not provide a specific TCM term or diagnosis for stroke)","","","","","","","","","","","","","","","","","","","","","","",""
"https://doi.org/10.1136/acupmed-2014-010708","Training in self-needling and performing it as part of a clinical trial: the practitioner and patient experience","Cancer-related fatigue","Cancer-related fatigue","Not specified (the paper focuses on cancer-related fatigue but does not specify a TCM disease or condition term)","Not specified (the paper focuses on cancer-related fatigue but does not specify a TCM disease or condition term)","","","","","","","","","","","","","","","","","","","","","","",""
"https://doi.org/10.1136/acupmed-2014-010720","Effects of acupressure on anxiety: a systematic review and meta-analysis","Anxiety","Anxiety","Not specified (the paper does not provide TCM terminology for the condition being studied)","Not specified (the paper does not provide TCM terminology for the condition being studied)","","","","","","","","","","","","","","","","","","","","","","",""
"https://doi.org/10.1136/acupmed-2014-010722","Single-blinded, randomised preliminary study evaluating the effects of 2 Hz electroacupuncture for postoperative pain in patients with total knee arthroplasty","Severe degenerative knee-joint arthritis","Severe degenerative knee-joint arthritis","Not specified (the paper does not explicitly mention the condition in Traditional Chinese Medicine terminology)","Not specified (the paper does not explicitly mention the condition in Traditional Chinese Medicine terminology)","","","","","","","","","","","","","","","","","","","","","","",""
"https://doi.org/10.1136/acupmed-2014-010738","Acupuncture versus usual care for postoperative nausea and vomiting in children after tonsillectomy/ adenoidectomy: a pragmatic, multicentre, double-blinded, randomised trial","Postoperative nausea and vomiting in children after tonsillectomy with or without adenoidectomy","Postoperative nausea and vomiting in children after tonsillectomy with or without adenoidectomy","Not specified (the paper does not explicitly mention any TCM terminology or conditions)","Not specified (the paper does not explicitly mention any TCM terminology or conditions)","","","","","","","","","","","","","","","","","","","","","","",""
"https://doi.org/10.1136/acupmed-2014-010749","Intraoperative and postoperative anaesthetic and analgesic effect of multipoint transcutaneous electrical acupuncture stimulation combined with sufentanil anaesthesia in patients undergoing supratentorial craniotomy","Not specified (the paper focuses on anesthesia and postoperative recovery during supratentorial craniotomy without specifying a particular disease or condition)","Anesthesia for craniotomy","Not specified (the paper does not explicitly mention a TCM disease or condition)","Not specified (the paper does not explicitly mention a TCM disease or condition)","","","","","","","","","","","","","","","","","","","","","","",""
"https://doi.org/10.1136/acupmed-2015-010759","The effectiveness of acupuncture versus clonazepam in patients with burning mouth syndrome","Burning mouth syndrome (BMS)","Burning mouth syndrome (BMS)","Not specified (the paper does not explicitly translate BMS into TCM terminology)","Not specified (the paper does not explicitly translate BMS into TCM terminology)","","","","","","","","","","","","","","","","","","","","","","",""
"https://doi.org/10.1136/acupmed-2015-010781","EA versus sham acupuncture and no acupuncture for the control of acute and delayed chemotherapy-induced nausea and vomiting: a pilot study","Chemotherapy-induced nausea and vomiting (CINV)","Chemotherapy-induced nausea and vomiting (CINV)","Not specified (the paper does not provide a specific TCM term for the condition being studied)","Not specified (the paper does not provide a specific TCM term for the condition being studied)","","","","","","","","","","","","","","","","","","","","","","",""
"https://doi.org/10.1136/acupmed-2015-010854","Acupuncture for irritable bowel syndrome: 2-year follow-up of a randomised controlled trial","Irritable Bowel Syndrome (IBS)","Irritable Bowel Syndrome (IBS)","Not specified (the paper does not provide the condition in Traditional Chinese Medicine terminology)","Not specified (the paper does not provide the condition in Traditional Chinese Medicine terminology)","","","","","","","","","","","","","","","","","","","","","","",""
"https://doi.org/10.1136/acupmed-2015-011024","Acupuncture for the treatment of hiccups following stroke: a systematic review and meta-analysis","Hiccups following stroke","Hiccups following stroke","Not specified","Not specified","","","","","","","","","","","","","","","","","","","","","","",""
"https://doi.org/10.1136/acupmed-2016-011058","What predicts a positive response to acupuncture? A secondary analysis of three randomised controlled trials of insomnia","Insomnia","Insomnia","Not specified","Not specified","","","","","","","","","","","","","","","","","","","","","","",""
"https://doi.org/10.1136/acupmed-2016-011163","Effectiveness of acupuncture in women with polycystic ovarian syndrome undergoing in vitro fertilisation or intracytoplasmic sperm injection: a systematic review and meta-analysis","Polycystic Ovarian Syndrome (PCOS)","Polycystic Ovarian Syndrome (PCOS)","Not specified (the paper does not provide a TCM term for the condition)","Not specified (the paper does not provide a TCM term for the condition)","","","","","","","","","","","","","","","","","","","","","","",""
"https://doi.org/10.1136/acupmed-2016-011164","Associations between maternal characteristics and women's responses to acupuncture during labour: a secondary analysis from a randomised controlled trial","Labor pain","Labor pain","Not specified (the paper does not provide a TCM perspective or terminology for the condition being studied)","Not specified (the paper does not provide a TCM perspective or terminology for the condition being studied)","","","","","","","","","","","","","","","","","","","","","","",""
"https://doi.org/10.1136/acupmed-2016-011176","Manual acupuncture for myofascial pain syndrome: a systematic review and meta-analysis","Myofascial pain syndrome (MPS)","Myofascial pain syndrome (MPS)","Not specified (the paper does not provide a TCM equivalent for myofascial pain syndrome)","Not specified (the paper does not provide a TCM equivalent for myofascial pain syndrome)","","","","","","","","","","","","","","","","","","","","","","",""
"https://doi.org/10.1136/acupmed-2016-011208","Effect of minimal acupuncture for infantile colic: a multicentre, three-armed, single-blind, randomised controlled trial (ACU-COL)","Infantile colic","Infantile colic","Not specified (the paper does not provide a specific TCM term for infantile colic)","Not specified (the paper does not provide a specific TCM term for infantile colic)","","","","","","","","","","","","","","","","","","","","","","",""
"https://doi.org/10.1136/acupmed-2016-011306","Updated systematic review and meta-analysis of acupuncture for chronic knee pain","Chronic knee pain (CKP)","Chronic knee pain (CKP)","Not specified (the paper does not mention a specific TCM disease or condition)","Not specified (the paper does not mention a specific TCM disease or condition)","","","","","","","","","","","","","","","","","","","","","","",""
"https://doi.org/10.1136/acupmed-2016-011332","Acupuncture for lumbar disc herniation: a systematic review and meta-analysis","Lumbar disc herniation (LDH)","Lumbar disc herniation (LDH)","Not specified","Not specified","","","","","","","","","","","","","","","","","","","","","","",""
"https://doi.org/10.1136/acupmed-2016-011342","Effectiveness and safety of acupuncture combined with Madopar for Parkinson's disease: a systematic review with metaanalysis","Parkinson's disease (PD)","Parkinson's disease (PD)","Not specified (the paper does not provide a TCM term for Parkinson's disease)","Not specified (the paper does not provide a TCM term for Parkinson's disease)","","","","","","","","","","","","","","","","","","","","","","",""
"https://doi.org/10.1136/acupmed-2016-011354","Acupressure for respiratory allergic diseases: a systematic review of randomised controlled trials","Allergic rhinitis (AR) and asthma","Allergic rhinitis (AR) and asthma","Not specified (the paper does not explicitly mention the TCM terms for the conditions being studied)","Not specified (the paper does not explicitly mention the TCM terms for the conditions being studied)","","","","","","","","","","","","","","","","","","","","","","",""
"https://doi.org/10.1136/acupmed-2017-011401","Is laser acupuncture an effective complementary therapy for obesity management? A systematic review of clinical trials","Obesity","Obesity","Not specified (the paper does not explicitly state the disease/condition in TCM terminology)","Not specified (the paper does not explicitly state the disease/condition in TCM terminology)","","","","","","","","","","","","","","","","","","","","","","",""
"https://doi.org/10.1136/aim.12.1.9","Acupuncture and the Treatment of lrritative Bladder Symptoms","Irritative bladder symptoms (urgency, urge incontinence, frequency, nocturia) with low bladder compliance","Irritative bladder symptoms (urgency, urge incontinence, frequency, nocturia) with low bladder compliance","Not specified","Not specified","","","","","","","","","","","","","","","","","","","","","","",""
"https://doi.org/10.1136/aim.14.1.11","A Pilot Study of Acupuncture for Tension Headache, Using a Novel Placebo","Tension headache","Tension headache","Not specified","Not specified","","","","","","","","","","","","","","","","","","","","","","",""
"https://doi.org/10.1136/aim.14.1.2","Acupuncture in the Management of Postoperative Nausea and Vomiting in Patients Receiving Morphine via a Patient Controlled Analgesia","Postoperative nausea and vomiting (PONV)","Postoperative nausea and vomiting (PONV)","Not specified","Not specified","","","","","","","","","","","","","","","","","","","","","","",""
"https://doi.org/10.1136/aim.14.1.6","Hay Fever Treatment in General Practice: A Randomised Controlled Trial Comparing Standardised Western Acupuncture with","Hay Fever","Hay Fever","Not specified (the paper does not provide a TCM diagnosis or terminology for hay fever)","Not specified (the paper does not provide a TCM diagnosis or terminology for hay fever)","","","","","","","","","","","","","","","","","","","","","","",""
"https://doi.org/10.1136/aim.14.2.68","Semi Permanent Acupuncture Needles in the Prevention of Post Operative Nausea and Vomiting","Postoperative nausea and vomiting (PONV)","Postoperative nausea and vomiting (PONV)","Not specified","Not specified","","","","","","","","","","","","","","","","","","","","","","",""
"https://doi.org/10.1136/aim.15.1.10","Electroacupuncture Analgesia in Major Abdominal and Pelvic Surgery: A Randomised Study","Cancer","Cancer","Not specified (the paper does not explicitly mention any TCM conditions or diseases)","Not specified (the paper does not explicitly mention any TCM conditions or diseases)","","","","","","","","","","","","","","","","","","","","","","",""
"https://doi.org/10.1136/aim.15.2.74","An Investigation into the Possible Additive Effects of Acupuncture and Autogenic Relaxation in the Management of Chronic Pain","Chronic pain","Chronic pain","Not specified","Not specified","","","","","","","","","","","","","","","","","","","","","","",""
"https://doi.org/10.1136/aim.16.1.10","The Effect of Timing of PC.6 Acupuncture on Post Operative Vomiting Following Major Gynaecological Surgery","Post operative vomiting following major gynaecological surgery","Post operative vomiting following major gynaecological surgery","Not specified","Not specified","","","","","","","","","","","","","","","","","","","","","","",""
"https://doi.org/10.1136/aim.17.1.2","Acupuncture as an Alternative to Diazepam Sedation for Diagnostic Gastrointestinal Endoscopy","Not specified","Oesophago-gastro-duodenoscopy","Not specified","Not specified","Maybe change name of column to Condition/ Setting Western, instead of just Condition Western as many experiments have a setting like experimental pain","","","","","","","","","","","","","","","","","","","","","",""
"https://doi.org/10.1136/aim.19.1.15","Unilateral versus Bilateral Acupuncture on Knee Function in Advanced Osteoarthritis of the Knee -A Prospective Randomised Trial","Advanced osteoarthritis (OA) of the knee","Advanced osteoarthritis (OA) of the knee","Bi Syndrome (joint pain and dysfunction)","Bi Syndrome (joint pain and dysfunction)","","","","","","","","","","","","","","","","","","","","","","",""
"https://doi.org/10.1136/aim.19.1.19","A Comparison of Acupuncture with Advice and Exercises on the Symptomatic Treatment of Osteoarthritis of the Hip -A Randomised Controlled Trial","Osteoarthritis of the Hip","Osteoarthritis of the Hip","Not specified (the paper does not explicitly mention the condition in Traditional Chinese Medicine terminology)","Not specified (the paper does not explicitly mention the condition in Traditional Chinese Medicine terminology)","","","","","","","","","","","","","","","","","","","","","","",""
"https://doi.org/10.1136/aim.20.2-3.66","No Effect Of Chinese Acupuncture On Isocapnic Hyperventilation With Cold Air In Asthmatics, Measured With Impulse Oscillometry","Asthma","Asthma","Not specified","Not specified","","","","","","","","","","","","","","","","","","","","","","",""
"https://doi.org/10.1136/aim.20.2-3.56","Effects of Electroacupuncture on Intraoperative and Postoperative Analgesic Requirement","Postoperative pain management in gynaecologic lower abdominal surgery","Postoperative pain management in gynaecologic lower abdominal surgery","Not specified (the paper does not mention any Traditional Chinese Medicine conditions or terminology)","Not specified (the paper does not mention any Traditional Chinese Medicine conditions or terminology)","","","","","","","","","","","","","","","","","","","","","","",""
"https://doi.org/10.1136/aim.20.4.175","Randomised Controlled Trial Comparing the Effectiveness of Electroacupuncture and TENS for Low Back Pain: A Preliminary Study for a Pragmatic Trial","Low back pain (LBP) without sciatica","Low back pain (LBP) without sciatica","Not specified (the paper does not explicitly translate the condition into TCM terminology)","Not specified (the paper does not explicitly translate the condition into TCM terminology)","","","","","","","","","","","","","","","","","","","","","","",""
"https://doi.org/10.1136/aim.2008.000067","Comparison of the effectiveness of six and two acupuncture point regimens in osteoarthritis of the knee: a randomised trial","Osteoarthritis of the knee","Osteoarthritis of the knee","Bi syndrome","Bi syndrome","","","","","","","","","","","","","","","","","","","","","","",""
"https://doi.org/10.1136/aim.2008.000075","Effect of intraoperative electroacupuncture on postoperative pain, analgesic requirements, nausea and sedation: a randomised controlled trial","Postoperative pain and related symptoms following abdominal hysterectomy and laparoscopic cholecystectomy","Postoperative pain and related symptoms following abdominal hysterectomy and laparoscopic cholecystectomy","Not specified (the paper does not explicitly mention a TCM condition or disease)","Not specified (the paper does not explicitly mention a TCM condition or disease)","","","","","","","","","","","","","","","","","","","","","","",""
"https://doi.org/10.1136/aim.2009.000471","Research into acupuncture for respiratory disease in Japan: a systematic review","- Asthma - Chronic obstructive pulmonary disease (COPD) - Chronic bronchitis - Usual/idiopathic interstitial pneumonia (UIP) - Common cold","- Asthma - Chronic obstructive pulmonary disease (COPD) - Chronic bronchitis - Usual/idiopathic interstitial pneumonia (UIP) - Common cold","Not specified (the paper does not explicitly state the conditions in Traditional Chinese Medicine terminology)","Not specified (the paper does not explicitly state the conditions in Traditional Chinese Medicine terminology)","","","","","","","","","","","","","","","","","","","","","","",""
"https://doi.org/10.1136/aim.2009.000497","Acupuncture for dyspepsia in pregnancy: a prospective, randomised, controlled study","Dyspepsia","Dyspepsia","Not specified (the paper does not explicitly mention the condition in Traditional Chinese Medicine (TCM) terminology)","Not specified (the paper does not explicitly mention the condition in Traditional Chinese Medicine (TCM) terminology)","","","","","","","","","","","","","","","","","","","","","","",""
"https://doi.org/10.1136/aim.2009.000612","The acupuncture treatment for postmenopausal hot flushes (Acuflash) study: traditional Chinese medicine diagnoses and acupuncture points used, and their relation to the treatment response","Postmenopausal hot flushes","Postmenopausal hot flushes","Kidney Yin Xu","Kidney Yin Xu","","","","","","","","","","","","","","","","","","","","","","",""
"https://doi.org/10.1136/aim.2009.000638","A prospective randomised controlled study on efficacies of acupuncture and steroid in treatment of idiopathic peripheral facial paralysis","Idiopathic peripheral facial paralysis (Bell's palsy)","Idiopathic peripheral facial paralysis (Bell's palsy)","Not specified (the paper describes the TCM concept but does not provide a specific TCM term or diagnosis for the condition)","Not specified (the paper describes the TCM concept but does not provide a specific TCM term or diagnosis for the condition)","","","","","","","","","","","","","","","","","","","","","","",""
"https://doi.org/10.1136/aim.2009.001164","Comparison of the effectiveness of acupuncture treatment and local anaesthetic injection for low back pain: a randomised controlled clinical trial","Low back pain","Low back pain","Not specified (the paper does not provide information on the condition in Traditional Chinese Medicine terminology)","Not specified (the paper does not provide information on the condition in Traditional Chinese Medicine terminology)","","","","","","","","","","","","","","","","","","","","","","",""
"https://doi.org/10.1136/aim.2009.001867","Immediate effect of acupuncture on the sleep pattern of patients with obstructive sleep apnoea","Obstructive Sleep Apnoea (OSA)","Obstructive Sleep Apnoea (OSA)","Not specified (the paper does not provide a TCM equivalent for obstructive sleep apnea)","Not specified (the paper does not provide a TCM equivalent for obstructive sleep apnea)","","","","","","","","","","","","","","","","","","","","","","",""
"https://doi.org/10.1136/aim.2009.002022","Effect of acupuncture on assisted reproduction","Infertility","Infertility","Not specified (the paper does not explicitly mention a specific TCM disease or condition)","Not specified (the paper does not explicitly mention a specific TCM disease or condition)","","","","","","","","","","","","","","","","","","","","","","",""
"https://doi.org/10.1136/aim.2009.002220","Implementation of acupuncture and acupressure under surgical procedures in children: a pilot study","Not specified (the paper focuses on surgical procedures and symptoms rather than a specific Western medical condition or disease)","Surgery tonsillectomy/ adenoidectomy","Not specified (the paper focuses on postoperative nausea, vomiting, and retching, which are symptoms rather than a specific TCM disease or condition)","Not specified (the paper focuses on postoperative nausea, vomiting, and retching, which are symptoms rather than a specific TCM disease or condition)","","","","","","","","","","","","","","","","","","","","","","",""
"https://doi.org/10.1136/aim.2010.002394","Acupuncture reduces crying in infants with infantile colic: a randomised, controlled, blind clinical study","Infantile colic","Infantile colic","Not specified (the paper does not explicitly translate infantile colic into TCM terminology)","Not specified (the paper does not explicitly translate infantile colic into TCM terminology)","","","","","","","","","","","","","","","","","","","","","","",""
"https://doi.org/10.1136/aim.2010.002733","Clinical effectiveness and safety of acupuncture in the treatment of irradiation-induced xerostomia in patients with head and neck cancer: a systematic review","Irradiation-induced xerostomia in patients with head and neck cancer (HNC)","Irradiation-induced xerostomia in patients with head and neck cancer (HNC)","Not specified (the paper does not provide a Traditional Chinese Medicine term for the condition)","Not specified (the paper does not provide a Traditional Chinese Medicine term for the condition)","","","","","","","","","","","","","","","","","","","","","","",""
"https://doi.org/10.1136/aim.2010.002915","Perioperative acupuncture and postoperative acupressure can prevent postoperative vomiting following paediatric tonsillectomy or adenoidectomy: a pragmatic randomised controlled trial","Postoperative vomiting (PONV)","Postoperative vomiting (PONV)","Not specified (the paper does not explicitly mention a TCM disease or condition)","Not specified (the paper does not explicitly mention a TCM disease or condition)","","","","","","","","","","","","","","","","","","","","","","",""
"https://doi.org/10.1136/aim.2010.003004","Efficacy of ah shi point acupuncture on acne vulgaris","Acne vulgaris","Acne vulgaris","Acne vulgaris, described in TCM terms as related to ""Heat in the blood"" causing stagnation of Qi and blood.","Acne vulgaris, described in TCM terms as related to ""Heat in the blood"" causing stagnation of Qi and blood.","","","","","","","","","","","","","","","","","","","","","","",""
"https://doi.org/10.1136/aim.2010.003251","Randomised, controlled study of preoperative eletroacupuncture for postoperative pain control after cardiac surgery","Cardiac surgery","Cardiac surgery","Not specified (the paper does not mention any TCM conditions or diseases)","Not specified (the paper does not mention any TCM conditions or diseases)","","","","","","","","","","","","","","","","","","","","","","",""
"https://doi.org/10.1136/aim.2011.004044","Is there a role for acupuncture in the symptom management of patients receiving palliative care for cancer? A pilot study of 20 patients comparing acupuncture with nurse-led supportive care","Incurable cancer","Incurable cancer","Not specified (the paper does not explicitly mention any Traditional Chinese Medicine (TCM) terminology or conditions)","Not specified (the paper does not explicitly mention any Traditional Chinese Medicine (TCM) terminology or conditions)","","","","","","","","","","","","","","","","","","","","","","",""
"https://doi.org/10.1136/aim.21.3.80","Superficial Dry Needling and Active Stretching in the Treatment of Myofascial Pain -A Randomised Controlled Trial","Myofascial pain caused by active trigger points (TrPs)","Myofascial pain caused by active trigger points (TrPs)","Not specified (the paper does not use Traditional Chinese Medicine terminology)","Not specified (the paper does not use Traditional Chinese Medicine terminology)","","","","","","","","","","","","","","","","","","","","","","",""
"https://doi.org/10.1136/aim.21.3.92","Can Acupuncture Reduce the Induction Time of a Local Anaesthetic? -A Pilot Study","- Lateral epicondylitis - Patellar tendonitis - Plantar fasciitis - Frozen shoulder - Osteoarthritis","- Lateral epicondylitis - Patellar tendonitis - Plantar fasciitis - Frozen shoulder - Osteoarthritis","Not specified (the paper does not provide TCM terminology for the conditions discussed)","Not specified (the paper does not provide TCM terminology for the conditions discussed)","","","","","","","","","","","","","","","","","","","","","","",""
"https://doi.org/10.1136/aim.21.4.133","Comparison of Transient Heart Rate Reduction Associated with Acupuncture Stimulation in Supine and Sitting Subjects","Not specified (the study focuses on physiological responses in healthy subjects rather than a specific disease or condition)","Healthy volunteers","Not specified (the paper does not mention a specific TCM disease or condition)","Not specified (the paper does not mention a specific TCM disease or condition)","","","","","","","","","","","","","","","","","","","","","","",""
"https://doi.org/10.1136/aim.22.1.14","The effect of acupuncture on the symptoms of knee osteoarthritis--an open randomised controlled study","Osteoarthritis of the knee","Osteoarthritis of the knee","Bi-syndrome","Bi-syndrome","","","","","","","","","","","","","","","","","","","","","","",""
"https://doi.org/10.1136/aim.22.1.2","A proposed experimental model of myofascial trigger points in human muscle after slow eccentric exercise","Myofascial trigger points","Myofascial trigger points","Not specified (the paper does not explicitly mention a TCM condition or disease)","Not specified (the paper does not explicitly mention a TCM condition or disease)","","","","","","","","","","","","","","","","","","","","","","",""
"https://doi.org/10.1136/aim.22.2.60","Acupuncture for low back pain in pregnancy -a prospective, quasi-randomised, controlled study","Low back and pelvic pain during pregnancy","Low back and pelvic pain during pregnancy","Not specified (the paper does not provide TCM terminology for the condition)","Not specified (the paper does not provide TCM terminology for the condition)","","","","","","","","","","","","","","","","","","","","","","",""
"https://doi.org/10.1136/aim.22.4.170","Trigger point acupuncture treatment of chronic low back pain in elderly patients -a blinded RCT","Chronic low back pain (LBP)","Chronic low back pain (LBP)","Not specified","Not specified","","","","","","","","","","","","","","","","","","","","","","",""
"https://doi.org/10.1136/aim.23.2.47","Acupuncture for insomnia in pregnancy -a prospective, quasi-randomised, controlled study","Insomnia","Insomnia","Not specified (the paper does not explicitly use TCM terminology for insomnia)","Not specified (the paper does not explicitly use TCM terminology for insomnia)","","","","","","","","","","","","","","","","","","","","","","",""
"https://doi.org/10.1136/aim.23.2.52","Effect of intensive acupuncture on pain-related social and psychological variables for women with chronic neck and shoulder pain -an RCT with six month and three year follow up","Chronic neck and shoulder pain","Chronic neck and shoulder pain","Obstruction syndrome","Obstruction syndrome","","","","","","","","","","","","","","","","","","","","","","",""
"https://doi.org/10.1136/aim.23.2.70","The effectiveness of acupuncture for depression -a systematic review of randomised controlled trials","Depression","Depression","Not specified (the paper does not explicitly mention a TCM disease or condition)","Not specified (the paper does not explicitly mention a TCM disease or condition)","","","","","","","","","","","","","","","","","","","","","","",""
"https://doi.org/10.1136/aim.23.3.103","Laser acupuncture for mild to moderate depression in a primary care setting -a randomised controlled trial","Mild to moderate depression","Mild to moderate depression","Liver Qi stagnation or liver Qi deficiency","Liver Qi stagnation or liver Qi deficiency","","","","","","","","","","","","","","","","","","","","","","",""
"https://doi.org/10.1136/aim.24.1.39","A review of acupuncture clinical trials indexed during 2005","- Back pain - Knee pain - Headache - Fibromyalgia - Post-stroke rehabilitation - Oocyte collection","- Back pain - Knee pain - Headache - Fibromyalgia - Post-stroke rehabilitation - Oocyte collection","Not specified (the paper does not explicitly mention TCM terminology for the conditions)","Not specified (the paper does not explicitly mention TCM terminology for the conditions)","","","","","","","","","","","","","","","","","","","","","","",""
"https://doi.org/10.1136/aim.24.3.103","Relief of low back pain immediately after acupuncture treatment -a randomised, placebo controlled trial","Low back pain","Low back pain","Not specified (the paper does not use Traditional Chinese Medicine terminology to describe the condition)","Not specified (the paper does not use Traditional Chinese Medicine terminology to describe the condition)","","","","","","","","","","","","","","","","","","","","","","",""
"https://doi.org/10.1136/aim.24.Suppl.15","Acupuncture vs Streitberger needle in knee osteoarthritis — an RCT","Osteoarthritis of the knee","Osteoarthritis of the knee","Not specified","Not specified","","","","","","","","","","","","","","","","","","","","","","",""
"https://doi.org/10.1136/aim.25.1-2.1","Acupuncture for anxiety and anxiety disorders -a systematic literature review","Anxiety and anxiety disorders (including generalized anxiety disorder and perioperative anxiety)","Anxiety and anxiety disorders (including generalized anxiety disorder and perioperative anxiety)","Not specified","Not specified","","","","","","","","","","","","","","","","","","","","","","",""
"https://doi.org/10.1136/aim.25.1-2.11","Two styles of acupuncture for treating painful diabetic neuropathy -a pilot randomised control trial","Painful diabetic neuropathy","Painful diabetic neuropathy","Not specified (the paper does not provide a specific TCM term for the condition)","Not specified (the paper does not provide a specific TCM term for the condition)","","","","","","","","","","","","","","","","","","","","","","",""
"https://doi.org/10.1136/aim.25.1-2.29","Evidence from RCTs on optimal acupuncture treatment for knee osteoarthritis--an exploratory review","Osteoarthritis of the knee","Osteoarthritis of the knee","Not specified (the paper discusses osteoarthritis of the knee from a TCM perspective but does not explicitly state the TCM terminology for the condition)","Not specified (the paper discusses osteoarthritis of the knee from a TCM perspective but does not explicitly state the TCM terminology for the condition)","","","","","","","","","","","","","","","","","","","","","","",""
"https://doi.org/10.1136/aim.26.1.17","Trigger point acupuncture for treatment of knee osteoarthritis--a preliminary RCT for a pragmatic trial","Knee Osteoarthritis","Knee Osteoarthritis","Not specified (the paper does not provide a TCM term for the condition)","Not specified (the paper does not provide a TCM term for the condition)","","","","","","","","","","","","","","","","","","","","","","",""
"https://doi.org/10.1136/aim.26.1.8","Acupuncture for irritable bowel syndrome an exploratory randomised controlled trial","Irritable Bowel Syndrome (IBS)","Irritable Bowel Syndrome (IBS)","Not specified (the paper does not provide TCM terminology for IBS)","Not specified (the paper does not provide TCM terminology for IBS)","","","","","","","","","","","","","","","","","","","","","","",""
"https://doi.org/10.1136/aim.26.2.69","A blinded randomised trial of acupuncture (manual and electroacupuncture) compared with a non-penetrating sham for the symptoms of osteoarthritis of the knee","Osteoarthritis of the knee","Osteoarthritis of the knee","Bi syndrome","Bi syndrome","","","","","","","","","","","","","","","","","","","","","","",""
"https://doi.org/10.1136/aim.26.3.171","Effects of minimal acupuncture in children with infantile colica prospective, quasi-rando mised single blind controlled trial","Infantile colic","Infantile colic","Not specified (the paper does not explicitly mention the condition in Traditional Chinese Medicine terminology)","Not specified (the paper does not explicitly mention the condition in Traditional Chinese Medicine terminology)","","","","","","","","","","","","","","","","","","","","","","",""
"https://doi.org/10.1136/bjsm.2003.009431","Effect of dry needling of gluteal muscles on straight leg raise: a randomised, placebo controlled, double blind trial","Posterior thigh pain referred from gluteal trigger points","Posterior thigh pain referred from gluteal trigger points","Not specified (the paper does not provide a TCM equivalent for the condition)","Not specified (the paper does not provide a TCM equivalent for the condition)","","","","","","","","","","","","","","","","","","","","","","",""
"https://doi.org/10.1136/bjsports-2013-092949","Acupuncture applied as a sensory discrimination training tool decreases movement-related pain in patients with chronic low back pain more than acupuncture alone: a randomised cross-over experiment","Chronic low back pain (CLBP)","Chronic low back pain (CLBP)","Not specified (the paper does not explicitly mention a TCM term for the condition)","Not specified (the paper does not explicitly mention a TCM term for the condition)","","","","","","","","","","","","","","","","","","","","","","",""
"https://doi.org/10.1136/bmj.1.6053.67","Acupuncture analgesia: an experimental investigation","Not specified (the study focuses on pain perception and acupuncture effects, not a specific disease or condition)","Experimental pain, Healthy volunteers","Not specified (the paper does not explicitly mention a specific disease or condition in TCM terminology)","Not specified (the paper does not explicitly mention a specific disease or condition in TCM terminology)","","","","","","","","","","","","","","","","","","","","","","",""
"https://doi.org/10.1136/bmj.291.6508.1538","Helping people to stop smoking: randomised comparison of groups being treated with acupuncture and nicotine gum with control group","Not specified (the paper covers multiple conditions: rubella vaccination response, smoking cessation, and eye injuries from squash)","Smoking  ","Not specified (the paper does not mention any TCM disease or condition)","Not specified (the paper does not mention any TCM disease or condition)","","","","","","","","","","","","","","","","","","","","","","",""
"https://doi.org/10.1136/bmj.293.6547.583","Traditional Chinese acupuncture: a potentially-useful antiemetic?","Perioperative nausea and vomiting","Perioperative nausea and vomiting","Not specified (the paper focuses on symptoms of nausea and vomiting rather than a specific TCM disease or condition)","Not specified (the paper focuses on symptoms of nausea and vomiting rather than a specific TCM disease or condition)","","","","","","","","","","","","","","","","","","","","","","",""
"https://doi.org/10.1136/bmj.305.6864.1249","Electroacupuncture in fibromyalgia: results of a controlled trial","Fibromyalgia","Fibromyalgia","Not specified","Not specified","","","","","","","","","","","","","","","","","","","","","","",""
"https://doi.org/10.1136/bmj.322.7302.1574","Randomised trial of acupuncture compared with conventional massage and ""sham"" laser acupuncture for treatment of chronic neck pain","Chronic neck pain","Chronic neck pain","Not specified (the paper does not provide a Traditional Chinese Medicine term for the condition)","Not specified (the paper does not provide a Traditional Chinese Medicine term for the condition)","","","","","","","","","","","","","","","","","","","","","","",""
"https://doi.org/10.1136/bmj.38029.421863.EB","Acupuncture for chronic headache in primary care: large, pragmatic, randomised trial","Chronic headache (predominantly migraine)","Chronic headache (predominantly migraine)","Not specified (the paper does not provide TCM terminology for the conditions studied)","Not specified (the paper does not provide TCM terminology for the conditions studied)","","","","","","","","","","","","","","","","","","","","","","",""
"https://doi.org/10.1136/bmj.38033.896505.eb","Cost effectiveness analysis of a randomised trial of acupuncture for chronic headache in primary care","Chronic headache (predominantly migraine)","Chronic headache (predominantly migraine)","Not specified (the paper does not provide TCM terminology for the condition)","Not specified (the paper does not provide TCM terminology for the condition)","","","","","","","","","","","","","","","","","","","","","","",""
"https://doi.org/10.1136/bmj.38238.601447.3A","Acupuncture as a complementary therapy to the pharmacological treatment of osteoarthritis of the knee: randomised controlled trial","Osteoarthritis of the knee","Osteoarthritis of the knee","Not specified (the paper does not explicitly mention a TCM condition or terminology)","Not specified (the paper does not explicitly mention a TCM condition or terminology)","","","","","","","","","","","","","","","","","","","","","","",""
"https://doi.org/10.1136/bmj.38397.507014.E0","Effects of acupuncture and stabilising exercises as adjunct to standard treatment in pregnant women with pelvic girdle pain: randomised single blind controlled trial","Pelvic girdle pain during pregnancy","Pelvic girdle pain during pregnancy","Not specified (the paper does not provide a TCM term for the condition)","Not specified (the paper does not provide a TCM term for the condition)","","","","","","","","","","","","","","","","","","","","","","",""
"https://doi.org/10.1136/bmj.38512.405440.8F","Acupuncture in patients with tension-type headache: randomised controlled trial","Tension-type headache","Tension-type headache","Not specified (the paper does not provide a TCM term for the condition)","Not specified (the paper does not provide a TCM term for the condition)","","","","","","","","","","","","","","","","","","","","","","",""
"https://doi.org/10.1136/bmj.38878.907361.7C","Randomised controlled trial of a short course of traditional acupuncture compared with usual care for persistent non-specific low back pain","Persistent non-specific low back pain","Persistent non-specific low back pain","Not specified (the paper does not provide a TCM-specific diagnosis or terminology for the condition)","Not specified (the paper does not provide a TCM-specific diagnosis or terminology for the condition)","","","","","","","","","","","","","","","","","","","","","","",""
"https://doi.org/10.1136/bmj.38932.806134.7C","A randomised controlled trial of acupuncture care for persistent low back pain: cost effectiveness analysis","Persistent non-specific low back pain","Persistent non-specific low back pain","Not specified (the paper does not provide a TCM diagnosis or description of the condition)","Not specified (the paper does not provide a TCM diagnosis or description of the condition)","","","","","","","","","","","","","","","","","","","","","","",""
"https://doi.org/10.1136/bmj.39280.509803.BE","Acupuncture as an adjunct to exercise based physiotherapy for osteoarthritis of the knee: randomised controlled trial","Osteoarthritis of the knee","Osteoarthritis of the knee","Not specified (the paper does not provide TCM terminology for the condition)","Not specified (the paper does not provide TCM terminology for the condition)","","","","","","","","","","","","","","","","","","","","","","",""
"https://doi.org/10.1136/bmj.39471.430451.BE","Effects of acupuncture on rates of pregnancy and live birth among women undergoing in vitro fertilisation: systematic review and meta-analysis","Infertility","Infertility","Not specified","Not specified","","","","","","","","","","","","","","","","","","","","","","",""
"https://doi.org/10.1136/bmj.39524.439618.25","Components of placebo effect: randomised controlled trial in patients with irritable bowel syndrome","Irritable Bowel Syndrome (IBS)","Irritable Bowel Syndrome (IBS)","Not specified (the paper does not provide TCM terminology for the condition)","Not specified (the paper does not provide TCM terminology for the condition)","","","","","","","","","","","","","","","","","","","","","","",""
"https://doi.org/10.1136/bmj.a3115","Acupuncture treatment for pain: systematic review of randomised clinical trials with acupuncture, placebo acupuncture, and no acupuncture groups","Pain (various conditions including knee osteoarthritis, tension type headache, migraine, low back pain, fibromyalgia, abdominal scar pain, postoperative pain, and procedural pain during colonoscopy)","Pain (various conditions including knee osteoarthritis, tension type headache, migraine, low back pain, fibromyalgia, abdominal scar pain, postoperative pain, and procedural pain during colonoscopy)","Not specified (the paper does not provide TCM terminology or classification for the conditions studied)","Not specified (the paper does not provide TCM terminology or classification for the conditions studied)","","","","","","","","","","","","","","","","","","","","","","",""
"https://doi.org/10.1136/bmjopen-2014-004964","Acupuncture, counselling or usual care for depression and comorbid pain: secondary analysis of a randomised controlled trial","Depression with comorbid pain","Depression with comorbid pain","Not specified (the paper does not explicitly mention TCM terminology or conditions)","Not specified (the paper does not explicitly mention TCM terminology or conditions)","","","","","","","","","","","","","","","","","","","","","","",""
"https://doi.org/10.1136/bmjopen-2014-006140","Bee venom acupuncture for rheumatoid arthritis: a systematic review of randomised clinical trials","Rheumatoid Arthritis (RA)","Rheumatoid Arthritis (RA)","Not specified (the paper does not provide a TCM term for rheumatoid arthritis)","Not specified (the paper does not provide a TCM term for rheumatoid arthritis)","","","","","","","","","","","","","","","","","","","","","","",""
"https://doi.org/10.1136/bmjopen-2014-007498","Acupuncture for treating sciatica: a systematic review protocol","Sciatica","Sciatica","Not specified (the paper does not provide TCM terminology for the condition)","Not specified (the paper does not provide TCM terminology for the condition)","","","","","","","","","","","","","","","","","","","","","","",""
"https://doi.org/10.1136/bmjopen-2017-017153","Electroacupuncture as an adjunctive therapy for motor dysfunction in acute stroke survivors: a systematic review and meta-analyses","Poststroke motor dysfunction (PSMD)","Poststroke motor dysfunction (PSMD)","Not specified","Not specified","","","","","","","","","","","","","","","","","","","","","","",""
"https://doi.org/10.1136/gut.2005.074518","G Acupuncture treatment in irritable bowel ZONLINE syndrome","Irritable Bowel Syndrome (IBS)","Irritable Bowel Syndrome (IBS)","Affection of the spleen Weakness of spleen caused by stagnation of liver qi Weakness of spleen qi Weakness of spleen and kidney","Affection of the spleen Weakness of spleen caused by stagnation of liver qi Weakness of spleen qi Weakness of spleen and kidney","","","","","","","","","","","","","","","","","","","","","","",""
"https://doi.org/10.1136/gut.35.8.1026","Acupuncture inhibits vagal gastric acid secretion stimulated by sham feeding in healthy subjects","Gastric acid secretion","Gastric acid secretion","Not specified (the paper focuses on physiological responses rather than a specific TCM disease or condition)","Not specified (the paper focuses on physiological responses rather than a specific TCM disease or condition)","","","","","","","","","","","","","","","","","","","","","","",""
"https://doi.org/10.1136/hrt.2009.187930","Acupuncture improves exercise tolerance of patients with heart failure: a placebo-controlled pilot study","Congestive heart failure (CHF)","Congestive heart failure (CHF)","Not specified (the paper does not explicitly state a TCM term for the condition)","Not specified (the paper does not explicitly state a TCM term for the condition)","","","","","","","","","","","","","","","","","","","","","","",""
"https://doi.org/10.1136/jnnp.2003.021485","Randomised control trial of tongue acupuncture versus sham acupuncture in improving functional outcome in cerebral. palsy","Cerebral Palsy (CP)","Cerebral Palsy (CP)","Not specified (the paper does not provide a specific TCM term for cerebral palsy)","Not specified (the paper does not provide a specific TCM term for cerebral palsy)","","","","","","","","","","","","","","","","","","","","","","",""
"https://doi.org/10.1136/jnnp.47.4.333","Acupuncture versus medical treatment for migraine and muscle tension headaches","Migraine and muscle tension headaches","Migraine and muscle tension headaches","Not specified (the paper does not mention TCM terminology for the conditions studied)","Not specified (the paper does not mention TCM terminology for the conditions studied)","","","","","","","","","","","","","","","","","","","","","","",""
"https://doi.org/10.1136/tc.8.4.393","A meta-analysis of acupuncture techniques for smoking cessation","Smoking cessation","Smoking cessation","Not specified (the paper does not explicitly mention any Traditional Chinese Medicine terminology for the condition)","Not specified (the paper does not explicitly mention any Traditional Chinese Medicine terminology for the condition)","","","","","","","","","","","","","","","","","","","","","","",""
"https://doi.org/10.1136/thx.46.11.799","Acupuncture and asthma: a review of controlled trials","Asthma","Asthma","Not specified","Not specified","","","","","","","","","","","","","","","","","","","","","","",""
"https://doi.org/10.1142/S0192415X00000052","Effect of Acupuncture on Pain Management in Patients Before and After Lumbar Disc Protrusion Surgery -A Randomized Control Study","Lumbar Disc Protrusion","Lumbar Disc Protrusion","Not specified (the paper does not provide a TCM term for the condition)","Not specified (the paper does not provide a TCM term for the condition)","","","","","","","","","","","","","","","","","","","","","","",""
"https://doi.org/10.1142/S0192415X01000228","The Analgesic Efficacy of Bee Venom Acupuncture for Knee Osteoarthritis: A Comparative Study with Needle Acupuncture","Knee Osteoarthritis (OA)","Knee Osteoarthritis (OA)","Bi syndrome","Bi syndrome","","","","","","","","","","","","","","","","","","","","","","",""
"https://doi.org/10.1142/S0192415X02000028","A Controlled Trial on Acupuncture for Chronic Neck Pain","Chronic Neck Pain (CNP)","Chronic Neck Pain (CNP)","Chronic neck pain (CNP) Painful obstruction syndrome; Excess pattern: soreness and pain in joints; Deficiency pattern: prolonged neck ache, stiffness","Chronic neck pain (CNP) Painful obstruction syndrome; Excess pattern: soreness and pain in joints; Deficiency pattern: prolonged neck ache, stiffness","","","","","","","","","","","","","","","","","","","","","","",""
"https://doi.org/10.1142/S0192415X0200020X","Effect of Acupuncture in the Treatment of Seasonal Allergic Rhinitis: A Randomized Controlled Clinical Trial","Seasonal Allergic Rhinitis (SAR)","Seasonal Allergic Rhinitis (SAR)","Lung Qi Deficiency, Spleen Qi Deficiency, Kidney Qi Deficiency","Lung Qi Deficiency, Spleen Qi Deficiency, Kidney Qi Deficiency","","","","","","","","","","","","","","","","","","","","","","",""
"https://doi.org/10.1142/S0192415X02000363","The Effect of Acupuncture on the Coronary Arteries as Evaluated by Coronary Angiography: A Preliminary Report","Angina pectoris","Angina pectoris","Not specified (the paper does not explicitly mention a TCM disease or condition)","Not specified (the paper does not explicitly mention a TCM disease or condition)","","","","","","","","","","","","","","","","","","","","","","",""
"https://doi.org/10.1142/S0192415X03001077","Antispastic Effect of Electroacupuncture and Moxibustion in Stroke Patients","Spasticity due to stroke","Spasticity due to stroke","Not specified (the paper does not provide a TCM term for the condition)","Not specified (the paper does not provide a TCM term for the condition)","","","","","","","","","","","","","","","","","","","","","","",""
"https://doi.org/10.1142/S0192415X03001156","Clinical Observations on Postoperative Vomiting Treated by Auricular Acupuncture","Postoperative nausea and vomiting (PONV)","Postoperative nausea and vomiting (PONV)","Not specified (the paper does not explicitly mention a TCM term for the condition)","Not specified (the paper does not explicitly mention a TCM term for the condition)","","","","","","","","","","","","","","","","","","","","","","",""
"https://doi.org/10.1142/S0192415X04001813","The Effect of Acupuncture on Allergic Rhinitis: A Randomized Controlled Clinical Trial","Allergic rhinitis","Allergic rhinitis","Not specified (the paper does not provide the condition in Traditional Chinese Medicine terminology)","Not specified (the paper does not provide the condition in Traditional Chinese Medicine terminology)","","","","","","","","","","","","","","","","","","","","","","",""
"https://doi.org/10.1142/S0192415X04002363","Needling of the Extra 1 Point Decreases BIS Values and Preoperative Anxiety","Not specified (the study focuses on preoperative anxiety rather than a specific Western medical condition or disease)","Preoperative Anxiety","Not specified (the paper does not explicitly state a TCM disease or condition, but it implies a focus on anxiety related to the concept of ""Shen"")","Not specified (the paper does not explicitly state a TCM disease or condition, but it implies a focus on anxiety related to the concept of ""Shen"")","","","","","","","","","","","","","","","","","","","","","","",""
"https://doi.org/10.1142/S0192415X04002399","Intradermal Acupuncture on Shen-Men and Nei-Kuan Acupoints in Patients With Insomnia After Stroke","Insomnia after stroke","Insomnia after stroke","Not specified (the paper does not explicitly state the condition in Traditional Chinese Medicine terminology)","Not specified (the paper does not explicitly state the condition in Traditional Chinese Medicine terminology)","","","","","","","","","","","","","","","","","","","","","","",""
"10.1142/S0192415X0500293X","Deqi Sensation Between the Acupuncture Experienced and the Naïve: A Korean Study II","Not specified","Not specified","Not specified","Not specified","DOI link corrected","","","","","","","","","","","","","","","","","","","","","",""
"https://doi.org/10.1142/S0192415X0600376X","A Clinical Study of Acupuncture and SSP (Silver Spike Point) Electro-th erapy for Dry Eye Syndrome","Dry eye syndrome","Dry eye syndrome","Not specified (the paper does not provide a TCM term for dry eye syndrome)","Not specified (the paper does not provide a TCM term for dry eye syndrome)","","","","","","","","","","","","","","","","","","","","","","",""
"https://doi.org/10.1142/S0192415X06003941","Acupuncture for Diagnostic Fiberoptic Bronchoscopy: A Prospective, Randomized, Placebo-Controlled Study","Not specified (the paper focuses on procedural anxiety and discomfort during FBS rather than a specific disease or condition)","Fiberoptic Bronchoscopy","Not specified (the paper does not explicitly mention a TCM disease or condition)","Not specified (the paper does not explicitly mention a TCM disease or condition)","","","","","","","","","","","","","","","","","","","","","","",""
"https://doi.org/10.1142/S0192415X06004272","A Study on the Clinical Effects of Physical Therapy and Acupuncture to Treat Spontaneous Frozen Shoulder","Frozen shoulder","Frozen shoulder","Not specified (the paper does not provide a specific TCM term for the condition)","Not specified (the paper does not provide a specific TCM term for the condition)","","","","","","","","","","","","","","","","","","","","","","",""
"https://doi.org/10.1142/S0192415X07004758","Crossover Clinical Trial to Determine the Effect of Manual Acupuncture at Siguan Points (Bilateral LI4 and LR3) on Intestinal Motility in Healthy Subjects","Not specified (the study focuses on normal intestinal motility in healthy subjects rather than a specific disease or condition)","Healthy volunteers","Not specified (the paper does not explicitly mention a specific disease or condition in TCM terminology)","Not specified (the paper does not explicitly mention a specific disease or condition in TCM terminology)","","","","","","","","","","","","","","","","","","","","","","",""
"https://doi.org/10.1142/S0192415X0700476X","Evaluation of Scalp and Auricular Acupuncture on EEG, HRV, and PRV","Not specified (the paper does not focus on a specific Western medical condition or disease)","Not specified","Not specified (the paper does not explicitly state a primary medical condition or disease being studied according to TCM terminology)","Not specified (the paper does not explicitly state a primary medical condition or disease being studied according to TCM terminology)","","","","","","","","","","","","","","","","","","","","","","",""
"https://doi.org/10.1142/S0192415X08005540","A Systematic Review of Acupuncture and Moxibustion Treatment for Chronic Fatigue Syndrome in China","Chronic Fatigue Syndrome (CFS)","Chronic Fatigue Syndrome (CFS)","Not specified (the paper does not provide a specific TCM disease or condition name for CFS)","Not specified (the paper does not provide a specific TCM disease or condition name for CFS)","","","","","","","","","","","","","","","","","","","","","","",""
"https://doi.org/10.1142/S0192415X09006989","Effects of Acupuncture Stimulation on Recovery Ability of Male Elite Basketball Athletes","Muscle fatigue","Muscle fatigue","Not specified (the paper discusses muscle fatigue in terms of TCM principles but does not specify a traditional TCM disease or condition)","Not specified (the paper discusses muscle fatigue in terms of TCM principles but does not specify a traditional TCM disease or condition)","","","","","","","","","","","","","","","","","","","","","","",""
"https://doi.org/10.1142/S0192415X09006990","Acupuncture Stimulation Improves Balance Function in Stroke Patients: A Single-Blinded Controlled, Randomized Study","Stroke","Stroke","Not specified (the paper does not explicitly mention a TCM term for the condition)","Not specified (the paper does not explicitly mention a TCM term for the condition)","","","","","","","","","","","","","","","","","","","","","","",""
"https://doi.org/10.1142/S0192415X09007314","A Six-Week Acupoint Stimulation Intervention for Quitting Smoking","Nicotine addiction/smoking cessation","Nicotine addiction/smoking cessation","Not specified (the paper does not explicitly mention a TCM disease or condition)","Not specified (the paper does not explicitly mention a TCM disease or condition)","","","","","","","","","","","","","","","","","","","","","","",""
"https://doi.org/10.1142/S0192415X09007466","Observation of Sympathomimetic Effect of Ear Acupuncture Stimulation for Body Weight Reduction","Obesity","Obesity","Not specified (the paper does not explicitly mention the TCM term for obesity)","Not specified (the paper does not explicitly mention the TCM term for obesity)","","","","","","","","","","","","","","","","","","","","","","",""
"https://doi.org/10.1142/S0192415X09007624","Intradermal Acupuncture on Shen-Men and Nei-Kuan Acupoints Improves Insomnia in Stroke Patients by Reducing the Sympathetic Nervous Activity: A Randomized Clinical Trial","Insomnia after stroke","Insomnia after stroke","Not specified (the paper does not explicitly state the TCM disease or condition name)","Not specified (the paper does not explicitly state the TCM disease or condition name)","","","","","","","","","","","","","","","","","","","","","","",""
"https://doi.org/10.1142/S0192415X10008111","Manage Migraine with Acupuncture: A Review of Acupuncture Protocols in Randomized Controlled Trials","Migraine","Migraine","Migraine is categorized as the disease of Shaoyang meridian.","Migraine is categorized as the disease of Shaoyang meridian.","","","","","","","","","","","","","","","","","","","","","","",""
"https://doi.org/10.1142/S0192415X10008159","Electrical Acupoint Stimulation Changes Body Composition and the Meridian Systems in Postmenopausal Women with Obesity","Obesity in postmenopausal women","Obesity in postmenopausal women","Obesity with splenic and renal asthenia and hepatic stagnation","Obesity with splenic and renal asthenia and hepatic stagnation","","","","","","","","","","","","","","","","","","","","","","",""
"https://doi.org/10.1142/s0192415x10008299","The Therapeutic Effects of Acupuncture on Patients with Chronic Neck Myofascial Pain Syndrome: A Single-Blind Randomized Controlled Trial","Chronic neck myofascial pain syndrome (MPS)","Chronic neck myofascial pain syndrome (MPS)","Not specified (the paper does not provide a TCM term for the condition)","Not specified (the paper does not provide a TCM term for the condition)","","","","","","","","","","","","","","","","","","","","","","",""
"https://doi.org/10.1142/S0192415X11008920","Acupuncture in Obstetrics and Gynecology: An Overview of Systematic Reviews","- Hot flashes - Conception - Dysmenorrhea - Premenstrual syndrome - Nausea/vomiting - Breech presentation - Back pain during pregnancy - Procedural pain","- Hot flashes - Conception - Dysmenorrhea - Premenstrual syndrome - Nausea/vomiting - Breech presentation - Back pain during pregnancy - Procedural pain","Not specified (the paper does not explicitly mention conditions in Traditional Chinese Medicine terminology)","Not specified (the paper does not explicitly mention conditions in Traditional Chinese Medicine terminology)","","","","","","","","","","","","","","","","","","","","","","",""
"https://doi.org/10.1142/S0192415X12500516","Acupuncture Intervention in Ischemic Stroke: A Randomized Controlled Prospective Study","Acute ischemic stroke","Acute ischemic stroke","Not specified (the paper does not provide a TCM term for the condition)","Not specified (the paper does not provide a TCM term for the condition)","","","","","","","","","","","","","","","","","","","","","","",""
"https://doi.org/10.1142/S0192415X12500863","Efficacy of Electro-Acupuncture in Chronic Plantar Fasciitis: A Randomized Controlled Trial","Chronic plantar fasciitis","Chronic plantar fasciitis","Not specified (the paper does not provide a TCM equivalent or description for chronic plantar fasciitis)","Not specified (the paper does not provide a TCM equivalent or description for chronic plantar fasciitis)","","","","","","","","","","","","","","","","","","","","","","",""
"https://doi.org/10.1142/S0192415X13500018","Acupuncture for Chronic Low Back Pain in Long-Term Follow-Up: A Meta-Analysis of 13 Randomized Controlled Trials","Chronic low back pain","Chronic low back pain","Not specified (the paper does not provide a specific TCM term or diagnosis for chronic low back pain)","Not specified (the paper does not provide a specific TCM term or diagnosis for chronic low back pain)","","","","","","","","","","","","","","","","","","","","","","",""
"https://doi.org/10.1142/S0192415X13500225","The Influence of Electro-Acupuncture Stimulation to Female Constipation Patients","Constipation","Constipation","Not specified (the paper does not explicitly state the TCM disease or condition)","Not specified (the paper does not explicitly state the TCM disease or condition)","","","","","","","","","","","","","","","","","","","","","","",""
"https://doi.org/10.1142/S0192415X13500493","Efficacy of Acupuncture for Chronic Constipation: A Systematic Review","Chronic functional constipation","Chronic functional constipation","Not specified (the paper does not explicitly mention a TCM term for the condition)","Not specified (the paper does not explicitly mention a TCM term for the condition)","","","","","","","","","","","","","","","","","","","","","","",""
"https://doi.org/10.1142/S0192415X13500651","Efficacy of Integrated Rehabilitation Techniques of Traditional Chinese Medicine for Ischemic Stroke: A Randomized Controlled Trial","Ischemic stroke","Ischemic stroke","Not specified (the paper does not provide a specific TCM term for the condition)","Not specified (the paper does not provide a specific TCM term for the condition)","","","","","","","","","","","","","","","","","","","","","","",""
"https://doi.org/10.1142/S0192415X14500190","Wrist-Ankle Acupuncture for Pain After Transcatheter Arterial Chemoembolization in Patients with Liver Cancer: A Randomized Controlled Trial","Primary liver cancer (PLC) with post-TACE pain","Primary liver cancer (PLC) with post-TACE pain","Not specified (the paper does not explicitly mention a TCM term for the condition or symptom)","Not specified (the paper does not explicitly mention a TCM term for the condition or symptom)","","","","","","","","","","","","","","","","","","","","","","",""
"https://doi.org/10.1142/S0192415X14500682","Electro-Acupuncture Decreases Postoperative Pain and Improves Recovery in Patients Undergoing a Supratentorial Craniotomy","Supratentorial tumor resection","Supratentorial tumor resection","Not specified (the paper does not explicitly mention a TCM disease or condition)","Not specified (the paper does not explicitly mention a TCM disease or condition)","","","","","","","","","","","","","","","","","","","","","","",""
"https://doi.org/10.1142/S0192415X14500815","Analgesic Effect of Manual Acupuncture and Laser Acupuncture for Lateral Epicondylalgia: A Systematic Review and Meta-Analysis","Lateral epicondylalgia (Tennis elbow)","Lateral epicondylalgia (Tennis elbow)","Lateral Epicondylalgia (Heat Bi or Cold Bi)","Lateral Epicondylalgia (Heat Bi or Cold Bi)","","","","","","","","","","","","","","","","","","","","","","",""
"https://doi.org/10.1142/S0192415X15500883","Electroacupuncture for Acute Ischemic Stroke: A Meta-Analysis of Randomized Controlled Trials","Acute ischemic stroke","Acute ischemic stroke","Not specified (the paper does not provide a TCM term for the condition)","Not specified (the paper does not provide a TCM term for the condition)","","","","","","","","","","","","","","","","","","","","","","",""
"https://doi.org/10.1142/S0192415X1750015X","Acupuncture and Lifestyle Modification Treatment for Obesity: A Meta-Analysis","Obesity","Obesity","Not specified (the paper does not specify a TCM syndrome or disease/condition related to obesity)","Not specified (the paper does not specify a TCM syndrome or disease/condition related to obesity)","","","","","","","","","","","","","","","","","","","","","","",""
"https://doi.org/10.1142/S0192415X17500859","Effectiveness of Acupuncture and Electroacupuncture for Chronic Neck Pain: A Systematic Review and Meta-Analysis","Chronic neck pain","Chronic neck pain","Not specified","Not specified","","","","","","","","","","","","","","","","","","","","","","",""
"https://doi.org/10.1142/s0192415x75000177","Effect of Acupuncture on Pain Threshold and Pain Tolerance Determined by Electrical Stimulation of the Skin: A Controlled Study","Pain","Pain","Not specified (the paper focuses on pain threshold and tolerance rather than a specific TCM disease or condition)","Not specified (the paper focuses on pain threshold and tolerance rather than a specific TCM disease or condition)","","","","","","","","","","","","","","","","","","","","","","",""
"https://doi.org/10.1142/s0192415x80000141","The Acupuncture Treatment of Low Back Pain: A Randomized Controlled Study","Low back pain","Low back pain","Not specified (the paper does not provide a specific TCM term or diagnosis for low back pain)","Not specified (the paper does not provide a specific TCM term or diagnosis for low back pain)","","","","","","","","","","","","","","","","","","","","","","",""
"https://doi.org/10.1142/s0192415x81000305","Comparison Study Between Acupuncture and Pentazocine Analgesic and Respiratory Post-operative Effects","Uterine fibromatosis","Uterine fibromatosis","Not specified (the paper does not mention any Traditional Chinese Medicine condition or disease)","Not specified (the paper does not mention any Traditional Chinese Medicine condition or disease)","","","","","","","","","","","","","","","","","","","","","","",""
"https://doi.org/10.1142/s0192415x81000433","The Acupuncture Treatment of Neck Pain: A Randomized Controlled Study","Chronic neck pain (cervical spine pain syndromes)","Chronic neck pain (cervical spine pain syndromes)","Not specified (the paper does not provide a TCM equivalent for the conditions being studied)","Not specified (the paper does not provide a TCM equivalent for the conditions being studied)","","","","","","","","","","","","","","","","","","","","","","",""
"https://doi.org/10.1142/S0192415X84000088","A Comparative Study of the Pain Alleviating Effect of Vibratory Stimulation, Transcutaneous Electrical Nerve Stimulation, Electroacupuncture and Placebo","Myalgia","Myalgia","Not specified (the paper does not provide a TCM diagnosis or terminology for the condition)","Not specified (the paper does not provide a TCM diagnosis or terminology for the condition)","","","","","","","","","","","","","","","","","","","","","","",""
"https://doi.org/10.1142/S0192415X91000156","A Comparative Study of Diazepam and Acupuncture in Patients with Osteoarthritis Pain: A Placebo Controlled Study","Osteoarthritis (chronic cervical osteoarthritis)","Osteoarthritis (chronic cervical osteoarthritis)","Not specified (the paper does not provide a TCM-specific term for the condition)","Not specified (the paper does not provide a TCM-specific term for the condition)","","","","","","","","","","","","","","","","","","","","","","",""
"https://doi.org/10.1142/S0192415X97000044","A Clinical Study on Physiological Response in Electroacupuncture Analgesia and Meperidine Analgesia for Colonoscopy","Not specified (the paper focuses on pain relief during colonoscopy, not a specific disease or condition)","Colonoscopy","Not specified (the paper does not explicitly mention a TCM condition)","Not specified (the paper does not explicitly mention a TCM condition)","","","","","","","","","","","","","","","","","","","","","","",""
"https://doi.org/10.1142/S0192415X97000044","A Study in the Effectiveness of Acupuncture Analgesia for Colonoscopic Examination Compared with Conventional Premedication","Not specified (the primary focus is on the procedure of colonoscopy rather than a specific Western medical condition)","Colonoscopy","Not specified (the paper does not explicitly mention a primary medical condition, disease, or symptom in Traditional Chinese Medicine terminology)","Not specified (the paper does not explicitly mention a primary medical condition, disease, or symptom in Traditional Chinese Medicine terminology)","","","","","","","","","","","","","","","","","","","","","","",""
"https://doi.org/10.1142/S0192415X99000045","The Effect of Auricular Acupuncture on Olfactory Acuity","Not specified (the paper focuses on olfactory acuity and sensitivity in healthy volunteers)","Experimental sensitivity","Not specified (the paper does not explicitly mention a TCM disease or condition)","Not specified (the paper does not explicitly mention a TCM disease or condition)","","","","","","","","","","","","","","","","","","","","","","",""
"https://doi.org/10.1152/ajpendo.00039.2013","Acupuncture for ovulation induction in polycystic ovary syndrome: a randomized controlled trial","Polycystic Ovary Syndrome (PCOS)","Polycystic Ovary Syndrome (PCOS)","Not specified (the paper does not explicitly translate PCOS into Traditional Chinese Medicine terminology)","Not specified (the paper does not explicitly translate PCOS into Traditional Chinese Medicine terminology)","","","","","","","","","","","","","","","","","","","","","","",""
"https://doi.org/10.1152/ajpendo.00495.2010","Impact of electro-acupuncture and physical exercise on hyperandrogenism and oligo/amenorrhea in women with polycystic ovary syndrome: a randomized controlled trial","Polycystic Ovary Syndrome (PCOS)","Polycystic Ovary Syndrome (PCOS)","Not specified (the paper does not mention any Traditional Chinese Medicine terminology or conditions)","Not specified (the paper does not mention any Traditional Chinese Medicine terminology or conditions)","","","","","","","","","","","","","","","","","","","","","","",""
"https://doi.org/10.1152/ajpregu.00197.2009","Low-frequency electroacupuncture and physical exercise decrease high muscle sympathetic nerve activity in polycystic ovary syndrome","Polycystic ovary syndrome (PCOS)","Polycystic ovary syndrome (PCOS)","Not specified (the paper does not explicitly mention TCM terminology for PCOS)","Not specified (the paper does not explicitly mention TCM terminology for PCOS)","","","","","","","","","","","","","","","","","","","","","","",""
"https://doi.org/10.1155/2011/301767","Does Acupuncture Improve Quality of Life for Patients with Pain Associated with the Spine? A Systematic Review","Pain associated with the spine (PAWS)","Pain associated with the spine (PAWS)","Not specified (the paper does not explicitly mention a TCM term for the condition)","Not specified (the paper does not explicitly mention a TCM term for the condition)","","","","","","","","","","","","","","","","","","","","","","",""
"https://doi.org/10.1155/2012/309762","Acupuncture in the Inpatient Acute Care Setting: A Pragmatic, Randomized Control Trial","Not specified (the study includes a variety of conditions without focusing on a single primary medical condition)","Hospital","Not specified","Not specified","","","","","","","","","","","","","","","","","","","","","","",""
"https://doi.org/10.1155/2012/480950","Scalp Acupuncture for Acute Ischemic Stroke: A Meta-Analysis of Randomized Controlled Trials","Acute ischemic stroke","Acute ischemic stroke","Not specified (the paper does not provide a TCM term for the condition)","Not specified (the paper does not provide a TCM term for the condition)","","","","","","","","","","","","","","","","","","","","","","",""
"https://doi.org/10.1155/2012/679845","Acupuncture for Treatment of Autism Spectrum Disorders","Autism Spectrum Disorders","Autism Spectrum Disorders","Not specified (the paper discusses TCM syndromes related to ASD but does not explicitly state a primary TCM disease or condition)","Not specified (the paper discusses TCM syndromes related to ASD but does not explicitly state a primary TCM disease or condition)","","","","","","","","","","","","","","","","","","","","","","",""
"https://doi.org/10.1155/2013/125937","Standardized versus Individualized Acupuncture for Chronic Low Back Pain: A Randomized Controlled Trial","Chronic low back pain","Chronic low back pain","Not specified (the paper does not explicitly state the TCM disease or condition)","Not specified (the paper does not explicitly state the TCM disease or condition)","","","","","","","","","","","","","","","","","","","","","","",""
"https://doi.org/10.1155/2013/169184","Acupuncture for Anxiety in Lactating Mothers with Preterm Infants: A Randomized Controlled Trial","Anxiety","Anxiety","Not specified","Not specified","","","","","","","","","","","","","","","","","","","","","","",""
"https://doi.org/10.1155/2013/219817","Objectifying Acupuncture Effects by Lung Function and Numeric Rating Scale in Patients Undergoing Heart Surgery","Poststernotomy pain","Poststernotomy pain","Primary condition: Poststernotomy pain and impaired lung function TCM terms: Xue stasis, post-traumatic algor, syndrome of the closing principle, yin deficiency","Primary condition: Poststernotomy pain and impaired lung function TCM terms: Xue stasis, post-traumatic algor, syndrome of the closing principle, yin deficiency","","","","","","","","","","","","","","","","","","","","","","",""
"https://doi.org/10.1155/2013/313751","Reducing vasomotor symptoms with acupuncture in breast cancer patients treated with adjuvant tamoxifen- a randomized controlled trial","Not applicable (the study is conducted on healthy volunteers without a specific disease or condition)","Not applicable (the study is conducted on healthy volunteers without a specific disease or condition)","Not specified (the paper focuses on vision-related acupoints but does not specify a particular TCM disease or condition)","Not specified (the paper focuses on vision-related acupoints but does not specify a particular TCM disease or condition)","","","","","","","","","","","","","","","","","","","","","","",""
"https://doi.org/10.1155/2013/364216","Acupuncture for Spinal Cord Injury and Its Complications: A Systematic Review and Meta-Analysis of Randomized Controlled Trials","Spinal Cord Injury (SCI) and its complications: functional recovery, bladder dysfunction, and pain control","Spinal Cord Injury (SCI) and its complications: functional recovery, bladder dysfunction, and pain control","Not specified (the paper does not explicitly mention a specific TCM disease or condition)","Not specified (the paper does not explicitly mention a specific TCM disease or condition)","","","","","","","","","","","","","","","","","","","","","","",""
"https://doi.org/10.1155/2013/493038","Acupuncture or Acupressure at the Sanyinjiao (SP6) Acupoint for the Treatment of Primary Dysmenorrhea: A Meta-Analysis","Primary dysmenorrhea","Primary dysmenorrhea","Not specified (the paper does not explicitly mention the TCM term for the condition)","Not specified (the paper does not explicitly mention the TCM term for the condition)","","","","","","","","","","","","","","","","","","","","","","",""
"https://doi.org/10.1155/2013/615857","Acupuncture for Posttraumatic Stress Disorder: A Systematic Review of Randomized Controlled Trials and Prospective Clinical Trials","Posttraumatic Stress Disorder (PTSD)","Posttraumatic Stress Disorder (PTSD)","Not specified (the paper does not provide a TCM-specific term for PTSD)","Not specified (the paper does not provide a TCM-specific term for PTSD)","","","","","","","","","","","","","","","","","","","","","","",""
"https://doi.org/10.1155/2013/808971","Hypothalamus-Related Resting Brain Network Underlying Short-Term Acupuncture Treatment in Primary Hypertension","Hypertension","Hypertension","Not specified (the paper does not explicitly mention TCM terminology for the condition)","Not specified (the paper does not explicitly mention TCM terminology for the condition)","","","","","","","","","","","","","","","","","","","","","","",""
"https://doi.org/10.1155/2013/969032","Sleep Ameliorating Effects of Acupuncture in a Psychiatric Population","Schizophrenia and Depression","Schizophrenia and Depression","Not specified (the paper does not explicitly mention TCM terminology for the conditions)","Not specified (the paper does not explicitly mention TCM terminology for the conditions)","","","","","","","","","","","","","","","","","","","","","","",""
"https://doi.org/10.1155/2013/969824","Electroacupuncture and Rosiglitazone Combined Therapy as a Means of Treating Insulin Resistance and Type 2 Diabetes Mellitus: A Randomized Controlled Trial","Type 2 diabetes mellitus (T2DM)","Type 2 diabetes mellitus (T2DM)","Not specified (the paper does not explicitly state the TCM terminology for the condition being studied)","Not specified (the paper does not explicitly state the TCM terminology for the condition being studied)","","","","","","","","","","","","","","","","","","","","","","",""
"https://doi.org/10.1155/2014/103491","An fMRI Study of Neuronal Specificity in Acupuncture: The Multiacupoint Siguan and Its Sham Point","Not specified (the paper mentions gastrointestinal and neurological disorders but does not specify a particular Western medical condition or disease)","Healthy volunteers","Gastrointestinal and neurological disorders","","checked","","","","","","","","","","","","","","","","","","","","","",""
"https://doi.org/10.1155/2014/194047","Randomized Controlled Trials on Complementary and Traditional Medicine in the Korean Literature","Musculoskeletal conditions","Musculoskeletal conditions","Not specified (the paper does not explicitly mention any disease or condition in Traditional Chinese Medicine terminology)","Not specified (the paper does not explicitly mention any disease or condition in Traditional Chinese Medicine terminology)","","","","","","","","","","","","","","","","","","","","","","",""
"https://doi.org/10.1155/2014/217397","Effects of Acupuncture on Leucopenia, Neutropenia, NK, and B Cells in Cancer Patients: A Randomized Pilot Study","Colorectal cancer (CRC)","Colorectal cancer (CRC)","Not specified (the paper does not explicitly state a TCM disease or condition term for CRC or the immune system dysfunction)","Not specified (the paper does not explicitly state a TCM disease or condition term for CRC or the immune system dysfunction)","","","","","","","","","","","","","","","","","","","","","","",""
"https://doi.org/10.1155/2014/261709","Wrist-Ankle Acupuncture for the Treatment of Pain Symptoms: A Systematic Review and Meta-Analysis","Pain symptoms (various conditions including root pain in lumbar disc prolapse, acute lumbago, chronic neck pain, herpes zoster, postherpetic neuralgia, pain after knee arthroplasty, and middle-late liver cancer pain)","Pain symptoms (various conditions including root pain in lumbar disc prolapse, acute lumbago, chronic neck pain, herpes zoster, postherpetic neuralgia, pain after knee arthroplasty, and middle-late liver cancer pain)","Not specified (the paper focuses on pain symptoms without specifying a TCM disease or condition)","Not specified (the paper focuses on pain symptoms without specifying a TCM disease or condition)","","","","","","","","","","","","","","","","","","","","","","",""
"https://doi.org/10.1155/2014/279478","Acupuncture for Essential Hypertension: A Meta-Analysis of Randomized Sham-Controlled Clinical Trials","Essential Hypertension","Essential Hypertension","Not specified (the paper describes TCM principles related to hypertension but does not specify a primary TCM disease or condition name)","Not specified (the paper describes TCM principles related to hypertension but does not specify a primary TCM disease or condition name)","","","","","","","","","","","","","","","","","","","","","","",""
"https://doi.org/10.1155/2014/313549","Efficacy of Acupuncture for Psychological Symptoms Associated with Opioid Addiction: A Systematic Review and Meta-Analysis","Opioid addiction with psychological symptoms (anxiety and depression)","Opioid addiction with psychological symptoms (anxiety and depression)","Not specified (the paper does not explicitly mention a TCM condition or disease)","Not specified (the paper does not explicitly mention a TCM condition or disease)","","","","","","","","","","","","","","","","","","","","","","",""
"https://doi.org/10.1155/2014/329746","Can Tongue Acupuncture Enhance Body Acupuncture? First Results from Heart Rate Variability and Clinical Scores in Patients with Depression","Depression","Depression","Not specified (the paper does not provide a specific TCM term for depression)","Not specified (the paper does not provide a specific TCM term for depression)","","","","","","","","","","","","","","","","","","","","","","",""
"https://doi.org/10.1155/2014/592319","An Evaluation of Electroacupuncture at the Weizhong Acupoint (BL-40) as a Means of Relieving Pain Induced by Extracorporeal Shock Wave Lithotripsy","Urolithiasis (kidney stones)","Urolithiasis (kidney stones)","Not specified (the paper does not explicitly state a TCM term for the condition)","Not specified (the paper does not explicitly state a TCM term for the condition)","","","","","","","","","","","","","","","","","","","","","","",""
"https://doi.org/10.1155/2014/802134","Acupuncture for Preventing Complications after Radical Hysterectomy: A Randomized Controlled Clinical Trial","Postoperative complications after radical hysterectomy, specifically bladder dysfunction and urinary tract infections","Postoperative complications after radical hysterectomy, specifically bladder dysfunction and urinary tract infections","Not specified (the paper does not explicitly mention TCM terminology for the disease or condition)","Not specified (the paper does not explicitly mention TCM terminology for the disease or condition)","","","","","","","","","","","","","","","","","","","","","","",""
"https://doi.org/10.1155/2014/850367","Efficacy of Acupuncture in Reducing Preoperative Anxiety: A Meta-Analysis","Preoperative anxiety","Preoperative anxiety","Not specified (the paper does not provide a TCM-specific term for the condition being studied)","Not specified (the paper does not provide a TCM-specific term for the condition being studied)","","","","","","","","","","","","","","","","","","","","","","",""
"https://doi.org/10.1155/2014/870271","Acupuncture for Treating Whiplash Associated Disorder: A Systematic Review of Randomised Clinical Trials","Whiplash Associated Disorder (WAD)","Whiplash Associated Disorder (WAD)","Not specified (the paper does not provide a TCM-specific diagnosis or condition name for whiplash associated disorder)","Not specified (the paper does not provide a TCM-specific diagnosis or condition name for whiplash associated disorder)","","","","","","","","","","","","","","","","","","","","","","",""
"https://doi.org/10.1155/2014/934670","Efficacy of Auricular Therapy for Pain Management: A Systematic Review and Meta-Analysis","Pain management for various conditions including dysmenorrhea, postoperative pain, hip fracture, low back pain, and bone marrow aspiration.","Pain management for various conditions including dysmenorrhea, postoperative pain, hip fracture, low back pain, and bone marrow aspiration.","Not specified (the paper does not provide specific TCM terminology for the conditions being studied)","Not specified (the paper does not provide specific TCM terminology for the conditions being studied)","","","","","","","","","","","","","","","","","","","","","","",""
"https://doi.org/10.1155/2015/143858","Acupuncture Therapy Is More Effective Than Artificial Tears for Dry Eye Syndrome: Evidence Based on a Meta-Analysis","Dry eye syndrome","Dry eye syndrome","Not specified (the paper does not provide a TCM term for the condition)","Not specified (the paper does not provide a TCM term for the condition)","","","","","","","","","","","","","","","","","","","","","","",""
"https://doi.org/10.1155/2015/152086","Is Skin-Touch Sham Needle Not Placebo? A Double-Blind Crossover Study on Pain Alleviation","Pain","Pain","Not specified (the paper does not explicitly mention a specific TCM disease or condition)","Not specified (the paper does not explicitly mention a specific TCM disease or condition)","","","","","","","","","","","","","","","","","","","","","","",""
"https://doi.org/10.1155/2015/192808","The Efficacy of Acupuncture for the Treatment of Sciatica: A Systematic Review and Meta-Analysis","Sciatica","Sciatica","Bi syndrome (Bi Zheng)","Bi syndrome (Bi Zheng)","","","","","","","","","","","","","","","","","","","","","","",""
"https://doi.org/10.1155/2015/208690","Efficacy of Acupuncture in Itch: A Systematic Review and Meta-Analysis of Clinical Randomized Controlled Trials","Itch (pruritus)","Itch (pruritus)","Not specified","Not specified","","","","","","","","","","","","","","","","","","","","","","",""
"https://doi.org/10.1155/2015/328196","Acupuncture for Low Back Pain: An Overview of Systematic Reviews","Low back pain (LBP)","Low back pain (LBP)","Not specified","Not specified","","","","","","","","","","","","","","","","","","","","","","",""
"https://doi.org/10.1155/2015/425108","Effectiveness of Acupuncture for Treating Sciatica: A Systematic Review and Meta-Analysis","Sciatica","Sciatica","Not specified","Not specified","","","","","","","","","","","","","","","","","","","","","","",""
"https://doi.org/10.1155/2015/492150","Fourier-Domain Optical Coherence Tomography for Monitoring the Lower Tear Meniscus in Dry Eye after Acupuncture Treatment","Dry eye","Dry eye","Not specified (the paper does not explicitly mention any Traditional Chinese Medicine (TCM) terminology for the disease or condition)","Not specified (the paper does not explicitly mention any Traditional Chinese Medicine (TCM) terminology for the disease or condition)","","","","","","","","","","","","","","","","","","","","","","",""
"https://doi.org/10.1155/2015/563236","Acupuncture to Treat Sleep Disorders in Postmenopausal Women: A Systematic Review","Insomnia and Obstructive Sleep Apnea Syndrome (OSAS)","Insomnia and Obstructive Sleep Apnea Syndrome (OSAS)","Deficiency of yin leading to blood and qi stagnation and compromising the balance of kidney, heart, and liver.","Deficiency of yin leading to blood and qi stagnation and compromising the balance of kidney, heart, and liver.","","","","","","","","","","","","","","","","","","","","","","",""
"https://doi.org/10.1155/2015/610615","A Systematic Overview of Reviews for Complementary and Alternative Therapies in the Treatment of the Fibromyalgia Syndrome","Fibromyalgia syndrome (FMS)","Fibromyalgia syndrome (FMS)","Not specified (the paper does not explicitly translate or describe FMS in terms of Traditional Chinese Medicine (TCM) terminology)","Not specified (the paper does not explicitly translate or describe FMS in terms of Traditional Chinese Medicine (TCM) terminology)","","","","","","","","","","","","","","","","","","","","","","",""
"https://doi.org/10.1155/2015/657809","Acupuncture-Point Stimulation for Postoperative Pain Control: A Systematic Review and Meta-Analysis of Randomized Controlled Trials","Postoperative pain","Postoperative pain","Not specified (the paper focuses on postoperative pain control, which is a symptom rather than a specific TCM disease or condition)","Not specified (the paper focuses on postoperative pain control, which is a symptom rather than a specific TCM disease or condition)","","","","","","","","","","","","","","","","","","","","","","",""
"https://doi.org/10.1155/2015/670963","The Effectiveness of Electroacupuncture for Functional Constipation: A Randomized, Controlled, Clinical Trial","Functional Constipation (FC)","Functional Constipation (FC)","Not specified (the paper does not explicitly mention the condition in Traditional Chinese Medicine terminology)","Not specified (the paper does not explicitly mention the condition in Traditional Chinese Medicine terminology)","","","","","","","","","","","","","","","","","","","","","","",""
"https://doi.org/10.1155/2015/671242","Analysis and Thoughts about the Negative Results of International Clinical Trials on Acupuncture","- Constipation - Chronic neuralgia - Infantile colic - Nausea and vomiting during delivery - Malposition - Lumbago and backache - Knee osteoarthritis - Knee joint pain of postmenopausal women - Emergency treatment - Irritable bowel syndrome - Woman health - Polycystic ovarian syndrome - Emesis - Low back pain - Smoking cessation - Atrial fibrillation - Postmenopausal symptoms and reproductive hormones - Cancer-related fatigue - Chronic low back pain - Migraine attacks - Obesity - Inner ear originated tinnitus - Bronchial asthma - Premature ejaculation - Osteoarthritis of the knee","- Constipation - Chronic neuralgia - Infantile colic - Nausea and vomiting during delivery - Malposition - Lumbago and backache - Knee osteoarthritis - Knee joint pain of postmenopausal women - Emergency treatment - Irritable bowel syndrome - Woman health - Polycystic ovarian syndrome - Emesis - Low back pain - Smoking cessation - Atrial fibrillation - Postmenopausal symptoms and reproductive hormones - Cancer-related fatigue - Chronic low back pain - Migraine attacks - Obesity - Inner ear originated tinnitus - Bronchial asthma - Premature ejaculation - Osteoarthritis of the knee","Not specified","Not specified","","","","","","","","","","","","","","","","","","","","","","",""
"https://doi.org/10.1155/2015/790209","Trigger Point Dry Needling and Proprioceptive Exercises for the Management of Chronic Ankle Instability: A Randomized Clinical Trial","Chronic Ankle Instability","Chronic Ankle Instability","Not specified (the paper does not provide a TCM equivalent for chronic ankle instability)","Not specified (the paper does not provide a TCM equivalent for chronic ankle instability)","","","","","","","","","","","","","","","","","","","","","","",""
"https://doi.org/10.1155/2015/839470","The Effects of Acupuncture on Cerebral and Muscular Microcirculation: A Systematic Review of Near-Infrared Spectroscopy Studies","Stroke, cerebrovascular dementia, healthy subjects","Stroke, cerebrovascular dementia, healthy subjects","Not specified (the paper does not explicitly state the primary medical condition or disease in Traditional Chinese Medicine (TCM) terminology)","Not specified (the paper does not explicitly state the primary medical condition or disease in Traditional Chinese Medicine (TCM) terminology)","","","","","","","","","","","","","","","","","","","","","","",""
"https://doi.org/10.1155/2015/842180","Effectiveness of Acupuncture for Primary Ovarian Insufficiency: A Systematic Review and Meta-Analysis","Primary Ovarian Insufficiency (POI)","Primary Ovarian Insufficiency (POI)","Not specified","Not specified","","","","","","","","","","","","","","","","","","","","","","",""
"https://doi.org/10.1155/2015/861849","Acupuncture for Lateral Epicondylitis: A Systematic Review","Lateral epicondylitis (LE), also known as tennis elbow","Lateral epicondylitis (LE), also known as tennis elbow","Not specified (the paper does not provide a TCM term or description for lateral epicondylitis)","Not specified (the paper does not provide a TCM term or description for lateral epicondylitis)","","","","","","","","","","","","","","","","","","","","","","",""
"https://doi.org/10.1155/2015/870398","Acupuncture for Spasticity after Stroke: A Systematic Review and Meta-Analysis of Randomized Controlled Trials","Spasticity after stroke","Spasticity after stroke","Not specified (the paper does not explicitly mention a TCM term for the condition)","Not specified (the paper does not explicitly mention a TCM term for the condition)","","","","","","","","","","","","","","","","","","","","","","",""
"https://doi.org/10.1155/2015/871327","Eye Acupuncture Treatment for Stroke: A Systematic Review and Meta-Analysis","Stroke","Stroke","Not specified (the paper does not provide a specific TCM term for the condition of stroke)","Not specified (the paper does not provide a specific TCM term for the condition of stroke)","","","","","","","","","","","","","","","","","","","","","","",""
"https://doi.org/10.1155/2015/908538","Acupuncture to Reduce HIV-Associated Inflammation","HIV infection","HIV infection","Not specified (the paper does not provide a TCM diagnosis or condition related to HIV-related inflammation)","Not specified (the paper does not provide a TCM diagnosis or condition related to HIV-related inflammation)","","","","","","","","","","","","","","","","","","","","","","",""
"https://doi.org/10.1155/2015/920353","Acupuncture for Frequent Migraine: A Randomized, Patient/Assessor Blinded, Controlled Trial with One-Year Follow-Up","Migraine","Migraine","Not specified (the paper focuses on migraine, a Western medical condition, rather than a specific TCM disease or condition)","Not specified (the paper focuses on migraine, a Western medical condition, rather than a specific TCM disease or condition)","","","","","","","","","","","","","","","","","","","","","","",""
"https://doi.org/10.1155/2015/975632","Mediators, Receptors, and Signalling Pathways in the Anti-Inflammatory and Antihyperalgesic Effects of Acupuncture","Allergic rhinitis","Allergic rhinitis","Not specified (the paper does not provide a specific TCM term for the condition)","Not specified (the paper does not provide a specific TCM term for the condition)","","","","","","","","","","","","","","","","","","","","","","",""
"https://doi.org/10.1155/2016/2171923","Acupuncture for Erectile Dysfunction: A Systematic Review","Erectile dysfunction (ED)","Erectile dysfunction (ED)","Not specified (the paper does not explicitly mention a TCM term for the condition)","Not specified (the paper does not explicitly mention a TCM term for the condition)","","","","","","","","","","","","","","","","","","","","","","",""
"https://doi.org/10.1155/2016/3862916","Acupuncture for Functional Dyspepsia: What Strength Does It Have? A Systematic Review and Meta-Analysis of Randomized Controlled Trials","Functional Dyspepsia (FD)","Functional Dyspepsia (FD)","Not specified","Not specified","","","","","","","","","","","","","","","","","","","","","","",""
"https://doi.org/10.1155/2016/3961450","Acupuncture for the Treatment of Oculomotor Paralysis: A Pilot Randomised Controlled Trial","Oculomotor paralysis (OP)","Oculomotor paralysis (OP)","Not specified (the paper does not explicitly mention the condition in Traditional Chinese Medicine (TCM) terminology)","Not specified (the paper does not explicitly mention the condition in Traditional Chinese Medicine (TCM) terminology)","","","","","","","","","","","","","","","","","","","","","","",""
"https://doi.org/10.1155/2016/4683121","Pharmacopuncture in Korea: A Systematic Review and Meta-Analysis of Randomized Controlled Trials","- Obesity - Musculoskeletal conditions (including low back pain and cervicalgia) - Bell's palsy","- Obesity - Musculoskeletal conditions (including low back pain and cervicalgia) - Bell's palsy","Not specified","Not specified","","","","","","","","","","","","","","","","","","","","","","",""
"https://doi.org/10.1155/2016/5191729","The Effectiveness and Safety of Acupuncture for Patients with Chronic Urticaria: A Systematic Review","Chronic urticaria","Chronic urticaria","Not specified","Not specified","","","","","","","","","","","","","","","","","","","","","","",""
"https://doi.org/10.1155/2016/9874207","Changes of Local Blood Flow in Response to Acupuncture Stimulation: A Systematic Review","Fibromyalgia, Trapezius myalgia","Fibromyalgia, Trapezius myalgia","Not specified (the paper does not provide TCM terminology for the conditions studied)","Not specified (the paper does not provide TCM terminology for the conditions studied)","","","","","","","","","","","","","","","","","","","","","","",""
"https://doi.org/10.1155/2017/1791258","Electroacupuncture is Beneficial for Primary Dysmenorrhea: The Evidence from Meta-Analysis of Randomized Controlled Trials","Primary dysmenorrhea (PD)","Primary dysmenorrhea (PD)","Not specified (the paper does not explicitly mention a TCM term for the condition)","Not specified (the paper does not explicitly mention a TCM term for the condition)","","","","","","","","","","","","","","","","","","","","","","",""
"https://doi.org/10.1155/2017/2504021","Effectiveness of Acupuncture for Early Recovery of Bowel Function in Cancer: A Systematic Review and Meta-Analysis","Postoperative ileus (POI)","Postoperative ileus (POI)","Not specified (the paper does not explicitly mention a TCM disease or condition)","Not specified (the paper does not explicitly mention a TCM disease or condition)","","","","","","","","","","","","","","","","","","","","","","",""
"https://doi.org/10.1155/2017/6421852","Systematic Review on Acupuncture for Treatment of Dysphagia after Stroke","Dysphagia after stroke","Dysphagia after stroke","Not specified (the paper does not explicitly mention a TCM term for the condition)","Not specified (the paper does not explicitly mention a TCM term for the condition)","","","","","","","","","","","","","","","","","","","","","","",""
"https://doi.org/10.1155/2017/7823278","Acupuncture for Alcohol Use Disorder: A Meta-Analysis","Alcohol use disorder","Alcohol use disorder","Not specified (the paper does not provide TCM terminology for the condition)","Not specified (the paper does not provide TCM terminology for the condition)","","","","","","","","","","","","","","","","","","","","","","",""
"https://doi.org/10.1155/2017/7916031","Lifestyle-Related Factors in the Self-Management of Chemotherapy-Induced Peripheral Neuropathy in Colorectal Cancer: A Systematic Review","Chemotherapy-induced peripheral neuropathy (CIPN)","Chemotherapy-induced peripheral neuropathy (CIPN)","Not specified (the paper does not explicitly translate CIPN into Traditional Chinese Medicine terminology)","Not specified (the paper does not explicitly translate CIPN into Traditional Chinese Medicine terminology)","","","","","","","","","","","","","","","","","","","","","","",""
"https://doi.org/10.1155/2017/9614810","The Efficacy of Acupuncture for Treating Depression-Related Insomnia Compared with a Control Group: A Systematic Review and Meta-Analysis","Depression-related insomnia","Depression-related insomnia","Not specified (the paper does not explicitly mention TCM terminology for the condition)","Not specified (the paper does not explicitly mention TCM terminology for the condition)","","","","","","","","","","","","","","","","","","","","","","",""
"https://doi.org/10.1155/2020/9790470","Acupuncture for frozen shoulder","Frozen shoulder","Frozen shoulder","Frozen shoulder is referred to as ""shoulder at the age of 50 years"" in TCM and belongs to the Bi syndrome, characterized by blockage of Qi and blood, with associated weakness in the stomach and spleen and deficiency of Qi.","Frozen shoulder is referred to as ""shoulder at the age of 50 years"" in TCM and belongs to the Bi syndrome, characterized by blockage of Qi and blood, with associated weakness in the stomach and spleen and deficiency of Qi.","","","","","","","","","","","","","","","","","","","","","","",""
"https://doi.org/10.1159/000048847","Acupuncture Treatment for Irritable Bowel Syndrome A Double-Blind Controlled Study","Irritable Bowel Syndrome (IBS)","Irritable Bowel Syndrome (IBS)","Not specified (the paper does not provide a TCM term for IBS)","Not specified (the paper does not provide a TCM term for IBS)","","","","","","","","","","","","","","","","","","","","","","",""
"https://doi.org/10.1159/000049773","Prospective Randomized Trial Using Laser Acupuncture versus Desmopressin in the Treatment of Nocturnal Enuresis","Nocturnal Enuresis (Monosymptomatic Nocturnal Enuresis)","Nocturnal Enuresis (Monosymptomatic Nocturnal Enuresis)","Not specified (the paper does not mention Traditional Chinese Medicine terminology)","Not specified (the paper does not mention Traditional Chinese Medicine terminology)","","","","","","","","","","","","","","","","","","","","","","",""
"https://doi.org/10.1159/000073135","Acupuncture Conversion of Fetal Breech Presentation","Fetal breech presentation","Fetal breech presentation","Not specified (the paper does not explicitly mention a TCM term for the condition)","Not specified (the paper does not explicitly mention a TCM term for the condition)","","","","","","","","","","","","","","","","","","","","","","",""
"https://doi.org/10.1159/000077192","Success of Acupuncture and Acupressure of the Pc 6 Acupoint in the Treatment of Hyperemesis Gravidarum","Hyperemesis gravidarum (HG)","Hyperemesis gravidarum (HG)","Vomiting in early pregnancy due to general weakness of the stomach qi ('vital energy') and reaction to the development of the fetus.","Vomiting in early pregnancy due to general weakness of the stomach qi ('vital energy') and reaction to the development of the fetus.","","","","","","","","","","","","","","","","","","","","","","",""
"https://doi.org/10.1159/000078151","Acupuncture and Moxibustion in the Treatment of Active Crohn's Disease: A Randomized Controlled Study","Crohn's disease","Crohn's disease","Damp-hot diarrhea; Spleen-qi-deficiency; Kidney-yang-deficiency; Liver-qi-stagnation; Retention of damp-heat; Retention of cold-dampness","Damp-hot diarrhea; Spleen-qi-deficiency; Kidney-yang-deficiency; Liver-qi-stagnation; Retention of damp-heat; Retention of cold-dampness","","","","","","","","","","","","","","","","","","","","","","",""
"https://doi.org/10.1159/000091999","Treatment in a Randomized Multicenter Trial of Acupuncture for Migraine (ART Migraine)","Migraine","Migraine","Not specified (the paper does not provide specific TCM terminology for the disease or condition)","Not specified (the paper does not provide specific TCM terminology for the disease or condition)","","","","","","","","","","","","","","","","","","","","","","",""
"https://doi.org/10.1159/000110308","A Randomized Controlled Trial on the Treatment for Acute Partial Ischemic Stroke with Acupuncture","Acute ischemic stroke","Acute ischemic stroke","Zhong Feng (Wind Stroke)","Zhong Feng (Wind Stroke)","","","","","","","","","","","","","","","","","","","","","","",""
"https://doi.org/10.1159/000141929","Adjuvant Auricular Electroacupun cture and Autogenic Training in Rheumatoid Arthritis: A Randomized Controlled Trial Auricular Acupuncture and Autogenic Training in Rheumatoid Arthritis","Rheumatoid Arthritis (RA)","Rheumatoid Arthritis (RA)","Not specified (the paper does not provide TCM terminology for the condition)","Not specified (the paper does not provide TCM terminology for the condition)","","","","","","","","","","","","","","","","","","","","","","",""
"https://doi.org/10.1159/000210216","Randomized Clinical Trials of Acupuncture for Asthma a Systematic Review","Asthma","Asthma","Not specified","Not specified","","","","","","","","","","","","","","","","","","","","","","",""
"https://doi.org/10.1159/000315042","Acupuncture in Tension-Type Headache","Tension-Type Headache","Tension-Type Headache","Not specified (the paper does not provide information on the condition in terms of Traditional Chinese Medicine terminology)","Not specified (the paper does not provide information on the condition in terms of Traditional Chinese Medicine terminology)","","","","","","","","","","","","","","","","","","","","","","",""
"https://doi.org/10.1159/000355435","Overview of Systematic Reviews and Meta-Analyses of Acupuncture for Stroke","Stroke","Stroke","Not specified","Not specified","","","","","","","","","","","","","","","","","","","","","","",""
"https://doi.org/10.1159/000358202","Acupuncture versus Solifenacin for Treatment of Overactive Bladder and Its Correlation with Urine Nerve Growth Factor Levels: A Randomized, Placebo-Controlled Clinical Trial","Overactive bladder (OAB)","Overactive bladder (OAB)","Not specified (the paper does not provide a TCM equivalent for Overactive Bladder)","Not specified (the paper does not provide a TCM equivalent for Overactive Bladder)","","","","","","","","","","","","","","","","","","","","","","",""
"https://doi.org/10.1159/000362231","The Role of Acupuncture in in vitro Fertilization: A Systematic Review and Meta-Analysis","Infertility/Subfertility","Infertility/Subfertility","Not specified (the paper does not explicitly mention a TCM term for the condition being studied, but it is related to infertility and subfertility)","Not specified (the paper does not explicitly mention a TCM term for the condition being studied, but it is related to infertility and subfertility)","","","","","","","","","","","","","","","","","","","","","","",""
"https://doi.org/10.1159/000363442","Does Integrative Medicine Enhance Balance in Aging Adults? -Proof of Concept for Benefit of Electro-acupuncture Therapy in Parkinson's Disease","Parkinson's disease (PD)","Parkinson's disease (PD)","Not specified (the paper does not explicitly mention TCM terminology)","Not specified (the paper does not explicitly mention TCM terminology)","","","","","","","","","","","","","","","","","","","","","","",""
"https://doi.org/10.11607/ofph.23.4.12","Randomized Clinical Trial of Acupuncture for Myofascial Pain of the Jaw Muscles","Myofascial pain of the jaw muscles","Myofascial pain of the jaw muscles","Not specified","Not specified","","","","","","","","","","","","","","","","","","","","","","",""
"https://doi.org/10.1161/01.HYP.0000241090.28070.4c","Stop Hypertension With the Acupuncture Research Program (SHARP) Results of a Randomized, Controlled Clinical Trial","Hypertension","Hypertension","Not specified (the paper does not explicitly state a TCM disease or condition name for hypertension)","Not specified (the paper does not explicitly state a TCM disease or condition name for hypertension)","","","","","","","","","","","","","","","","","","","","","","",""
"https://doi.org/10.1161/01.str.0000035908.74261.c9","Does Acupuncture Improve Motor Recovery After Stroke? A Meta-Analysis of Randomized Controlled Trials","Stroke","Stroke","Not specified (the paper does not provide TCM terminology for the condition)","Not specified (the paper does not provide TCM terminology for the condition)","","","","","","","","","","","","","","","","","","","","","","",""
"https://doi.org/10.1161/01.str.25.6.1176","Sensory stimulation promotes normalization of postural control after stroke","Hemiparetic stroke","Hemiparetic stroke","Not specified (the paper does not use Traditional Chinese Medicine terminology)","Not specified (the paper does not use Traditional Chinese Medicine terminology)","","","","","","","","","","","","","","","","","","","","","","",""
"https://doi.org/10.1161/01.str.29.10.2100","Effects of Acupuncture Treatment on Daily Life Activities and Quality of Life A Controlled, Prospective, and Randomized Study of Acute Stroke Patients","Acute stroke","Acute stroke","Not specified","Not specified","","","","","","","","","","","","","","","","","","","","","","",""
"https://doi.org/10.1161/01.str.32.3.707","Acupuncture and Transcutaneous Nerve Stimulation in Stroke Rehabilitation A Randomized, Controlled Trial","Stroke","Stroke","Not specified (the paper does not mention TCM terminology or conditions)","Not specified (the paper does not mention TCM terminology or conditions)","","","","","","","","","","","","","","","","","","","","","","",""
"https://doi.org/10.1161/CIRCULATIONAHA.106.661140","Randomized Trial of Acupuncture to Lower Blood Pressure","Arterial hypertension (high blood pressure)","Arterial hypertension (high blood pressure)","Hypertension (according to TCM criteria)","Hypertension (according to TCM criteria)","","","","","","","","","","","","","","","","","","","","","","",""
"https://doi.org/10.1161/hs0102.101815","Does Acupuncture Have Additional Value to Standard Poststroke Motor Rehabilitation?","Stroke","Stroke","Hemiplegia after stroke","Hemiplegia after stroke","","","","","","","","","","","","","","","","","","","","","","",""
"https://doi.org/10.1161/STROKEAHA.109.555227","Complex Traditional Chinese Medicine for Poststroke Motor Dysfunction A Systematic Review","Stroke","Stroke","Not specified (the paper does not provide a specific TCM term for the condition)","Not specified (the paper does not provide a specific TCM term for the condition)","","","","","","","","","","","","","","","","","","","","","","",""
"https://doi.org/10.1161/STROKEAHA.114.007659","Acupuncture Efficacy on Ischemic Stroke Recovery Multicenter Randomized Controlled Trial in China","Ischemic Stroke","Ischemic Stroke","Not specified (the paper does not explicitly state the disease/condition in Traditional Chinese Medicine terminology)","Not specified (the paper does not explicitly state the disease/condition in Traditional Chinese Medicine terminology)","","","","","","","","","","","","","","","","","","","","","","",""
"https://doi.org/10.11622/smedj.2016143","How effective is acupuncture for reducing pain due to How effective is acupuncture for reducing pain due to plantar fasciitis? plantar fasciitis?","Plantar fasciitis","Plantar fasciitis","Not specified (the paper does not provide TCM terminology for the condition)","Not specified (the paper does not provide TCM terminology for the condition)","","","","","","","","","","","","","","","","","","","","","","",""
"https://doi.org/10.1163/156856900750232605","Impact of acupuncture as add on therapy to pharmacological treatment of migraine: A pilot study","Migraine without aura","Migraine without aura","Not specified","Not specified","","","","","","","","","","","","","","","","","","","","","","",""
"https://doi.org/10.1177/000992280404300406","Parental Perceptions of the Therapeutic Effect from Osteopathic Manipulation or Acupuncture in Children with Spastic Cerebral Palsy","Spastic cerebral palsy","Spastic cerebral palsy","Not specified (the paper does not explicitly mention the condition in Traditional Chinese Medicine (TCM) terminology)","Not specified (the paper does not explicitly mention the condition in Traditional Chinese Medicine (TCM) terminology)","","","","","","","","","","","","","","","","","","","","","","",""
"https://doi.org/10.1177/014107688207500408","Effects of acupuncture in bronchial asthma: preliminary communication'","Bronchial asthma","Bronchial asthma","Not specified","Not specified","","","","","","","","","","","","","","","","","","","","","","",""
"https://doi.org/10.1177/014107689608900602","Can acupuncture have specific effects on health? A systematic review of acupuncture antiemesis trials","Nausea and vomiting associated with surgery, cancer chemotherapy, and pregnancy (morning sickness)","Nausea and vomiting associated with surgery, cancer chemotherapy, and pregnancy (morning sickness)","Not specified (the paper does not explicitly mention a TCM disease or condition, but it focuses on nausea and vomiting associated with surgery, chemotherapy, or pregnancy)","Not specified (the paper does not explicitly mention a TCM disease or condition, but it focuses on nausea and vomiting associated with surgery, chemotherapy, or pregnancy)","","","","","","","","","","","","","","","","","","","","","","",""
"https://doi.org/10.1177/0161734614546571","Two-Dimensional Ultrasound and Ultrasound Elastography Imaging of Trigger Points in Women with Myofascial Pain Syndrome Treated by Acupuncture and Electroacupuncture: A Double-Blinded Randomized Controlled Pilot Study","Myofascial Pain Syndrome (MPS)","Myofascial Pain Syndrome (MPS)","Not specified (the paper does not explicitly mention the condition in Traditional Chinese Medicine terminology)","Not specified (the paper does not explicitly mention the condition in Traditional Chinese Medicine terminology)","","","","","","","","","","","","","","","","","","","","","","",""
"https://doi.org/10.1177/0163278710386109","Acupuncture for Depression?: A Systematic Review of Systematic Reviews","Depression","Depression","Not specified (the paper does not explicitly mention the disease or condition in Traditional Chinese Medicine terminology)","Not specified (the paper does not explicitly mention the disease or condition in Traditional Chinese Medicine terminology)","","","","","","","","","","","","","","","","","","","","","","",""
"https://doi.org/10.1177/0269215507077362","Effects of acupuncture and sham acupuncture in addition to physiotherapy in patients undergoing bilateral total knee arthroplasty--a randomized controlled trial","Knee osteoarthritis","Knee osteoarthritis","Not specified","Not specified","","","","","","","","","","","","","","","","","","","","","","",""
"https://doi.org/10.1177/0269215507082738","Comparison of the effect of two types of acupuncture on quality of life in secondary progressive multiple sclerosis: a preliminary single-blind randomized controlled trial","Secondary progressive multiple sclerosis (SPMS)","Secondary progressive multiple sclerosis (SPMS)","- Spleen-Qi Deficiency and Damp - Painful Bi-Syndrome - Liver-Blood Deficiency and Wind - Kidney-Yang Deficiency - Heart-Blood Deficiency","- Spleen-Qi Deficiency and Damp - Painful Bi-Syndrome - Liver-Blood Deficiency and Wind - Kidney-Yang Deficiency - Heart-Blood Deficiency","","","","","","","","","","","","","","","","","","","","","","",""
"https://doi.org/10.1177/0269215508096172","Electro-acupuncture versus sham electro-acupuncture for auditory hallucinations in patients with schizophrenia: a randomized controlled trial","Schizophrenia with auditory hallucinations","Schizophrenia with auditory hallucinations","Not specified (the paper does not provide a direct TCM equivalent or terminology for schizophrenia or auditory hallucinations)","Not specified (the paper does not provide a direct TCM equivalent or terminology for schizophrenia or auditory hallucinations)","","","","","","","","","","","","","","","","","","","","","","",""
"https://doi.org/10.1177/0269215512448388","Comparison of the therapeutic effects of ultrasound-guided platelet-rich plasma injection and dry needling in rotator cuff disease: a randomized controlled trial","Rotator cuff disease (specifically, supraspinatus tendon lesions including tendinosis and partial tears less than 1.0 cm)","Rotator cuff disease (specifically, supraspinatus tendon lesions including tendinosis and partial tears less than 1.0 cm)","Not specified (the paper does not mention any Traditional Chinese Medicine terminology or conditions)","Not specified (the paper does not mention any Traditional Chinese Medicine terminology or conditions)","","","","","","","","","","","","","","","","","","","","","","",""
"https://doi.org/10.1177/0269215513494875","Electrical acupoint stimulation of the affected arm in acute stroke: a placebo-controlled randomized clinical trial","Acute stroke with moderate to severe weakness in the arm contralateral to the side of the stroke","Acute stroke with moderate to severe weakness in the arm contralateral to the side of the stroke","Acute stroke with associated arm weakness","Acute stroke with associated arm weakness","","","","","","","","","","","","","","","","","","","","","","",""
"https://doi.org/10.1177/026921559701100302","A one year follow-up study on the effects of acupuncture in the treatment of stroke patients in the subacute stage: a randomized, controlled study","Stroke (hemiparesis due to cerebral infarction or cerebral hemorrhage)","Stroke (hemiparesis due to cerebral infarction or cerebral hemorrhage)","Stroke (hemiparesis) treated as a condition affecting body mind integration in TCM","Stroke (hemiparesis) treated as a condition affecting body mind integration in TCM","","","","","","","","","","","","","","","","","","","","","","",""
"https://doi.org/10.1177/026921559701100302","A one year follow up study on the effects of acupuncture in the treatment of stroke patients in the subacute stage: a randomized, controlled study","Stroke","Stroke","Not specified (the paper does not explicitly state a TCM disease or condition term, but it implies treatment for stroke related impairments)","Not specified (the paper does not explicitly state a TCM disease or condition term, but it implies treatment for stroke related impairments)","","","","","","","","","","","","","","","","","","","","","","",""
"https://doi.org/10.1177/0333102411420585","Acupuncture versus topiramate in chronic migraine prophylaxis: A randomized clinical trial","Chronic Migraine (CM)","Chronic Migraine (CM)","Not specified (the paper does not provide TCM terminology for the condition)","Not specified (the paper does not provide TCM terminology for the condition)","","","","","","","","","","","","","","","","","","","","","","",""
"https://doi.org/10.1177/0333102414523847","Evidence for the use of dry needling and physiotherapy in the management of cervicogenic or tension-type headache: A systematic review","Tension-type headache and Cervicogenic headache","Tension-type headache and Cervicogenic headache","Not specified (the paper does not mention TCM terminology or conditions)","Not specified (the paper does not mention TCM terminology or conditions)","","","","","","","","","","","","","","","","","","","","","","",""
"https://doi.org/10.1177/0897190013489574","Methadone Maintenance Treatment Versus Methadone Maintenance Treatment Plus Auricular Acupuncture: Impacts on Patient Satisfaction and Coping Mechanism","Opiate dependence","Opiate dependence","Not specified (the paper does not provide a TCM-specific term for the condition being studied)","Not specified (the paper does not provide a TCM-specific term for the condition being studied)","","","","","","","","","","","","","","","","","","","","","","",""
"https://doi.org/10.1177/0961203308093921","Acupuncture for systemic lupus erythematosus: a pilot RCT feasibility and safety study","Systemic lupus erythematosus (SLE)","Systemic lupus erythematosus (SLE)","Not specified (the paper does not provide a TCM equivalent for SLE)","Not specified (the paper does not provide a TCM equivalent for SLE)","","","","","","","","","","","","","","","","","","","","","","",""
"https://doi.org/10.1177/1054773812454136","Acupuncture for Postoperative Pain in Day Surgery Patients Undergoing Arthroscopic Shoulder Surgery","Postoperative pain following arthroscopic shoulder surgery (acromioplasty or Bankart procedure)","Postoperative pain following arthroscopic shoulder surgery (acromioplasty or Bankart procedure)","Not specified (the paper does not explicitly mention any Traditional Chinese Medicine (TCM) terminology or conditions)","Not specified (the paper does not explicitly mention any Traditional Chinese Medicine (TCM) terminology or conditions)","","","","","","","","","","","","","","","","","","","","","","",""
"https://doi.org/10.1177/136140969200600401","Real Versus Sham Acupuncture in the Treatment of Paralysis in Acute Stroke Patients: A CT Scan Lesion Site Study","Post stroke paralysis","Post stroke paralysis","Not specified","Not specified","","","","","","","","","","","","","","","","","","","","","","",""
"https://doi.org/10.1177/1533317514536600","Acupuncture Stimulation of Taichong (Liv3) and Hegu (LI4) Modulates the Default Mode Network Activity in Alzheimer's Disease","Alzheimer's disease (AD)","Alzheimer's disease (AD)","Not specified (the paper describes Alzheimer's disease in terms of TCM concepts but does not provide a specific TCM term for the condition)","Not specified (the paper describes Alzheimer's disease in terms of TCM concepts but does not provide a specific TCM term for the condition)","","","","","","","","","","","","","","","","","","","","","","",""
"https://doi.org/10.1177/1534735412451321","The Preventive and Therapeutic Effect of Acupuncture for Radiation-Induced Xerostomia in Patients With Head and Neck Cancer: A Systematic Review","Radiation-induced xerostomia in patients with head and neck cancer","Radiation-induced xerostomia in patients with head and neck cancer","Xerostomia caused by a lack of yin, especially yin of stomach and kidney; radiation described as toxic heat","Xerostomia caused by a lack of yin, especially yin of stomach and kidney; radiation described as toxic heat","","","","","","","","","","","","","","","","","","","","","","",""
"https://doi.org/10.1177/1534735413510024","Meta-Analysis of Randomized Controlled Trials of Acupuncture for Cancer-Related Fatigue","Cancer-related fatigue (CRF)","Cancer-related fatigue (CRF)","Not specified (the paper does not provide TCM terminology for the condition)","Not specified (the paper does not provide TCM terminology for the condition)","","","","","","","","","","","","","","","","","","","","","","",""
"https://doi.org/10.1177/1534735413520181","Acupuncture in the Treatment of Cancer-Related Psychological Symptoms","Cancer-related psychological symptoms (depression, anxiety, sleep disturbance, quality of life)","Cancer-related psychological symptoms (depression, anxiety, sleep disturbance, quality of life)","Not specified (the paper does not explicitly state a primary TCM disease or condition for all studies)","Not specified (the paper does not explicitly state a primary TCM disease or condition for all studies)","","","","","","","","","","","","","","","","","","","","","","",""
"https://doi.org/10.1177/1534735414534729","A Pilot Study of Acupuncture in Treating Bortezomib-Induced Peripheral Neuropathy in Patients With Multiple Myeloma","Bortezomib-induced peripheral neuropathy (BIPN)","Bortezomib-induced peripheral neuropathy (BIPN)","Not specified (the paper does not provide a TCM diagnosis or terminology for the condition being studied)","Not specified (the paper does not provide a TCM diagnosis or terminology for the condition being studied)","","","","","","","","","","","","","","","","","","","","","","",""
"https://doi.org/10.1177/1534735415570634","Effect of Acupuncture for Radioactive-Iodine-Induced Anorexia in Thyroid Cancer Patients: A Randomized, Double-Blinded, Sham-Controlled Pilot Study","Thyroid cancer with RAI-induced anorexia","Thyroid cancer with RAI-induced anorexia","Not specified (the paper does not explicitly provide a TCM term for the condition)","Not specified (the paper does not explicitly provide a TCM term for the condition)","","","","","","","","","","","","","","","","","","","","","","",""
"https://doi.org/10.1177/1534735415572879","Defining the Quality of Acupuncture: The Case of Acupuncture for Cancer-Related Fatigue","Cancer-related fatigue (CRF)","Cancer-related fatigue (CRF)","Not specified (the paper does not explicitly state the primary TCM disease or condition being studied)","Not specified (the paper does not explicitly state the primary TCM disease or condition being studied)","","","","","","","","","","","","","","","","","","","","","","",""
"https://doi.org/10.1177/1545968304271568","Effects of Acupuncture Treatment on Poststroke Motor Recovery and Physical Function: A Pilot Study","Stroke","Stroke","Zhong Feng (Wind Stroke)","Zhong Feng (Wind Stroke)","","","","","","","","","","","","","","","","","","","","","","",""
"https://doi.org/10.1177/1545968314542616","Combined Central and Peripheral Stimulation for Treatment of Chronic Tinnitus: A Randomized Pilot Study","Tinnitus","Tinnitus","Not specified","Not specified","","","","","","","","","","","","","","","","","","","","","","",""
"https://doi.org/10.1177/175045890801801204","Acupressure and acupuncture in preventing and managing postoperative nausea and vomiting in adults","Postoperative nausea and vomiting (PONV)","Postoperative nausea and vomiting (PONV)","Not specified","Not specified","","","","","","","","","","","","","","","","","","","","","","",""
"https://doi.org/10.1177/1938640011407320","Treatment of Plantar Fasciitis in Recreation al Athletes: Two Different Therapeutic Protocols","Plantar Fasciitis (PF)","Plantar Fasciitis (PF)","Not specified (the paper does not mention Traditional Chinese Medicine terminology or conditions)","Not specified (the paper does not mention Traditional Chinese Medicine terminology or conditions)","","","","","","","","","","","","","","","","","","","","","","",""
"https://doi.org/10.1179/016164103101202237","Cerebral and peripheral effects of laserneedle(R)-stimulation","Not specified (the paper does not mention a specific disease or condition being studied)","Healthy volunteers","Not specified (the paper focuses on the effects of laserneedle stimulation on the olfactory and optic systems but does not specify a particular disease or condition)","Not specified (the paper focuses on the effects of laserneedle stimulation on the olfactory and optic systems but does not specify a particular disease or condition)","","","","","","","","","","","","","","","","","","","","","","",""
"https://doi.org/10.1179/016164106X91951","Effect of acupuncture treatment on vascular dementia","Vascular dementia (VaD)","Vascular dementia (VaD)","Not specified (the paper does not explicitly state a TCM disease or condition name)","Not specified (the paper does not explicitly state a TCM disease or condition name)","","","","","","","","","","","","","","","","","","","","","","",""
"https://doi.org/10.1179/016164107X172220","Acupuncture, a promising adjunctive therapy for essential hypertension: a double-bling, randomized, controlled trial","Hypertension","Hypertension","Not specified (the paper does not explicitly mention a TCM term for the condition being studied)","Not specified (the paper does not explicitly mention a TCM term for the condition being studied)","","","","","","","","","","","","","","","","","","","","","","",""
"https://doi.org/10.1179/016164109X12537002793805","Effect of acupuncture on selective attention for smoking-related visual cues in smokers","Nicotine dependence","Nicotine dependence","Not specified (the paper does not explicitly mention a TCM term for the condition)","Not specified (the paper does not explicitly mention a TCM term for the condition)","","","","","","","","","","","","","","","","","","","","","","",""
"https://doi.org/10.1183/09031936.02.00078702","Efficacy of acupuncture in asthma: systematic review and metaanalysis of published data from 11 randomised controlled trials","Asthma","Asthma","Not specified (the paper does not provide information on the disease or condition in Traditional Chinese Medicine terminology)","Not specified (the paper does not provide information on the disease or condition in Traditional Chinese Medicine terminology)","","","","","","","","","","","","","","","","","","","","","","",""
"https://doi.org/10.1185/03007998009112038","Clinical study comparing acupuncture, physiotherapy, injection and oral anti-inflammatory therapy in shoulder-cuff lesions","Rotator-cuff lesion","Rotator-cuff lesion","Not specified (the paper does not provide TCM terminology for the condition)","Not specified (the paper does not provide TCM terminology for the condition)","","","","","","","","","","","","","","","","","","","","","","",""
"https://doi.org/10.1185/03007998009112038","Clinical study comparing acupuncture, physiotherapy, injection and oral anti inflammatory therapy in shoulder cuff lesions","Rotator cuff lesion","Rotator cuff lesion","Not specified (the paper does not provide information in Traditional Chinese Medicine terminology)","Not specified (the paper does not provide information in Traditional Chinese Medicine terminology)","","","","","","","","","","","","","","","","","","","","","","",""
"https://doi.org/10.1186/1471-2202-13-75","Acupuncture regulates the glucose metabolism in cerebral functional regions in chronic stage ischemic stroke patients-a PET-CT cerebral functional imaging study","Ischemic stroke","Ischemic stroke","Not specified (the paper does not explicitly mention a TCM term for the condition)","Not specified (the paper does not explicitly mention a TCM term for the condition)","","","","","","","","","","","","","","","","","","","","","","",""
"https://doi.org/10.1186/1471-230X-12-150","Acupuncture for irritable bowel syndrome: primary care based pragmatic randomised controlled trial","Irritable Bowel Syndrome (IBS)","Irritable Bowel Syndrome (IBS)","Not specified (the paper does not provide the condition in Traditional Chinese Medicine terminology)","Not specified (the paper does not provide the condition in Traditional Chinese Medicine terminology)","","","","","","","","","","","","","","","","","","","","","","",""
"https://doi.org/10.1186/1471-2474-10-130","Acupuncture for pain and osteoarthritis of the knee: a pilot study for an open parallel-arm randomised controlled trial","Osteoarthritis of the knee","Osteoarthritis of the knee","Not specified (the paper does not provide TCM terminology for the condition)","Not specified (the paper does not provide TCM terminology for the condition)","","","","","","","","","","","","","","","","","","","","","","",""
"https://doi.org/10.1186/1471-2474-7-99","Acupuncture for chronic neck pain: a pilot for a randomised controlled trial","Chronic neck pain","Chronic neck pain","Not specified (the paper does not explicitly translate chronic neck pain into TCM terminology)","Not specified (the paper does not explicitly translate chronic neck pain into TCM terminology)","","","","","","","","","","","","","","","","","","","","","","",""
"https://doi.org/10.1186/1471-2474-8-51","Short-term efficacy of physical interventions in osteoarthritic knee pain. A systematic review and meta-analysis of randomised placebo-controlled trials","Osteoarthritis of the knee (OAK)","Osteoarthritis of the knee (OAK)","Not specified (the paper does not provide TCM terminology for the condition)","Not specified (the paper does not provide TCM terminology for the condition)","","","","","","","","","","","","","","","","","","","","","","",""
"https://doi.org/10.1186/1472-684X-4-5","Acupuncture for dyspnea in advanced cancer: a randomized, placebo-controlled pilot trial [ISRCTN89462491]","Dyspnea (shortness of breath)","Dyspnea (shortness of breath)","Not specified (the paper does not explicitly mention a TCM disease or condition)","Not specified (the paper does not explicitly mention a TCM disease or condition)","","","","","","","","","","","","","","","","","","","","","","",""
"https://doi.org/10.1186/1472-6882-1-3","Systematic reviews of complementary therapies -an annotated bibliography. Part 1: Acupuncture","- Pain syndromes - Rheumatic diseases - Addiction - Nausea - Asthma - Tinnitus - Weight reduction - Postoperative pain - Temporomandibular dysfunction - Chronic pain - Back and neck pain - Fibromyalgia","- Pain syndromes - Rheumatic diseases - Addiction - Nausea - Asthma - Tinnitus - Weight reduction - Postoperative pain - Temporomandibular dysfunction - Chronic pain - Back and neck pain - Fibromyalgia","Not specified (the paper does not explicitly mention TCM terminology for the conditions studied)","Not specified (the paper does not explicitly mention TCM terminology for the conditions studied)","","","","","","","","","","","","","","","","","","","","","","",""
"https://doi.org/10.1186/1472-6882-10-41","Contralateral acupuncture versus ipsilateral acupuncture in the rehabilitation of post-stroke hemiplegic patients: a systematic review","Post-stroke hemiplegia","Post-stroke hemiplegia","Not specified (the paper does not explicitly mention a TCM disease or condition, but it implies a focus on post-stroke rehabilitation)","Not specified (the paper does not explicitly mention a TCM disease or condition, but it implies a focus on post-stroke rehabilitation)","","","","","","","","","","","","","","","","","","","","","","",""
"https://doi.org/10.1186/1472-6882-10-74","An economic analysis of usual care and acupuncture collaborative treatment on chronic low back pain: A Markov model decision analysis","Chronic low back pain (LBP)","Chronic low back pain (LBP)","Not specified (the paper does not provide a TCM term for the condition)","Not specified (the paper does not provide a TCM term for the condition)","","","","","","","","","","","","","","","","","","","","","","",""
"https://doi.org/10.1186/1472-6882-11-46","Acupuncture for the treatment of severe acute pain in Herpes Zoster: results of a nested, open-label, randomized trial in the VZV Pain Study","Herpes Zoster","Herpes Zoster","Not specified (the paper does not mention any Traditional Chinese Medicine terminology or conditions)","Not specified (the paper does not mention any Traditional Chinese Medicine terminology or conditions)","","","","","","","","","","","","","","","","","","","","","","",""
"https://doi.org/10.1186/1472-6882-11-93","Feeding, stooling and sleeping patterns in infants with colic -a randomized controlled trial of minimal acupuncture","Infantile colic","Infantile colic","Not specified (the paper does not explicitly mention a TCM condition)","Not specified (the paper does not explicitly mention a TCM condition)","","","","","","","","","","","","","","","","","","","","","","",""
"https://doi.org/10.1186/1472-6882-12-11","Effect of self-administered auricular acupressure on smoking cessation -a pilot study","Tobacco smoking","Tobacco smoking","Not specified (the paper does not explicitly mention a TCM term for the condition)","Not specified (the paper does not explicitly mention a TCM term for the condition)","","","","","","","","","","","","","","","","","","","","","","",""
"https://doi.org/10.1186/1472-6882-12-123","A PET-CT study on the specificity of acupoints through acupuncture treatment in migraine patients","Migraine","Migraine","Migraine","","","","","","","","","","","","","","","","","","","","","","","",""
"https://doi.org/10.1186/1472-6882-12-209","Impact of electroacupuncture on quality of life for patients with Relapsing-Remitting Multiple Sclerosis under treatment with immunomodulators: A randomized study","Relapsing-Remitting Multiple Sclerosis (RRMS)","Relapsing-Remitting Multiple Sclerosis (RRMS)","Not specified (the paper does not provide a TCM terminology for the disease or condition)","Not specified (the paper does not provide a TCM terminology for the disease or condition)","","","","","","","","","","","","","","","","","","","","","","",""
"https://doi.org/10.1186/1472-6882-13-131","Acupuncture and physical exercise for affective symptoms and health-related quality of life in polycystic ovary syndrome: secondary analysis from a randomized controlled trial","Polycystic ovary syndrome (PCOS)","Polycystic ovary syndrome (PCOS)","Not specified (the paper does not explicitly translate PCOS into Traditional Chinese Medicine terminology)","Not specified (the paper does not explicitly translate PCOS into Traditional Chinese Medicine terminology)","","","","","","","","","","","","","","","","","","","","","","",""
"https://doi.org/10.1186/1472-6882-13-308","Effects of an integrative treatment, therapeutic acupuncture and conventional treatment in alleviating psychological distress in primary care patients -a pragmatic randomized controlled trial","Psychological distress (anxiety and depression)","Psychological distress (anxiety and depression)","Not specified (the paper does not explicitly mention a TCM disease or condition)","Not specified (the paper does not explicitly mention a TCM disease or condition)","","","","","","","","","","","","","","","","","","","","","","",""
"https://doi.org/10.1186/1472-6882-13-311","Meta-analysis of acupuncture for relieving non-organic dyspeptic symptoms suggestive of diabetic gastroparesis","Diabetic Gastroparesis","Diabetic Gastroparesis","Not specified (the paper does not explicitly state the TCM terminology for the condition being studied)","Not specified (the paper does not explicitly state the TCM terminology for the condition being studied)","","","","","","","","","","","","","","","","","","","","","","",""
"https://doi.org/10.1186/1472-6882-13-55","Acupuncture for ankle sprain: systematic review and meta-analysis","Ankle sprain","Ankle sprain","Not specified (the paper does not provide a TCM term for the condition)","Not specified (the paper does not provide a TCM term for the condition)","","","","","","","","","","","","","","","","","","","","","","",""
"https://doi.org/10.1186/1472-6882-14-11","Effects and treatment methods of acupuncture and herbal medicine for premenstrual syndrome/ premenstrual dysphoric disorder: systematic review","Premenstrual syndrome (PMS) and premenstrual dysphoric disorder (PMDD)","Premenstrual syndrome (PMS) and premenstrual dysphoric disorder (PMDD)","Liver depression and Qi stagnation; dysfunction of the Liver","Liver depression and Qi stagnation; dysfunction of the Liver","","","","","","","","","","","","","","","","","","","","","","",""
"https://doi.org/10.1186/1472-6882-14-151","Quality of reporting on randomized controlled trials of acupuncture for stroke rehabilitation","Stroke","Stroke","Not specified (the paper does not provide a TCM term for the condition)","Not specified (the paper does not provide a TCM term for the condition)","","","","","","","","","","","","","","","","","","","","","","",""
"https://doi.org/10.1186/1472-6882-14-187","Acupuncture with manual and electrical stimulation for labour pain: a longitudinal randomised controlled trial","Labour pain","Labour pain","Not specified (the paper does not provide TCM terminology for the condition being studied)","Not specified (the paper does not provide TCM terminology for the condition being studied)","","","","","","","","","","","","","","","","","","","","","","",""
"https://doi.org/10.1186/1472-6882-14-210","Six-month effects of integrative treatment, therapeutic acupuncture and conventional treatment in alleviating psychological distress in primary care patients -follow up from an open, pragmatic randomized controlled trial","Psychological distress, specifically depression, anxiety or panic disorders, severe stress, somatic symptoms/pain, and sleep disorders.","Psychological distress, specifically depression, anxiety or panic disorders, severe stress, somatic symptoms/pain, and sleep disorders.","Not specified (the paper does not provide TCM terminology for the conditions studied)","Not specified (the paper does not provide TCM terminology for the conditions studied)","","","","","","","","","","","","","","","","","","","","","","",""
"https://doi.org/10.1186/1472-6882-14-255","A pilot controlled trial of a combination of dense cranial electroacupuncture stimulation and body acupuncture for post-stroke depression","Post-stroke depression (PSD)","Post-stroke depression (PSD)","Not specified","Not specified","","","","","","","","","","","","","","","","","","","","","","",""
"https://doi.org/10.1186/1472-6882-14-312","Pain management with acupuncture in osteoarthritis: a systematic review and meta-analysis","Osteoarthritis","Osteoarthritis","Not specified (the paper does not provide a Traditional Chinese Medicine (TCM) equivalent for osteoarthritis)","Not specified (the paper does not provide a Traditional Chinese Medicine (TCM) equivalent for osteoarthritis)","","","","","","","","","","","","","","","","","","","","","","",""
"https://doi.org/10.1186/1472-6882-14-324","Pain and sensory detection threshold response to acupuncture is modulated by coping strategy and acupuncture sensation","Pain","Pain","Not specified (the paper does not explicitly mention a specific disease or condition in TCM terminology)","Not specified (the paper does not explicitly mention a specific disease or condition in TCM terminology)","","","","","","","","","","","","","","","","","","","","","","",""
"https://doi.org/10.1186/1472-6882-2-3","Electroacupuncture versus Diclofenac in symptomatic treatment of Osteoarthritis of the knee: a randomized controlled trial","Osteoarthritis (OA) of the knee","Osteoarthritis (OA) of the knee","Not specified (the paper does not explicitly translate the condition into Traditional Chinese Medicine terminology)","Not specified (the paper does not explicitly translate the condition into Traditional Chinese Medicine terminology)","","","","","","","","","","","","","","","","","","","","","","",""
"https://doi.org/10.1186/1472-6882-5-19","Acupuncture and rehabilitation of the painful shoulder: study protocol of an ongoing multicentre randomised controlled clinical trial","Painful shoulder caused by subacromial syndrome (rotator cuff tendinitis and subacromial bursitis)","Painful shoulder caused by subacromial syndrome (rotator cuff tendinitis and subacromial bursitis)","Not specified (the paper does not provide a TCM diagnosis or terminology for the condition being studied)","Not specified (the paper does not provide a TCM diagnosis or terminology for the condition being studied)","","","","","","","","","","","","","","","","","","","","","","",""
"https://doi.org/10.1186/1472-6882-7-35","Acupuncture in the treatment of rheumatoid arthritis: a double-blind controlled pilot study","Rheumatoid Arthritis (RA)","Rheumatoid Arthritis (RA)","Bi syndrome","Bi syndrome","","","","","","","","","","","","","","","","","","","","","","",""
"https://doi.org/10.1186/1472-6882-8-13","A systematic review of the clinical effectiveness of acupuncture for allergic rhinitis","Allergic Rhinitis (AR)","Allergic Rhinitis (AR)","Not specified (the paper does not explicitly mention the condition in Traditional Chinese Medicine (TCM) terminology)","Not specified (the paper does not explicitly mention the condition in Traditional Chinese Medicine (TCM) terminology)","","","","","","","","","","","","","","","","","","","","","","",""
"https://doi.org/10.1186/1476-5918-8-2","Local increase in trapezius muscle oxygenation during and after acupuncture","Shoulder stiffness (SS)","Shoulder stiffness (SS)","Shoulder stiffness (SS)","","","","","","","","","","","","","","","","","","","","","","","",""
"https://doi.org/10.1186/1477-7517-2-4","Efficacy of acupuncture for cocaine dependence: a systematic review & meta-analysis","Cocaine dependence","Cocaine dependence","Not specified (the paper does not provide TCM terminology for cocaine dependence)","Not specified (the paper does not provide TCM terminology for cocaine dependence)","","","","","","","","","","","","","","","","","","","","","","",""
"https://doi.org/10.1186/1747-597X-7-48","Auricular acupuncture for chemically dependent pregnant women: a randomized controlled trial of the NADA protocol","Neonatal Abstinence Syndrome (NAS)","Neonatal Abstinence Syndrome (NAS)","Not specified","Not specified","","","","","","","","","","","","","","","","","","","","","","",""
"https://doi.org/10.1186/1749-799X-7-36","The effectiveness of acupuncture in treating chronic non-specific low back pain: a systematic review of the literature","Chronic non-specific low back pain","Chronic non-specific low back pain","Not specified","Not specified","","","","","","","","","","","","","","","","","","","","","","",""
"https://doi.org/10.1186/1749-8546-3-14","Effects of tender point acupuncture on delayed onset muscle soreness (DOMS) -a pragmatic trial","Delayed onset muscle soreness (DOMS)","Delayed onset muscle soreness (DOMS)","Not specified (the paper does not explicitly mention the TCM terminology for DOMS)","Not specified (the paper does not explicitly mention the TCM terminology for DOMS)","","","","","","","","","","","","","","","","","","","","","","",""
"https://doi.org/10.1186/1749-8546-3-2","A pilot study on using acupuncture and transcutaneous electrical nerve stimulation (TENS) to treat knee osteoarthritis (OA)","Knee osteoarthritis (OA)","Knee osteoarthritis (OA)","Not specified (the paper does not provide TCM terminology for the condition)","Not specified (the paper does not provide TCM terminology for the condition)","","","","","","","","","","","","","","","","","","","","","","",""
"https://doi.org/10.1186/1749-8546-5-11","Effects of acupuncture to treat fibromyalgia: A preliminary randomised controlled trial","Fibromyalgia","Fibromyalgia","Not specified (the paper does not provide a TCM-specific diagnosis or terminology for the condition)","Not specified (the paper does not provide a TCM-specific diagnosis or terminology for the condition)","","","","","","","","","","","","","","","","","","","","","","",""
"https://doi.org/10.1186/1749-8546-5-15","Reduction of chronic non-specific low back pain: A randomised controlled clinical trial on acupuncture and baclofen","Chronic non-specific low back pain (LBP)","Chronic non-specific low back pain (LBP)","Not specified","Not specified","","","","","","","","","","","","","","","","","","","","","","",""
"https://doi.org/10.1186/1756-0500-1-37","Health-related quality of life in a trial of acupuncture, sham acupuncture and conventional treatment for chronic sinusitis","Chronic sinusitis","Chronic sinusitis","Not specified (the paper does not provide a specific TCM term for the condition)","Not specified (the paper does not provide a specific TCM term for the condition)","","","","","","","","","","","","","","","","","","","","","","",""
"https://doi.org/10.1186/2046-4053-1-46","The effectiveness of acupuncture research across components of the trauma spectrum response (tsr): a systematic review of reviews","Not specified (the paper focuses on a spectrum of conditions rather than a single primary medical condition or disease)","Trauma","Not specified (the paper does not explicitly mention TCM terminology for the conditions studied)","Not specified (the paper does not explicitly mention TCM terminology for the conditions studied)","","","","","","","","","","","","","","","","","","","","","","",""
"https://doi.org/10.1186/s12884-016-1092-8","Does acupuncture have a role in the treatment of threatened miscarriage? Findings from a feasibility randomised trial and semi-structured participant interviews","Threatened miscarriage","Threatened miscarriage","Not specified (the paper does not explicitly state a TCM disease or condition)","Not specified (the paper does not explicitly state a TCM disease or condition)","","","","","","","","","","","","","","","","","","","","","","",""
"https://doi.org/10.1186/s12906-015-0606-7","Auricular acupuncture with seed or pellet attachments for primary insomnia: a systematic review and meta-analysis","Primary insomnia","Primary insomnia","Not specified (the paper does not explicitly mention a TCM disease or condition related to insomnia)","Not specified (the paper does not explicitly mention a TCM disease or condition related to insomnia)","","","","","","","","","","","","","","","","","","","","","","",""
"https://doi.org/10.1186/s12906-015-0664-x","Electroacupuncture analgesia is associated with increased serum brain-derived neurotrophic factor in chronic tension-type headache: a randomized, sham controlled, crossover trial","Chronic tension-type headache (CTTH)","Chronic tension-type headache (CTTH)","Not specified (the paper does not provide a specific TCM term for the condition)","Not specified (the paper does not provide a specific TCM term for the condition)","","","","","","","","","","","","","","","","","","","","","","",""
"https://doi.org/10.1186/s12906-016-1026-z","Evaluating validity of various acupuncture device types: a random sequence clinical trial","Not specified (the paper does not mention a specific disease or condition being studied)","Healthy volunteers","Not specified (the paper does not mention a specific disease or condition being studied in TCM terminology)","Not specified (the paper does not mention a specific disease or condition being studied in TCM terminology)","","","","","","","","","","","","","","","","","","","","","","",""
"https://doi.org/10.1186/s12906-016-1477-2","Comparison of the placebo effect between different non-penetrating acupuncture devices and real acupuncture in healthy subjects: a randomized clinical trial","Not specified (the study focuses on evaluating placebo acupuncture methods in healthy subjects rather than treating a specific disease or condition)","Healthy volunteers","Not specified (the study focuses on evaluating placebo acupuncture methods rather than treating a specific TCM condition)","Not specified (the study focuses on evaluating placebo acupuncture methods rather than treating a specific TCM condition)","","","","","","","","","","","","","","","","","","","","","","",""
"https://doi.org/10.1186/s12906-017-1589-3","A comparative study on the effects of systemic manual acupuncture, periauricular electroacupuncture, and digital electroacupuncture to treat tinnitus: A randomized, paralleled, open-labeled exploratory trial","Tinnitus","Tinnitus","Not specified (the paper does not explicitly state the TCM disease or condition terminology for tinnitus)","Not specified (the paper does not explicitly state the TCM disease or condition terminology for tinnitus)","","","","","","","","","","","","","","","","","","","","","","",""
"https://doi.org/10.1186/s12906-017-1647-x","Acupuncture and moxibustion for chronic fatigue syndrome in traditional Chinese medicine: a systematic review and metaanalysis","Chronic Fatigue Syndrome (CFS)","Chronic Fatigue Syndrome (CFS)","Chronic Fatigue Syndrome (CFS)","","","","","","","","","","","","","","","","","","","","","","","",""
"https://doi.org/10.1186/s12906-017-1924-8","Effects of acupoint-stimulation for the treatment of primary dysmenorrhoea compared with NSAIDs: a systematic review and meta-analysis of 19 RCTs","Primary dysmenorrhoea (PD)","Primary dysmenorrhoea (PD)","Not specified","Not specified","","","","","","","","","","","","","","","","","","","","","","",""
"https://doi.org/10.1186/s12906-018-2087-y","A comparative study of three conservative treatments in patients with lumbar spinal stenosis: lumbar spinal stenosis with acupuncture and physical therapy study (LAP study)","Lumbar Spinal Stenosis (LSS) with L5 root radiculopathy","Lumbar Spinal Stenosis (LSS) with L5 root radiculopathy","Not specified (the paper does not use Traditional Chinese Medicine terminology)","Not specified (the paper does not use Traditional Chinese Medicine terminology)","","","","","","","","","","","","","","","","","","","","","","",""
"https://doi.org/10.1186/s13020-016-0119-4","Acupuncture as an intervention to reduce alcohol dependency: a systematic review and meta-analysis","Alcohol dependence","Alcohol dependence","Not specified (the paper does not explicitly mention a TCM disease or condition)","Not specified (the paper does not explicitly mention a TCM disease or condition)","","","","","","","","","","","","","","","","","","","","","","",""
"https://doi.org/10.1186/s13020-017-0142-0","Cupping therapy versus acupuncture for pain-related conditions: a systematic review of randomized controlled trials and trial sequential analysis","- Cervical spondylosis - Knee osteoarthritis - Lateral femoral cutaneous neuritis - Lumber disk herniation - Postherpetic neuralgia - Scapulohumeral periarthritis - Soft tissue contusion - Acute ankle joint - Muscles fibrositis - Fibromyalgia - Toothache","- Cervical spondylosis - Knee osteoarthritis - Lateral femoral cutaneous neuritis - Lumber disk herniation - Postherpetic neuralgia - Scapulohumeral periarthritis - Soft tissue contusion - Acute ankle joint - Muscles fibrositis - Fibromyalgia - Toothache","Not specified (the paper does not explicitly use Traditional Chinese Medicine (TCM) terminology to describe the conditions)","Not specified (the paper does not explicitly use Traditional Chinese Medicine (TCM) terminology to describe the conditions)","","","","","","","","","","","","","","","","","","","","","","",""
"https://doi.org/10.1186/s13052-015-0155-1","Efficacy of acupuncture in children with asthma: a systematic review","Asthma","Asthma","Not specified (the paper does not explicitly mention the disease or condition in Traditional Chinese Medicine terminology)","Not specified (the paper does not explicitly mention the disease or condition in Traditional Chinese Medicine terminology)","","","","","","","","","","","","","","","","","","","","","","",""
"https://doi.org/10.1186/s13063-015-0777-z","Acupuncture for the sequelae of Bell's palsy: a randomized controlled trial","Bell's palsy","Bell's palsy","Not specified (the paper does not explicitly state the disease or condition in Traditional Chinese Medicine terminology)","Not specified (the paper does not explicitly state the disease or condition in Traditional Chinese Medicine terminology)","","","","","","","","","","","","","","","","","","","","","","",""
"https://doi.org/10.1188/14.ONF.581-592","Effects of Acupuncture and Acupressure on Cancer-Related Fatigue: A Systematic Review","Cancer-related fatigue (CRF)","Cancer-related fatigue (CRF)","Not specified (the paper does not explicitly translate cancer-related fatigue into Traditional Chinese Medicine terminology)","Not specified (the paper does not explicitly translate cancer-related fatigue into Traditional Chinese Medicine terminology)","","","","","","","","","","","","","","","","","","","","","","",""
"https://doi.org/10.1191/0269215504cr849oa","Effects of acupuncture and placebo TENS in addition to exercise in treatment of rotator cuff tendinitis","Rotator cuff tendinitis","Rotator cuff tendinitis","Not specified (the paper does not mention any Traditional Chinese Medicine terminology or conditions)","Not specified (the paper does not mention any Traditional Chinese Medicine terminology or conditions)","","","","","","","","","","","","","","","","","","","","","","",""
"https://doi.org/10.1200/JCO.2003.09.011","Analgesic Effect of Auricular Acupuncture for Cancer Pain: A Randomized, Blinded, Controlled Trial","Neuropathic pain in cancer patients","Neuropathic pain in cancer patients","Not specified","Not specified","","","","","","","","","","","","","","","","","","","","","","",""
"https://doi.org/10.1200/JCO.2007.12.0774","Randomized, Controlled Trial of Acupuncture for the Treatment of Hot Flashes in Breast Cancer Patients","Hot flashes in breast cancer patients","Hot flashes in breast cancer patients","Not specified (the paper does not provide a TCM disease or condition)","Not specified (the paper does not provide a TCM disease or condition)","","","","","","","","","","","","","","","","","","","","","","",""
"https://doi.org/10.1200/JCO.2009.23.4708","Randomized, Blinded, Sham-Controlled Trial of Acupuncture for the Management of Aromatase Inhibitor-Associated Joint Symptoms in Women With Early-Stage Breast Cancer","Breast cancer with AI-induced arthralgias","Breast cancer with AI-induced arthralgias","Not specified (the paper does not explicitly translate the condition into Traditional Chinese Medicine terminology)","Not specified (the paper does not explicitly translate the condition into Traditional Chinese Medicine terminology)","","","","","","","","","","","","","","","","","","","","","","",""
"https://doi.org/10.1200/JCO.2009.23.5150","Acupuncture Versus Venlafaxine for the Management of Vasomotor Symptoms in Patients With Hormone Receptor-Positive Breast Cancer: A Randomized Controlled Trial","Vasomotor symptoms (hot flashes, night sweats) secondary to antiestrogen hormone therapy in breast cancer patients","Vasomotor symptoms (hot flashes, night sweats) secondary to antiestrogen hormone therapy in breast cancer patients","Not specified (the paper does not explicitly mention a TCM term for the condition being studied)","Not specified (the paper does not explicitly mention a TCM term for the condition being studied)","","","","","","","","","","","","","","","","","","","","","","",""
"https://doi.org/10.1200/JCO.2009.26.9860","Acupuncture for Pain and Dysfunction After Neck Dissection: Results of a Randomized Controlled Trial","Pain and dysfunction after neck dissection for cancer","Pain and dysfunction after neck dissection for cancer","Not specified (the paper does not provide TCM terminology for the conditions being studied)","Not specified (the paper does not provide TCM terminology for the conditions being studied)","","","","","","","","","","","","","","","","","","","","","","",""
"https://doi.org/10.1200/jco.2012.43.5818","Systematic Review of Acupuncture in Cancer Care: A Synthesis of the Evidence","Cancer","Cancer","Not specified (the paper does not provide TCM terminology or conditions)","Not specified (the paper does not provide TCM terminology or conditions)","","","","","","","","","","","","","","","","","","","","","","",""
"https://doi.org/10.1210/jc.2011-1126","True and Sham Acupuncture Produced Similar Frequency of Ovulation and Improved LH to FSH Ratios in Women with Polycystic Ovary Syndrome","Polycystic Ovary Syndrome (PCOS)","Polycystic Ovary Syndrome (PCOS)","Not specified (the paper does not provide the condition in Traditional Chinese Medicine terminology)","Not specified (the paper does not provide the condition in Traditional Chinese Medicine terminology)","","","","","","","","","","","","","","","","","","","","","","",""
"https://doi.org/10.1211/fact.15.2.0004","Acupuncture for addictions: a systematic review of systematic reviews","Alcohol addiction/dependence Drug addiction/dependence Cocaine addiction/dependence Nicotine addiction/dependence Obesity","Alcohol addiction/dependence Drug addiction/dependence Cocaine addiction/dependence Nicotine addiction/dependence Obesity","Not specified","Not specified","","","","","","","","","","","","","","","","","","","","","","",""
"https://doi.org/10.1213/01.ANE.0000048713.41657.D3","Pressure Applied on the Extra 1 Acupuncture Point Reduces Bispectral Index Values and Stress in Volunteers","Stress and anxiety","Stress and anxiety","Not specified (the paper does not explicitly mention a TCM disease or condition)","Not specified (the paper does not explicitly mention a TCM disease or condition)","","","","","","","","","","","","","","","","","","","","","","",""
"https://doi.org/10.1213/01.ANE.0000082246.67897.0B","Electrical Stimulation of Auricular Acupuncture Points Is More Effective Than Conventional Manual Auricular Acupuncture in Chronic Cervical Pain: A Pilot Study","Chronic cervical pain","Chronic cervical pain","Not specified","Not specified","","","","","","","","","","","","","","","","","","","","","","",""
"https://doi.org/10.1213/01.ane.0000107941.16173.f7","The Short-and Long-Term Benefit in Chronic Low Back Pain Through Adjuvant Electrical Versus Manual Auricular Acupuncture","Chronic Low Back Pain","Chronic Low Back Pain","Not specified (the paper does not provide a TCM term for the condition)","Not specified (the paper does not provide a TCM term for the condition)","","","","","","","","","","","","","","","","","","","","","","",""
"https://doi.org/10.1213/01.ANE.0000112312.94043.DF","Comparison of Percutaneous Electrical Nerve Stimulation with Transcutaneous Electrical Nerve Stimulation for Long-Term Pain Relief in Patients with Chronic Low Back Pain","Chronic Low Back Pain (LBP)","Chronic Low Back Pain (LBP)","Not specified (the paper does not explicitly use TCM terminology to describe the condition)","Not specified (the paper does not explicitly use TCM terminology to describe the condition)","","","","","","","","","","","","","","","","","","","","","","",""
"https://doi.org/10.1213/01.ane.0000242531.12722.fd","Auricular Acupuncture for Dental Anxiety: A Randomized Controlled Trial","Dental Anxiety","Dental Anxiety","Not specified (the paper does not mention a specific TCM disease or condition)","Not specified (the paper does not mention a specific TCM disease or condition)","","","","","","","","","","","","","","","","","","","","","","",""
"https://doi.org/10.1213/01.ane.0000253233.51490.dd","Perioperative Auricular Electroacupuncture Has No Effect on Pain and Analgesic Consumption After Third Molar Tooth Extraction","Third Molar Tooth Extraction","Third Molar Tooth Extraction","Not specified","Not specified","","","","","","","","","","","","","","","","","","","","","","",""
"https://doi.org/10.1213/ane.0b013e318187c76a","Acupuncture for the Management of Chronic Headache: A Systematic Review","Chronic headache (including migraine and tension-type headache)","Chronic headache (including migraine and tension-type headache)","Not specified (the paper does not explicitly mention a TCM disease or condition)","Not specified (the paper does not explicitly mention a TCM disease or condition)","","","","","","","","","","","","","","","","","","","","","","",""
"https://doi.org/10.1245/s10434-012-2759-7","A Phase II, Randomized, Controlled Trial of Acupuncture for Reduction of Postcolectomy Ileus","Postoperative ileus (POI)","Postoperative ileus (POI)","Not specified","Not specified","","","","","","","","","","","","","","","","","","","","","","",""
"https://doi.org/10.1249/01.MSS.0000078934.07213.25","Acupuncture and Responses of Immunologic and Endocrine Markers during Competition","Not specified (the paper focuses on physiological and psychological responses to exercise and competition rather than a specific Western medical condition or disease)","Healthy athletes","Not specified (the paper does not explicitly mention a specific disease or condition in Traditional Chinese Medicine terminology)","Not specified (the paper does not explicitly mention a specific disease or condition in Traditional Chinese Medicine terminology)","","","","","","","","","","","","","","","","","","","","","","",""
"https://doi.org/10.12659/MSM.890111","Effect of electroacupuncture at Zusanli (ST36) and Sanyinjiao (SP6) acupoints on adrenocortical function in etomidate anesthesia patients","Adrenal cortical inhibition induced by etomidate anesthesia","Adrenal cortical inhibition induced by etomidate anesthesia","Not specified (the paper does not explicitly mention a TCM condition or disease)","Not specified (the paper does not explicitly mention a TCM condition or disease)","","","","","","","","","","","","","","","","","","","","","","",""
"https://doi.org/10.12968/bjon.2002.11.21.10931","Acupuncture: evidence for its use in chronic low back pain","Chronic low back pain","Chronic low back pain","Not specified (the paper does not explicitly mention the TCM terminology for the condition)","Not specified (the paper does not explicitly mention the TCM terminology for the condition)","","","","","","","","","","","","","","","","","","","","","","",""
"https://doi.org/10.1300/J069v13n03_07","The Impact of the Addition of an Acupuncture Treatment Program to an Existing Metro-Dade County Outpatient Substance Abuse Treatment Facility","Substance abuse","Substance abuse","Not specified (the paper does not explicitly mention a TCM term for the condition)","Not specified (the paper does not explicitly mention a TCM term for the condition)","","","","","","","","","","","","","","","","","","","","","","",""
"https://doi.org/10.1300/J094v12n02_04","Hemiparetic Shoulder Pain Syndrome Treated with Deep Dry Needling During Early Rehabilitation: A Prospective, Open Label, Randomized Investigation","Hemiparetic shoulder pain syndrome resulting from a cerebrovascular accident (CVA, stroke)","Hemiparetic shoulder pain syndrome resulting from a cerebrovascular accident (CVA, stroke)","Not specified","Not specified","","","","","","","","","","","","","","","","","","","","","","",""
"https://doi.org/10.1308/003588410X12699663904196","Acupuncture therapy for chronic lower back pain: a systematic review","Low back pain","Low back pain","Not specified","Not specified","","","","","","","","","","","","","","","","","","","","","","",""
"https://doi.org/10.1371/journal.pmed.1001518","Acupuncture and Counselling for Depression in Primary Care: A Randomised Controlled Trial","Depression","Depression","Not specified (the paper does not provide TCM terminology for the condition)","Not specified (the paper does not provide TCM terminology for the condition)","","","","","","","","","","","","","","","","","","","","","","",""
"https://doi.org/10.1371/journal.pone.0000919","Naturopathic Care for Chronic Low Back Pain: A Randomized Trial","Chronic low back pain","Chronic low back pain","Not specified","Not specified","","","","","","","","","","","","","","","","","","","","","","",""
"https://doi.org/10.1371/journal.pone.0014766","Getting the Grip on Nonspecific Treatment Effects: Emesis in Patients Randomized to Acupuncture or Sham Compared to Patients Receiving Standard Care","Radiotherapy-induced emesis (nausea and vomiting)","Radiotherapy-induced emesis (nausea and vomiting)","Not specified (the paper does not explicitly mention the disease/condition in Traditional Chinese Medicine terminology)","Not specified (the paper does not explicitly mention the disease/condition in Traditional Chinese Medicine terminology)","","","","","","","","","","","","","","","","","","","","","","",""
"https://doi.org/10.1371/journal.pone.0036638","Acupuncture for the Treatment of Dry Eye: A Multicenter Randomised Controlled Trial with Active Comparison Intervention (Artificial Teardrops)","Dry eye syndrome","Dry eye syndrome","Not specified","Not specified","","","","","","","","","","","","","","","","","","","","","","",""
"https://doi.org/10.1371/journal.pone.0039342","Altered Small-World Efficiency of Brain Functional Networks in Acupuncture at ST36: A Functional MRI Study","Not specified (the study was conducted on healthy individuals, and no specific disease or condition is mentioned)","Healthy volunteers","Pain, hypertension, gastrointestinal and other physiological dysfunctions","","","","","","","","","","","","","","","","","","","","","","","",""
"https://doi.org/10.1371/journal.pone.0059449","Electroacupuncture for Moderate and Severe Benign Prostatic Hyperplasia: A Randomized Controlled Trial","Benign Prostatic Hyperplasia (BPH)","Benign Prostatic Hyperplasia (BPH)","Not specified (the paper does not provide a specific TCM term for BPH or its symptoms)","Not specified (the paper does not provide a specific TCM term for BPH or its symptoms)","","","","","","","","","","","","","","","","","","","","","","",""
"https://doi.org/10.1371/journal.pone.0082474","The Effectiveness of Acupuncture in Prevention and Treatment of Postoperative Nausea and Vomiting -A Systematic Review and Meta-Analysis","Postoperative nausea and vomiting (PONV)","Postoperative nausea and vomiting (PONV)","Not specified (the paper describes the TCM principles related to PONV but does not specify a traditional TCM disease or condition name)","Not specified (the paper describes the TCM principles related to PONV but does not specify a traditional TCM disease or condition name)","","","","","","","","","","","","","","","","","","","","","","",""
"https://doi.org/10.1371/journal.pone.0099538","Effects of Long-Term Acupuncture Treatment on Resting-State Brain Activity in Migraine Patients: A Randomized Controlled Trial on Active Acupoints and Inactive Acupoints","Migraine without aura","Migraine without aura","Not specified (the paper does not explicitly mention a TCM term for the condition)","Not specified (the paper does not explicitly mention a TCM term for the condition)","","","","","","","","","","","","","","","","","","","","","","",""
"https://doi.org/10.1371/journal.pone.0104582","Phantom Acupuncture: Dissociating Somatosensory and Cognitive/Affective Components of Acupuncture Stimulation with a Novel Form of Placebo Acupuncture","Not specified (the paper discusses acupuncture in general terms and its effects on pain, but does not specify a primary medical condition or disease)","Healthy volunteers","Not specified (the paper does not explicitly state a primary medical condition or disease in TCM terminology)","Not specified (the paper does not explicitly state a primary medical condition or disease in TCM terminology)","","","","","","","","","","","","","","","","","","","","","","",""
"https://doi.org/10.1371/journal.pone.0104729","Habituation to Experimentally Induced Electrical Pain during Voluntary-Breathing Controlled Electrical Stimulation (BreEStim)","Not specified (the paper focuses on pain perception and habituation in healthy subjects)","Experimental pain, Healthy volunteers","Not specified (the paper does not explicitly mention a TCM disease or condition)","Not specified (the paper does not explicitly mention a TCM disease or condition)","","","","","","","","","","","","","","","","","","","","","","",""
"https://doi.org/10.1371/journal.pone.0113172","Reporting Quality of Systematic Reviews/Meta-Analyses of Acupuncture","- Nervous system diseases - Musculoskeletal system diseases - Mental illness","- Nervous system diseases - Musculoskeletal system diseases - Mental illness","Not specified (the paper does not provide specific TCM terminology for the diseases or conditions studied)","Not specified (the paper does not provide specific TCM terminology for the diseases or conditions studied)","","","","","","","","","","","","","","","","","","","","","","",""
"https://doi.org/10.1371/journal.pone.0113731","Effects of Acupuncture on Sensory Perception: A Systematic Review and Meta-Analysis","Pain conditions (e.g., myofascial pain, fibromyalgia, chronic neck and back pain, temporomandibular disorder, DOMS)","Pain conditions (e.g., myofascial pain, fibromyalgia, chronic neck and back pain, temporomandibular disorder, DOMS)","Not specified","Not specified","","","","","","","","","","","","","","","","","","","","","","",""
"https://doi.org/10.1371/journal.pone.0114057","An Updated Meta-Analysis of the Efficacy and Safety of Acupuncture Treatment for Cerebral Infarction","Ischemic stroke","Ischemic stroke","Not specified (the paper does not explicitly mention the TCM term for the condition)","Not specified (the paper does not explicitly mention the TCM term for the condition)","","","","","","","","","","","","","","","","","","","","","","",""
"https://doi.org/10.1371/journal.pone.0117146","Traditional Chinese Medicine for Neck Pain and Low Back Pain: A Systematic Review and Meta-Analysis","Neck pain (NP) and low back pain (LBP)","Neck pain (NP) and low back pain (LBP)","Not specified (the paper does not explicitly state the TCM terminology for the conditions)","Not specified (the paper does not explicitly state the TCM terminology for the conditions)","","","","","","","","","","","","","","","","","","","","","","",""
"https://doi.org/10.1371/journal.pone.0118498","Effectiveness of Traditional Chinese Medicine as an Adjunct Therapy for Parkinson's Disease: A Systematic Review and Meta-Analysis","Parkinson's disease (PD)","Parkinson's disease (PD)","Shaking palsy (historical description in TCM)","Shaking palsy (historical description in TCM)","","","","","","","","","","","","","","","","","","","","","","",""
"https://doi.org/10.1371/journal.pone.0121880","Efficacy of Acupuncture for Bell's Palsy: A Systematic Review and Meta-Analysis of Randomized Controlled Trials","Bell's palsy","Bell's palsy","Not specified","Not specified","","","","","","","","","","","","","","","","","","","","","","",""
"https://doi.org/10.1371/journal.pone.0125240","Acupuncture Therapy for Sudden Sensorineural Hearing Loss: A Systematic Review and Meta-Analysis of Randomized Controlled Trials","Sudden Sensorineural Hearing Loss (SSHL)","Sudden Sensorineural Hearing Loss (SSHL)","- Wind-cold - Wind-heat - Hyperactivity of liver-fire - Yin deficiency and yang excess - Qi stagnation and blood stasis - Stagnation of phlegm-fire","- Wind-cold - Wind-heat - Hyperactivity of liver-fire - Yin deficiency and yang excess - Qi stagnation and blood stasis - Stagnation of phlegm-fire","","","","","","","","","","","","","","","","","","","","","","",""
"https://doi.org/10.1371/journal.pone.0174586","Acupuncture for benign prostatic hyperplasia: A systematic review and meta-analysis","Benign Prostatic Hyperplasia (BPH)","Benign Prostatic Hyperplasia (BPH)","Not specified (the paper focuses on BPH, a Western medical condition, and does not specify a TCM equivalent)","Not specified (the paper focuses on BPH, a Western medical condition, and does not specify a TCM equivalent)","","","","","","","","","","","","","","","","","","","","","","",""
"https://doi.org/10.1371/journal.pone.0178838","Electroacupuncture prevents endothelial dysfunction induced by ischemia-reperfusion injury via a cyclooxygenase-2-dependent mechanism: A randomized controlled crossover trial","Ischemia-reperfusion (IR) injury-induced endothelial dysfunction","Ischemia-reperfusion (IR) injury-induced endothelial dysfunction","Not specified (the paper does not explicitly mention a TCM disease or condition)","Not specified (the paper does not explicitly mention a TCM disease or condition)","","","","","","","","","","","","","","","","","","","","","","",""
"https://doi.org/10.1371/journal.pone.0180177","The role of treatment timing and mode of stimulation in the treatment of primary dysmenorrhea with acupuncture: An exploratory randomised controlled trial","Primary dysmenorrhea","Primary dysmenorrhea","Not specified (the paper does not explicitly state a TCM disease or condition name for primary dysmenorrhea)","Not specified (the paper does not explicitly state a TCM disease or condition name for primary dysmenorrhea)","","","","","","","","","","","","","","","","","","","","","","",""
"https://doi.org/10.1371/journal.pone.0180918","Effect of acupuncture on hot flush and menopause symptoms in breast cancer-A systematic review and meta-analysis","Breast cancer with hot flush and menopause symptoms","Breast cancer with hot flush and menopause symptoms","Not specified (the paper does not explicitly mention a TCM term for the condition)","Not specified (the paper does not explicitly mention a TCM term for the condition)","","","","","","","","","","","","","","","","","","","","","","",""
"https://doi.org/10.1371/journal.pone.0186616","Effects of acupuncture for the treatment of endometriosis-related pain: A systematic review and meta-analysis","Endometriosis","Endometriosis","Not specified (the paper does not explicitly mention a TCM term for the condition)","Not specified (the paper does not explicitly mention a TCM term for the condition)","","","","","","","","","","","","","","","","","","","","","","",""
"https://doi.org/10.1371/journal.pone.0187723","Factors related to acupuncture response in patients with chronic severe functional constipation: Secondary analysis of a randomized controlled trial","Chronic severe functional constipation (CSFC)","Chronic severe functional constipation (CSFC)","Not specified (the paper does not explicitly mention the TCM terminology for the condition)","Not specified (the paper does not explicitly mention the TCM terminology for the condition)","","","","","","","","","","","","","","","","","","","","","","",""
"https://doi.org/10.1371/journal.pone.0205405","Exercises and Dry Needling for Subacromial Pain Syndrome: A Randomized Parallel-Group Trial","Subacromial pain syndrome","Subacromial pain syndrome","Not specified (the paper does not provide a TCM equivalent for subacromial pain syndrome)","Not specified (the paper does not provide a TCM equivalent for subacromial pain syndrome)","","","","","","","","","","","","","","","","","","","","","","",""
"https://doi.org/10.1378/chest.121.5.1396","Short-term Acupuncture Therapy Is of No Benefit in Patients With Moderate Persistent Asthma","Asthma (moderate persistent)","Asthma (moderate persistent)","Not specified (the paper does not provide a specific TCM term for the condition)","Not specified (the paper does not provide a specific TCM term for the condition)","","","","","","","","","","","","","","","","","","","","","","",""
"https://doi.org/10.1378/chest.125.5.1783","Can a Standardized Acupuncture Technique Palliate Disabling Breathlessness: A Single-Blind, Placebo-Controlled Crossover Study","Disabling breathlessness (primarily in patients with COPD)","Disabling breathlessness (primarily in patients with COPD)","Not specified (the paper does not provide TCM terminology for the condition being studied)","Not specified (the paper does not provide TCM terminology for the condition being studied)","","","","","","","","","","","","","","","","","","","","","","",""
"https://doi.org/10.1378/chest.96.1.102","Comparison of Real and Placebo Acupuncture in Histamine-Induced Asthma A Double-Blind Crossover Study","Asthma","Asthma","Not specified (the paper does not explicitly mention the disease or condition in Traditional Chinese Medicine terminology)","Not specified (the paper does not explicitly mention the disease or condition in Traditional Chinese Medicine terminology)","","","","","","","","","","","","","","","","","","","","","","",""
"https://doi.org/10.1503/cmaj.060875","Auricular acupuncture for pain relief after ambulatory knee surgery: a randomized trial","Postoperative pain after ambulatory knee surgery","Postoperative pain after ambulatory knee surgery","Not specified (the paper does not mention a specific disease or condition in TCM terminology)","Not specified (the paper does not mention a specific disease or condition in TCM terminology)","","","","","","","","","","","","","","","","","","","","","","",""
"https://doi.org/10.1503/cmaj.091113","Acupuncture for functional recovery after stroke: a systematic review of sham-controlled randomized clinical trials","Stroke","Stroke","Not specified (the paper does not provide TCM terminology for the condition)","Not specified (the paper does not provide TCM terminology for the condition)","","","","","","","","","","","","","","","","","","","","","","",""
"https://doi.org/10.1503/cmaj.110551","Acupuncture for migraine prophylaxis: a randomized controlled trial","Migraines","Migraines","Shaoyang headache","Shaoyang headache","","","","","","","","","","","","","","","","","","","","","","",""
"https://doi.org/10.1503/cmaj.121108","Effectiveness of strengthened stimulation during acupuncture for the treatment of Bell palsy: a randomized controlled trial","Bell palsy","Bell palsy","Not specified (the paper does not provide a TCM term for Bell palsy)","Not specified (the paper does not provide a TCM term for Bell palsy)","","","","","","","","","","","","","","","","","","","","","","",""
"https://doi.org/10.1530/acta.0.1240143","Acupuncture in the treatment of Graves' ophthalmopathy. A blinded randomized study","Graves' ophthalmopathy","Graves' ophthalmopathy","Not specified (the paper does not mention the condition in Traditional Chinese Medicine terminology)","Not specified (the paper does not mention the condition in Traditional Chinese Medicine terminology)","","","","","","","","","","","","","","","","","","","","","","",""
"https://doi.org/10.1542/peds.2004-0744","A Double-Blind, Randomized, Placebo-Controlled Trial of Acupuncture for the Treatment of Childhood Persistent Allergic Rhinitis","Persistent Allergic Rhinitis","Persistent Allergic Rhinitis","Not specified (the paper does not provide a TCM classification for the condition)","Not specified (the paper does not provide a TCM classification for the condition)","","","","","","","","","","","","","","","","","","","","","","",""
"https://doi.org/10.1586/14737175.7.9.1121","Role of acupuncture in the treatment of migraine","Migraine","Migraine","Not specified (the paper does not provide a specific TCM syndrome or condition for migraine)","Not specified (the paper does not provide a specific TCM syndrome or condition for migraine)","","","","","","","","","","","","","","","","","","","","","","",""
"https://doi.org/10.1590/bjpt-rbf.2014.0066","Pain intensity and cervical range of motion in women with myofascial pain treated with acupuncture and electroacupuncture: a double-blinded, randomized clinical trial","Myofascial pain","Myofascial pain","Not specified (the paper does not explicitly mention a TCM condition or disease)","Not specified (the paper does not explicitly mention a TCM condition or disease)","","","","","","","","","","","","","","","","","","","","","","",""
"https://doi.org/10.1682/jrrd.2007.11.0181","Electroacupuncture may help motor recovery in chronic stroke survivors: A pilot study","Stroke","Stroke","Not specified (the paper does not explicitly use TCM terminology)","Not specified (the paper does not explicitly use TCM terminology)","","","","","","","","","","","","","","","","","","","","","","",""
"https://doi.org/10.1783/147118903101197863","A review of controlled trials of acupuncture for women's reproductive health care","- Dysmenorrhoea - Infertility - Menopausal symptoms","- Dysmenorrhoea - Infertility - Menopausal symptoms","Not specified (the paper does not provide TCM terminology for the conditions)","Not specified (the paper does not provide TCM terminology for the conditions)","","","","","","","","","","","","","","","","","","","","","","",""
"https://doi.org/10.2105/ajph.92.10.1609","Acupuncture Treatment in the Prevention of Uncomplicated Recurrent Lower Urinary Tract Infections in Adult Women","Acute lower urinary tract infections (UTIs)","Acute lower urinary tract infections (UTIs)","Not specified (the paper does not explicitly state the TCM term for the condition)","Not specified (the paper does not explicitly state the TCM term for the condition)","","","","","","","","","","","","","","","","","","","","","","",""
"https://doi.org/10.2105/ajph.92.10.1642","Auricular Acupuncture, Education, and Smoking Cessation: A Randomized, Sham-Controlled Trial","Smoking addiction","Smoking addiction","Not specified (the paper does not explicitly mention a TCM term for the condition)","Not specified (the paper does not explicitly mention a TCM term for the condition)","","","","","","","","","","","","","","","","","","","","","","",""
"https://doi.org/10.2106/JBJS.15.00620","The Effects of Acupuncture on Chronic Knee Pain Due to Osteoarthritis A Meta-Analysis","Osteoarthritis","Osteoarthritis","Not specified (the paper does not provide a TCM diagnosis or terminology for the condition)","Not specified (the paper does not provide a TCM diagnosis or terminology for the condition)","","","","","","","","","","","","","","","","","","","","","","",""
"https://doi.org/10.2147/CIA.S53814","Selection of acupoints for managing upper-extremity spasticity in chronic stroke patients","Stroke with upper-extremity spasticity","Stroke with upper-extremity spasticity","Not specified (the paper does not explicitly mention a TCM term for the condition being studied)","Not specified (the paper does not explicitly mention a TCM term for the condition being studied)","","","","","","","","","","","","","","","","","","","","","","",""
"https://doi.org/10.2147/JPR.S55580","Is acupuncture effective in the treatment of pain in endometriosis?","Endometriosis","Endometriosis","Blood stagnation due to Qi/yang deficiency, Qi stagnation, cold, blood deficiency, phlegm.","Blood stagnation due to Qi/yang deficiency, Qi stagnation, cold, blood deficiency, phlegm.","","","","","","","","","","","","","","","","","","","","","","",""
"https://doi.org/10.2164/jandrol.111.013235","Minireview Acupuncture for Chronic Nonbacterial Prostatitis/Chronic Pelvic Pain Syndrome: A Systematic Review","Chronic prostatitis/chronic pelvic pain syndrome (CP/CPPS)","Chronic prostatitis/chronic pelvic pain syndrome (CP/CPPS)","Not specified (the paper does not provide the condition in Traditional Chinese Medicine terminology)","Not specified (the paper does not provide the condition in Traditional Chinese Medicine terminology)","","","","","","","","","","","","","","","","","","","","","","",""
"https://doi.org/10.2174/1874312900903010025","Efficacy of Acupuncture for the Treatment of Fibromyalgia: Systematic Review and Meta-Analysis of Randomized Trials","Fibromyalgia","Fibromyalgia","Not specified (the paper does not provide the condition in Traditional Chinese Medicine terminology)","Not specified (the paper does not provide the condition in Traditional Chinese Medicine terminology)","","","","","","","","","","","","","","","","","","","","","","",""
"https://doi.org/10.22040/ajcrtam.2017.24885","Combination of flying needle with Chinese Herbal Medicine in the treatment of Atopic dermatitis: A clinical trial","Atopic dermatitis","Atopic dermatitis","Spleen deficiency with wetness aggregates","Spleen deficiency with wetness aggregates","","","","","","","","","","","","","","","","","","","","","","",""
"https://doi.org/10.2340/0001555577154156","A Controlled Trial of Acupuncture in Psoriasis: No Convincing Effect","Psoriasis (plaque psoriasis)","Psoriasis (plaque psoriasis)","Not specified (the paper does not provide a TCM diagnosis or terminology for the condition)","Not specified (the paper does not provide a TCM diagnosis or terminology for the condition)","","","","","","","","","","","","","","","","","","","","","","",""
"https://doi.org/10.2340/16501977-0032","Additional therapeutic effects of electroacupuncture in conjunction with conventional rehabilitation for patients with first-ever ischaemic stroke","Ischaemic stroke","Ischaemic stroke","Not specified (the paper does not provide a specific TCM term or diagnosis for the condition)","Not specified (the paper does not provide a specific TCM term or diagnosis for the condition)","","","","","","","","","","","","","","","","","","","","","","",""
"https://doi.org/10.2340/16501977-0216","A randomized controlled trial of acupuncture added to usual treatment for fibromyalgia","Fibromyalgia","Fibromyalgia","Not specified (the paper does not provide a TCM diagnosis or description of fibromyalgia)","Not specified (the paper does not provide a TCM diagnosis or description of fibromyalgia)","","","","","","","","","","","","","","","","","","","","","","",""
"https://doi.org/10.2340/165019771997243250","Effects of Repeated Sensory Stimulation Sessions (Electro Acupuncture) on Skin Temperature in Chronic Pain Patients","Long lasting nociceptive pain","Long lasting nociceptive pain","Not specified","Not specified","","","","","","","","","","","","","","","","","","","","","","",""
"https://doi.org/10.2500/ajra.2009.23.3380","Acupuncture for nasal congestion: A prospective, randomized, double-blind, placebo-controlled clinical pilot study","Nasal congestion due to hypertrophic inferior turbinates or chronic sinusitis without polyposis","Nasal congestion due to hypertrophic inferior turbinates or chronic sinusitis without polyposis","Ventus (""wind"") disease","Ventus (""wind"") disease","","","","","","","","","","","","","","","","","","","","","","",""
"https://doi.org/10.2500/ajra.2015.29.4116","Acupuncture for the treatment of allergic rhinitis: A systematic review and meta-analysis","Allergic rhinitis (AR)","Allergic rhinitis (AR)","Not specified (the paper does not explicitly mention a TCM disease or condition)","Not specified (the paper does not explicitly mention a TCM disease or condition)","","","","","","","","","","","","","","","","","","","","","","",""
"https://doi.org/10.2519/jospt.2013.4668","Effectiveness of Dry Needling for Upper-Quarter Myofascial Pain: A Systematic Review and Meta-analysis","Myofascial pain syndrome (MPS)","Myofascial pain syndrome (MPS)","Not specified (the paper does not explicitly mention Traditional Chinese Medicine terminology or conditions)","Not specified (the paper does not explicitly mention Traditional Chinese Medicine terminology or conditions)","","","","","","","","","","","","","","","","","","","","","","",""
"https://doi.org/10.2519/jospt.2014.5229","Comparison of the Short-Term Outcomes Between Trigger Point Dry Needling and Trigger Point Manual Therapy for the Management of Chronic Mechanical Neck Pain: A Randomized Clinical Trial","Neck pain","Neck pain","Not specified (the paper does not provide information on the condition in Traditional Chinese Medicine terminology)","Not specified (the paper does not provide information on the condition in Traditional Chinese Medicine terminology)","","","","","","","","","","","","","","","","","","","","","","",""
"https://doi.org/10.2519/jospt.2017.6698","Contribution of Dry Needling to Individualized Physical Therapy Treatment of Shoulder Pain: A Randomized Clinical Trial","Shoulder pain","Shoulder pain","Not specified","Not specified","","","","","","","","","","","","","","","","","","","","","","",""
"https://doi.org/10.2519/jospt.2017.7096","The Effectiveness of Trigger Point Dry Needling for Musculoskeletal Conditions by Physical Therapists: A Systematic Review and Meta-analysis","Musculoskeletal pain conditions, including neck pain, postoperative shoulder pain, chronic lower back pain, total knee arthroplasty, chronic ankle instability, myofascial pain, and fibromyalgia.","Musculoskeletal pain conditions, including neck pain, postoperative shoulder pain, chronic lower back pain, total knee arthroplasty, chronic ankle instability, myofascial pain, and fibromyalgia.","Not specified (the paper does not provide information on the disease/condition in Traditional Chinese Medicine terminology)","Not specified (the paper does not provide information on the disease/condition in Traditional Chinese Medicine terminology)","","","","","","","","","","","","","","","","","","","","","","",""
"https://doi.org/10.2522/ptj.20100239","Cost Effectiveness of Acupuncture Care as an Adjunct to Exercise Bas d Physical Therapy for Osteoarthritis of the Knee","Osteoarthritis of the knee","Osteoarthritis of the knee","Not specified (the paper does not provide TCM terminology for the condition)","Not specified (the paper does not provide TCM terminology for the condition)","","","","","","","","","","","","","","","","","","","","","","",""
"https://doi.org/10.2522/ptj.20110138","Acupuncture in Subacute Stroke: No Benefits Detected","Subacute stroke","Subacute stroke","Not specified (the paper does not explicitly mention the disease/condition in Traditional Chinese Medicine terminology)","Not specified (the paper does not explicitly mention the disease/condition in Traditional Chinese Medicine terminology)","","","","","","","","","","","","","","","","","","","","","","",""
"https://doi.org/10.2522/ptj.20130255","Effectiveness of Trigger Point Dry Needling for Plantar Heel Pain: A Randomized Controlled Trial","Plantar heel pain","Plantar heel pain","Not specified (the paper does not mention Traditional Chinese Medicine terminology)","Not specified (the paper does not mention Traditional Chinese Medicine terminology)","","","","","","","","","","","","","","","","","","","","","","",""
"https://doi.org/10.3103/S1047197914010049","Acupuncture at Cervical Jiaji (EX B2) Combined with Motion Moxibustion in Treating 58 Patients with Cervical Spondylotic Radiculopathy","Cervical Spondylotic Radiculopathy (CSR)","Cervical Spondylotic Radiculopathy (CSR)","Cervical Spondylotic Radiculopathy (CSR) ""bi syndrome,"" ""flaccidity syndrome,"" and neck and shoulder pain; root cause: deficiency of liver and kidney; manifestations: wind, cold, damp invasion and blood stasis.","Cervical Spondylotic Radiculopathy (CSR) ""bi syndrome,"" ""flaccidity syndrome,"" and neck and shoulder pain; root cause: deficiency of liver and kidney; manifestations: wind, cold, damp invasion and blood stasis.","","","","","","","","","","","","","","","","","","","","","","",""
"https://doi.org/10.3103/S1047197914010104","Clinical Study of Fire Needle in Alleviating Herpes Zoster Pain","Herpes zoster pain","Herpes zoster pain","breech fire (the spider sore)","breech fire (the spider sore)","","","","","","","","","","","","","","","","","","","","","","",""
"https://doi.org/10.3109/00016359109005900","Acupuncture in treatment of facial muscular pain","Facial pain and headache of muscular origin; Craniomandibular disorders (CMD) of muscular origin","Facial pain and headache of muscular origin; Craniomandibular disorders (CMD) of muscular origin","Not specified (the paper does not explicitly mention a TCM term for the condition)","Not specified (the paper does not explicitly mention a TCM term for the condition)","","","","","","","","","","","","","","","","","","","","","","",""
"https://doi.org/10.3109/00016489.2014.973533","Measurable impact of acupuncture on mucosal swelling of inferior turbinates: a prospective, randomized, controlled study","Nasal congestion due to hypertrophic inferior turbinate (resulting from allergic and chronic rhinitis)","Nasal congestion due to hypertrophic inferior turbinate (resulting from allergic and chronic rhinitis)","Not specified (the paper does not explicitly state the disease or condition in Traditional Chinese Medicine terminology)","Not specified (the paper does not explicitly state the disease or condition in Traditional Chinese Medicine terminology)","","","","","","","","","","","","","","","","","","","","","","",""
"https://doi.org/10.3109/00206099409071892","Acupuncture in the Management of Tinnitus: A Placebo-Controlled Study","Tinnitus (noise-induced)","Tinnitus (noise-induced)","Not specified (the paper does not explicitly state the TCM disease or condition equivalent to noise-induced tinnitus)","Not specified (the paper does not explicitly state the TCM disease or condition equivalent to noise-induced tinnitus)","","","","","","","","","","","","","","","","","","","","","","",""
"https://doi.org/10.3109/00365528509089285","Acupuncture and Transcutaneous Electric Nerve Stimulation in the Treatment of Pain Associated with Chronic Pancreatitis A Randomized Study","Chronic pancreatitis","Chronic pancreatitis","Not specified (the paper does not provide TCM terminology for the condition)","Not specified (the paper does not provide TCM terminology for the condition)","","","","","","","","","","","","","","","","","","","","","","",""
"https://doi.org/10.3109/00365599309180416","Traditional acupuncture and electrical stimulation of the posterior tibial nerve. A trial in chronic interstitial cystitis","Interstitial cystitis","Interstitial cystitis","Not specified (the paper does not explicitly mention a TCM term for the condition)","Not specified (the paper does not explicitly mention a TCM term for the condition)","","","","","","","","","","","","","","","","","","","","","","",""
"https://doi.org/10.3109/00365599709070347","Acupuncture and Hypnotic Suggestions in the Treatment of Non-organic Male Sexual Dysfunction","Non-organic male sexual dysfunction","Non-organic male sexual dysfunction","Not specified (the paper does not explicitly mention a TCM term for the condition)","Not specified (the paper does not explicitly mention a TCM term for the condition)","","","","","","","","","","","","","","","","","","","","","","",""
"https://doi.org/10.3109/02770903.2010.485665","A Randomized Pilot Study of Acupuncture as an Adjunct Therapy in Adult Asthmatic Patients","Asthma","Asthma","Not specified (the paper does not explicitly mention the disease or condition in Traditional Chinese Medicine (TCM) terminology)","Not specified (the paper does not explicitly mention the disease or condition in Traditional Chinese Medicine (TCM) terminology)","","","","","","","","","","","","","","","","","","","","","","",""
"https://doi.org/10.3109/02813432.2013.862915","Acupuncture for infantile colic: A blinding-validated, randomized controlled multicentre trial in general practice","Infantile colic","Infantile colic","Not specified (the paper does not provide a direct TCM term for infantile colic)","Not specified (the paper does not provide a direct TCM term for infantile colic)","","","","","","","","","","","","","","","","","","","","","","",""
"https://doi.org/10.3109/03005364000000063","Effect of traditional Chinese acupuncture on severe tinnitus: a double-blind, placebo-controlled, clinical investigation with open therapeutic control","Tinnitus (severe)","Tinnitus (severe)","Not specified (the paper does not provide a TCM term for the condition)","Not specified (the paper does not provide a TCM term for the condition)","","","","","","","","","","","","","","","","","","","","","","",""
"https://doi.org/10.3109/03009749709065717","Acupuncture as a Symptomatic Treatment of Osteoarthritis A systematic review","Osteoarthritis","Osteoarthritis","Not specified (the paper does not provide TCM terminology for the condition)","Not specified (the paper does not provide TCM terminology for the condition)","","","","","","","","","","","","","","","","","","","","","","",""
"https://doi.org/10.3109/10550499809034488","Auricular Acupuncture as an Adjunctive Treatment for Cocaine Addiction A Pilot Study","Cocaine dependence","Cocaine dependence","Not specified","Not specified","","","","","","","","","","","","","","","","","","","","","","",""
"https://doi.org/10.3109/10601331003777444","Blinding assessment in clinical trials: A review of statistical methods and a proposal of blinding assessment protocol","Stroke","Stroke","Zhong Feng (Wind Stroke)","Zhong Feng (Wind Stroke)","","","","","","","","","","","","","","","","","","","","","","",""
"https://doi.org/10.3109/13697137.2010.484875","Acupuncture-ameliorated menopausal symptoms: single-blind, placebo-controlled, randomized trial","Menopause and associated symptoms (hot flushes, etc.)","Menopause and associated symptoms (hot flushes, etc.)","Kidney deficiency related to vasomotor symptoms","Kidney deficiency related to vasomotor symptoms","","","","","","","","","","","","","","","","","","","","","","",""
"https://doi.org/10.3109/13697137.2012.698432","Acupuncture improves sleep in postmenopause in a randomized, double-blind, placebo-controlled study","Insomnia","Insomnia","Not specified (the paper does not explicitly mention a TCM term for the condition)","Not specified (the paper does not explicitly mention a TCM term for the condition)","","","","","","","","","","","","","","","","","","","","","","",""
"https://doi.org/10.3109/13697137.2014.937687","Effects of Traditional Chinese Medicine on symptom clusters during the menopausal transition","Menopausal transition (MT) and associated symptoms: hot flashes, sleep disturbances, mood disturbances, cognitive disturbances, and pain symptoms.","Menopausal transition (MT) and associated symptoms: hot flashes, sleep disturbances, mood disturbances, cognitive disturbances, and pain symptoms.","Not specified (the paper does not provide a specific TCM disease or condition name for the menopausal transition or its symptoms)","Not specified (the paper does not provide a specific TCM disease or condition name for the menopausal transition or its symptoms)","","","","","","","","","","","","","","","","","","","","","","",""
"https://doi.org/10.3109/14767058.2013.845158","Acupuncture in post-date pregnancy: a pilot study","Prolonged pregnancy","Prolonged pregnancy","Not specified (the paper does not explicitly state a TCM disease or condition)","Not specified (the paper does not explicitly state a TCM disease or condition)","","","","","","","","","","","","","","","","","","","","","","",""
"https://doi.org/10.3310/hta8480","Acupuncture of chronic headache disorders in primary care: randomised controlled trial and economic analysis","Chronic headache disorders, predominantly migraine","Chronic headache disorders, predominantly migraine","Not specified (the paper does not provide TCM terminology or classification for the conditions)","Not specified (the paper does not provide TCM terminology or classification for the conditions)","","","","","","","","","","","","","","","","","","","","","","",""
"https://doi.org/10.3389/fneur.2018.00030","effects of acupuncture on the Recovery Outcomes of Stroke Survivors with Shoulder Pain: a Systematic Review","Poststroke shoulder pain","Poststroke shoulder pain","Not specified (the paper does not explicitly mention a TCM term for the condition)","Not specified (the paper does not explicitly mention a TCM term for the condition)","","","","","","","","","","","","","","","","","","","","","","",""
"https://doi.org/10.3389/fneur.2025.1633823","Infl uence of Acupuncture Treatment on Cerebral Activity in Functional Dyspepsia Patients and Its Relationship With Effi cacy","Functional Dyspepsia (FD)","Functional Dyspepsia (FD)","Not specified (the paper does not explicitly mention a TCM term for the condition)","Not specified (the paper does not explicitly mention a TCM term for the condition)","","","","","","","","","","","","","","","","","","","","","","",""
"https://doi.org/10.3390/ijms18112270","Mechanisms of Acupuncture Therapy in Ischemic Stroke Rehabilitation: A Literature Review of Basic Studies","Ischemic Stroke","Ischemic Stroke","Zhong Feng (Wind Stroke)","Zhong Feng (Wind Stroke)","","","","","","","","","","","","","","","","","","","","","","",""
"https://doi.org/10.3727/036012900816356172","Analgesic effects of acupuncture on pain after mandibular wisdom tooth extraction","Postoperative pain following mandibular wisdom tooth extraction","Postoperative pain following mandibular wisdom tooth extraction","Not specified (the paper does not explicitly mention a TCM disease or condition)","Not specified (the paper does not explicitly mention a TCM disease or condition)","","","","","","","","","","","","","","","","","","","","","","",""
"https://doi.org/10.3727/036012901816355938","Comparison Between Superficial and Deep Acupuncture in the Treatment of the Shoulder's Myofascial Pain: A Randomized and Controlled Study","Shoulder myofascial pain","Shoulder myofascial pain","Not specified (the paper does not provide a TCM-specific term for the condition)","Not specified (the paper does not provide a TCM-specific term for the condition)","","","","","","","","","","","","","","","","","","","","","","",""
"https://doi.org/10.3727/036012902816026040","Comparison of the Effectiveness Between Manual Acupuncture and Electroacupuncture on Patients With Tennis Elbow","Tennis Elbow (Lateral Epicondylitis)","Tennis Elbow (Lateral Epicondylitis)","Not specified (the paper does not provide a TCM disease or condition)","Not specified (the paper does not provide a TCM disease or condition)","","","","","","","","","","","","","","","","","","","","","","",""
"https://doi.org/10.3727/036012906815844265","Auricular acupuncture reduces intraoperative fentanyl requirement during hip arthroplasty--a randomized double-blinded study","Degenerative osteoarthritis","Degenerative osteoarthritis","Not specified","Not specified","","","","","","","","","","","","","","","","","","","","","","",""
"https://doi.org/10.3727/036012908803861203","Abdominal Acupuncture for Insomnia in Women: A Randomized Controlled Clinical Trial","Insomnia","Insomnia","Insomnia","","","","","","","","","","","","","","","","","","","","","","","",""
"https://doi.org/10.3727/036012910803860940","A Comparison Between Pulsed Radiofrequency and Electro-acupuncture for Relieving Pain in Patients with Chronic Low Back Pain","Chronic Low Back Pain","Chronic Low Back Pain","Not specified (the paper does not provide a TCM diagnosis or terminology for the condition)","Not specified (the paper does not provide a TCM diagnosis or terminology for the condition)","","","","","","","","","","","","","","","","","","","","","","",""
"https://doi.org/10.3727/036012912X13831831256375","Somatic Acupuncture Versus Ear Acupuncture in Migraine Therapy: A Randomized, Controlled, Blind Study","Migraine without aura","Migraine without aura","Not specified (the paper does not provide TCM terminology for the condition)","Not specified (the paper does not provide TCM terminology for the condition)","","","","","","","","","","","","","","","","","","","","","","",""
"https://doi.org/10.3727/036012984816714703","Effectiveness of Acupuncture and Physiotherapy on Myogenic Headache: A Comparative Study","Tension-neck syndrome with headache","Tension-neck syndrome with headache","Tension-neck and headache syndrome (TCM: possibly related to Liver Qi Stagnation or Gallbladder Qi Stagnation, but not explicitly stated)","Tension-neck and headache syndrome (TCM: possibly related to Liver Qi Stagnation or Gallbladder Qi Stagnation, but not explicitly stated)","","","","","","","","","","","","","","","","","","","","","","",""
"https://doi.org/10.3727/036012985816714432","Comparative Study of the Analgesic Effect of Transcutaneous Nerve Stimulation (TNS), Electroacupuncture (EA) and Meperidine in the Treatment of Postoperative Pain","Postoperative pain","Postoperative pain","Not specified (the paper does not explicitly mention a TCM disease or condition)","Not specified (the paper does not explicitly mention a TCM disease or condition)","","","","","","","","","","","","","","","","","","","","","","",""
"https://doi.org/10.3727/036012995816357113","Acupuncture in Angina Pectoris: Do Psycho-Social and Neurophysiological Factors Relate to the Effect?","Angina Pectoris","Angina Pectoris","Not specified (the paper does not provide TCM terminology for angina pectoris)","Not specified (the paper does not provide TCM terminology for angina pectoris)","","","","","","","","","","","","","","","","","","","","","","",""
"https://doi.org/10.3736/jcim20100707","Acupuncture versus metoclopramide in treatment of postoperative gastroparesis syndrome in abdominal surgical patients: a randomized controlled trial","Postoperative gastroparesis syndrome (PGS)","Postoperative gastroparesis syndrome (PGS)","Not specified (the paper does not explicitly mention the condition in Traditional Chinese Medicine (TCM) terminology)","Not specified (the paper does not explicitly mention the condition in Traditional Chinese Medicine (TCM) terminology)","","","","","","","","","","","","","","","","","","","","","","",""
"https://doi.org/10.3748/wjg.v11.i26.4040","Acupuncture for irritable bowel syndrome: A blinded placebo-controlled trial","Irritable bowel syndrome (IBS)","Irritable bowel syndrome (IBS)","Not specified (the paper refers to IBS and its treatment in TCM patterns but does not specify a TCM disease or condition name)","Not specified (the paper refers to IBS and its treatment in TCM patterns but does not specify a TCM disease or condition name)","","","","","","","","","","","","","","","","","","","","","","",""
"https://doi.org/10.3748/wjg.v13.i25.3417","Acupuncture treatment in gastrointestinal diseases: A systematic review","- Irritable bowel syndrome (IBS) - Crohn's disease - Colitis ulcerosa - Functional dyspepsia - Diabetic gastroparesis - Chronic gastritis - Chronic constipation - Stomach carcinoma pain - Achalasia","- Irritable bowel syndrome (IBS) - Crohn's disease - Colitis ulcerosa - Functional dyspepsia - Diabetic gastroparesis - Chronic gastritis - Chronic constipation - Stomach carcinoma pain - Achalasia","Not specified (the paper does not explicitly mention TCM terminology for the conditions studied)","Not specified (the paper does not explicitly mention TCM terminology for the conditions studied)","","","","","","","","","","","","","","","","","","","","","","",""
"https://doi.org/10.3748/wjg.v16.i1.104","Electro-acupuncture to prevent prolonged postoperative ileus: A randomized clinical trial","Prolonged postoperative ileus (PPOI)","Prolonged postoperative ileus (PPOI)","Prolonged Postoperative Ileus (PPOI)","","","","","","","","","","","","","","","","","","","","","","","",""
"https://doi.org/10.3748/wjg.v20.i31.11000","Randomized controlled trial: Moxibustion and acupuncture for the treatment of Crohn's disease","Crohn's disease (CD)","Crohn's disease (CD)","Weak spleen and dominant dampness, kidney weakness, liver stagnation","Weak spleen and dominant dampness, kidney weakness, liver stagnation","","","","","","","","","","","","","","","","","","","","","","",""
"https://doi.org/10.3748/wjg.v21.i27.8304","Acupuncture and regulation of gastrointestinal function","Gastrointestinal (GI) dysfunction diseases, including irritable bowel syndrome (IBS), chemotherapy-induced nausea, postoperative nausea and vomiting, peptic ulcer disease, postoperative ileus, constipation, and diarrhea.","Gastrointestinal (GI) dysfunction diseases, including irritable bowel syndrome (IBS), chemotherapy-induced nausea, postoperative nausea and vomiting, peptic ulcer disease, postoperative ileus, constipation, and diarrhea.","Not specified (the paper discusses conditions in Western medical terms rather than Traditional Chinese Medicine terminology)","Not specified (the paper discusses conditions in Western medical terms rather than Traditional Chinese Medicine terminology)","","","","","","","","","","","","","","","","","","","","","","",""
"https://doi.org/10.3748/wjg.v21.i8.2315","Treatment of irritable bowel syndrome in China: A review","Irritable bowel syndrome (IBS)","Irritable bowel syndrome (IBS)","Liver depression and spleen deficiency","Liver depression and spleen deficiency","","","","","","","","","","","","","","","","","","","","","","",""
"https://doi.org/10.3892/etm.2014.1516","Needle-knife therapy improves the clinical symptoms of knee osteoarthritis by inhibiting the expression of inflammatory cytokines","Knee osteoarthritis (KOA)","Knee osteoarthritis (KOA)","Stasis of the channels; Gu Bi; Bone obstruction disease with blood stasis and cold dampness","Stasis of the channels; Gu Bi; Bone obstruction disease with blood stasis and cold dampness","","","","","","","","","","","","","","","","","","","","","","",""
"https://doi.org/10.4065/81.6.749","Improvement in Fibromyalgia Symptoms With Acupuncture: Results of a Randomized Controlled Trial","Fibromyalgia","Fibromyalgia","Not specified","Not specified","","","","","","","","","","","","","","","","","","","","","","",""
"https://doi.org/10.4088/jcp.08m04208","The Safety, Acceptability, and Effectiveness of Acupuncture as an Adjunctive Treatment for Acute Symptoms in Bipolar Disorder","Bipolar disorder (focusing on hypomania and depression symptoms)","Bipolar disorder (focusing on hypomania and depression symptoms)","Not specified (the paper does not provide TCM terminology for the conditions studied)","Not specified (the paper does not provide TCM terminology for the conditions studied)","","","","","","","","","","","","","","","","","","","","","","",""
"https://doi.org/10.4088/JCP.10m06105","Acupuncture for the Treatment of Major Depressive Disorder: A Randomized Controlled Trial","Major Depressive Disorder (MDD)","Major Depressive Disorder (MDD)","Not specified (the paper does not explicitly mention the TCM terminology for the condition being studied)","Not specified (the paper does not explicitly mention the TCM terminology for the condition being studied)","","","","","","","","","","","","","","","","","","","","","","",""
"https://doi.org/10.4088/jcp.v67n1101","Acupuncture for Depression: A Randomized Controlled Trial","Major Depressive Disorder (MDD)","Major Depressive Disorder (MDD)","Not specified (the paper does not explicitly mention a TCM term for the condition being studied)","Not specified (the paper does not explicitly mention a TCM term for the condition being studied)","","","","","","","","","","","","","","","","","","","","","","",""
"https://doi.org/10.4102/sajp.v70i2.268","A pilot study on using acupunture and core stability exercises to treat non-specific acute low back paun among industrial workers","Non specific acute low back pain","Non specific acute low back pain","Not specified","Not specified","","","","","","","","","","","","","","","","","","","","","","",""
"https://doi.org/10.4103/0259-1162.177182","Is acupuncturing effective in controlling the gag reflex during dental procedures? A review of literature","Gag reflex","Gag reflex","Not specified (the paper does not explicitly mention a TCM disease or condition)","Not specified (the paper does not explicitly mention a TCM disease or condition)","","","","","","","","","","","","","","","","","","","","","","",""
"https://doi.org/10.4103/0366-6999.200549","Acupuncture Improves Intestinal Absorption of Iron in Iron-deficient Obese Patients: A Randomized Controlled Preliminary Trial","Iron deficiency (ID) and iron deficiency anemia (IDA) in obese patients","Iron deficiency (ID) and iron deficiency anemia (IDA) in obese patients","Not specified (the paper does not explicitly mention a TCM term for the condition being studied)","Not specified (the paper does not explicitly mention a TCM term for the condition being studied)","","","","","","","","","","","","","","","","","","","","","","",""
"https://doi.org/10.4103/1673-5374.131590","Early filiform needle acupuncture for poststroke depression: a meta-analysis of 17 randomized controlled clinical trials","Poststroke depression","Poststroke depression","Not specified (the paper does not explicitly state the condition in Traditional Chinese Medicine terminology)","Not specified (the paper does not explicitly state the condition in Traditional Chinese Medicine terminology)","","","","","","","","","","","","","","","","","","","","","","",""
"https://doi.org/10.4103/2277-9175.133206","Electrical stimulation of acupuncture points for analgesia during bone marrow aspiration and biopsy: A randomized double-blind placebo-controlled trial","Pain during bone marrow aspiration and biopsy (BMA/BMB)","Pain during bone marrow aspiration and biopsy (BMA/BMB)","Not specified (the paper does not explicitly mention a TCM disease or condition)","Not specified (the paper does not explicitly mention a TCM disease or condition)","","","","","","","","","","","","","","","","","","","","","","",""
"https://doi.org/10.5152/npa.2015.9887","Auricular Acupuncture, Education, and Smoking Cessation: A Randomized, Sham-Controlled Trial","Nicotine addiction / Smoking cessation","Nicotine addiction / Smoking cessation","Not specified (the paper does not explicitly mention a TCM disease or condition)","Not specified (the paper does not explicitly mention a TCM disease or condition)","","","","","","","","","","","","","","","","","","","","","","",""
"https://doi.org/10.5505/agri.2016.38991","Comparison of two different dry-needling techniques in the treatment of myofascial pain syndrome İki farklı kuru iğneleme tekniğinin miyofasial","Myofascial Pain Syndrome (MPS)","Myofascial Pain Syndrome (MPS)","Not specified","Not specified","","","","","","","","","","","","","","","","","","","","","","",""
"https://doi.org/10.5606/tftrd.2024.14372","Effects of acupuncture on oxidative stress mechanisms, pain, and quality of life in fibromyalgia: A prospective study from Türkiye","Fibromyalgia syndrome (FMS)","Fibromyalgia syndrome (FMS)","Not specified (the paper does not provide a TCM diagnosis or terminology for fibromyalgia)","Not specified (the paper does not provide a TCM diagnosis or terminology for fibromyalgia)","","","","","","","","","","","","","","","","","","","","","","",""
"https://doi.org/10.5665/SLEEP.1056","Electroacupuncture for Residual Insomnia Associated with Major Depressive Disorder: A Randomized Controlled Trial","Major Depressive Disorder (MDD) with residual insomnia","Major Depressive Disorder (MDD) with residual insomnia","Not specified (the paper focuses on residual insomnia associated with MDD, but does not specify a TCM disease or condition)","Not specified (the paper focuses on residual insomnia associated with MDD, but does not specify a TCM disease or condition)","","","","","","","","","","","","","","","","","","","","","","",""
"https://doi.org/10.5694/j.1326-5377.2007.tb01275.x","Acupuncture for persistent allergic rhinitis: a randomised, sham-controlled trial","Persistent Allergic Rhinitis (PAR)","Persistent Allergic Rhinitis (PAR)","Not specified (the paper does not explicitly state the disease or condition in TCM terminology)","Not specified (the paper does not explicitly state the disease or condition in TCM terminology)","","","","","","","","","","","","","","","","","","","","","","",""
"https://doi.org/10.5772/53970","Introduction to Floating Acupuncture: Clinical Study on the Treatment of Lateral Epicondylitis","Lateral epicondylitis (Tennis elbow)","Lateral epicondylitis (Tennis elbow)","Not specified","Not specified","","","","","","","","","","","","","","","","","","","","","","",""
"https://doi.org/10.6452/KJMS.200010.0525","Effect of electroacupuncture on shoulder subluxation for stroke patients","Shoulder subluxation in stroke patients","Shoulder subluxation in stroke patients","Not specified","Not specified","","","","","","","","","","","","","","","","","","","","","","",""
"https://doi.org/10.7205/MILMED-D-14-00451","Auricular Acupuncture for Sleep Disturbance in Veterans With Post-Traumatic Stress Disorder: A Feasibility Study","Post-Traumatic Stress Disorder (PTSD) and Sleep Disturbance","Post-Traumatic Stress Disorder (PTSD) and Sleep Disturbance","Not specified (the paper does not explicitly state the TCM term for the condition)","Not specified (the paper does not explicitly state the TCM term for the condition)","","","","","","","","","","","","","","","","","","","","","","",""
"https://doi.org/10.7205/milmed.171.10.1010","Auricular Acupuncture in the Treatment of Acute Pain Syndromes: A Pilot Study","Acute pain syndromes","Acute pain syndromes","Not specified (the paper does not provide TCM terminology for the condition being studied)","Not specified (the paper does not provide TCM terminology for the condition being studied)","","","","","","","","","","","","","","","","","","","","","","",""
"https://doi.org/10.7326/0003-4819-138-11-200306030-00011","A Review of the Evidence for the Effectiveness, Safety, and Cost of Acupuncture, Massage Therapy, and Spinal Manipulation for Back Pain","Back Pain","Back Pain","Not specified","Not specified","","","","","","","","","","","","","","","","","","","","","","",""
"https://doi.org/10.7326/0003-4819-141-12-200412210-00006","Effectiveness of Acupuncture as Adjunctive Therapy in Osteoarthritis of the Knee A Randomized, Controlled Trial","Osteoarthritis of the knee","Osteoarthritis of the knee","Bi syndrome","Bi syndrome","","","","","","","","","","","","","","","","","","","","","","",""
"https://doi.org/10.7326/0003-4819-141-12-200412210-00007","Acupuncture versus Placebo for the Treatment of Chronic Mechanical Neck Pain A Randomized, Controlled Trial","Chronic Mechanical Neck Pain (associated with cervical spondylosis and osteoarthritis)","Chronic Mechanical Neck Pain (associated with cervical spondylosis and osteoarthritis)","Not specified (the paper does not provide a TCM equivalent for the condition)","Not specified (the paper does not provide a TCM equivalent for the condition)","","","","","","","","","","","","","","","","","","","","","","",""
"https://doi.org/10.7326/0003-4819-143-1-200507050-00005","A Randomized Clinical Trial of Acupuncture Compared with Sham Acupuncture in Fibromyalgia","Fibromyalgia","Fibromyalgia","Not specified","Not specified","","","","","","","","","","","","","","","","","","","","","","",""
"https://doi.org/10.7326/0003-4819-145-1-200607040-00005","Acupuncture and Knee Osteoarthritis A Three-Armed Randomized Trial","Osteoarthritis of the knee","Osteoarthritis of the knee","Bi syndrome (knee pain)","Bi syndrome (knee pain)","","","","","","","","","","","","","","","","","","","","","","",""
"https://doi.org/10.7326/0003-4819-158-4-201302190-00002","Acupuncture in Patients With Seasonal Allergic Rhinitis","Seasonal Allergic Rhinitis","Seasonal Allergic Rhinitis","Not specified (the paper does not explicitly state the TCM terminology for the condition being studied)","Not specified (the paper does not explicitly state the TCM terminology for the condition being studied)","","","","","","","","","","","","","","","","","","","","","","",""
"https://doi.org/10.7326/0003-4819-84-4-381","Acupuncture for Chronic Shoulder Pain An Experimental Study with Attention to the Role of Placebo and Hypnotic Susceptibility","Chronic shoulder pain (periarticular disease: tendonitis or bursitis, osteoarthritis)","Chronic shoulder pain (periarticular disease: tendonitis or bursitis, osteoarthritis)","Not specified (the paper does not provide TCM terminology for the condition)","Not specified (the paper does not provide TCM terminology for the condition)","","","","","","","","","","","","","","","","","","","","","","",""
"https://doi.org/10.7326/m15-0667","Alexander Technique Lessons or Acupuncture Sessions for Persons With Chronic Neck Pain A Randomized Trial","Chronic, nonspecific neck pain","Chronic, nonspecific neck pain","Not specified (the paper does not explicitly mention the disease or condition in Traditional Chinese Medicine terminology)","Not specified (the paper does not explicitly mention the disease or condition in Traditional Chinese Medicine terminology)","","","","","","","","","","","","","","","","","","","","","","",""
"https://doi.org/10.7326/M15-3118","Acupuncture for Chronic Severe Functional Constipation A Randomized Trial","Chronic Severe Functional Constipation (CSFC)","Chronic Severe Functional Constipation (CSFC)","Not specified (the paper does not explicitly mention a TCM disease or condition name)","Not specified (the paper does not explicitly mention a TCM disease or condition name)","","","","","","","","","","","","","","","","","","","","","","",""
"https://doi.org/10.7326/M16-2459","Nonpharmacologic Therapies for Low Back Pain: A Systematic Review for an American College of Physicians Clinical Practice Guideline","Low back pain (acute or chronic nonradicular or radicular)","Low back pain (acute or chronic nonradicular or radicular)","Not specified (the paper does not mention any Traditional Chinese Medicine terminology or conditions)","Not specified (the paper does not mention any Traditional Chinese Medicine terminology or conditions)","","","","","","","","","","","","","","","","","","","","","","",""
"https://doi.org/10.7556/jaoa.2008.108.10.559","Effectiveness of Osteopathy in the Cranial Field and Myofascial Release Versus Acupuncture as Complementary Treatment for Children With Spastic Cerebral Palsy: A Pilot Study","Spastic cerebral palsy","Spastic cerebral palsy","Not specified (the paper does not provide a specific TCM term for spastic cerebral palsy)","Not specified (the paper does not provide a specific TCM term for spastic cerebral palsy)","","","","","","","","","","","","","","","","","","","","","","",""
"https://doi.org/10.7812/TPP/14-057","Acupuncture Safety in Patients Receiving Anticoagulants: A Systematic Review","Not specified (the paper focuses on the safety of acupuncture in patients receiving anticoagulants rather than a specific disease or condition)","anticoagulation","Not specified (the paper does not explicitly mention any TCM conditions or diseases)","Not specified (the paper does not explicitly mention any TCM conditions or diseases)","","","","","","","","","","","","","","","","","","","","","","",""
"https://doi.org/10.7861/clinmedicine.6-4-381","Systematic review of systematic reviews of acupuncture","Painful conditions (including fibromyalgia, tension headache, migraine), stroke, nausea and vomiting, depression, insomnia, smoking cessation, weight loss, asthma","Painful conditions (including fibromyalgia, tension headache, migraine), stroke, nausea and vomiting, depression, insomnia, smoking cessation, weight loss, asthma","Not specified","Not specified","","","","","","","","","","","","","","","","","","","","","","",""
"10.22454/FamMed.2020.179585","Longitudinal Study of Well-Being, Burnout and Emotional Intelligence in Family Medicine Residents","Not specified (the study focuses on burnout and well being rather than a specific Western medical condition or disease)","Physicians","Not specified (the paper does not mention a specific TCM disease or condition)","Not specified (the paper does not mention a specific TCM disease or condition)","","","","","","","","","","","","","","","","","","","","","","",""
"https://doi.org/https://doi.org/10.1179/108331903225003190","Biofeedback, Acupuncture and Transcutaneous Electric Nerve Stimulation in the Management of Temperomandibular Disorders: A Systematic Review","Temporomandibular disorders (TMD)","Temporomandibular disorders (TMD)","Not specified (the paper does not mention any Traditional Chinese Medicine (TCM) terminology or conditions)","Not specified (the paper does not mention any Traditional Chinese Medicine (TCM) terminology or conditions)","","","","","","","","","","","","","","","","","","","","","","",""
"https://journals.sagepub.com/doi/10.1136/aim.2011.004085","Acupuncture for hot flushes in perimenopausal and postmenopausal women: a randomised, shamcontrolled trial","Hot fl ushes in perimenopausal and postmenopausal women","Hot fl ushes in perimenopausal and postmenopausal women","Not specified (the paper does not explicitly mention a TCM disease or condition)","Not specified (the paper does not explicitly mention a TCM disease or condition)","","","","","","","","","","","","","","","","","","","","","","",""
"https://link.springer.com/article/10.1007/s11655-011-0875-z","Clinical Evaluation of Soothing Gan (肝) and Invigorating Pi (脾) Acupuncture Treatment on Diarrhea predominant Irritable Bowel Syndrome","Diarrhea predominant irritable bowel syndrome (IBS D)","Diarrhea predominant irritable bowel syndrome (IBS D)","Gan (肝) stagnancy Pi (脾) deficiency syndrome; Xiexie (泄泻, diarrhea)","Gan (肝) stagnancy Pi (脾) deficiency syndrome; Xiexie (泄泻, diarrhea)","","","","","","","","","","","","","","","","","","","","","","",""
"https://pubmed.ncbi.nlm.nih.gov/10024707.0/","A single blind, placebo controlled trial of a simple acupuncture treatment in the cessation of smoking","Tobacco smoking","Tobacco smoking","Not specified (the paper does not mention TCM terminology or conditions)","Not specified (the paper does not mention TCM terminology or conditions)","","","","","","","","","","","","","","","","","","","","","","",""
"https://pubmed.ncbi.nlm.nih.gov/10086765.0/","Is Acupuncture Effective in the Treatment of Fibromyalgia?","Fibromyalgia syndrome (FMS)","Fibromyalgia syndrome (FMS)","Not specified (the paper does not explicitly mention the condition in Traditional Chinese Medicine (TCM) terminology)","Not specified (the paper does not explicitly mention the condition in Traditional Chinese Medicine (TCM) terminology)","","","","","","","","","","","","","","","","","","","","","","",""
"https://pubmed.ncbi.nlm.nih.gov/10427802.0/","Acupuncture in the treatment of posttraumatic pain syndrome","Complex Regional Pain Syndrome (CRPS), also known as Reflex Sympathetic Dystrophy (RSD)","Complex Regional Pain Syndrome (CRPS), also known as Reflex Sympathetic Dystrophy (RSD)","Not specified (the paper does not explicitly mention the condition in Traditional Chinese Medicine (TCM) terminology)","Not specified (the paper does not explicitly mention the condition in Traditional Chinese Medicine (TCM) terminology)","","","","","","","","","","","","","","","","","","","","","","",""
"https://pubmed.ncbi.nlm.nih.gov/10437184.0/","Does psychological testing help to predict the response to acupuncture or massage/relaxation therapy in patients presenting to a general neurology clinic with headache?","Chronic headache (including tension type headaches and migraines)","Chronic headache (including tension type headaches and migraines)","Not specified (the paper does not provide a TCM term for the condition)","Not specified (the paper does not provide a TCM term for the condition)","","","","","","","","","","","","","","","","","","","","","","",""
"https://pubmed.ncbi.nlm.nih.gov/10437209.0/","Observation on therapeutic effects of blood-letting puncture with cupping in acute trigeminal neuralgia","Trigeminal neuralgia","Trigeminal neuralgia","Not specified (the paper does not provide a TCM term for the condition)","Not specified (the paper does not provide a TCM term for the condition)","","","","","","","","","","","","","","","","","","","","","","",""
"https://pubmed.ncbi.nlm.nih.gov/10437260.0/","Clinical study on acupuncture treatment of stomach carcinoma pain","Stomach carcinoma pain","Stomach carcinoma pain","Not specified (the paper does not provide a TCM term for the condition)","Not specified (the paper does not provide a TCM term for the condition)","","","","","","","","","","","","","","","","","","","","","","",""
"https://pubmed.ncbi.nlm.nih.gov/10437262.0/","A clinical observation on coronary heart disease treated by otopuncture at heart otopoint","Coronary Heart Disease","Coronary Heart Disease","Not specified (the paper does not explicitly mention a TCM term for the condition)","Not specified (the paper does not explicitly mention a TCM term for the condition)","","","","","","","","","","","","","","","","","","","","","","",""
"https://pubmed.ncbi.nlm.nih.gov/10513096.0/","A Comparative Study on the Treatment of Migraine Headache With Combined Distant and Local Acupuncture Points Versus Conventional Drug Therapy","Migraine Headache","Migraine Headache","Migraine Headache","","","","","","","","","","","","","","","","","","","","","","","",""
"https://pubmed.ncbi.nlm.nih.gov/10681867.0/","Observation of the efficacy of acupuncture and moxibustion in 62 cases of chronic colitis","Chronic colitis (also known as ulcerative colitis)","Chronic colitis (also known as ulcerative colitis)","Not specified","Not specified","","","","","","","","","","","","","","","","","","","","","","",""
"https://pubmed.ncbi.nlm.nih.gov/10729968.0/","TENS, Electroacupuncture and Ice Massage: Comparison of Treatment for Osteoarthritis of the Knee","Osteoarthritis (OA) of the knee","Osteoarthritis (OA) of the knee","Not specified (the paper does not mention any Traditional Chinese Medicine terminology or conditions)","Not specified (the paper does not mention any Traditional Chinese Medicine terminology or conditions)","","","","","","","","","","","","","","","","","","","","","","",""
"https://pubmed.ncbi.nlm.nih.gov/10748959.0/","Acupuncture and Chronic Pain Management","Chronic Pain","Chronic Pain","Not specified (the paper does not explicitly state the primary medical condition, disease, or symptom in Traditional Chinese Medicine terminology)","Not specified (the paper does not explicitly state the primary medical condition, disease, or symptom in Traditional Chinese Medicine terminology)","","","","","","","","","","","","","","","","","","","","","","",""
"https://pubmed.ncbi.nlm.nih.gov/10830757.0/","A prospective randomized study comparing acupuncture with physiotherapy for low back and pelvic pain in pregnancy","Low back and pelvic pain during pregnancy (LBP)","Low back and pelvic pain during pregnancy (LBP)","Not specified","Not specified","","","","","","","","","","","","","","","","","","","","","","",""
"https://pubmed.ncbi.nlm.nih.gov/10921134.0/","Treatment of 50 cases of senile dementia by acupuncture combined with inhalation of herbal drugs and oxygen","Senile dementia","Senile dementia","Not specified (the paper does not provide a specific TCM term for the condition)","Not specified (the paper does not provide a specific TCM term for the condition)","","","","","","","","","","","","","","","","","","","","","","",""
"https://pubmed.ncbi.nlm.nih.gov/10921148.0/","The third lumbar transverse process syndrome treated by electroacupuncture at Huatuojiaji points","The third lumbar transverse process syndrome","The third lumbar transverse process syndrome","Not specified (the paper does not explicitly mention a TCM term for the condition)","Not specified (the paper does not explicitly mention a TCM term for the condition)","","","","","","","","","","","","","","","","","","","","","","",""
"https://pubmed.ncbi.nlm.nih.gov/10921166.0/","Acupuncture Treatment of Bulbar PalsyA Report of 54 Cases","Bulbar palsy with cerebrovascular accident","Bulbar palsy with cerebrovascular accident","Not specified (the paper describes the pathogenesis and symptoms in TCM terms but does not explicitly state a specific TCM disease or condition name)","Not specified (the paper describes the pathogenesis and symptoms in TCM terms but does not explicitly state a specific TCM disease or condition name)","","","","","","","","","","","","","","","","","","","","","","",""
"https://pubmed.ncbi.nlm.nih.gov/10979160.0/","Acupuncture for symptom relief in HIV positive adults: Lessons learned from a pilot study","HIV disease","HIV disease","Not specified (the paper does not explicitly state a primary TCM disease or condition being studied)","Not specified (the paper does not explicitly state a primary TCM disease or condition being studied)","","","","","","","","","","","","","","","","","","","","","","",""
"https://pubmed.ncbi.nlm.nih.gov/11038990.0/","Comparison of Pharmacological Treatment Versus Acupuncture Treatment for Migraine Without AuraAnalysis of Socio medical Parameters","Migraine without aura","Migraine without aura","Not specified (the paper does not provide the condition in Traditional Chinese Medicine terminology)","Not specified (the paper does not provide the condition in Traditional Chinese Medicine terminology)","","","","","","","","","","","","","","","","","","","","","","",""
"https://pubmed.ncbi.nlm.nih.gov/11039005.0/","Auricular Plast er Therapy Plus Acupuncture at Zusanli for Postoperative Recovery of Intestinal Function","Postoperative gastrointestinal dysfunction","Postoperative gastrointestinal dysfunction","Not specified (the paper does not provide TCM terminology for the conditions being studied)","Not specified (the paper does not provide TCM terminology for the conditions being studied)","","","","","","","","","","","","","","","","","","","","","","",""
"https://pubmed.ncbi.nlm.nih.gov/11199620.0/","Acupuncture/acupressure to treat gagging dental patients: A clinical study of anti gagging effects","Gag reflex","Gag reflex","Not specified (the paper focuses on the symptom of gagging rather than a specific TCM disease or condition)","Not specified (the paper focuses on the symptom of gagging rather than a specific TCM disease or condition)","","","","","","","","","","","","","","","","","","","","","","",""
"https://pubmed.ncbi.nlm.nih.gov/11263278.0/","Acupuncture Treatment of Parkinson's Disease A Report of 29 Cases","Parkinson's disease","Parkinson's disease","Not specified (the paper does not mention the disease or condition in Traditional Chinese Medicine terminology)","Not specified (the paper does not mention the disease or condition in Traditional Chinese Medicine terminology)","","","","","","","","","","","","","","","","","","","","","","",""
"https://pubmed.ncbi.nlm.nih.gov/11263283.0/","Twenty One Cases of Vertebral Artery Type Cervical Spondylosis Treated with Acupuncture","Vertebral artery type cervical spondylosis","Vertebral artery type cervical spondylosis","Not specified (the paper does not provide a TCM term or diagnosis for the condition)","Not specified (the paper does not provide a TCM term or diagnosis for the condition)","","","","","","","","","","","","","","","","","","","","","","",""
"https://pubmed.ncbi.nlm.nih.gov/11263285.0/","Twenty five Cases of Intractable Cutaneous Pruritus Treated by Auricular Acupuncture","Intractable cutaneous pruritus","Intractable cutaneous pruritus","Not specified (the paper discusses intractable cutaneous pruritus as a symptom and its treatment principles in TCM terms, but does not specify a primary TCM disease or condition)","Not specified (the paper discusses intractable cutaneous pruritus as a symptom and its treatment principles in TCM terms, but does not specify a primary TCM disease or condition)","","","","","","","","","","","","","","","","","","","","","","",""
"https://pubmed.ncbi.nlm.nih.gov/11360530.0/","Forty five Cases of Apoplexy Treated by Electroacupuncture at the Points of Yin Meridians","Apoplexy (stroke or cerebral hemorrhage)","Apoplexy (stroke or cerebral hemorrhage)","Apoplexy","Apoplexy","","","","","","","","","","","","","","","","","","","","","","",""
"https://pubmed.ncbi.nlm.nih.gov/11360535.0/","Treatment of 482 Cases of Cervical Spondylopathy by Combining Point injection and Needle warming via Moxibustion","Cervical spondylopathy","Cervical spondylopathy","cervical spondylopathy","","","","","","","","","","","","","","","","","","","","","","","",""
"https://pubmed.ncbi.nlm.nih.gov/11452568.0/","Clinical decisions in the use of acupuncture as an adjunctive therapy for osteoarthritis of the knee","Osteoarthritis of the knee","Osteoarthritis of the knee","Bi syndrome","Bi syndrome","","","","","","","","","","","","","","","","","","","","","","",""
"https://pubmed.ncbi.nlm.nih.gov/11498896.0/","Clinical Study on Treatment of Senile Vascular Dementia by Acupuncture","Senile vascular dementia","Senile vascular dementia","Not specified (the paper does not provide TCM terminology for the condition)","Not specified (the paper does not provide TCM terminology for the condition)","","","","","","","","","","","","","","","","","","","","","","",""
"https://pubmed.ncbi.nlm.nih.gov/11789327.0/","Clinical Observation on Abdominal Cluster Needling for Treatment of Chronic Annexitis","Chronic annexitis","Chronic annexitis","Chronic annexitis due to stagnation of the liver qi, phlegm dampness, blood stasis, and accumulation of pathogenic cold","Chronic annexitis due to stagnation of the liver qi, phlegm dampness, blood stasis, and accumulation of pathogenic cold","","","","","","","","","","","","","","","","","","","","","","",""
"https://pubmed.ncbi.nlm.nih.gov/11802511.0/","Acupuncture for cervical ripening and induction of labor at terma randomized controlled trial","Cervical ripening and induction of labor at term","Cervical ripening and induction of labor at term","Not specified (the paper does not explicitly state the condition in TCM terminology)","Not specified (the paper does not explicitly state the condition in TCM terminology)","","","","","","","","","","","","","","","","","","","","","","",""
"https://pubmed.ncbi.nlm.nih.gov/11889662.0/","Acupuncture and Sham Acupuncture Reduce Muscle Pain in Myofascial Pain Patients","Myofascial pain of the jaw muscles","Myofascial pain of the jaw muscles","Not specified (the paper does not provide a specific TCM term for the condition)","Not specified (the paper does not provide a specific TCM term for the condition)","","","","","","","","","","","","","","","","","","","","","","",""
"https://pubmed.ncbi.nlm.nih.gov/11977515.0/","Acupuncture Treatment for 32 cases of Uremic Cutaneous Pruritus","Pruritus (itching)","Pruritus (itching)","Not specified (the paper does not explicitly state the TCM term for the condition, but it implies imbalances in yin and yang)","Not specified (the paper does not explicitly state the TCM term for the condition, but it implies imbalances in yin and yang)","","","","","","","","","","","","","","","","","","","","","","",""
"https://pubmed.ncbi.nlm.nih.gov/11977526.0/","Advances in Experimental Studies on Treatment of Psoriasis by Traditional Chinese Medicine","Psoriasis","Psoriasis","Psoriasis","","","","","","","","","","","","","","","","","","","","","","","",""
"https://pubmed.ncbi.nlm.nih.gov/11977530.0/","The Effect of Acupuncture on Bone Mineral Density in Postmenopausal Women","Osteoporosis","Osteoporosis","Kidney deficiency leading to bone issues (osteoporosis)","Kidney deficiency leading to bone issues (osteoporosis)","","","","","","","","","","","","","","","","","","","","","","",""
"https://pubmed.ncbi.nlm.nih.gov/12014128.0/","The Effect of Electro-Acupuncture on Motor Function Recovery in Patients with Acute Cerebral Infarction: A Randomly Controlled Trial","Cerebral Infarction (Stroke)","Cerebral Infarction (Stroke)","Not specified (the paper does not explicitly mention the condition in Traditional Chinese Medicine terminology)","Not specified (the paper does not explicitly mention the condition in Traditional Chinese Medicine terminology)","","","","","","","","","","","","","","","","","","","","","","",""
"https://pubmed.ncbi.nlm.nih.gov/12125480.0/","Study on Cytokines IL 2, IL 6, IL 10 in Patients of Chronic Allergic Rhinitis Treated with Acupuncture","Perennial rhinitis (allergic rhinitis)","Perennial rhinitis (allergic rhinitis)","Not specified (the paper does not provide a TCM term for the condition)","Not specified (the paper does not provide a TCM term for the condition)","","","","","","","","","","","","","","","","","","","","","","",""
"https://pubmed.ncbi.nlm.nih.gov/12376307.0/","Clinical Observation of Treating 78 cases of Wind Stroke with Five Center Needling","Wind stroke","Stroke","Wind stroke","Wind stroke","","","","","","","","","","","","","","","","","","","","","","",""
"https://pubmed.ncbi.nlm.nih.gov/12400423.0/","Observation on the Therapeutic Effects of Acupuncture for 60 Cases of Simple Obesity","Simple obesity","Simple obesity","Not specified (the paper does not provide a TCM specific term for the condition)","Not specified (the paper does not provide a TCM specific term for the condition)","","","","","","","","","","","","","","","","","","","","","","",""
"https://pubmed.ncbi.nlm.nih.gov/12400431.0/","Treatment of Retinal Vein Obstruction with Acupuncture and Chinese Medicinal Herbs","Retinal vein obstruction","Retinal vein obstruction","Not specified (the paper does not explicitly state the TCM term for the condition)","Not specified (the paper does not explicitly state the TCM term for the condition)","","","","","","","","","","","","","","","","","","","","","","",""
"https://pubmed.ncbi.nlm.nih.gov/12596615.0/","The Effect of Acupuncture on the Acute Withdrawal Symptoms from Rapid Opiate Detoxification","Withdrawal symptoms associated with rapid opiate detoxification","Withdrawal symptoms associated with rapid opiate detoxification","Not specified (the paper does not explicitly mention a TCM disease or condition)","Not specified (the paper does not explicitly mention a TCM disease or condition)","","","","","","","","","","","","","","","","","","","","","","",""
"https://pubmed.ncbi.nlm.nih.gov/12747200.0/","Acupuncture Treatment of Facial Paralysis Caused by Craniocerebral Trauma in 50 Cases","Facial paralysis caused by craniocerebral trauma (cerebral contusion, intracranial hematoma)","Facial paralysis caused by craniocerebral trauma (cerebral contusion, intracranial hematoma)","Not specified (the paper describes the condition in terms of TCM principles but does not provide a specific TCM name for the condition)","Not specified (the paper describes the condition in terms of TCM principles but does not provide a specific TCM name for the condition)","","","","","","","","","","","","","","","","","","","","","","",""
"https://pubmed.ncbi.nlm.nih.gov/12747204.0/","Acupuncture Treatment for 157 Cases of Anxiety Neurosis","Anxiety neurosis","Anxiety neurosis","Not specified (the paper describes symptoms and treatment strategies related to heart and kidney functions but does not explicitly state a TCM disease or condition name)","Not specified (the paper describes symptoms and treatment strategies related to heart and kidney functions but does not explicitly state a TCM disease or condition name)","","","","","","","","","","","","","","","","","","","","","","",""
"https://pubmed.ncbi.nlm.nih.gov/12747205.0/","Treatment of Phlegmand Heat induced Insomnia by Acupuncture in 120 Cases","Insomnia","Insomnia","Insomnia due to interior stirring by phlegm heat","Insomnia due to interior stirring by phlegm heat","","","","","","","","","","","","","","","","","","","","","","",""
"https://pubmed.ncbi.nlm.nih.gov/12855628.0/","A Randomized Controlled Single Blind Chemotherapy and Autologous Peripheral Blood Stem Cell at P6 as Additional Antiemetic Prophylaxis in High Dose Effect of Acupuncture Compared with Placebo Acupuncture","Nausea and vomiting associated with high dose chemotherapy and autologous peripheral blood stem cell transplantation.","Nausea and vomiting associated with high dose chemotherapy and autologous peripheral blood stem cell transplantation.","Not specified (the paper does not explicitly mention a TCM disease or condition)","Not specified (the paper does not explicitly mention a TCM disease or condition)","","","","","","","","","","","","","","","","","","","","","","",""
"https://pubmed.ncbi.nlm.nih.gov/12875072.0/","Treatment of Sprain by Electro-Acupuncture","Sprain","Sprain","Not specified","Not specified","","","","","","","","","","","","","","","","","","","","","","",""
"https://pubmed.ncbi.nlm.nih.gov/12875073.0/","Acupuncture and Blood letting for 30 Cases of Rheumatic Gonitis","Rheumatic gonitis","Rheumatic gonitis","Not specified (the paper does not explicitly state the disease/condition in TCM terminology)","Not specified (the paper does not explicitly state the disease/condition in TCM terminology)","","","","","","","","","","","","","","","","","","","","","","",""
"https://pubmed.ncbi.nlm.nih.gov/14535181.0/","Clinical Observation on Treatment of Acquired Paralytic Strabismus by Acupuncture Plus Oral Administration of Chinese Herbs","Acquired paralytic strabismus","Acquired paralytic strabismus","Acquired paralytic strabismus associated with wind invasion, wind phlegm, endogenous wind, and blood stagnation","Acquired paralytic strabismus associated with wind invasion, wind phlegm, endogenous wind, and blood stagnation","","","","","","","","","","","","","","","","","","","","","","",""
"https://pubmed.ncbi.nlm.nih.gov/14535189.0/","Two hundred and Ten Cases of Shoulder Periarthritis Treated by Needling Lingxia and Sanjian","Shoulder Periarthritis","Shoulder Periarthritis","Not specified (the paper does not provide a TCM term for the condition)","Not specified (the paper does not provide a TCM term for the condition)","","","","","","","","","","","","","","","","","","","","","","",""
"https://pubmed.ncbi.nlm.nih.gov/1455324.0/","Acupuncture and occlusal splint therapy in the treatment of craniomandibular disorders","Craniomandibular disorders (CMD)","Craniomandibular disorders (CMD)","Not specified (the paper does not explicitly use TCM terminology)","Not specified (the paper does not explicitly use TCM terminology)","","","","","","","","","","","","","","","","","","","","","","",""
"https://pubmed.ncbi.nlm.nih.gov/1455324.0/","Acupuncture and occlusal splint therapyin the treatment of craniomandibular disorders","Craniomandibular disorders (CMD)","Craniomandibular disorders (CMD)","Not specified (the paper does not explicitly mention TCM terminology or conditions)","Not specified (the paper does not explicitly mention TCM terminology or conditions)","","","","","","","","","","","","","","","","","","","","","","",""
"https://pubmed.ncbi.nlm.nih.gov/14660810.0/","Effect of adding a Chinese herbal preparation to acupuncture for seasonal allergic rhinitis: randomised doubleblind controlled trial","Seasonal allergic rhinitis","Seasonal allergic rhinitis","Not specified (the paper does not explicitly mention a TCM disease or condition name)","Not specified (the paper does not explicitly mention a TCM disease or condition name)","","","","","","","","","","","","","","","","","","","","","","",""
"https://pubmed.ncbi.nlm.nih.gov/14687469.0/","PET imaging of brain function while puncturing the acupoint ST36","Not specified (the study involves healthy volunteers and focuses on the effects of acupuncture on brain function)","Healthy Volunteers","Not specified (the paper does not explicitly mention a primary medical condition, disease, or symptom being studied according to TCM terminology)","Not specified (the paper does not explicitly mention a primary medical condition, disease, or symptom being studied according to TCM terminology)","","","","","","","","","","","","","","","","","","","","","","",""
"https://pubmed.ncbi.nlm.nih.gov/14687475.0/","Effects of acupoints TENS on heat pain threshold in normal subjects","Not specified (the paper does not explicitly mention a specific disease or condition)","Experimental pain, Healthy volunteers","Not specified","Not specified","","","","","","","","","","","","","","","","","","","","","","",""
"https://pubmed.ncbi.nlm.nih.gov/14695986.0/","Effects of acupuncture and moxa treatment in patients with semen abnormalities","Oligoastenoteratozoospermia","Oligoastenoteratozoospermia","Not specified (the paper does not explicitly state the condition in TCM terminology)","Not specified (the paper does not explicitly state the condition in TCM terminology)","","","","","","","","","","","","","","","","","","","","","","",""
"https://pubmed.ncbi.nlm.nih.gov/14719295.0/","Clinical Study on Therapeutic Effect of Acupuncture on Behcet's Disease","Behcet's Disease","Behcet's Disease","Not specified (the paper does not provide a TCM term for Behcet's disease)","Not specified (the paper does not provide a TCM term for Behcet's disease)","","","","","","","","","","","","","","","","","","","","","","",""
"https://pubmed.ncbi.nlm.nih.gov/14719298.0/","Acupuncture Treatment of Chronic Superficial Gastritis by the Eight Methods of Intelligent Turtle","Chronic superficial gastritis","Chronic superficial gastritis","Not specified (the paper does not provide a TCM term for the condition)","Not specified (the paper does not provide a TCM term for the condition)","","","","","","","","","","","","","","","","","","","","","","",""
"https://pubmed.ncbi.nlm.nih.gov/14719299.0/","Juvenile Myasthenia Laryngis Treated by Acupuncture and TCM Medication","Myasthenia laryngis (laryngoparalysis)","Myasthenia laryngis (laryngoparalysis)","Not specified (the paper does not explicitly state the TCM term for the condition)","Not specified (the paper does not explicitly state the TCM term for the condition)","","","","","","","","","","","","","","","","","","","","","","",""
"https://pubmed.ncbi.nlm.nih.gov/14719300.0/","The Therapeutic Effects of Triple Puncture and Routine Body Needling for Cervical Spondylosis","Cervical spondylosis","Cervical spondylosis","Not specified (the paper does not provide a TCM term for the condition)","Not specified (the paper does not provide a TCM term for the condition)","","","","","","","","","","","","","","","","","","","","","","",""
"https://pubmed.ncbi.nlm.nih.gov/14719302.0/","Observation on Acupuncture Treatment of Ischemic Apoplexy by Nourishing the Kidney and Regulating the Du Channel","Ischemic apoplexy (stroke)","Ischemic apoplexy (stroke)","Not specified (the paper does not explicitly state a TCM disease or condition name, but it implies treatment for kidney and Du channel imbalances)","Not specified (the paper does not explicitly state a TCM disease or condition name, but it implies treatment for kidney and Du channel imbalances)","","","","","","","","","","","","","","","","","","","","","","",""
"https://pubmed.ncbi.nlm.nih.gov/14719303.0/","Effects of Magnetic Needle Acupuncture on Blood Pressure and Plasma ET 1 Level in the Patient of Hypertension","Hypertension","Hypertension","Not specified","Not specified","","","","","","","","","","","","","","","","","","","","","","",""
"https://pubmed.ncbi.nlm.nih.gov/15119162.0/","The Effects of Acupuncture in Treatment of Coronary Heart Diseases","Angina pectoris and acute myocardial infarct","Angina pectoris and acute myocardial infarct","Not specified (the paper does not explicitly state the TCM terminology for the conditions)","Not specified (the paper does not explicitly state the TCM terminology for the conditions)","","","","","","","","","","","","","","","","","","","","","","",""
"https://pubmed.ncbi.nlm.nih.gov/15119166.0/","Treatment of Pseudobulbar Paralysis by Scalp Acupuncture and Sublingual Needling","Pseudobulbar paralysis due to cerebral infarction or cerebral hemorrhage","Pseudobulbar paralysis due to cerebral infarction or cerebral hemorrhage","Not specified (the paper does not explicitly mention the disease or condition in Traditional Chinese Medicine terminology)","Not specified (the paper does not explicitly mention the disease or condition in Traditional Chinese Medicine terminology)","","","","","","","","","","","","","","","","","","","","","","",""
"https://pubmed.ncbi.nlm.nih.gov/1511917.0/","Frequent Ventricular Extrasystole Treated by Needling Neiguan (PC 6) plus Oral Administration of Mexiletine — A Report of 30 Cases","Frequent ventricular extrasystole","Frequent ventricular extrasystole","Not specified (the paper does not explicitly mention the disease/condition in Traditional Chinese Medicine terminology)","Not specified (the paper does not explicitly mention the disease/condition in Traditional Chinese Medicine terminology)","","","","","","","","","","","","","","","","","","","","","","",""
"https://pubmed.ncbi.nlm.nih.gov/15498373.0/","Efficacy of acupuncture and moxibustion in treating Bell' s palsy : a multicenter randomized controlled trial in China","Bell's palsy (idiopathic facial paralysis)","Bell's palsy (idiopathic facial paralysis)","Not specified (the paper does not provide a specific TCM term for Bell's palsy)","Not specified (the paper does not provide a specific TCM term for Bell's palsy)","","","","","","","","","","","","","","","","","","","","","","",""
"https://pubmed.ncbi.nlm.nih.gov/15498373.0/","Efficacy of acupuncture and moxibustion in treating Bell' s palsy : a multicenter randomized controlled trial in China","Bell's palsy (idiopathic facial paralysis)","Bell's palsy (idiopathic facial paralysis)","Not specified (the paper does not explicitly mention the disease or condition in Traditional Chinese Medicine terminology)","Not specified (the paper does not explicitly mention the disease or condition in Traditional Chinese Medicine terminology)","","","","","","","","","","","","","","","","","","","","","","",""
"https://pubmed.ncbi.nlm.nih.gov/15510787.0/","Clinical Observation Clinical Observation on Acupuncture Treatment in 35 Cases of Diabetic Gastroparesis","Diabetic Gastroparesis","Diabetic Gastroparesis","Not specified (the paper does not provide a TCM term for the condition)","Not specified (the paper does not provide a TCM term for the condition)","","","","","","","","","","","","","","","","","","","","","","",""
"https://pubmed.ncbi.nlm.nih.gov/15510795.0/","Clinical Analysis for the Acupuncture Treatment in 42 Cases of Gouty Renal Damage","Gouty renal damage","Gouty renal damage","Not specified (the paper does not explicitly state the disease/condition in Traditional Chinese Medicine terminology)","Not specified (the paper does not explicitly state the disease/condition in Traditional Chinese Medicine terminology)","","","","","","","","","","","","","","","","","","","","","","",""
"https://pubmed.ncbi.nlm.nih.gov/15510807.0/","Effects of Acupuncture on Hemorheology, Blood Lipid Content and Nail Fold Microcirculation in Multiple Infarct Dementia Patients","Multiple Infarct Dementia (MID)","Multiple Infarct Dementia (MID)","Kidney deficiency leading to phlegm stasis and brain dysfunction","Kidney deficiency leading to phlegm stasis and brain dysfunction","","","","","","","","","","","","","","","","","","","","","","",""
"https://pubmed.ncbi.nlm.nih.gov/15889513.0/","Electro acupuncture Treatment for the Upper Segment Ureterolithiasis Under B Ultrasonography","Ureterolithiasis","Ureterolithiasis","Not specified (the paper does not provide a specific TCM term for the condition)","Not specified (the paper does not provide a specific TCM term for the condition)","","","","","","","","","","","","","","","","","","","","","","",""
"https://pubmed.ncbi.nlm.nih.gov/15921471.0/","Effects of Acupuncture Versus Ultrasound in Patients With Impingement Syndrome: Randomized Clinical Trial","Impingement syndrome","Impingement syndrome","Not specified (the paper does not provide a TCM equivalent or description for impingement syndrome)","Not specified (the paper does not provide a TCM equivalent or description for impingement syndrome)","","","","","","","","","","","","","","","","","","","","","","",""
"https://pubmed.ncbi.nlm.nih.gov/16136930.0/","Clinical Observation Ulcerative Colitis Treated by Acupuncture at Jiaji Points (EX B2) and Tapping with Plum blossom Needle at Sanjiaoshu (BL22) and Dachangshu (BL 25)A Report of 43 Cases","Ulcerative colitis (UC)","Ulcerative colitis (UC)","Not specified (the paper does not provide TCM terminology for the condition)","Not specified (the paper does not provide TCM terminology for the condition)","","","","","","","","","","","","","","","","","","","","","","",""
"https://pubmed.ncbi.nlm.nih.gov/16136932.0/","Acupuncture Treatment of Simple Obesity","Simple Obesity","Simple Obesity","Simple Obesity; Heat Excess Type in the Stomach and Intestine (HE); Stagnancy of Dampness due to Deficiency Spleen (DS); Insufficiency of Kidney (KQI); Stagnancy of Gi of the Liv (LQS)","Simple Obesity; Heat Excess Type in the Stomach and Intestine (HE); Stagnancy of Dampness due to Deficiency Spleen (DS); Insufficiency of Kidney (KQI); Stagnancy of Gi of the Liv (LQS)","","","","","","","","","","","","","","","","","","","","","","",""
"https://pubmed.ncbi.nlm.nih.gov/16136935.0/","Acupuncture and Chinese Patent Drugs For Chronic Fatigue Syndrome","Chronic Fatigue Syndrome","Chronic Fatigue Syndrome","1. Incoordination between the liver and spleen 2. Qi insufficiency of the spleen and stomach 3. Deficiency of both the heart and spleen 4. Yin deficiency of the liver and kidney 5. Yang insufficiency of the spleen and kidney","1. Incoordination between the liver and spleen 2. Qi insufficiency of the spleen and stomach 3. Deficiency of both the heart and spleen 4. Yin deficiency of the liver and kidney 5. Yang insufficiency of the spleen and kidney","","","","","","","","","","","","","","","","","","","","","","",""
"https://pubmed.ncbi.nlm.nih.gov/16136936.0/","Clinical Observation on Treatment of Auditory Hallucinosis by Electroacupuncture A Report of 30 Cases","Auditory hallucinosis","Auditory hallucinosis","Not specified","Not specified","","","","","","","","","","","","","","","","","","","","","","",""
"https://pubmed.ncbi.nlm.nih.gov/16170293.0/","Acupuncture versus pharmacological approach to reduce Hyperemesis gravidarum discomfort","Hyperemesis gravidarum (HG)","Hyperemesis gravidarum (HG)","Not specified (the paper does not explicitly mention a TCM term for the condition)","Not specified (the paper does not explicitly mention a TCM term for the condition)","","","","","","","","","","","","","","","","","","","","","","",""
"https://pubmed.ncbi.nlm.nih.gov/16208302.0/","The effect of acupuncture and moxibustion on physical performance by sedentary subjects submitted to ergospirometric test on the treadmill","Not specified (the paper focuses on sedentary habits and fatigue, but does not specify a primary medical condition or disease)","sedentary human volunteers","Not specified (the paper does not explicitly mention a TCM disease or condition)","Not specified (the paper does not explicitly mention a TCM disease or condition)","","","","","","","","","","","","","","","","","","","","","","",""
"https://pubmed.ncbi.nlm.nih.gov/16334714.0/","Forty six Cases ofthe Nerve Root Involved Cervical Spondylopathy Treated by Needling the Sitian Points","Nerve root involved cervical spondylopathy","Nerve root involved cervical spondylopathy","Nerve root involved cervical spondylopathy","","","","","","","","","","","","","","","","","","","","","","","",""
"https://pubmed.ncbi.nlm.nih.gov/16334715.0/","Treatment of Heroinism with Acupunture at Points of the Du Channel","Heroin addiction (heroinism)","Heroin addiction (heroinism)","Not specified (the paper does not explicitly mention the disease or condition in Traditional Chinese Medicine terminology)","Not specified (the paper does not explicitly mention the disease or condition in Traditional Chinese Medicine terminology)","","","","","","","","","","","","","","","","","","","","","","",""
"https://pubmed.ncbi.nlm.nih.gov/16334716.0/","Acupuncture Treatment for 15 Cases of Post traumatic Coma","Post traumatic Coma","Post traumatic Coma","Post traumatic Coma","","","","","","","","","","","","","","","","","","","","","","","",""
"https://pubmed.ncbi.nlm.nih.gov/16334718.0/","Clinical studies on treatment of chronic prostatitis with acupuncture and mild moxibustion","Chronic prostatitis","Chronic prostatitis","Chronic prostatitis due to damp heat, stagnation of blood stasis and deficiency of the kidney.","Chronic prostatitis due to damp heat, stagnation of blood stasis and deficiency of the kidney.","","","","","","","","","","","","","","","","","","","","","","",""
"https://pubmed.ncbi.nlm.nih.gov/16334720.0/","Effects of the Combined Therapy of Acupuncture with Herbal Drugs on Male Immune Infertility A Clinical Report of 50 Cases","Male immune infertility","Male immune infertility","Not specified (the paper implies a deficiency pattern related to male immune infertility but does not explicitly state the TCM term)","Not specified (the paper implies a deficiency pattern related to male immune infertility but does not explicitly state the TCM term)","","","","","","","","","","","","","","","","","","","","","","",""
"https://pubmed.ncbi.nlm.nih.gov/16447661.0/","The Brain Resuscitation Acupuncture Method for Treatment of Post Wind Stroke Mental Depression","Post stroke mental depression","Post stroke mental depression","Not specified (the paper does not explicitly state a TCM term for the condition)","Not specified (the paper does not explicitly state a TCM term for the condition)","","","","","","","","","","","","","","","","","","","","","","",""
"https://pubmed.ncbi.nlm.nih.gov/16447664.0/","Effects of the Lifting Manipulation of Scalp Acupuncture for Raising Myodynamia of the Affected Limbs in Hemiplegic Patients Due to Cerebral Thrombosis","Hemiplegia due to cerebral thrombosis","Hemiplegia due to cerebral thrombosis","Not specified (the paper does not explicitly state the TCM term for the condition)","Not specified (the paper does not explicitly state the TCM term for the condition)","","","","","","","","","","","","","","","","","","","","","","",""
"https://pubmed.ncbi.nlm.nih.gov/16447665.0/","Acupuncture Treatment for Multiple AortitisA Clinical Report of 40 Cases","Multiple Aortitis","Multiple Aortitis","Aortitis (internally caused by congenital defects and acquired malnutrition, externally by cold dampness and heat toxin; characterized by invasion of channels by pathogenic factors and weak constitution)","Aortitis (internally caused by congenital defects and acquired malnutrition, externally by cold dampness and heat toxin; characterized by invasion of channels by pathogenic factors and weak constitution)","","","","","","","","","","","","","","","","","","","","","","",""
"https://pubmed.ncbi.nlm.nih.gov/16447666.0/","Acupuncture Treatment for 76 Cases of Ulcerative Colitis","Ulcerative colitis","Ulcerative colitis","Not specified (the paper does not provide TCM terminology for the condition)","Not specified (the paper does not provide TCM terminology for the condition)","","","","","","","","","","","","","","","","","","","","","","",""
"https://pubmed.ncbi.nlm.nih.gov/16447669.0/","Needling Neiguan (P6) for Treatment of Low Pulse Pressure Syndrome —A Report of 31 Cases","Low pulse pressure syndrome","Low pulse pressure syndrome","Not specified (the paper does not explicitly state the TCM term for the condition)","Not specified (the paper does not explicitly state the TCM term for the condition)","","","","","","","","","","","","","","","","","","","","","","",""
"https://pubmed.ncbi.nlm.nih.gov/16562383.0/","Acupuncture for Urinary Urgency In Women Over 50: What Is the Evidence?","Urinary Urgency (UU) and Urge Urinary Incontinence (UUI)","Urinary Urgency (UU) and Urge Urinary Incontinence (UUI)","Not specified (the paper does not explicitly mention any Traditional Chinese Medicine (TCM) terminology or conditions)","Not specified (the paper does not explicitly mention any Traditional Chinese Medicine (TCM) terminology or conditions)","","","","","","","","","","","","","","","","","","","","","","",""
"https://pubmed.ncbi.nlm.nih.gov/16579094.0/","Ear Acupuncture Therapy for 37 Cases of Dysmenorrhea due to Endometriosis","Endometriosis with a focus on dysmenorrhea","Endometriosis with a focus on dysmenorrhea","Endometriosis with dysmenorrhea","Endometriosis with dysmenorrhea","","","","","","","","","","","","","","","","","","","","","","",""
"https://pubmed.ncbi.nlm.nih.gov/16579095.0/","Treatment of functional retrograde ejaculation with acupuncture and TCM herbal drugs","Functional Retrograde Ejaculation","Functional Retrograde Ejaculation","Functional retrograde ejaculation due to imbalance between yin and yang following deficiency of kidney qi","Functional retrograde ejaculation due to imbalance between yin and yang following deficiency of kidney qi","","","","","","","","","","","","","","","","","","","","","","",""
"https://pubmed.ncbi.nlm.nih.gov/16705841.0/","A Multicentral Randomized Control Study on Clinical Acupuncture Treatment of Bell's Palsy","Bell's palsy","Bell's palsy","Not specified (the paper does not provide a TCM specific term for Bell's palsy)","Not specified (the paper does not provide a TCM specific term for Bell's palsy)","","","","","","","","","","","","","","","","","","","","","","",""
"https://pubmed.ncbi.nlm.nih.gov/16705843.0/","Clinical Study on the Wrist Ankle Acupuncture Treatment for 30 Cases of Diabetic Peripheral Neuritis","Diabetic Peripheral Neuritis","Diabetic Peripheral Neuritis","Not specified (the paper does not explicitly mention the disease or condition in Traditional Chinese Medicine (TCM) terminology)","Not specified (the paper does not explicitly mention the disease or condition in Traditional Chinese Medicine (TCM) terminology)","","","","","","","","","","","","","","","","","","","","","","",""
"https://pubmed.ncbi.nlm.nih.gov/16705846.0/","The TCM Combined Treatment for Aphasia Due to Cerebrovascular Disorders","Aphasia due to cerebrovascular disorders","Aphasia due to cerebrovascular disorders","Not specified (the paper does not provide a specific TCM term for the condition)","Not specified (the paper does not provide a specific TCM term for the condition)","","","","","","","","","","","","","","","","","","","","","","",""
"https://pubmed.ncbi.nlm.nih.gov/16705847.0/","Acupuncture plus Point injection for 32 Cases of Obstinate Urticaria","Obstinate Urticaria","Obstinate Urticaria","Not specified (the paper does not mention a TCM disease or condition)","Not specified (the paper does not mention a TCM disease or condition)","","","","","","","","","","","","","","","","","","","","","","",""
"https://pubmed.ncbi.nlm.nih.gov/16817264.0/","An Observation on the Acupuncture Treatment of Ischemic Wind Stroke with Different Lengths of Needle retaining Time","Ischemic wind stroke","Ischemic stroke","Wind stroke","Wind stroke","","","","","","","","","","","","","","","","","","","","","","",""
"https://pubmed.ncbi.nlm.nih.gov/16817265.0/","Effect of ""Phased Whole Acupuncture Therapy"" on Ability of Daily Life in 63 Cases of Cerebral Infarction induced Hemiplegia","Cerebral infarction induced hemiplegia","Cerebral infarction induced hemiplegia","Not specified (the paper does not provide a specific TCM term for the condition)","Not specified (the paper does not provide a specific TCM term for the condition)","","","","","","","","","","","","","","","","","","","","","","",""
"https://pubmed.ncbi.nlm.nih.gov/16817274.0/","Clinical Observation on Senile Patients with Impaired Glucose Tolerance Treated by Point Application","Impaired glucose tolerance (IGT)","Impaired glucose tolerance (IGT)","Not specified (the paper does not provide a TCM term for the condition)","Not specified (the paper does not provide a TCM term for the condition)","","","","","","","","","","","","","","","","","","","","","","",""
"https://pubmed.ncbi.nlm.nih.gov/16941974.0/","Clinical Observation on Acupuncture Combined with Medicine for Treatment of Infantile Febrile Convulsion","Febrile convulsion","Febrile convulsion","Not specified (the paper does not provide a TCM term for the condition)","Not specified (the paper does not provide a TCM term for the condition)","","","","","","","","","","","","","","","","","","","","","","",""
"https://pubmed.ncbi.nlm.nih.gov/17036488.0/","Observation on therapeutic effects of scalp acupuncture analgesia on labor","Labor pain during childbirth","Labor pain during childbirth","Not specified (the paper focuses on labor pain but does not specify a TCM disease or condition)","Not specified (the paper focuses on labor pain but does not specify a TCM disease or condition)","","","","","","","","","","","","","","","","","","","","","","",""
"https://pubmed.ncbi.nlm.nih.gov/17078435.0/","The Therapeutic Effects of Electrical Acupuncture and Auricular Plaster in 32 Cases of Chronic Fatigue Syndrome","Chronic Fatigue Syndrome (CFS)","Chronic Fatigue Syndrome (CFS)","Deficiency syndrome","Deficiency syndrome","","","","","","","","","","","","","","","","","","","","","","",""
"https://pubmed.ncbi.nlm.nih.gov/17078437.0/","Treatment of Cholelithiasis by Acupuncture and Oral Decoction","Cholelithiasis","Cholelithiasis","Cholelithiasis (qi stagnation in the liver and gallbladder, stagnation of damp heat)","Cholelithiasis (qi stagnation in the liver and gallbladder, stagnation of damp heat)","","","","","","","","","","","","","","","","","","","","","","",""
"https://pubmed.ncbi.nlm.nih.gov/17078438.0/","Acupuncture Treatment of GeneralizedAnxiety Disorder","Generalized Anxiety Disorder (GAD)","Generalized Anxiety Disorder (GAD)","Not specified (the paper does not provide a TCM disease or condition name for generalized anxiety disorder)","Not specified (the paper does not provide a TCM disease or condition name for generalized anxiety disorder)","","","","","","","","","","","","","","","","","","","","","","",""
"https://pubmed.ncbi.nlm.nih.gov/17078439.0/","Acupuncture Treatment for 68 Cases of Functional Impairment Induced by Cerebral Hemorrhage at the Convalescence Stage","Cerebral hemorrhage (hypertension induced)","Cerebral hemorrhage (hypertension induced)","Not specified (the paper does not provide TCM terminology for the condition)","Not specified (the paper does not provide TCM terminology for the condition)","","","","","","","","","","","","","","","","","","","","","","",""
"https://pubmed.ncbi.nlm.nih.gov/17078440.0/","Acupuncture and Cupping for Treatment of Hiccup in Cases of Cerebrovascular Accident","Hiccup due to cerebrovascular accident","Hiccup due to cerebrovascular accident","Not specified (the paper does not provide a specific TCM term for the condition being studied)","Not specified (the paper does not provide a specific TCM term for the condition being studied)","","","","","","","","","","","","","","","","","","","","","","",""
"https://pubmed.ncbi.nlm.nih.gov/17078447.0/","Clinical Observation on Acupuncture Treatment of Depressive Neurosis in 30 Cases","Depressive neurosis","Depressive neurosis","Depression (related to disorder of qi in Liver, Heart, and Kidney Channels)","Depression (related to disorder of qi in Liver, Heart, and Kidney Channels)","","","","","","","","","","","","","","","","","","","","","","",""
"https://pubmed.ncbi.nlm.nih.gov/17078448.0/","He Ne Laser Auricular Irradiation Plus Body Acupuncture for Treatment of Acne Vulgaris in 36 Cases","Acne vulgaris","Acne vulgaris","Not specified (the paper describes the TCM perspective on the pathophysiology of acne vulgaris but does not explicitly state a specific TCM disease or condition name)","Not specified (the paper describes the TCM perspective on the pathophysiology of acne vulgaris but does not explicitly state a specific TCM disease or condition name)","","","","","","","","","","","","","","","","","","","","","","",""
"https://pubmed.ncbi.nlm.nih.gov/17313008.0/","A Controlled Study on Endometriosis Treated by Acupuncture with Shu Mu Point Combination","Endometriosis","Endometriosis","Endometriosis (EM) Blood stasis and disorder of qi functions of the liver, spleen, and kidney","Endometriosis (EM) Blood stasis and disorder of qi functions of the liver, spleen, and kidney","","","","","","","","","","","","","","","","","","","","","","",""
"https://pubmed.ncbi.nlm.nih.gov/17393617.0/","Observation on Treatment of Dizziness Mainly by Acupuncture","Dizziness","Dizziness","Not specified","Not specified","","","","","","","","","","","","","","","","","","","","","","",""
"https://pubmed.ncbi.nlm.nih.gov/17393625.0/","Clinical Observation on Cervical Spondylopathy of the Vertebroarterial Type Treated by Electro acupuncture","Cervical spondylopathy of the vertebroarterial type","Cervical spondylopathy of the vertebroarterial type","Vertigo","Vertigo","","","","","","","","","","","","","","","","","","","","","","",""
"https://pubmed.ncbi.nlm.nih.gov/17393629.0/","Treatment of Ischemic Apoplexy Based on the Theory of “Lingering Illness Affecting Collaterals”","Stroke (Apoplexy)","Stroke (Apoplexy)","Not specified (the paper refers to ""apoplexy patients"" but does not explicitly state the TCM term for the condition)","Not specified (the paper refers to ""apoplexy patients"" but does not explicitly state the TCM term for the condition)","","","","","","","","","","","","","","","","","","","","","","",""
"https://pubmed.ncbi.nlm.nih.gov/17515023.0/","In vitro fertilization and acupuncture: Clinical efficacy and mechanistic basis","Infertility","Infertility","Kidney deficiency (TCM)","Kidney deficiency (TCM)","","","","","","","","","","","","","","","","","","","","","","",""
"https://pubmed.ncbi.nlm.nih.gov/17710798.0/","Clinical Observat ion Clinical Research on Acupuncture and Moxibustion Treatment of | Chronic Atrophic Gastritis","Chronic atrophic gastritis","Chronic atrophic gastritis","epigastralgia","epigastralgia","","","","","","","","","","","","","","","","","","","","","","",""
"https://pubmed.ncbi.nlm.nih.gov/17710799.0/","Moxibustion in Combination with Psychological Approaches in 310 Cases","Chronic Fatigue Syndrome (CFS)","Chronic Fatigue Syndrome (CFS)","Not specified (the paper does not provide a TCM term for the condition)","Not specified (the paper does not provide a TCM term for the condition)","","","","","","","","","","","","","","","","","","","","","","",""
"https://pubmed.ncbi.nlm.nih.gov/17710801.0/","Clinical Observation on 30 Cases of Transient Cerebral Ischemia Attack Treated with Acupuncture and Medication","Transient cerebral ischemia attack","Transient cerebral ischemia attack","Not specified (the paper does not provide a TCM term for the condition)","Not specified (the paper does not provide a TCM term for the condition)","","","","","","","","","","","","","","","","","","","","","","",""
"https://pubmed.ncbi.nlm.nih.gov/17710804.0/","Clinical Observation on Electroacupuncture Treatment of 30 Cases of Chronic Hepatitis B","Chronic Hepatitis B","Chronic Hepatitis B","Stagnation of the liver qi with deficiency of the spleen Obstruction by damp heat Qi stagnation and blood stasis Yin deficiency of the liver and kidney","Stagnation of the liver qi with deficiency of the spleen Obstruction by damp heat Qi stagnation and blood stasis Yin deficiency of the liver and kidney","","","","","","","","","","","","","","","","","","","","","","",""
"https://pubmed.ncbi.nlm.nih.gov/17711042.0/","Electromyographic evaluation of the masseter and temporal muscles activity in volunteers submitted to acupuncture","Not specified (the study focuses on the physiological effects of acupuncture on muscle activity in healthy volunteers rather than a specific disease or condition)","Muscle activity, Healthy Volunteers","Not specified (the paper does not explicitly mention a TCM condition or disease)","Not specified (the paper does not explicitly mention a TCM condition or disease)","","","","","","","","","","","","","","","","","","","","","","",""
"https://pubmed.ncbi.nlm.nih.gov/17914688.0/","The Efficacy of Acupuncture in Extracorporeal Shock Wave Lithotripsy","Urolithiasis (urinary tract stones)","Urolithiasis (urinary tract stones)","Not specified (the paper focuses on pain management during ESWL, not a specific TCM disease or condition)","Not specified (the paper focuses on pain management during ESWL, not a specific TCM disease or condition)","","","","","","","","","","","","","","","","","","","","","","",""
"https://pubmed.ncbi.nlm.nih.gov/17955648.0/","A Controlled Study on Treatment of Mental Depression by Acupuncture plus TCM Medication","Mental Depression","Mental Depression","Not specified (the paper does not explicitly state the TCM term for the condition)","Not specified (the paper does not explicitly state the TCM term for the condition)","","","","","","","","","","","","","","","","","","","","","","",""
"https://pubmed.ncbi.nlm.nih.gov/17955649.0/","Clinical Observation on Therapeutic Effects of the Point Penetrating Method in Acupuncture Treatment of Spastic Hemiparalysis Due to Cerebrovascular Disorders","Spastic hemiparalysis due to cerebrovascular disorders (stroke)","Spastic hemiparalysis due to cerebrovascular disorders (stroke)","Not specified (the paper does not explicitly state the disease/condition in Traditional Chinese Medicine terminology)","Not specified (the paper does not explicitly state the disease/condition in Traditional Chinese Medicine terminology)","","","","","","","","","","","","","","","","","","","","","","",""
"https://pubmed.ncbi.nlm.nih.gov/17955651.0/","Clinical Observation on Treatment of Ischemic Apoplexy by Electroacupuncture plus Acupoint Injection","Ischemic apoplexy (cerebral infarction or lacunar cerebral infarction)","Ischemic apoplexy (cerebral infarction or lacunar cerebral infarction)","Ischemic apoplexy (TCM: caused by wind, phlegm, blood stasis and qi stagnation)","Ischemic apoplexy (TCM: caused by wind, phlegm, blood stasis and qi stagnation)","","","","","","","","","","","","","","","","","","","","","","",""
"https://pubmed.ncbi.nlm.nih.gov/17955657.0/","The Effect of Acupuncture on Plasma Endothelin Content in Cerebral Infarction Patients","Cerebral infarction (stroke)","Cerebral infarction (stroke)","Not specified (the paper does not explicitly mention the condition in Traditional Chinese Medicine terminology)","Not specified (the paper does not explicitly mention the condition in Traditional Chinese Medicine terminology)","","","","","","","","","","","","","","","","","","","","","","",""
"https://pubmed.ncbi.nlm.nih.gov/18246677.0/","Forty six Cases of Acute Cerebral Infarction Treated with the Combined Use of Acupuncture and Drugs","Acute cerebral infarction (stroke)","Acute cerebral infarction (stroke)","Not specified (the paper does not explicitly mention a TCM term for the condition)","Not specified (the paper does not explicitly mention a TCM term for the condition)","","","","","","","","","","","","","","","","","","","","","","",""
"https://pubmed.ncbi.nlm.nih.gov/18246680.0/","Effects of Acupuncture and Moxibustion on Tear film of the Patients with Xerophthalmia","Xerophthalmia","Xerophthalmia","Not specified (the paper describes symptoms and diagnostic criteria consistent with TCM principles but does not explicitly mention a TCM term for the condition)","Not specified (the paper describes symptoms and diagnostic criteria consistent with TCM principles but does not explicitly mention a TCM term for the condition)","","","","","","","","","","","","","","","","","","","","","","",""
"https://pubmed.ncbi.nlm.nih.gov/18246682.0/","Fifty Cases of Chloasma Treated by Acupuncture plus Intensive Pulse Light Irradiation","Chloasma (Melasma)","Chloasma (Melasma)","Not specified (the paper does not provide a specific TCM term for chloasma)","Not specified (the paper does not provide a specific TCM term for chloasma)","","","","","","","","","","","","","","","","","","","","","","",""
"https://pubmed.ncbi.nlm.nih.gov/1914952.0/","Idiopathic Subjective Tinnitus Treated by Biofeedback, Acupuncture and Drug Therapy","Idiopathic Subjective Tinnitus (IST)","Idiopathic Subjective Tinnitus (IST)","Not specified (the paper does not provide TCM terminology for the condition)","Not specified (the paper does not provide TCM terminology for the condition)","","","","","","","","","","","","","","","","","","","","","","",""
"https://pubmed.ncbi.nlm.nih.gov/19476729.0/","Pilot, Randomized, Modified, Double Blind, Placebo Controlled Trial of Acupuncture for Cancer Related Fatigue","Cancer related fatigue","Cancer related fatigue","Not specified (the paper does not provide a TCM equivalent for the condition being studied)","Not specified (the paper does not provide a TCM equivalent for the condition being studied)","","","","","","","","","","","","","","","","","","","","","","",""
"https://pubmed.ncbi.nlm.nih.gov/19946394.0/","Analgesic effect of acupuncture needle penetration: a double blind crossover study","Not specified (the study focuses on pain management rather than a specific Western medical condition or disease)","Experimental pain, Healthy volunteers","Not specified (the paper does not explicitly mention a specific disease or condition in TCM terms)","Not specified (the paper does not explicitly mention a specific disease or condition in TCM terms)","","","","","","","","","","","","","","","","","","","","","","",""
"https://pubmed.ncbi.nlm.nih.gov/20088416.0/","Observation on therapeutic effect of acupuncture on hyperemesis gravidarum","Hyperemesis gravidarum","Hyperemesis gravidarum","Hyperemesis gravidarum, also known as 'pernicious vomiting,' 'disease of resistance,' or 'disorder of the child order'","Hyperemesis gravidarum, also known as 'pernicious vomiting,' 'disease of resistance,' or 'disorder of the child order'","","","","","","","","","","","","","","","","","","","","","","",""
"https://pubmed.ncbi.nlm.nih.gov/20232615.0/","Acupuncture for essential hypertension","Essential Hypertension","Essential Hypertension","Not specified (the paper does not explicitly mention a specific TCM disease or condition)","Not specified (the paper does not explicitly mention a specific TCM disease or condition)","","","","","","","","","","","","","","","","","","","","","","",""
"https://pubmed.ncbi.nlm.nih.gov/20232615.0/","Acupuncture for essential hypertension","Essential hypertension","Essential hypertension","Not specified (the paper does not explicitly mention a specific TCM disease or condition)","Not specified (the paper does not explicitly mention a specific TCM disease or condition)","","","","","","","","","","","","","","","","","","","","","","",""
"https://pubmed.ncbi.nlm.nih.gov/20806998.0/","Randomized Controlled Trial of Electro Acupuncture for Autism Spectrum Disorder","Autism Spectrum Disorder (ASD)","Autism Spectrum Disorder (ASD)","Not specified (the paper describes the TCM perspective on ASD but does not provide a specific TCM disease or condition name)","Not specified (the paper describes the TCM perspective on ASD but does not provide a specific TCM disease or condition name)","","","","","","","","","","","","","","","","","","","","","","",""
"https://pubmed.ncbi.nlm.nih.gov/21280460.0/","A systematic review on acupuncture for trigeminal neuralgia","Trigeminal neuralgia (TN)","Trigeminal neuralgia (TN)","Not specified (the paper does not explicitly translate Trigeminal Neuralgia into TCM terminology)","Not specified (the paper does not explicitly translate Trigeminal Neuralgia into TCM terminology)","","","","","","","","","","","","","","","","","","","","","","",""
"https://pubmed.ncbi.nlm.nih.gov/2148263.0/","A meta analysis of studies into the effect of acupuncture on addiction","Addiction to cigarette smoking, heroin, and alcohol","Addiction to cigarette smoking, heroin, and alcohol","Not specified (the paper does not mention any TCM terms or conditions related to the addictions studied)","Not specified (the paper does not mention any TCM terms or conditions related to the addictions studied)","","","","","","","","","","","","","","","","","","","","","","",""
"https://pubmed.ncbi.nlm.nih.gov/21543008.0/","A case of aggravation of hemolytic anemia, elevated liver enzymes and low platelet count syndrome after delivery","HELLP syndrome (Hemolytic anemia, elevated liver enzymes and low platelet count syndrome)","HELLP syndrome (Hemolytic anemia, elevated liver enzymes and low platelet count syndrome)","Not specified (the paper does not mention any Traditional Chinese Medicine (TCM) terminology or conditions)","Not specified (the paper does not mention any Traditional Chinese Medicine (TCM) terminology or conditions)","","","","","","","","","","","","","","","","","","","","","","",""
"https://pubmed.ncbi.nlm.nih.gov/22588814.0/","Needle acupuncture for osteoarthritis of the knee A systematic review and updated meta analysis","Osteoarthritis of the knee (KOA)","Osteoarthritis of the knee (KOA)","Not specified (the paper does not provide TCM terminology for the condition)","Not specified (the paper does not provide TCM terminology for the condition)","","","","","","","","","","","","","","","","","","","","","","",""
"https://pubmed.ncbi.nlm.nih.gov/22875557.0/","An Effectiveness Study Comparing Acupuncture, Physiotherapy, and Their Combination in Poststroke Rehabilitation: A Multicentered, Randomized, Controlled Clinical Trial","Stroke","Stroke","Not specified (the paper does not provide a specific TCM term for the condition being studied)","Not specified (the paper does not provide a specific TCM term for the condition being studied)","","","","","","","","","","","","","","","","","","","","","","",""
"https://pubmed.ncbi.nlm.nih.gov/22875561.0/","Effectiveness of Acupuncture in Treatment of Facial Spasm: A Meta analysis","Facial spasm (hemifacial spasm)","Facial spasm (hemifacial spasm)","Wind spasm","Wind spasm","","","","","","","","","","","","","","","","","","","","","","",""
"https://pubmed.ncbi.nlm.nih.gov/22966246.0/","Longitudinal Anti-Müllerian Hormone in Women with Polycystic Ovary Syndrome: An Acupuncture Randomized Clinical Trial","Polycystic Ovary Syndrome (PCOS)","Polycystic Ovary Syndrome (PCOS)","Not specified (the paper does not provide information on the condition in Traditional Chinese Medicine terminology)","Not specified (the paper does not provide information on the condition in Traditional Chinese Medicine terminology)","","","","","","","","","","","","","","","","","","","","","","",""
"https://pubmed.ncbi.nlm.nih.gov/23511357.0/","Acupuncture versus valproic acid in the prophylaxis of migraine without aura: a prospective controlled study","Migraine without aura","Migraine without aura","Not specified (the paper does not explicitly state the TCM disease or condition being studied)","Not specified (the paper does not explicitly state the TCM disease or condition being studied)","","","","","","","","","","","","","","","","","","","","","","",""
"https://pubmed.ncbi.nlm.nih.gov/24445356.0/","An innovative acupuncture treatment for primary dysmenorrhea: a randomized cross over pilot study","Primary dysmenorrhea","Primary dysmenorrhea","Not specified (the paper does not provide a specific TCM term for the condition)","Not specified (the paper does not provide a specific TCM term for the condition)","","","","","","","","","","","","","","","","","","","","","","",""
"https://pubmed.ncbi.nlm.nih.gov/24755566.0/","A randomized, controlled trial of acupuncture for chronic low back pain","Chronic low back pain (cLBP)","Chronic low back pain (cLBP)","Chronic low back pain (cLBP)","","","","","","","","","","","","","","","","","","","","","","","",""
"https://pubmed.ncbi.nlm.nih.gov/26393991.0/","Effect of Electroacupuncture on Transcutaneous Oxygen Partial Pressure During Hyperbaric Oxygen Therapy in Healthy Individuals","Not specified (the paper focuses on healthy individuals and the physiological effects of EA during HBOT without specifying a particular disease or condition)","Hyperbaric oxygen, Healthy Volunteers","Not applicable (the paper does not specify a TCM condition or disease)","Not applicable (the paper does not specify a TCM condition or disease)","","","","","","","","","","","","","","","","","","","","","","",""
"https://pubmed.ncbi.nlm.nih.gov/2761282.0/","Observations on clinical therapeutic effect in treating soft tissue injuries by acupuncture, with pain threshold and electromyography as parameters","Soft tissue injuries (including strain of lumbar muscles, acute sprain of the lumbar spine, back and low back fascitis, musculofibrositis, periarthritis humeroscapularis)","Soft tissue injuries (including strain of lumbar muscles, acute sprain of the lumbar spine, back and low back fascitis, musculofibrositis, periarthritis humeroscapularis)","sthenia heat and asthenia cold types","sthenia heat and asthenia cold types","","","","","","","","","","","","","","","","","","","","","","",""
"https://pubmed.ncbi.nlm.nih.gov/28371571.0/","The effects of acupuncture versus sham acupuncture in the treatment of fibromyalgia: a randomized controlled clinical trial","Fibromyalgia (FM)","Fibromyalgia (FM)","Not specified (the paper does not provide a TCM specific term for fibromyalgia)","Not specified (the paper does not provide a TCM specific term for fibromyalgia)","","","","","","","","","","","","","","","","","","","","","","",""
"https://pubmed.ncbi.nlm.nih.gov/2878275.0/","Attenuation of exercise-induced asthma by acupuncture","Exercise induced asthma","Exercise induced asthma","Not specified (the paper does not explicitly mention the TCM terminology for asthma)","Not specified (the paper does not explicitly mention the TCM terminology for asthma)","","","","","","","","","","","","","","","","","","","","","","",""
"https://pubmed.ncbi.nlm.nih.gov/29112942.0/","Acupuncture for Primary Dysmenorrhea: A Meta-analysis of Randomized Controlled Trials","Primary dysmenorrhea (PD)","Primary dysmenorrhea (PD)","Not specified (the paper does not provide a TCM term for primary dysmenorrhea)","Not specified (the paper does not provide a TCM term for primary dysmenorrhea)","","","","","","","","","","","","","","","","","","","","","","",""
"https://pubmed.ncbi.nlm.nih.gov/29507269.0/","A Systematic Review and Meta analysis of Using Acupuncture and Acupressure for Uremic Pruritus","Uremic pruritus","Uremic pruritus","Not specified","Not specified","","","","","","","","","","","","","","","","","","","","","","",""
"https://pubmed.ncbi.nlm.nih.gov/2973008.0/","Electroacupuncture compared with paracetamol for acute low back pain","Low back pain","Low back pain","Not specified","Not specified","","","","","","","","","","","","","","","","","","","","","","",""
"https://pubmed.ncbi.nlm.nih.gov/339785.0/","Comparison of real and simulated acupuncture and isoproterenol in methacholine-induced asthma","Bronchial Asthma","Bronchial Asthma","Not specified (the paper does not explicitly mention the condition in Traditional Chinese Medicine terminology)","Not specified (the paper does not explicitly mention the condition in Traditional Chinese Medicine terminology)","","","","","","","","","","","","","","","","","","","","","","",""
"https://pubmed.ncbi.nlm.nih.gov/3540764.0/","Acupuncture for the management of primary dysmenorrhea","Primary dysmenorrhea","Primary dysmenorrhea","Dysmenorrhea","Dysmenorrhea","","","","","","","","","","","","","","","","","","","","","","",""
"https://pubmed.ncbi.nlm.nih.gov/3788644.0/","Predictive value of MMPI scales on smoking cessation programs outcomes","Smoking addiction","Smoking addiction","Not specified (the paper does not mention any TCM disease or condition)","Not specified (the paper does not mention any TCM disease or condition)","","","","","","","","","","","","","","","","","","","","","","",""
"https://pubmed.ncbi.nlm.nih.gov/3853645.0/","Clinical analysis and experimental observation on acupuncture and moxibustion treatment of patellar tendon terminal disease in athletes","Patellar tendon terminal disease","Patellar tendon terminal disease","Painful bi syndrome","Painful bi syndrome","","","","","","","","","","","","","","","","","","","","","","",""
"https://pubmed.ncbi.nlm.nih.gov/4032390.0/","Induction of Cervical Dilatation in Preparation for First Trimester Abortion and Its Influence on HCG","Cervical dilatation for first trimester abortion","Cervical dilatation for first trimester abortion","Not specified (the paper does not mention a disease or condition in TCM terminology)","Not specified (the paper does not mention a disease or condition in TCM terminology)","","","","","","","","","","","","","","","","","","","","","","",""
"https://pubmed.ncbi.nlm.nih.gov/4617772.0/","Preliminary Clinical Study of Acupuncture in Rheumatoid Arthritis","Rheumatoid Arthritis","Rheumatoid Arthritis","Not specified","Not specified","","","","","","","","","","","","","","","","","","","","","","",""
"https://pubmed.ncbi.nlm.nih.gov/6218776.0/","Superficial acupuncture in the relief of chronic low back pain A placebo controlled randomised trial","Chronic low back pain","Chronic low back pain","Not specified (the paper does not provide TCM terminology for the condition)","Not specified (the paper does not provide TCM terminology for the condition)","","","","","","","","","","","","","","","","","","","","","","",""
"https://pubmed.ncbi.nlm.nih.gov/671428.0/","A Controlled Trial of the Theory of Acupuncture in Musculoskeletal Pain","Chronic pain","Chronic pain","Not specified (the paper does not provide TCM terminology for the conditions studied)","Not specified (the paper does not provide TCM terminology for the conditions studied)","","","","","","","","","","","","","","","","","","","","","","",""
"https://pubmed.ncbi.nlm.nih.gov/6942317.0/","The efficacy of acupuncture as an aid to stopping smoking","Smoking cessation (nicotine addiction)","Smoking cessation (nicotine addiction)","Not specified (the paper does not explicitly mention a TCM disease or condition related to smoking cessation)","Not specified (the paper does not explicitly mention a TCM disease or condition related to smoking cessation)","","","","","","","","","","","","","","","","","","","","","","",""
"https://pubmed.ncbi.nlm.nih.gov/7877335.0/","Treatment of sciatica by acupuncture at Jiaji points: A report of 168 cases","Sciatica","Sciatica","Not specified (the paper does not provide a TCM diagnosis or condition)","Not specified (the paper does not provide a TCM diagnosis or condition)","","","","","","","","","","","","","","","","","","","","","","",""
"https://pubmed.ncbi.nlm.nih.gov/8088198.0/","Combined traditional Chinese medicine and Western medicine. Relieving effects of Chinese herbs, ear acupuncture and epidural morphine on postoperative pain in liver cancer.","postoperative pain in liver cancer","postoperative pain in liver cancer","Not specified (the paper does not provide a specific TCM term for the condition)","Not specified (the paper does not provide a specific TCM term for the condition)","","","","","","","","","","","","","","","","","","","","","","",""
"https://pubmed.ncbi.nlm.nih.gov/8196410.0/","Clinical observation on needling extrachannel points in treating mental depression","Mental Depression","Mental Depression","Not specified (the paper does not explicitly mention the condition in Traditional Chinese Medicine (TCM) terminology)","Not specified (the paper does not explicitly mention the condition in Traditional Chinese Medicine (TCM) terminology)","","","","","","","","","","","","","","","","","","","","","","",""
"https://pubmed.ncbi.nlm.nih.gov/9017892.0/","Acupuncture As an Adjuvant Therapy in Stroke Rehabilitation?","Stroke","Stroke","Stroke","","","","","","","","","","","","","","","","","","","","","","","",""
"https://pubmed.ncbi.nlm.nih.gov/9123946.0/","Acupuncture/Acupressure for weight reduction? A systematic review","Obesity","Obesity","Obesity","","","","","","","","","","","","","","","","","","","","","","","",""
"https://pubmed.ncbi.nlm.nih.gov/9389098.0/","Clinical observation on correcting malposition of fetus by electroacupuncture","Malposition of fetus","Malposition of fetus","Not specified (the paper does not explicitly mention a TCM term for the condition)","Not specified (the paper does not explicitly mention a TCM term for the condition)","","","","","","","","","","","","","","","","","","","","","","",""
"https://pubmed.ncbi.nlm.nih.gov/9497660.0/","Evaluation of acupuncture and occlusal splint therapy in the treatment of temporomandibular joint disorders","Temporomandibular joint disorder (TMD)","Temporomandibular joint disorder (TMD)","Not specified (the paper does not explicitly mention a TCM condition or terminology)","Not specified (the paper does not explicitly mention a TCM condition or terminology)","","","","","","","","","","","","","","","","","","","","","","",""
"https://pubmed.ncbi.nlm.nih.gov/9594291.0/","Studies of needling depth in acupuncture treatment","Pain symptoms (lumbago, omalgia, knee arthritis, neuralgia)","Pain symptoms (lumbago, omalgia, knee arthritis, neuralgia)","Not specified","Not specified","","","","","","","","","","","","","","","","","","","","","","",""
"https://pubmed.ncbi.nlm.nih.gov/9656896.0/","Pain Threshold Responses to Two Different Modes of Sensory Stimulation in Patients With Orofacial Muscular Pain: Psychologic Considerations","Temporomandibular Disorder (TMD) with chronic orofacial muscular pain","Temporomandibular Disorder (TMD) with chronic orofacial muscular pain","Not specified (the paper does not explicitly use Traditional Chinese Medicine terminology)","Not specified (the paper does not explicitly use Traditional Chinese Medicine terminology)","","","","","","","","","","","","","","","","","","","","","","",""
"https://pubmed.ncbi.nlm.nih.gov/9656906.0/","The Efficacy of Dry Needling and Procaine in the Treatment of Myofascial Pain in the Jaw Muscles","Myofascial pain in the jaw muscles","Myofascial pain in the jaw muscles","Not specified (the paper does not mention the condition in Traditional Chinese Medicine terminology)","Not specified (the paper does not mention the condition in Traditional Chinese Medicine terminology)","","","","","","","","","","","","","","","","","","","","","","",""
"https://search.informit.org/doi/10.3316/informit.423677482082972","Acupuncture for Migraine: A Systematic Review of Chinese","Migraine","Migraine","Not specified (the paper does not provide a specific TCM term for the condition being studied)","Not specified (the paper does not provide a specific TCM term for the condition being studied)","","","","","","","","","","","","","","","","","","","","","","",""
"https://www.cochranelibrary.com/resolve/doi?DOI=10.1002/14651858.CD007864.pub2","Acupuncture for pain in endometriosis","Endometriosis","Endometriosis","Dysmenorrhoea, irregular menstruation, abdominal mass, and infertility; impeded flow of Qi and blood, obstruction of the Chong and Ren channels; constitutional deficiency","Dysmenorrhoea, irregular menstruation, abdominal mass, and infertility; impeded flow of Qi and blood, obstruction of the Chong and Ren channels; constitutional deficiency","","","","","","","","","","","","","","","","","","","","","","",""
"uri not found","Bi Syndrome of the Knee Treated with Acupuncture with Patellofemoral Pain Syndrome As A Case","Patellofemoral Pain Syndrome","Patellofemoral Pain Syndrome","bi syndrome of the knee","bi syndrome of the knee","","","","","","","","","","","","","","","","","","","","","","",""
"uri not found","Mechanism study on acupuncture for non-insulin resistant polycystic ovary syndrome","Polycystic ovary syndrome (PCOS)","Polycystic ovary syndrome (PCOS)","Not specified (the paper does not explicitly mention the TCM terminology for the condition)","Not specified (the paper does not explicitly mention the TCM terminology for the condition)","","","","","","","","","","","","","","","","","","","","","","",""
"uri not found","Acupuncture for Migraine: A Systematic Review","Migraine","Migraine","Not specified","Not specified","","","","","","","","","","","","","","","","","","","","","","",""
"uri not found","Acupuncture and Acupressure for Chemotherapy-Induced Nausea and Vomiting: A Systematic Review","Chemotherapy induced nausea and vomiting (CINV)","Chemotherapy induced nausea and vomiting (CINV)","Not specified (the paper does not explicitly state the disease/condition in TCM terminology)","Not specified (the paper does not explicitly state the disease/condition in TCM terminology)","","","","","","","","","","","","","","","","","","","","","","",""
"uri not found","Clinical Observation of Du Meridian Moxibustion Combined with Acupuncture in Relieving Pain of Ankylosing Spondylitis","Ankylosing spondylitis (AS)","Ankylosing spondylitis (AS)","Ankylosing spondylitis of Kidney Yang deficiency type","Ankylosing spondylitis of Kidney Yang deficiency type","","","","","","","","","","","","","","","","","","","","","","",""
"uri not found","Acupuncture Treatment of Acute Lumbar Sprain:A Controlled Study in 238 Patients","Acute lumbar sprain","Acute lumbar sprain","Not specified (the paper does not explicitly translate ""acute lumbar sprain"" into TCM terminology)","Not specified (the paper does not explicitly translate ""acute lumbar sprain"" into TCM terminology)","","","","","","","","","","","","","","","","","","","","","","",""
"uri not found","Comparative Study on Acupuncture Needling Methods for Sciatica: Routine Needling vs. Point-to-Point Penetration and Deep Puncture","Sciatica","Sciatica","Bi syndromes (painful obstruction)","Bi syndromes (painful obstruction)","","","","","","","","","","","","","","","","","","","","","","",""
"uri not found","Treatment of Low Back Pain with Specific Acupoint. A Double-Blind Placebo-Controlled Trial","Low back pain","Low back pain","Not specified (the paper does not provide a specific TCM term or diagnosis for low back pain)","Not specified (the paper does not provide a specific TCM term or diagnosis for low back pain)","","","","","","","","","","","","","","","","","","","","","","",""
"uri not found","Clinical studies on sciatica caused by intervertebral disc herniation with electroacupuncture or Diclofenac sodium treatment","Sciatica caused by intervertebral disc herniation","Sciatica caused by intervertebral disc herniation","Not specified (the paper does not explicitly mention a TCM term for the condition)","Not specified (the paper does not explicitly mention a TCM term for the condition)","","","","","","","","","","","","","","","","","","","","","","",""
"uri not found","Clinical Research on Treating Lumbar Disc Herniation with Acupuncture and Cupping Therapy","Lumbar disc herniation","Lumbar disc herniation","Not specified (the paper does not explicitly state the disease/condition in Traditional Chinese Medicine terminology)","Not specified (the paper does not explicitly state the disease/condition in Traditional Chinese Medicine terminology)","","","","","","","","","","","","","","","","","","","","","","",""
"uri not found","Electro-Acupuncture of Paravertebral Points in Treating L3 Transverse Process Syndrome","L, Transverse Process Syndrome","L, Transverse Process Syndrome","Not specified (the paper does not explicitly mention a TCM term for the condition)","Not specified (the paper does not explicitly mention a TCM term for the condition)","","","","","","","","","","","","","","","","","","","","","","",""
"uri not found","A Comparative Study on Treating Lumbar Intervertebral Disc Herniation with Electroacupuncture to the Jiaji (EX-B2) Points and Routine Acupuncture","Lumbar intervertebral disc herniation","Lumbar intervertebral disc herniation","Not specified (the paper does not provide a TCM term for the condition)","Not specified (the paper does not provide a TCM term for the condition)","","","","","","","","","","","","","","","","","","","","","","",""
"uri not found","Clinical Observation on the Treatment of Relapsed Lumbar Disc Herniation after Disc Surgery by Acupuncture plus Medication","Acute lymphangitis","Acute lymphangitis","Acute lymphangitis (TCM: accumulated internal fire and toxicity, external skin injury induced infection)","Acute lymphangitis (TCM: accumulated internal fire and toxicity, external skin injury induced infection)","","","","","","","","","","","","","","","","","","","","","","",""
"uri not found","Effects of Various Stimulation Methods on Bone Mineral Density in Patients with Primary Osteoporosis","Primary osteoporosis","Primary osteoporosis","bone flaccidity","bone flaccidity","","","","","","","","","","","","","","","","","","","","","","",""
"uri not found","Acupuncture in the Treatment of Hypertension: A Literature Review","Hypertension","Hypertension","Flare up of liver fire Liver yang rising with kidney yin deficiency Obstruction of phlegm and dampness Yin and yang deficiency Qi and blood deficiency leading to liver yang rising","Flare up of liver fire Liver yang rising with kidney yin deficiency Obstruction of phlegm and dampness Yin and yang deficiency Qi and blood deficiency leading to liver yang rising","","","","","","","","","","","","","","","","","","","","","","",""
"uri not found","Effect of an Herbal Compound Combined with Acupuncture & Qigong on Angina Pectoris","Angina Pectoris","Angina Pectoris","Phlegm syndrome","Phlegm syndrome","","","","","","","","","","","","","","","","","","","","","","",""
"uri not found","Observation on therapeutic effect of magnetic acupuncture treatment of simple obesity complicated with hyperlipidemia","Hyperlipidemia","Hyperlipidemia","Hyperlipidemia","","","","","","","","","","","","","","","","","","","","","","","",""
"uri not found","Acupuncture Treatment of Hypertension","Hypertension","Hypertension","Headache or Dizziness; Up flaming of Liver Yang, Obstruction by Phlegm Dampness, Qi and Blood Deficiency","Headache or Dizziness; Up flaming of Liver Yang, Obstruction by Phlegm Dampness, Qi and Blood Deficiency","","","","","","","","","","","","","","","","","","","","","","",""
"uri not found","Back-Front Matching in Treating CHD","Coronary Heart Disease (CHD) Angina Pectoris","Coronary Heart Disease (CHD) Angina Pectoris","Not specified (the paper does not explicitly state the disease/condition in TCM terminology)","Not specified (the paper does not explicitly state the disease/condition in TCM terminology)","","","","","","","","","","","","","","","","","","","","","","",""
"uri not found","The Therapeutic Effect and Effect on Plasma ET and cGRP Contents when Treating Angina Pectoris with a Combination of Acupuncture and Chinese Herbs","Angina Pectoris","Angina Pectoris","Angina pectoris with heart Qi deficiency, complicated by phlegm accumulation and blood stasis","Angina pectoris with heart Qi deficiency, complicated by phlegm accumulation and blood stasis","","","","","","","","","","","","","","","","","","","","","","",""
"uri not found","Clinical Observati on Acupuncture for Treatment of Climacteric SyndromeA Report of 35 Cases","Climacteric syndrome","Climacteric syndrome","Climacteric syndrome (implied as related to kidney and mental activity regulation in TCM)","Climacteric syndrome (implied as related to kidney and mental activity regulation in TCM)","","","","","","","","","","","","","","","","","","","","","","",""
"uri not found","Thirty-Two Cases of Trigeminal Neuralgia Treated with Acupuncture plus Chinese Traditional Drugs","Trigeminal neuralgia","Trigeminal neuralgia","Not specified (the paper does not provide a TCM term for the condition)","Not specified (the paper does not provide a TCM term for the condition)","","","","","","","","","","","","","","","","","","","","","","",""
"uri not found","Clinical Comparison of Motor Conduction of Facial Nerve Branches: A Randomized Controlled Trial of Using Acupuncture to Treat Bell's Palsy","Bell's Palsy","Bell's Palsy","Not specified (the paper does not provide a TCM term for the condition)","Not specified (the paper does not provide a TCM term for the condition)","","","","","","","","","","","","","","","","","","","","","","",""
"uri not found","Acupuncture Treatment of Type II Diabetes Complicated with Cerebral Infarction: A Clinical Study","Type II Diabetes Complicated with Cerebral Infarction","Type II Diabetes Complicated with Cerebral Infarction","Functional disturbance of Spleen and Stomach","Functional disturbance of Spleen and Stomach","","","","","","","","","","","","","","","","","","","","","","",""
"uri not found","True Acupuncture vs. Sham Acupuncture and Conventional Sports Medicine Therapy for Plantar Fascitis Pain: A Controlled, Double-blind Study","Plantar fascitis","Plantar fascitis","Not specified (the paper does not provide a TCM diagnosis or terminology for plantar fascitis)","Not specified (the paper does not provide a TCM diagnosis or terminology for plantar fascitis)","","","","","","","","","","","","","","","","","","","","","","",""
"uri not found","Acupoint Injection Combined with Auricular Point Taping in Treating 158 Cases of Epigastric Pain","Epigastric pain","Epigastric pain","Epigastric pain (TCM: pathogenic Cold invading the Stomach, food retention, Liver Qi invading Stomach, deficiency of Spleen and Stomach)","Epigastric pain (TCM: pathogenic Cold invading the Stomach, food retention, Liver Qi invading Stomach, deficiency of Spleen and Stomach)","","","","","","","","","","","","","","","","","","","","","","",""
"uri not found","Clinical Study of Acupuncture at Shangjuxu (ST37) in Treating Irritable Bowel Syndrome","Irritable Bowel Syndrome (IBS), specifically diarrhea type","Irritable Bowel Syndrome (IBS), specifically diarrhea type","Not specified (the paper does not explicitly state the condition in TCM terminology)","Not specified (the paper does not explicitly state the condition in TCM terminology)","","","","","","","","","","","","","","","","","","","","","","",""
"uri not found","Clinical Research of Stomach Three-needle Acupuncture in the Treatment of Postoperative Gastroparesis Syndrome","Postoperative gastroparesis syndrome (PGS)","Postoperative gastroparesis syndrome (PGS)","Not specified (the paper does not explicitly use TCM terminology to describe the condition)","Not specified (the paper does not explicitly use TCM terminology to describe the condition)","","","","","","","","","","","","","","","","","","","","","","",""
"uri not found","A Comparative Study Between Simple Bo's Abdominal Acupuncture and its Combination with Radiation by Electromagnetic Wave in Treating Chronic Gastritis","Chronic gastritis","Chronic gastritis","Stomach pain (TCM)","Stomach pain (TCM)","","","","","","","","","","","","","","","","","","","","","","",""
"uri not found","Observation of the Therapeutic Effect of Acupuncture on 58 Cases of Functional Dyspepsia","Functional Dyspepsia (FD)","Functional Dyspepsia (FD)","Functional Dyspepsia (akin to stomachache, abdominal mass, abdominal distention, or gastric discomfort with acid regurgitation in TCM)","Functional Dyspepsia (akin to stomachache, abdominal mass, abdominal distention, or gastric discomfort with acid regurgitation in TCM)","","","","","","","","","","","","","","","","","","","","","","",""
"uri not found","Swift Needling of Zusanli and Changqiang in Treating Infantile Diarrhea","Infantile diarrhea","Infantile diarrhea","Not specified (the paper does not provide a specific TCM term for the condition)","Not specified (the paper does not provide a specific TCM term for the condition)","","","","","","","","","","","","","","","","","","","","","","",""
"uri not found","Randomized Trial Of Acupuncture Compared With Prokinetic Drugs And Sham Acupuncture For Chronic Idiopathic Dyspepsia","Chronic idiopathic dyspepsia (CID)","Chronic idiopathic dyspepsia (CID)","Not specified (the paper does not provide a TCM equivalent for the condition)","Not specified (the paper does not provide a TCM equivalent for the condition)","","","","","","","","","","","","","","","","","","","","","","",""
"uri not found","Improvement of Gastric Movement in Patients with Functional Dyspepsia Treated with Acupuncture","Functional Dyspepsia (FD)","Functional Dyspepsia (FD)","stomachache, abdominal masses, abdominal distention, and gastric discomfort with acid regurgitation","stomachache, abdominal masses, abdominal distention, and gastric discomfort with acid regurgitation","","","","","","","","","","","","","","","","","","","","","","",""
"uri not found","Effect of Acupuncture and Traditional Chinese Herbal Medicine in Treating Endometriosis","Endometriosis","Endometriosis","Not specified (the paper does not provide a specific TCM term for the condition being studied)","Not specified (the paper does not provide a specific TCM term for the condition being studied)","","","","","","","","","","","","","","","","","","","","","","",""
"uri not found","Influence of Acupuncture on Cytokines in Chronic Pelvic Pain Syndrome","Chronic Pelvic Pain Syndrome (CP/CPPS)","Chronic Pelvic Pain Syndrome (CP/CPPS)","Chronic prostatitis/chronic pelvic pain syndrome (CP/CPPS) characterized by disturbance of damp heat, blocking of collaterals by blood stasis and insufficiency of anti pathogenic energy.","Chronic prostatitis/chronic pelvic pain syndrome (CP/CPPS) characterized by disturbance of damp heat, blocking of collaterals by blood stasis and insufficiency of anti pathogenic energy.","","","","","","","","","","","","","","","","","","","","","","",""
"uri not found","Ashi Point Massage Combined with Warming Needle Acupuncture in Treating 40 Cases of Cervicogenic Headache","Cervicogenic headache","Cervicogenic headache","Not specified (the paper uses Western medical terminology for the condition)","Not specified (the paper uses Western medical terminology for the condition)","","","","","","","","","","","","","","","","","","","","","","",""
"uri not found","The Therapeutic Effect of Acupuncture and Western Medicine in Treating Migraine","Migraine","Migraine","Not specified (the paper does not provide a specific TCM term for migraine)","Not specified (the paper does not provide a specific TCM term for migraine)","","","","","","","","","","","","","","","","","","","","","","",""
"uri not found","Treatment of 60 Migraine Sufferers with Penetration Needling of Points and Point Selection Based on Following the Corresponding Meridians","Migraine","Migraine","Wind syndrome of the head; Shaoyang headaches","Wind syndrome of the head; Shaoyang headaches","","","","","","","","","","","","","","","","","","","","","","",""
"uri not found","Vascular Headache Treated by Acupuncture","Migraine","Migraine","Angioneurotic headache (migraine) with TCM patterns: liver fire, phlegm turbid, blood stasis, blood deficiency","Angioneurotic headache (migraine) with TCM patterns: liver fire, phlegm turbid, blood stasis, blood deficiency","","","","","","","","","","","","","","","","","","","","","","",""
"uri not found","Clinical Observation of Treating Migraine with Deep Needling at Point Fengchi","Migraine","Migraine","upward intrusion of liver and gallbladder wind fire","upward intrusion of liver and gallbladder wind fire","","","","","","","","","","","","","","","","","","","","","","",""
"uri not found","Migraine Treated by Acupuncture","Migraine","Migraine","Liver Qi stagnation","Liver Qi stagnation","","","","","","","","","","","","","","","","","","","","","","",""
"uri not found","Clinical Research on the Effect of Scalp Penetration Acupuncture Treating Exercise-Induced Fatigue","Exercise induced fatigue","Exercise induced fatigue","Not specified (the paper does not explicitly use TCM terminology to describe the condition)","Not specified (the paper does not explicitly use TCM terminology to describe the condition)","","","","","","","","","","","","","","","","","","","","","","",""
"uri not found","Acupuncture Effect On Painful Electrical Stimulation Of The Dental Pulp","Dental pain from electrical stimulation of the dental pulp","Dental pain from electrical stimulation of the dental pulp","Not specified (the paper does not explicitly mention a TCM condition or disease)","Not specified (the paper does not explicitly mention a TCM condition or disease)","","","","","","","","","","","","","","","","","","","","","","",""
"uri not found","Effects of Acupuncture at Feishu(BL 13) and Nonmeridian-nonacupoint on Pulmonary Function","Not specified (the study focuses on healthy individuals and general pulmonary function improvement)","Healthy Volunteers","Not specified (the paper does not explicitly state a primary medical condition or disease in TCM terminology)","Not specified (the paper does not explicitly state a primary medical condition or disease in TCM terminology)","","","","","","","","","","","","","","","","","","","","","","",""
"uri not found","Acupuncture Treatment of Amenorrhea due to Medication: Clinical Observation of 117 Cases","Amenorrhea due to medication","Amenorrhea due to medication","Amenorrhea due to medication; Stagnation of Liver Qi, Deficiency of Spleen and Kidney, Disharmony between Liver and Stomach","Amenorrhea due to medication; Stagnation of Liver Qi, Deficiency of Spleen and Kidney, Disharmony between Liver and Stomach","","","","","","","","","","","","","","","","","","","","","","",""
"uri not found","Clinical Study of Scalp Acupuncture with Extended Needle Retention at Scalp-Acupoints for Treatment of Vascular Dementia","Vascular Dementia","Vascular Dementia","Vascular Dementia","","","","","","","","","","","","","","","","","","","","","","","",""
"uri not found","A Randomized and Comparative Study on Vascular Dementia Treated by Needling Remaining at Head Points","Vascular Dementia (VD)","Vascular Dementia (VD)","Not specified (the paper does not provide a specific TCM term or diagnosis for vascular dementia)","Not specified (the paper does not provide a specific TCM term or diagnosis for vascular dementia)","","","","","","","","","","","","","","","","","","","","","","",""
"uri not found","Comparative Study on Acupuncture Combined With Behavioral Desensitization for Treatment of Anxiety Neuroses","Anxiety neuroses","Anxiety neuroses","Not specified (the paper does not provide a TCM term for the condition)","Not specified (the paper does not provide a TCM term for the condition)","","","","","","","","","","","","","","","","","","","","","","",""
"uri not found","Acupuncture Combined with Chinese Medicine in the Treatment of Vascular Dementia","Vascular dementia (VD)","Vascular dementia (VD)","Vascular dementia (VD) with pathogenesis involving deficiency of internal Zang fu organs, Qi stagnation, blood stasis, and phlegm stasis","Vascular dementia (VD) with pathogenesis involving deficiency of internal Zang fu organs, Qi stagnation, blood stasis, and phlegm stasis","","","","","","","","","","","","","","","","","","","","","","",""
"uri not found","Study on the Treatment of Subcortical Arteriosclerotic Encephalopathy by Acupuncture Combined with Medicine","Subcortical arteriosclerotic encephalopathy (SAE), Premenstrual syndrome (PMS)","Subcortical arteriosclerotic encephalopathy (SAE), Premenstrual syndrome (PMS)","Not specified (the paper does not explicitly mention a TCM term for the condition)","Not specified (the paper does not explicitly mention a TCM term for the condition)","","","","","","","","","","","","","","","","","","","","","","",""
"uri not found","Effect of Acupuncture on the Hypothalamus-pituitary-adrenal Axis in Patients with Depression","Depression","Depression","Melancholia (depression categorized as emotional strain induced disorder of qi functions and mental run away)","Melancholia (depression categorized as emotional strain induced disorder of qi functions and mental run away)","","","","","","","","","","","","","","","","","","","","","","",""
"uri not found","Observations on the Therapeutic Effects of Acupuncture on Vascular Dementia","Vascular Dementia","Vascular Dementia","Not specified (the paper does not explicitly state a TCM disease or condition name)","Not specified (the paper does not explicitly state a TCM disease or condition name)","","","","","","","","","","","","","","","","","","","","","","",""
"uri not found","Comparative Clinical Study on the Treatment of Schizophrenia with Electroacupuncture and Reduced Doses of Antipsychotic Drugs","Schizophrenia","Schizophrenia","Not specified (the paper discusses multiple TCM patterns in relation to schizophrenia: Yin deficiency, Yang deficiency, Persistent Phlegm)","Not specified (the paper discusses multiple TCM patterns in relation to schizophrenia: Yin deficiency, Yang deficiency, Persistent Phlegm)","","","","","","","","","","","","","","","","","","","","","","",""
"uri not found","Therapeutic Effect and Blood Rheology of Patients with Cervical Spondylosis Treated with Acupuncture Combined with Massage","Cervical spondylosis","Cervical spondylosis","Cervical spondylosis belongs to rheumatism involving the bone in TCM.","Cervical spondylosis belongs to rheumatism involving the bone in TCM.","","","","","","","","","","","","","","","","","","","","","","",""
"uri not found","Clinical Study of Acupuncture Combined with Massage Method of Tongdu in Treating Neck Strain","Neck strain / Cervical strain","Neck strain / Cervical strain","Neck strain (cervical strain) related to Du meridian dysfunction and Qi stagnation","Neck strain (cervical strain) related to Du meridian dysfunction and Qi stagnation","","","","","","","","","","","","","","","","","","","","","","",""
"uri not found","A clinical study on the therapeutic effect of abdominal acupuncture in treating radicular cervical spondylosis","Radicular cervical spondylosis","Radicular cervical spondylosis","Cervical spondylosis attributed to deficiency of spleen and kidney","Cervical spondylosis attributed to deficiency of spleen and kidney","","","","","","","","","","","","","","","","","","","","","","",""
"uri not found","Electro-Acupuncture of Paravertebral Points in Treating Cervical Spondylosis","Cervical Spondylosis","Cervical Spondylosis","Cervical Spondylosis (with types: Stagnant Blood Collateral (SBC), Liver Kidney Deficient (LKD), CCC)","Cervical Spondylosis (with types: Stagnant Blood Collateral (SBC), Liver Kidney Deficient (LKD), CCC)","","","","","","","","","","","","","","","","","","","","","","",""
"uri not found","Acupuncture Combined with Massage for Treatment of Cervical Spondylosis of Vertebral Artery Type","Cervical spondylosis of the vertebral artery type","Cervical spondylosis of the vertebral artery type","Not specified","Not specified","","","","","","","","","","","","","","","","","","","","","","",""
"uri not found","Clinical Observation of Auricular Acupuncture and Acupoint Injection Combined with Transdermal Fentanyl Application in the Treatment of Cancer Pain","Advanced cancer pain","Advanced cancer pain","Not specified (the paper does not explicitly mention a TCM disease or condition)","Not specified (the paper does not explicitly mention a TCM disease or condition)","","","","","","","","","","","","","","","","","","","","","","",""
"uri not found","Acupuncture Treatment of Geriatric Herpes Zoster: A Study of 40 Cases","Herpes zoster","Herpes zoster","Stagnated heat in the liver meridian accumulating in the skin","Stagnated heat in the liver meridian accumulating in the skin","","","","","","","","","","","","","","","","","","","","","","",""
"uri not found","Special Topic Study Clinical Observation of Acupuncture in Treating Pseudobulbar Palsy","Pseudobulbar palsy","Pseudobulbar palsy","Not specified (the paper does not provide a specific TCM term for the condition)","Not specified (the paper does not provide a specific TCM term for the condition)","","","","","","","","","","","","","","","","","","","","","","",""
"uri not found","Clinical Study of Yin-Yang Hu Ci Acupuncture Therapy for Epilepsy","Epilepsy","Epilepsy","Epilepsy (implied as the condition being treated, but not explicitly stated in TCM terms)","Epilepsy (implied as the condition being treated, but not explicitly stated in TCM terms)","","","","","","","","","","","","","","","","","","","","","","",""
"uri not found","Clinical Control Study of Different Acupuncture Therapies On Lateral Femoral Cutaneous Neuritis","Lateral femoral cutaneous neuritis (LFCN)","Lateral femoral cutaneous neuritis (LFCN)","Bi syndrome","Bi syndrome","","","","","","","","","","","","","","","","","","","","","","",""
"uri not found","The Effect of Acupuncture on Improving the Quality of Life of Cerebral Palsy Patients","Cerebral Palsy","Cerebral Palsy","Not specified (the paper does not explicitly use TCM terminology to describe the condition)","Not specified (the paper does not explicitly use TCM terminology to describe the condition)","","","","","","","","","","","","","","","","","","","","","","",""
"uri not found","Acupuncture As A Palliative Adjunctive Therapy In Children With Cerebral Palsy: A Randomized Controlled Trial","Cerebral Palsy (CP)","Cerebral Palsy (CP)","Kidney Yin deficiency","Kidney Yin deficiency","","","","","","","","","","","","","","","","","","","","","","",""
"uri not found","Efficiency of Acupuncture in Patients with Fibromyalgia","Fibromyalgia","Fibromyalgia","Not specified (the paper does not mention Traditional Chinese Medicine terminology)","Not specified (the paper does not mention Traditional Chinese Medicine terminology)","","","","","","","","","","","","","","","","","","","","","","",""
"uri not found","The impact of acupuncture on pain in patients with reflex sympathetic dystrophy","Reflex Sympathetic Dystrophy (RSD)","Reflex Sympathetic Dystrophy (RSD)","Not specified (the paper does not explicitly mention a TCM condition or disease related to RSD)","Not specified (the paper does not explicitly mention a TCM condition or disease related to RSD)","","","","","","","","","","","","","","","","","","","","","","",""
"uri not found","Clinical Analysis on Treatment of Parkinson's Disease by Acupuncture of the Main Points on The Governor Vessel Meridian","Parkinson's disease","Parkinson's disease","brain disease, tremor syndrome","brain disease, tremor syndrome","","","","","","","","","","","","","","","","","","","","","","",""
"uri not found","Treatment of 68 Newborns with Brachial Plexus Paralysis with Shallow Puncture and Multiple Points","Brachial plexus paralysis in newborns","Brachial plexus paralysis in newborns","Not specified (the paper does not provide a TCM term for the condition)","Not specified (the paper does not provide a TCM term for the condition)","","","","","","","","","","","","","","","","","","","","","","",""
"uri not found","Observation and Mechanism Exploration of Acupuncture on Body Weight Reduction","Obesity","Obesity","Obesity related to spleen and stomach functions","Obesity related to spleen and stomach functions","","","","","","","","","","","","","","","","","","","","","","",""
"uri not found","Clinical Observation of Acupuncture of the Back-Shu Points Along the Bladder Meridian of Foot-Taiyang for Females with Simple Obesity","Simple Obesity","Simple Obesity","Simple Obesity: Gastrointestinal excess heat, Spleen asthenia with excessive dampness, Asthenic spleen yang","Simple Obesity: Gastrointestinal excess heat, Spleen asthenia with excessive dampness, Asthenic spleen yang","","","","","","","","","","","","","","","","","","","","","","",""
"uri not found","Acupuncture Treatment For Obesity: A Randomized Controlled Trial","Obesity","Obesity","Not specified (the paper does not explicitly mention a TCM condition or terminology)","Not specified (the paper does not explicitly mention a TCM condition or terminology)","","","","","","","","","","","","","","","","","","","","","","",""
"uri not found","Clinical Observation on Acupuncture and Moxibustion Combined with Mifepristone and Misoprostol for Terminating Early","Early pregnancy termination","Early pregnancy termination","Not specified (the paper does not explicitly mention a specific TCM disease or condition)","Not specified (the paper does not explicitly mention a specific TCM disease or condition)","","","","","","","","","","","","","","","","","","","","","","",""
"uri not found","Acupuncture Therapy for Chronic Pain A RANDOMIZED COMPARISON BETWEEN ACUPUNCTURE AND PSEUDO-ACUPUNCTURE WITH MINIMAL PERIPHERAL STIMULUS","Chronic pain (including headaches, neck and shoulder pain, low back pain, arthritis, and osteoarthritis)","Chronic pain (including headaches, neck and shoulder pain, low back pain, arthritis, and osteoarthritis)","Headaches Neck and shoulder pain Low back pain Arthritis and osteoarthritis","Headaches Neck and shoulder pain Low back pain Arthritis and osteoarthritis","","","","","","","","","","","","","","","","","","","","","","",""
"uri not found","Clinical Research on Improving VAS Value of Patients with Thalamic Pain with Mind-Regulating and Pain-Relieving Acupuncture","Thalamic pain caused by cerebrovascular diseases (infarction or hemorrhage)","Thalamic pain caused by cerebrovascular diseases (infarction or hemorrhage)","Not specified (the paper does not explicitly use TCM terminology to describe the condition)","Not specified (the paper does not explicitly use TCM terminology to describe the condition)","","","","","","","","","","","","","","","","","","","","","","",""
"uri not found","Acupuncture and Acupressure for Pain Management in Labour: A Systematic Review","Pain management in labor","Pain management in labor","Not specified (the paper does not explicitly mention a TCM disease or condition, but it is focused on pain management in labor)","Not specified (the paper does not explicitly mention a TCM disease or condition, but it is focused on pain management in labor)","","","","","","","","","","","","","","","","","","","","","","",""
"uri not found","Does acupuncture improve the endometrium for women undergoing an embryo transfer: A pilot randomised controlled trial","Infertility","Infertility","Not specified (the paper does not mention any Traditional Chinese Medicine (TCM) terminology or conditions)","Not specified (the paper does not mention any Traditional Chinese Medicine (TCM) terminology or conditions)","","","","","","","","","","","","","","","","","","","","","","",""
"uri not found","Acupuncture In The Treatment Of Patients With Chronic Obstructive Bronchitis: A Randomized Controlled Trial","Chronic Obstructive Bronchitis","Chronic Obstructive Bronchitis","Not specified (the paper discusses TCM concepts related to the condition but does not explicitly state a primary TCM disease or condition)","Not specified (the paper discusses TCM concepts related to the condition but does not explicitly state a primary TCM disease or condition)","","","","","","","","","","","","","","","","","","","","","","",""
"uri not found","Acupuncture for Allergic Rhinitis: A Literature Review","Allergic Rhinitis","Allergic Rhinitis","Not specified (the paper does not explicitly state the TCM equivalent of allergic rhinitis)","Not specified (the paper does not explicitly state the TCM equivalent of allergic rhinitis)","","","","","","","","","","","","","","","","","","","","","","",""
"uri not found","Acupuncture for Chronic Asthma: A Controlled Trial with Six Months Follow-Up","Chronic Asthma","Chronic Asthma","Not specified (the paper does not provide TCM terminology for the condition)","Not specified (the paper does not provide TCM terminology for the condition)","","","","","","","","","","","","","","","","","","","","","","",""
"uri not found","Qici Method with Long Needles Treating 39 Patients with Scapulocostal Syndrome","Scapulocostal syndrome (scapulovertebrae pain syndrome)","Scapulocostal syndrome (scapulovertebrae pain syndrome)","Bi syndrome","Bi syndrome","","","","","","","","","","","","","","","","","","","","","","",""
"uri not found","Clinical Observation of Treatment of 89 Adhesive Capsulitis Cases with Ear pressing And Warming Acupuncture","Adhesive capsulitis (frozen shoulder and motionless shoulder)","Adhesive capsulitis (frozen shoulder and motionless shoulder)","Adhesive capsulitis due to cold invasion and qi/blood circulation issues","Adhesive capsulitis due to cold invasion and qi/blood circulation issues","","","","","","","","","","","","","","","","","","","","","","",""
"uri not found","Auricular Point Sticking Combined with Acupuncture in the Treatment of 40 Patients with Insomnia","Insomnia","Insomnia","Bumei (Insomnia)","Bumei (Insomnia)","","","","","","","","","","","","","","","","","","","","","","",""
"uri not found","Electro Acupuncture in Treating 45 Patients with Sleep Disorders of Depression","Depression associated with sleep disorders","Depression associated with sleep disorders","Not specified (the paper does not explicitly state the TCM term for the condition)","Not specified (the paper does not explicitly state the TCM term for the condition)","","","","","","","","","","","","","","","","","","","","","","",""
"uri not found","Effect of Acupuncture at Shenmai (BL 62) and Zhaohai (KI 6) on Polysomnography of Primary Insomnia","Primary insomnia","Primary insomnia","Bumei (insomnia)","Bumei (insomnia)","","","","","","","","","","","","","","","","","","","","","","",""
"uri not found","Clinical Study on Acupuncture and Daytime Wakefulness in Insomnia Patients","Insomnia","Insomnia","Not specified (the paper does not provide TCM terminology for the condition)","Not specified (the paper does not provide TCM terminology for the condition)","","","","","","","","","","","","","","","","","","","","","","",""
"uri not found","A Clinical Observation on Treating Chronic Insomnia by the Combination of Acupuncture and Craniosacral Therapy","Chronic insomnia (Disorder of Initiating and Maintaining Sleep DIMS)","Chronic insomnia (Disorder of Initiating and Maintaining Sleep DIMS)","Bumei, Budemian, Budewo, Mubuming; related to imbalance between heart yang and kidney yin, insufficiency of vital energy and blood","Bumei, Budemian, Budewo, Mubuming; related to imbalance between heart yang and kidney yin, insufficiency of vital energy and blood","","","","","","","","","","","","","","","","","","","","","","",""
"uri not found","Tranquilizing Mind Acupuncture in the Treatment of 35 Patients with Insomnia","Insomnia","Insomnia","Not specified (the paper describes symptoms and criteria for TCM diagnosis but does not explicitly state a TCM term for the condition)","Not specified (the paper describes symptoms and criteria for TCM diagnosis but does not explicitly state a TCM term for the condition)","","","","","","","","","","","","","","","","","","","","","","",""
"uri not found","Clinical Observation of the Treatment of 87 Cases of Insomnia with Acupuncture to Regulate the Yingiao and Yanggiao Channels","Insomnia","Insomnia","Insomnia (related to imbalance of yin and yang qi in the Yinqiao and Yangqiao channels)","Insomnia (related to imbalance of yin and yang qi in the Yinqiao and Yangqiao channels)","","","","","","","","","","","","","","","","","","","","","","",""
"uri not found","Observation on Therapeutic Effects of Acupuncture and Tuina in Treatment of Sprains and Strains of Minor Joints at Four Extremities","Sprains and strains of minor joints at the four extremities (including metacarpophalangeal and metatarsophalangeal joints)","Sprains and strains of minor joints at the four extremities (including metacarpophalangeal and metatarsophalangeal joints)","Not specified (the paper does not explicitly mention the condition in TCM terminology)","Not specified (the paper does not explicitly mention the condition in TCM terminology)","","","","","","","","","","","","","","","","","","","","","","",""
"uri not found","The effect of acupuncture versus ultrasound on pain level, grip strength and disability in individuals with lateral epicondylitis: A pilot study","Lateral epicondylitis (Tennis elbow)","Lateral epicondylitis (Tennis elbow)","Not specified (the paper does not mention the condition in Traditional Chinese Medicine terminology)","Not specified (the paper does not mention the condition in Traditional Chinese Medicine terminology)","","","","","","","","","","","","","","","","","","","","","","",""
"uri not found","Ear Acupuncture of Epidemic Parotitis: Analysis of 362 Cases","Epidemic parotitis (Acute parotitis)","Epidemic parotitis (Acute parotitis)","Not specified (the paper does not explicitly mention a TCM term for the condition)","Not specified (the paper does not explicitly mention a TCM term for the condition)","","","","","","","","","","","","","","","","","","","","","","",""
"uri not found","Influence of Electric Scalp Acupuncture on Blood Apolipoprotein in Patients of Stroke: A Prospective Randomized Trial on 183 Patients","Stroke","Stroke","Cerebral vascular accident (difficulty in muscular movements) due to stagnation in the passage of Qi in the channels and loss of control by the Mind over both mental activity and motor activity.","Cerebral vascular accident (difficulty in muscular movements) due to stagnation in the passage of Qi in the channels and loss of control by the Mind over both mental activity and motor activity.","","","","","","","","","","","","","","","","","","","","","","",""
"uri not found","Clinical Research on Treatment of Premonitory Apoplexy with Electro-acupuncture of Head Points","Transient Ischemic Attack (TIA)","Transient Ischemic Attack (TIA)","Not specified (the paper does not explicitly provide a TCM term for the condition)","Not specified (the paper does not explicitly provide a TCM term for the condition)","","","","","","","","","","","","","","","","","","","","","","",""
"uri not found","Treatment of Apoplectic Movement Dysfunctions of Wrist and Ankle Joints with Local Penetrating Needling","Stroke (cerebral infarction at the right basal nuclei and corona radiata)","Stroke (cerebral infarction at the right basal nuclei and corona radiata)","Hemiplegia caused by the obstruction of qi and blood, with syndromes including wind and phlegm blocking the veins, hyperactive liver yang, phlegm heat and fu organ deficiency, blood stasis due to qi deficiency, and wind stirring due to yin deficiency.","Hemiplegia caused by the obstruction of qi and blood, with syndromes including wind and phlegm blocking the veins, hyperactive liver yang, phlegm heat and fu organ deficiency, blood stasis due to qi deficiency, and wind stirring due to yin deficiency.","","","","","","","","","","","","","","","","","","","","","","",""
"uri not found","Acupuncture Medication Versus Medication Alone in Lowering Intracranial Pressure in Apoplectic Patients","Cerebral apoplexy with acute increase of intracranial pressure","Cerebral apoplexy with acute increase of intracranial pressure","Not specified (the paper does not provide a specific TCM term for the condition)","Not specified (the paper does not provide a specific TCM term for the condition)","","","","","","","","","","","","","","","","","","","","","","",""
"uri not found","Clinical Study on the Needling and Drug Treatment of Acute Cerebral Hemorrhage","Acute Cerebral Hemorrhage","Acute Cerebral Hemorrhage","Not specified (the paper does not explicitly mention a TCM term for the condition)","Not specified (the paper does not explicitly mention a TCM term for the condition)","","","","","","","","","","","","","","","","","","","","","","",""
"uri not found","Clinical observation on acupuncture therapy for cerebral hemorrhage","Cerebral hemorrhage","Cerebral hemorrhage","Not specified (the paper does not explicitly mention a TCM term for the condition)","Not specified (the paper does not explicitly mention a TCM term for the condition)","","","","","","","","","","","","","","","","","","","","","","",""
"uri not found","Needling Paravertebral Points in Treatment of Post-Stroke Thalamic Pain","Post stroke thalamic pain","Post stroke thalamic pain","Not specified (the paper does not explicitly mention the condition in Traditional Chinese Medicine terminology)","Not specified (the paper does not explicitly mention the condition in Traditional Chinese Medicine terminology)","","","","","","","","","","","","","","","","","","","","","","",""
"uri not found","Comparison of effects of acupuncture on cerebral infarction in different parts","Acute cerebral infarction","Acute cerebral infarction","Not specified (the paper does not explicitly mention a TCM disease or condition)","Not specified (the paper does not explicitly mention a TCM disease or condition)","","","","","","","","","","","","","","","","","","","","","","",""
"uri not found","REATMENT OF ISCHEMIC APOPLECTIC HEMIPLEGIA","Ischemic apoplectic hemiplegia","Ischemic apoplectic hemiplegia","Not specified (the paper does not explicitly mention a TCM term for the condition)","Not specified (the paper does not explicitly mention a TCM term for the condition)","","","","","","","","","","","","","","","","","","","","","","",""
"uri not found","Clinical Observation on Fu's Subcutaneous Needling plus Electroacupuncture for Post-stroke Spastic Hemiplegia","Post stroke spastic hemiplegia","Post stroke spastic hemiplegia","Not specified (the paper does not provide a specific TCM diagnosis or terminology for the condition)","Not specified (the paper does not provide a specific TCM diagnosis or terminology for the condition)","","","","","","","","","","","","","","","","","","","","","","",""
"uri not found","Bilateral Alternating Point Penetration Method for 25 Cases of Ischemic Stroke Hemiplegia","Ischemic stroke hemiplegia","Ischemic stroke hemiplegia","Not specified (the paper does not provide a specific TCM term for the condition)","Not specified (the paper does not provide a specific TCM term for the condition)","","","","","","","","","","","","","","","","","","","","","","",""
"uri not found","Neiguan, the P6 anti-emetic acupuncture point: effect on nalbuphine emetic sequelae","Post operative nausea and vomiting","Post operative nausea and vomiting","Not specified (the paper does not explicitly mention a TCM condition or disease)","Not specified (the paper does not explicitly mention a TCM condition or disease)","","","","","","","","","","","","","","","","","","","","","","",""
"uri not found","Randomised comparison of the antiemetic effects of metoclopramide and electro-acupuncture in cancer chemotherapy","Cancer (chemotherapy induced nausea and vomiting)","Cancer (chemotherapy induced nausea and vomiting)","Not specified (the paper does not explicitly mention a TCM disease or condition)","Not specified (the paper does not explicitly mention a TCM disease or condition)","","","","","","","","","","","","","","","","","","","","","","",""
"uri not found","Acupuncture Plus Ear-point Press in Preventing Vomiting Induced by Chemotherapy with Cisplatin","Cancer (undergoing chemotherapy)","Cancer (undergoing chemotherapy)","Not specified (the paper does not explicitly mention a TCM disease or condition)","Not specified (the paper does not explicitly mention a TCM disease or condition)","","","","","","","","","","","","","","","","","","","","","","",""
"uri not found","P6 Acupuncture Point Stimulation as an Anti-Emetic Therapy: A Review of the Research Literature","Nausea and vomiting associated with surgery, cancer chemotherapy, and morning sickness","Nausea and vomiting associated with surgery, cancer chemotherapy, and morning sickness","Not specified (the paper focuses on symptoms of nausea and vomiting rather than a specific TCM disease or condition)","Not specified (the paper focuses on symptoms of nausea and vomiting rather than a specific TCM disease or condition)","","","","","","","","","","","","","","","","","","","","","","",""
"uri not found","Effect of Chengshan Point Injection in Treating Pains Induced by Urinary Calculi","Pain induced by urinary calculi (kidney stones and ureter stones)","Pain induced by urinary calculi (kidney stones and ureter stones)","Not specified (the paper does not provide TCM terminology for the condition)","Not specified (the paper does not provide TCM terminology for the condition)","","","","","","","","","","","","","","","","","","","","","","",""
"uri not found","A Comparative Study on the Treatment of Upper Urinary Tract Calculus with an Improved Acupuncture Protocol","Upper Urinary Tract Calculus","Upper Urinary Tract Calculus","Not specified (the paper does not explicitly mention a TCM disease or condition)","Not specified (the paper does not explicitly mention a TCM disease or condition)","","","","","","","","","","","","","","","","","","","","","","",""
"uri not found","CLINICAL AND EXPERIMENTAL RESEARCH ON THE ACUPUNCTURE TREATMENT OF UPPER URINARY TRACT CALCULI","Urinary calculi (kidney and ureter stones)","Urinary calculi (kidney and ureter stones)","lumbago (yao tong), haematuria (xue niao), stone urine (siti lin)","lumbago (yao tong), haematuria (xue niao), stone urine (siti lin)","","","","","","","","","","","","","","","","","","","","","","",""
"uri not found","Clinical Study of Electroacupuncture Treatment of Senile Urge Urinary Incontinence","Senile Urge Urinary Incontinence","Senile Urge Urinary Incontinence","Not specified (the paper does not explicitly state a TCM disease or condition name, but it implies a relation to kidney function and qi regulation)","Not specified (the paper does not explicitly state a TCM disease or condition name, but it implies a relation to kidney function and qi regulation)","","","","","","","","","","","","","","","","","","","","","","",""
"uri not found","Acupuncture's Effects on Relieving Symptoms for Postradiation Cystitis and Prostatitis","Prostatitis and Radiation Cystitis","Prostatitis and Radiation Cystitis","Postradiation Cystitis and Prostatitis (TCM: Damp Heat, Phlegm, Kidney Essence Deficiency)","Postradiation Cystitis and Prostatitis (TCM: Damp Heat, Phlegm, Kidney Essence Deficiency)","","","","","","","","","","","","","","","","","","","","","","",""
"uri not found","Comparative Effects Acupuncture and Tolterodine on Decreasing Overactive Bladder Symptom Score on Overactive Bladder","Overactive Bladder","Overactive Bladder","Not specified (the paper does not explicitly mention the condition in Traditional Chinese Medicine terminology)","Not specified (the paper does not explicitly mention the condition in Traditional Chinese Medicine terminology)","","","","","","","","","","","","","","","","","","","","","","",""
"uri not found","A Clinical Observation on Treating Urinary Retention Following Cervical Carcinoma Radical Operation by Acupuncture of ""Warming Waterways""","Urinary retention following cervical carcinoma radical operation","Urinary retention following cervical carcinoma radical operation","Not specified (the paper does not provide a specific TCM term for the condition)","Not specified (the paper does not provide a specific TCM term for the condition)","","","","","","","","","","","","","","","","","","","","","","",""
"uri not found","Impact of Acupuncture on the Brain Function of Heroin Addicts","Heroin addiction","Heroin addiction","Not specified (the paper does not explicitly state a TCM disease or condition, but it implies heroin addiction and related blood deficiency)","Not specified (the paper does not explicitly state a TCM disease or condition, but it implies heroin addiction and related blood deficiency)","","","","","","","","","","","","","","","","","","","","","","",""
"uri not found","The Use of Body Acupuncture for Treatment of Alcohol Dependence and Withdrawal Syndrome: A Controlled Study","Alcohol dependence and withdrawal symptoms","Alcohol dependence and withdrawal symptoms","Not specified (the paper does not provide TCM terminology for the conditions being studied)","Not specified (the paper does not provide TCM terminology for the conditions being studied)","","","","","","","","","","","","","","","","","","","","","","",""
"uri not found","The Use of Acupuncture for Smoking Withdrawal","Smoking addiction or nicotine dependence","Smoking addiction or nicotine dependence","Not specified (the paper does not explicitly state the TCM term for the condition, but it is implied through the use of specific acupuncture points traditionally associated with smoking cessation)","Not specified (the paper does not explicitly state the TCM term for the condition, but it is implied through the use of specific acupuncture points traditionally associated with smoking cessation)","","","","","","","","","","","","","","","","","","","","","","",""
"uri not found","Therapeutic Efficacy Observation on Acupuncture for Post-withdrawal Syndrome of Heroin Dependence","Post withdrawal syndrome of heroin dependence","Post withdrawal syndrome of heroin dependence","Not specified (the paper does not explicitly state a TCM term for the condition)","Not specified (the paper does not explicitly state a TCM term for the condition)","","","","","","","","","","","","","","","","","","","","","","",""
"uri not found","Clinical Study on Deep Insertion at Tianshu (ST 25) for Colonic Slow Transit Constipation","Colonic slow transit constipation (STC)","Colonic slow transit constipation (STC)","Qi Constipation and Cold Constipation","Qi Constipation and Cold Constipation","","","","","","","","","","","","","","","","","","","","","","",""
"uri not found","Clinical Study on Combined Acupuncture with Chinese Medicine for Infertility Due to Hydrosalpinx","Hydrosalpinx","Hydrosalpinx","Hydrosalpinx due to toxic damp heat causing qi and blood stagnation, and liver qi stagnation with spleen deficiency leading to water dampness retention.","Hydrosalpinx due to toxic damp heat causing qi and blood stagnation, and liver qi stagnation with spleen deficiency leading to water dampness retention.","","","","","","","","","","","","","","","","","","","","","","",""
"uri not found","Clinical Observation on Acupuncture Treating Functional Gastrointestinal Disorder after Gallstone Surgery","Functional gastrointestinal disorder after gallstone removal surgery","Functional gastrointestinal disorder after gallstone removal surgery","intestinal stagnation or syndrome of obstruction and rejection","intestinal stagnation or syndrome of obstruction and rejection","","","","","","","","","","","","","","","","","","","","","","",""
"uri not found","Special Topic Study Clinical Observation on Acupuncture for Migraine","Migraine","Migraine","head wind, brain wind, or wind in one side of the head","head wind, brain wind, or wind in one side of the head","","","","","","","","","","","","","","","","","","","","","","",""
"uri not found","Clinical Observation of Combined Acupuncture and Herbs in Treating Chronic Pelvic Inflammation","Chronic Pelvic Inflammation","Chronic Pelvic Inflammation","Chronic pelvic inflammation, categorized under leukorrhea, abdominal pain, and abdominal lump; caused by lingering dampness and heat, blood stasis, emotional impairment, liver qi depression, and qi blood stagnation.","Chronic pelvic inflammation, categorized under leukorrhea, abdominal pain, and abdominal lump; caused by lingering dampness and heat, blood stasis, emotional impairment, liver qi depression, and qi blood stagnation.","","","","","","","","","","","","","","","","","","","","","","",""
"uri not found","Combined Acupuncture-moxibustion and Psychotherapy for Perimenopause Syndrome","Perimenopause syndrome","Perimenopause syndrome","Perimenopause Syndrome (Pre /Post menopause Symptoms) Kidney deficiency, liver spleen disharmony, or heart kidney disharmony","Perimenopause Syndrome (Pre /Post menopause Symptoms) Kidney deficiency, liver spleen disharmony, or heart kidney disharmony","","","","","","","","","","","","","","","","","","","","","","",""
"uri not found","Clinical Observation on the Treatment of Diabetic Gastroparesis with Acupuncture","Diabetic Gastroparesis","Diabetic Gastroparesis","Pi Man (fullness and distension in the abdomen)","Pi Man (fullness and distension in the abdomen)","","","","","","","","","","","","","","","","","","","","","","",""
"uri not found","Clinical Study on Electroacupuncture for Perimenopause Syndrome","Perimenopause Syndrome","Perimenopause Syndrome","Kidney deficiency (predominantly kidney yin deficiency), including disharmony between the heart and kidney, liver kidney yin deficiency, spleen kidney yang deficiency.","Kidney deficiency (predominantly kidney yin deficiency), including disharmony between the heart and kidney, liver kidney yin deficiency, spleen kidney yang deficiency.","","","","","","","","","","","","","","","","","","","","","","",""
"uri not found","Warm Needling Therapy for the Third Lumbar Transverse Process Syndrome: A Randomized Controlled Trial","The third lumbar transverse process syndrome","The third lumbar transverse process syndrome","Bi Impediment syndrome (third lumbar transverse process syndrome)","Bi Impediment syndrome (third lumbar transverse process syndrome)","","","","","","","","","","","","","","","","","","","","","","",""
"uri not found","Therapeutic Effect Analysis on Combined Acupuncture and Medication for Peripheral Facial Paralysis","Peripheral Facial Paralysis","Peripheral Facial Paralysis","Not specified (the paper does not provide a specific TCM term for the condition)","Not specified (the paper does not provide a specific TCM term for the condition)","","","","","","","","","","","","","","","","","","","","","","",""